ISO-10303-21;
HEADER;
/* Generated by software containing ST-Developer
 * from STEP Tools, Inc. (www.steptools.com) 
 */
/* OPTION: strings as raw bytes, not using required /X/ escapes */

FILE_DESCRIPTION(
/* description */ ('Unknown'),
/* implementation_level */ '2;1');

FILE_NAME(
/* name */ 'CQC45453',
/* time_stamp */ '2018-12-06T17:04:05+00:00',
/* author */ ('Unknown'),
/* organization */ ('Unknown'),
/* preprocessor_version */ 'ST-DEVELOPER v16.7',
/* originating_system */ 'DEX',
/* authorisation */ $);

FILE_SCHEMA (('AUTOMOTIVE_DESIGN {1 0 10303 214 3 1 1}'));
ENDSEC;

DATA;
#10=PROPERTY_DEFINITION_REPRESENTATION(#14,#12);
#11=PROPERTY_DEFINITION_REPRESENTATION(#15,#13);
#12=REPRESENTATION('',(#16),#3182);
#13=REPRESENTATION('',(#17),#3182);
#14=PROPERTY_DEFINITION('pmi validation property','',#3187);
#15=PROPERTY_DEFINITION('pmi validation property','',#3187);
#16=VALUE_REPRESENTATION_ITEM('number of annotations',COUNT_MEASURE(0.));
#17=VALUE_REPRESENTATION_ITEM('number of views',COUNT_MEASURE(0.));
#18=TOROIDAL_SURFACE('',#2083,14.5171572875254,0.200000000000006);
#19=TOROIDAL_SURFACE('',#2089,14.5171572875254,0.2);
#20=TOROIDAL_SURFACE('',#2095,14.5171572875254,0.200000000000006);
#21=SHAPE_REPRESENTATION_RELATIONSHIP('','',#1919,#22);
#22=MANIFOLD_SURFACE_SHAPE_REPRESENTATION('',(#1914,#1915,#1916,#1917),
#3182);
#23=CONICAL_SURFACE('',#2067,13.,0.78539816339745);
#24=CONICAL_SURFACE('',#2068,13.,0.78539816339745);
#25=CONICAL_SURFACE('',#2074,13.,0.78539816339745);
#26=ELLIPSE('',#2003,18.3847763108501,13.0000000000001);
#27=ELLIPSE('',#2004,18.3847763108475,12.9999999999989);
#28=ELLIPSE('',#2011,18.3847763108491,12.9999999999994);
#29=ELLIPSE('',#2012,18.3847763108476,12.9999999999989);
#30=ELLIPSE('',#2014,18.3847763108496,12.9999999999998);
#31=ELLIPSE('',#2024,18.3847763108459,12.9999999999985);
#32=ELLIPSE('',#2025,18.3847763108377,12.9999999999944);
#33=ELLIPSE('',#2027,18.3847763108557,13.0000000000024);
#34=ELLIPSE('',#2029,18.3847763108588,13.0000000000036);
#35=ELLIPSE('',#2030,18.3847763108548,13.0000000000021);
#36=ELLIPSE('',#2033,18.3847763108536,13.0000000000013);
#37=ELLIPSE('',#2039,18.3847763108497,12.9999999999998);
#38=ELLIPSE('',#2040,18.38477631085,12.9999999999998);
#39=ELLIPSE('',#2042,18.3847763108506,13.0000000000001);
#40=ELLIPSE('',#2044,18.3847763108502,13.0000000000001);
#41=ELLIPSE('',#2045,18.3847763108514,13.0000000000005);
#42=ELLIPSE('',#2047,18.3847763108552,13.0000000000021);
#43=ELLIPSE('',#2048,18.3847763108532,13.0000000000011);
#44=ELLIPSE('',#2065,18.384776310856,13.0000000000023);
#45=ELLIPSE('',#2066,18.3847763108477,12.9999999999988);
#46=ELLIPSE('',#2071,18.3847763108494,12.9999999999996);
#47=SPHERICAL_SURFACE('',#1990,2.);
#48=SPHERICAL_SURFACE('',#1995,2.);
#49=CYLINDRICAL_SURFACE('',#1988,2.);
#50=CYLINDRICAL_SURFACE('',#1993,2.);
#51=CYLINDRICAL_SURFACE('',#1998,2.);
#52=CYLINDRICAL_SURFACE('',#2001,13.);
#53=CYLINDRICAL_SURFACE('',#2010,13.);
#54=CYLINDRICAL_SURFACE('',#2013,13.);
#55=CYLINDRICAL_SURFACE('',#2016,13.);
#56=CYLINDRICAL_SURFACE('',#2023,13.);
#57=CYLINDRICAL_SURFACE('',#2026,13.);
#58=CYLINDRICAL_SURFACE('',#2028,13.);
#59=CYLINDRICAL_SURFACE('',#2031,13.);
#60=CYLINDRICAL_SURFACE('',#2038,13.);
#61=CYLINDRICAL_SURFACE('',#2041,13.);
#62=CYLINDRICAL_SURFACE('',#2043,13.);
#63=CYLINDRICAL_SURFACE('',#2046,13.);
#64=CYLINDRICAL_SURFACE('',#2049,2.);
#65=CYLINDRICAL_SURFACE('',#2050,2.);
#66=CYLINDRICAL_SURFACE('',#2055,7.25);
#67=CYLINDRICAL_SURFACE('',#2057,10.);
#68=CYLINDRICAL_SURFACE('',#2059,10.);
#69=CYLINDRICAL_SURFACE('',#2061,10.);
#70=CYLINDRICAL_SURFACE('',#2063,13.);
#71=CYLINDRICAL_SURFACE('',#2070,13.);
#72=CYLINDRICAL_SURFACE('',#2072,13.);
#73=CYLINDRICAL_SURFACE('',#2075,7.25);
#74=CYLINDRICAL_SURFACE('',#2077,7.25);
#75=CIRCLE('',#1925,7.25);
#76=CIRCLE('',#1926,2.);
#77=CIRCLE('',#1927,2.);
#78=CIRCLE('',#1939,7.25);
#79=CIRCLE('',#1949,2.);
#80=CIRCLE('',#1950,2.);
#81=CIRCLE('',#1951,7.25);
#82=CIRCLE('',#1985,15.);
#83=CIRCLE('',#1987,15.);
#84=CIRCLE('',#1989,2.);
#85=CIRCLE('',#1991,2.);
#86=CIRCLE('',#1992,2.);
#87=CIRCLE('',#1994,2.);
#88=CIRCLE('',#1996,2.);
#89=CIRCLE('',#1997,2.);
#90=CIRCLE('',#2000,15.);
#91=CIRCLE('',#2002,13.);
#92=CIRCLE('',#2006,13.);
#93=CIRCLE('',#2007,13.);
#94=CIRCLE('',#2008,13.);
#95=CIRCLE('',#2009,10.);
#96=CIRCLE('',#2015,13.);
#97=CIRCLE('',#2017,13.);
#98=CIRCLE('',#2019,13.);
#99=CIRCLE('',#2020,13.);
#100=CIRCLE('',#2021,13.);
#101=CIRCLE('',#2022,10.);
#102=CIRCLE('',#2032,13.);
#103=CIRCLE('',#2035,13.);
#104=CIRCLE('',#2036,13.);
#105=CIRCLE('',#2037,10.);
#106=CIRCLE('',#2056,7.25);
#107=CIRCLE('',#2058,10.);
#108=CIRCLE('',#2060,10.);
#109=CIRCLE('',#2062,10.);
#110=CIRCLE('',#2064,13.);
#111=CIRCLE('',#2069,13.);
#112=CIRCLE('',#2073,13.);
#113=CIRCLE('',#2076,7.25);
#114=CIRCLE('',#2078,7.25);
#115=CIRCLE('',#2080,14.5166562596871);
#116=CIRCLE('',#2081,14.5171572875309);
#117=CIRCLE('',#2082,14.5166562596876);
#118=CIRCLE('',#2084,14.6585786437627);
#119=CIRCLE('',#2086,14.5166562596871);
#120=CIRCLE('',#2087,14.5171572875309);
#121=CIRCLE('',#2088,14.5166562596876);
#122=CIRCLE('',#2090,14.6585786437627);
#123=CIRCLE('',#2092,14.5166562596871);
#124=CIRCLE('',#2093,14.5171572875309);
#125=CIRCLE('',#2094,14.5166562596876);
#126=CIRCLE('',#2096,14.6585786437627);
#127=ORIENTED_EDGE('',*,*,#640,.T.);
#128=ORIENTED_EDGE('',*,*,#641,.F.);
#129=ORIENTED_EDGE('',*,*,#642,.F.);
#130=ORIENTED_EDGE('',*,*,#643,.T.);
#131=ORIENTED_EDGE('',*,*,#644,.T.);
#132=ORIENTED_EDGE('',*,*,#645,.F.);
#133=ORIENTED_EDGE('',*,*,#640,.F.);
#134=ORIENTED_EDGE('',*,*,#646,.F.);
#135=ORIENTED_EDGE('',*,*,#647,.F.);
#136=ORIENTED_EDGE('',*,*,#648,.F.);
#137=ORIENTED_EDGE('',*,*,#649,.T.);
#138=ORIENTED_EDGE('',*,*,#650,.F.);
#139=ORIENTED_EDGE('',*,*,#651,.F.);
#140=ORIENTED_EDGE('',*,*,#652,.F.);
#141=ORIENTED_EDGE('',*,*,#653,.F.);
#142=ORIENTED_EDGE('',*,*,#654,.T.);
#143=ORIENTED_EDGE('',*,*,#644,.F.);
#144=ORIENTED_EDGE('',*,*,#655,.F.);
#145=ORIENTED_EDGE('',*,*,#656,.T.);
#146=ORIENTED_EDGE('',*,*,#657,.T.);
#147=ORIENTED_EDGE('',*,*,#658,.F.);
#148=ORIENTED_EDGE('',*,*,#659,.F.);
#149=ORIENTED_EDGE('',*,*,#660,.F.);
#150=ORIENTED_EDGE('',*,*,#661,.T.);
#151=ORIENTED_EDGE('',*,*,#662,.T.);
#152=ORIENTED_EDGE('',*,*,#663,.T.);
#153=ORIENTED_EDGE('',*,*,#664,.T.);
#154=ORIENTED_EDGE('',*,*,#665,.F.);
#155=ORIENTED_EDGE('',*,*,#666,.F.);
#156=ORIENTED_EDGE('',*,*,#667,.F.);
#157=ORIENTED_EDGE('',*,*,#668,.F.);
#158=ORIENTED_EDGE('',*,*,#669,.F.);
#159=ORIENTED_EDGE('',*,*,#670,.F.);
#160=ORIENTED_EDGE('',*,*,#641,.T.);
#161=ORIENTED_EDGE('',*,*,#645,.T.);
#162=ORIENTED_EDGE('',*,*,#654,.F.);
#163=ORIENTED_EDGE('',*,*,#671,.F.);
#164=ORIENTED_EDGE('',*,*,#672,.F.);
#165=ORIENTED_EDGE('',*,*,#651,.T.);
#166=ORIENTED_EDGE('',*,*,#673,.F.);
#167=ORIENTED_EDGE('',*,*,#674,.F.);
#168=ORIENTED_EDGE('',*,*,#675,.T.);
#169=ORIENTED_EDGE('',*,*,#676,.F.);
#170=ORIENTED_EDGE('',*,*,#677,.F.);
#171=ORIENTED_EDGE('',*,*,#678,.F.);
#172=ORIENTED_EDGE('',*,*,#679,.T.);
#173=ORIENTED_EDGE('',*,*,#680,.F.);
#174=ORIENTED_EDGE('',*,*,#681,.F.);
#175=ORIENTED_EDGE('',*,*,#682,.F.);
#176=ORIENTED_EDGE('',*,*,#683,.F.);
#177=ORIENTED_EDGE('',*,*,#658,.T.);
#178=ORIENTED_EDGE('',*,*,#684,.F.);
#179=ORIENTED_EDGE('',*,*,#685,.F.);
#180=ORIENTED_EDGE('',*,*,#686,.T.);
#181=ORIENTED_EDGE('',*,*,#683,.T.);
#182=ORIENTED_EDGE('',*,*,#687,.F.);
#183=ORIENTED_EDGE('',*,*,#688,.F.);
#184=ORIENTED_EDGE('',*,*,#684,.T.);
#185=ORIENTED_EDGE('',*,*,#682,.T.);
#186=ORIENTED_EDGE('',*,*,#689,.F.);
#187=ORIENTED_EDGE('',*,*,#690,.F.);
#188=ORIENTED_EDGE('',*,*,#687,.T.);
#189=ORIENTED_EDGE('',*,*,#689,.T.);
#190=ORIENTED_EDGE('',*,*,#681,.T.);
#191=ORIENTED_EDGE('',*,*,#691,.T.);
#192=ORIENTED_EDGE('',*,*,#692,.T.);
#193=ORIENTED_EDGE('',*,*,#693,.F.);
#194=ORIENTED_EDGE('',*,*,#694,.F.);
#195=ORIENTED_EDGE('',*,*,#695,.T.);
#196=ORIENTED_EDGE('',*,*,#696,.T.);
#197=ORIENTED_EDGE('',*,*,#659,.T.);
#198=ORIENTED_EDGE('',*,*,#686,.F.);
#199=ORIENTED_EDGE('',*,*,#697,.F.);
#200=ORIENTED_EDGE('',*,*,#698,.T.);
#201=ORIENTED_EDGE('',*,*,#699,.F.);
#202=ORIENTED_EDGE('',*,*,#691,.F.);
#203=ORIENTED_EDGE('',*,*,#680,.T.);
#204=ORIENTED_EDGE('',*,*,#700,.T.);
#205=ORIENTED_EDGE('',*,*,#675,.F.);
#206=ORIENTED_EDGE('',*,*,#701,.F.);
#207=ORIENTED_EDGE('',*,*,#702,.F.);
#208=ORIENTED_EDGE('',*,*,#703,.F.);
#209=ORIENTED_EDGE('',*,*,#704,.T.);
#210=ORIENTED_EDGE('',*,*,#705,.F.);
#211=ORIENTED_EDGE('',*,*,#698,.F.);
#212=ORIENTED_EDGE('',*,*,#679,.F.);
#213=ORIENTED_EDGE('',*,*,#706,.F.);
#214=ORIENTED_EDGE('',*,*,#707,.F.);
#215=ORIENTED_EDGE('',*,*,#676,.T.);
#216=ORIENTED_EDGE('',*,*,#700,.F.);
#217=ORIENTED_EDGE('',*,*,#708,.F.);
#218=ORIENTED_EDGE('',*,*,#709,.T.);
#219=ORIENTED_EDGE('',*,*,#710,.T.);
#220=ORIENTED_EDGE('',*,*,#711,.T.);
#221=ORIENTED_EDGE('',*,*,#708,.T.);
#222=ORIENTED_EDGE('',*,*,#707,.T.);
#223=ORIENTED_EDGE('',*,*,#678,.T.);
#224=ORIENTED_EDGE('',*,*,#712,.F.);
#225=ORIENTED_EDGE('',*,*,#710,.F.);
#226=ORIENTED_EDGE('',*,*,#706,.T.);
#227=ORIENTED_EDGE('',*,*,#677,.T.);
#228=ORIENTED_EDGE('',*,*,#709,.F.);
#229=ORIENTED_EDGE('',*,*,#711,.F.);
#230=ORIENTED_EDGE('',*,*,#712,.T.);
#231=ORIENTED_EDGE('',*,*,#660,.T.);
#232=ORIENTED_EDGE('',*,*,#696,.F.);
#233=ORIENTED_EDGE('',*,*,#713,.F.);
#234=ORIENTED_EDGE('',*,*,#714,.F.);
#235=ORIENTED_EDGE('',*,*,#715,.F.);
#236=ORIENTED_EDGE('',*,*,#692,.F.);
#237=ORIENTED_EDGE('',*,*,#699,.T.);
#238=ORIENTED_EDGE('',*,*,#705,.T.);
#239=ORIENTED_EDGE('',*,*,#716,.F.);
#240=ORIENTED_EDGE('',*,*,#717,.F.);
#241=ORIENTED_EDGE('',*,*,#718,.F.);
#242=ORIENTED_EDGE('',*,*,#701,.T.);
#243=ORIENTED_EDGE('',*,*,#674,.T.);
#244=ORIENTED_EDGE('',*,*,#719,.T.);
#245=ORIENTED_EDGE('',*,*,#720,.T.);
#246=ORIENTED_EDGE('',*,*,#721,.F.);
#247=ORIENTED_EDGE('',*,*,#722,.F.);
#248=ORIENTED_EDGE('',*,*,#723,.F.);
#249=ORIENTED_EDGE('',*,*,#724,.T.);
#250=ORIENTED_EDGE('',*,*,#725,.F.);
#251=ORIENTED_EDGE('',*,*,#726,.F.);
#252=ORIENTED_EDGE('',*,*,#727,.F.);
#253=ORIENTED_EDGE('',*,*,#728,.F.);
#254=ORIENTED_EDGE('',*,*,#729,.F.);
#255=ORIENTED_EDGE('',*,*,#730,.F.);
#256=ORIENTED_EDGE('',*,*,#731,.T.);
#257=ORIENTED_EDGE('',*,*,#732,.T.);
#258=ORIENTED_EDGE('',*,*,#733,.T.);
#259=ORIENTED_EDGE('',*,*,#734,.F.);
#260=ORIENTED_EDGE('',*,*,#713,.T.);
#261=ORIENTED_EDGE('',*,*,#695,.F.);
#262=ORIENTED_EDGE('',*,*,#735,.F.);
#263=ORIENTED_EDGE('',*,*,#736,.T.);
#264=ORIENTED_EDGE('',*,*,#735,.T.);
#265=ORIENTED_EDGE('',*,*,#694,.T.);
#266=ORIENTED_EDGE('',*,*,#737,.T.);
#267=ORIENTED_EDGE('',*,*,#738,.T.);
#268=ORIENTED_EDGE('',*,*,#715,.T.);
#269=ORIENTED_EDGE('',*,*,#739,.F.);
#270=ORIENTED_EDGE('',*,*,#737,.F.);
#271=ORIENTED_EDGE('',*,*,#693,.T.);
#272=ORIENTED_EDGE('',*,*,#714,.T.);
#273=ORIENTED_EDGE('',*,*,#736,.F.);
#274=ORIENTED_EDGE('',*,*,#738,.F.);
#275=ORIENTED_EDGE('',*,*,#739,.T.);
#276=ORIENTED_EDGE('',*,*,#716,.T.);
#277=ORIENTED_EDGE('',*,*,#704,.F.);
#278=ORIENTED_EDGE('',*,*,#740,.F.);
#279=ORIENTED_EDGE('',*,*,#741,.T.);
#280=ORIENTED_EDGE('',*,*,#742,.T.);
#281=ORIENTED_EDGE('',*,*,#743,.T.);
#282=ORIENTED_EDGE('',*,*,#740,.T.);
#283=ORIENTED_EDGE('',*,*,#703,.T.);
#284=ORIENTED_EDGE('',*,*,#718,.T.);
#285=ORIENTED_EDGE('',*,*,#744,.F.);
#286=ORIENTED_EDGE('',*,*,#742,.F.);
#287=ORIENTED_EDGE('',*,*,#702,.T.);
#288=ORIENTED_EDGE('',*,*,#717,.T.);
#289=ORIENTED_EDGE('',*,*,#741,.F.);
#290=ORIENTED_EDGE('',*,*,#743,.F.);
#291=ORIENTED_EDGE('',*,*,#744,.T.);
#292=ORIENTED_EDGE('',*,*,#745,.F.);
#293=ORIENTED_EDGE('',*,*,#746,.F.);
#294=ORIENTED_EDGE('',*,*,#747,.F.);
#295=ORIENTED_EDGE('',*,*,#748,.F.);
#296=ORIENTED_EDGE('',*,*,#749,.F.);
#297=ORIENTED_EDGE('',*,*,#750,.T.);
#298=ORIENTED_EDGE('',*,*,#751,.T.);
#299=ORIENTED_EDGE('',*,*,#752,.F.);
#300=ORIENTED_EDGE('',*,*,#753,.F.);
#301=ORIENTED_EDGE('',*,*,#754,.F.);
#302=ORIENTED_EDGE('',*,*,#755,.T.);
#303=ORIENTED_EDGE('',*,*,#719,.F.);
#304=ORIENTED_EDGE('',*,*,#673,.T.);
#305=ORIENTED_EDGE('',*,*,#650,.T.);
#306=ORIENTED_EDGE('',*,*,#756,.F.);
#307=ORIENTED_EDGE('',*,*,#757,.F.);
#308=ORIENTED_EDGE('',*,*,#758,.F.);
#309=ORIENTED_EDGE('',*,*,#646,.T.);
#310=ORIENTED_EDGE('',*,*,#643,.F.);
#311=ORIENTED_EDGE('',*,*,#759,.F.);
#312=ORIENTED_EDGE('',*,*,#760,.F.);
#313=ORIENTED_EDGE('',*,*,#761,.F.);
#314=ORIENTED_EDGE('',*,*,#762,.F.);
#315=ORIENTED_EDGE('',*,*,#763,.F.);
#316=ORIENTED_EDGE('',*,*,#665,.T.);
#317=ORIENTED_EDGE('',*,*,#764,.T.);
#318=ORIENTED_EDGE('',*,*,#765,.T.);
#319=ORIENTED_EDGE('',*,*,#766,.F.);
#320=ORIENTED_EDGE('',*,*,#767,.T.);
#321=ORIENTED_EDGE('',*,*,#731,.F.);
#322=ORIENTED_EDGE('',*,*,#768,.T.);
#323=ORIENTED_EDGE('',*,*,#769,.T.);
#324=ORIENTED_EDGE('',*,*,#745,.T.);
#325=ORIENTED_EDGE('',*,*,#730,.T.);
#326=ORIENTED_EDGE('',*,*,#770,.F.);
#327=ORIENTED_EDGE('',*,*,#771,.F.);
#328=ORIENTED_EDGE('',*,*,#772,.T.);
#329=ORIENTED_EDGE('',*,*,#726,.T.);
#330=ORIENTED_EDGE('',*,*,#773,.T.);
#331=ORIENTED_EDGE('',*,*,#749,.T.);
#332=ORIENTED_EDGE('',*,*,#774,.F.);
#333=ORIENTED_EDGE('',*,*,#775,.F.);
#334=ORIENTED_EDGE('',*,*,#746,.T.);
#335=ORIENTED_EDGE('',*,*,#769,.F.);
#336=ORIENTED_EDGE('',*,*,#776,.F.);
#337=ORIENTED_EDGE('',*,*,#777,.T.);
#338=ORIENTED_EDGE('',*,*,#775,.T.);
#339=ORIENTED_EDGE('',*,*,#778,.T.);
#340=ORIENTED_EDGE('',*,*,#779,.T.);
#341=ORIENTED_EDGE('',*,*,#776,.T.);
#342=ORIENTED_EDGE('',*,*,#748,.T.);
#343=ORIENTED_EDGE('',*,*,#780,.F.);
#344=ORIENTED_EDGE('',*,*,#778,.F.);
#345=ORIENTED_EDGE('',*,*,#774,.T.);
#346=ORIENTED_EDGE('',*,*,#747,.T.);
#347=ORIENTED_EDGE('',*,*,#777,.F.);
#348=ORIENTED_EDGE('',*,*,#779,.F.);
#349=ORIENTED_EDGE('',*,*,#780,.T.);
#350=ORIENTED_EDGE('',*,*,#729,.T.);
#351=ORIENTED_EDGE('',*,*,#781,.F.);
#352=ORIENTED_EDGE('',*,*,#782,.F.);
#353=ORIENTED_EDGE('',*,*,#770,.T.);
#354=ORIENTED_EDGE('',*,*,#728,.T.);
#355=ORIENTED_EDGE('',*,*,#783,.F.);
#356=ORIENTED_EDGE('',*,*,#784,.F.);
#357=ORIENTED_EDGE('',*,*,#781,.T.);
#358=ORIENTED_EDGE('',*,*,#727,.T.);
#359=ORIENTED_EDGE('',*,*,#772,.F.);
#360=ORIENTED_EDGE('',*,*,#785,.F.);
#361=ORIENTED_EDGE('',*,*,#783,.T.);
#362=ORIENTED_EDGE('',*,*,#771,.T.);
#363=ORIENTED_EDGE('',*,*,#782,.T.);
#364=ORIENTED_EDGE('',*,*,#784,.T.);
#365=ORIENTED_EDGE('',*,*,#785,.T.);
#366=ORIENTED_EDGE('',*,*,#786,.T.);
#367=ORIENTED_EDGE('',*,*,#750,.F.);
#368=ORIENTED_EDGE('',*,*,#773,.F.);
#369=ORIENTED_EDGE('',*,*,#725,.T.);
#370=ORIENTED_EDGE('',*,*,#787,.T.);
#371=ORIENTED_EDGE('',*,*,#751,.F.);
#372=ORIENTED_EDGE('',*,*,#786,.F.);
#373=ORIENTED_EDGE('',*,*,#724,.F.);
#374=ORIENTED_EDGE('',*,*,#788,.F.);
#375=ORIENTED_EDGE('',*,*,#789,.F.);
#376=ORIENTED_EDGE('',*,*,#790,.T.);
#377=ORIENTED_EDGE('',*,*,#720,.F.);
#378=ORIENTED_EDGE('',*,*,#755,.F.);
#379=ORIENTED_EDGE('',*,*,#791,.F.);
#380=ORIENTED_EDGE('',*,*,#792,.F.);
#381=ORIENTED_EDGE('',*,*,#752,.T.);
#382=ORIENTED_EDGE('',*,*,#787,.F.);
#383=ORIENTED_EDGE('',*,*,#793,.F.);
#384=ORIENTED_EDGE('',*,*,#794,.T.);
#385=ORIENTED_EDGE('',*,*,#795,.T.);
#386=ORIENTED_EDGE('',*,*,#793,.T.);
#387=ORIENTED_EDGE('',*,*,#792,.T.);
#388=ORIENTED_EDGE('',*,*,#796,.T.);
#389=ORIENTED_EDGE('',*,*,#753,.T.);
#390=ORIENTED_EDGE('',*,*,#794,.F.);
#391=ORIENTED_EDGE('',*,*,#795,.F.);
#392=ORIENTED_EDGE('',*,*,#797,.T.);
#393=ORIENTED_EDGE('',*,*,#754,.T.);
#394=ORIENTED_EDGE('',*,*,#797,.F.);
#395=ORIENTED_EDGE('',*,*,#796,.F.);
#396=ORIENTED_EDGE('',*,*,#791,.T.);
#397=ORIENTED_EDGE('',*,*,#723,.T.);
#398=ORIENTED_EDGE('',*,*,#798,.F.);
#399=ORIENTED_EDGE('',*,*,#799,.F.);
#400=ORIENTED_EDGE('',*,*,#788,.T.);
#401=ORIENTED_EDGE('',*,*,#722,.T.);
#402=ORIENTED_EDGE('',*,*,#800,.F.);
#403=ORIENTED_EDGE('',*,*,#801,.F.);
#404=ORIENTED_EDGE('',*,*,#798,.T.);
#405=ORIENTED_EDGE('',*,*,#721,.T.);
#406=ORIENTED_EDGE('',*,*,#790,.F.);
#407=ORIENTED_EDGE('',*,*,#802,.F.);
#408=ORIENTED_EDGE('',*,*,#800,.T.);
#409=ORIENTED_EDGE('',*,*,#789,.T.);
#410=ORIENTED_EDGE('',*,*,#799,.T.);
#411=ORIENTED_EDGE('',*,*,#801,.T.);
#412=ORIENTED_EDGE('',*,*,#802,.T.);
#413=ORIENTED_EDGE('',*,*,#756,.T.);
#414=ORIENTED_EDGE('',*,*,#649,.F.);
#415=ORIENTED_EDGE('',*,*,#803,.F.);
#416=ORIENTED_EDGE('',*,*,#804,.T.);
#417=ORIENTED_EDGE('',*,*,#803,.T.);
#418=ORIENTED_EDGE('',*,*,#648,.T.);
#419=ORIENTED_EDGE('',*,*,#805,.T.);
#420=ORIENTED_EDGE('',*,*,#806,.T.);
#421=ORIENTED_EDGE('',*,*,#758,.T.);
#422=ORIENTED_EDGE('',*,*,#807,.F.);
#423=ORIENTED_EDGE('',*,*,#805,.F.);
#424=ORIENTED_EDGE('',*,*,#647,.T.);
#425=ORIENTED_EDGE('',*,*,#757,.T.);
#426=ORIENTED_EDGE('',*,*,#804,.F.);
#427=ORIENTED_EDGE('',*,*,#806,.F.);
#428=ORIENTED_EDGE('',*,*,#807,.T.);
#429=ORIENTED_EDGE('',*,*,#808,.T.);
#430=ORIENTED_EDGE('',*,*,#666,.T.);
#431=ORIENTED_EDGE('',*,*,#763,.T.);
#432=ORIENTED_EDGE('',*,*,#809,.F.);
#433=ORIENTED_EDGE('',*,*,#810,.F.);
#434=ORIENTED_EDGE('',*,*,#811,.T.);
#435=ORIENTED_EDGE('',*,*,#759,.T.);
#436=ORIENTED_EDGE('',*,*,#642,.T.);
#437=ORIENTED_EDGE('',*,*,#670,.T.);
#438=ORIENTED_EDGE('',*,*,#812,.F.);
#439=ORIENTED_EDGE('',*,*,#813,.F.);
#440=ORIENTED_EDGE('',*,*,#667,.T.);
#441=ORIENTED_EDGE('',*,*,#808,.F.);
#442=ORIENTED_EDGE('',*,*,#814,.F.);
#443=ORIENTED_EDGE('',*,*,#815,.T.);
#444=ORIENTED_EDGE('',*,*,#816,.T.);
#445=ORIENTED_EDGE('',*,*,#814,.T.);
#446=ORIENTED_EDGE('',*,*,#813,.T.);
#447=ORIENTED_EDGE('',*,*,#817,.T.);
#448=ORIENTED_EDGE('',*,*,#668,.T.);
#449=ORIENTED_EDGE('',*,*,#815,.F.);
#450=ORIENTED_EDGE('',*,*,#816,.F.);
#451=ORIENTED_EDGE('',*,*,#818,.T.);
#452=ORIENTED_EDGE('',*,*,#669,.T.);
#453=ORIENTED_EDGE('',*,*,#818,.F.);
#454=ORIENTED_EDGE('',*,*,#817,.F.);
#455=ORIENTED_EDGE('',*,*,#812,.T.);
#456=ORIENTED_EDGE('',*,*,#762,.T.);
#457=ORIENTED_EDGE('',*,*,#819,.F.);
#458=ORIENTED_EDGE('',*,*,#820,.F.);
#459=ORIENTED_EDGE('',*,*,#809,.T.);
#460=ORIENTED_EDGE('',*,*,#761,.T.);
#461=ORIENTED_EDGE('',*,*,#821,.F.);
#462=ORIENTED_EDGE('',*,*,#822,.F.);
#463=ORIENTED_EDGE('',*,*,#819,.T.);
#464=ORIENTED_EDGE('',*,*,#760,.T.);
#465=ORIENTED_EDGE('',*,*,#811,.F.);
#466=ORIENTED_EDGE('',*,*,#823,.F.);
#467=ORIENTED_EDGE('',*,*,#821,.T.);
#468=ORIENTED_EDGE('',*,*,#820,.T.);
#469=ORIENTED_EDGE('',*,*,#822,.T.);
#470=ORIENTED_EDGE('',*,*,#823,.T.);
#471=ORIENTED_EDGE('',*,*,#810,.T.);
#472=ORIENTED_EDGE('',*,*,#664,.F.);
#473=ORIENTED_EDGE('',*,*,#824,.T.);
#474=ORIENTED_EDGE('',*,*,#825,.T.);
#475=ORIENTED_EDGE('',*,*,#764,.F.);
#476=ORIENTED_EDGE('',*,*,#826,.T.);
#477=ORIENTED_EDGE('',*,*,#766,.T.);
#478=ORIENTED_EDGE('',*,*,#827,.T.);
#479=ORIENTED_EDGE('',*,*,#828,.T.);
#480=ORIENTED_EDGE('',*,*,#829,.T.);
#481=ORIENTED_EDGE('',*,*,#830,.T.);
#482=ORIENTED_EDGE('',*,*,#765,.F.);
#483=ORIENTED_EDGE('',*,*,#825,.F.);
#484=ORIENTED_EDGE('',*,*,#831,.F.);
#485=ORIENTED_EDGE('',*,*,#827,.F.);
#486=ORIENTED_EDGE('',*,*,#832,.T.);
#487=ORIENTED_EDGE('',*,*,#831,.T.);
#488=ORIENTED_EDGE('',*,*,#833,.F.);
#489=ORIENTED_EDGE('',*,*,#834,.T.);
#490=ORIENTED_EDGE('',*,*,#828,.F.);
#491=ORIENTED_EDGE('',*,*,#832,.F.);
#492=ORIENTED_EDGE('',*,*,#835,.F.);
#493=ORIENTED_EDGE('',*,*,#836,.T.);
#494=ORIENTED_EDGE('',*,*,#837,.T.);
#495=ORIENTED_EDGE('',*,*,#834,.F.);
#496=ORIENTED_EDGE('',*,*,#661,.F.);
#497=ORIENTED_EDGE('',*,*,#733,.F.);
#498=ORIENTED_EDGE('',*,*,#836,.F.);
#499=ORIENTED_EDGE('',*,*,#838,.F.);
#500=ORIENTED_EDGE('',*,*,#835,.T.);
#501=ORIENTED_EDGE('',*,*,#839,.T.);
#502=ORIENTED_EDGE('',*,*,#662,.F.);
#503=ORIENTED_EDGE('',*,*,#838,.T.);
#504=ORIENTED_EDGE('',*,*,#840,.T.);
#505=ORIENTED_EDGE('',*,*,#841,.F.);
#506=ORIENTED_EDGE('',*,*,#842,.F.);
#507=ORIENTED_EDGE('',*,*,#843,.F.);
#508=ORIENTED_EDGE('',*,*,#844,.T.);
#509=ORIENTED_EDGE('',*,*,#845,.T.);
#510=ORIENTED_EDGE('',*,*,#841,.T.);
#511=ORIENTED_EDGE('',*,*,#846,.T.);
#512=ORIENTED_EDGE('',*,*,#847,.F.);
#513=ORIENTED_EDGE('',*,*,#844,.F.);
#514=ORIENTED_EDGE('',*,*,#848,.F.);
#515=ORIENTED_EDGE('',*,*,#849,.F.);
#516=ORIENTED_EDGE('',*,*,#850,.F.);
#517=ORIENTED_EDGE('',*,*,#848,.T.);
#518=ORIENTED_EDGE('',*,*,#851,.F.);
#519=ORIENTED_EDGE('',*,*,#852,.F.);
#520=ORIENTED_EDGE('',*,*,#849,.T.);
#521=ORIENTED_EDGE('',*,*,#850,.T.);
#522=ORIENTED_EDGE('',*,*,#853,.T.);
#523=ORIENTED_EDGE('',*,*,#852,.T.);
#524=ORIENTED_EDGE('',*,*,#854,.T.);
#525=ORIENTED_EDGE('',*,*,#855,.T.);
#526=ORIENTED_EDGE('',*,*,#856,.T.);
#527=ORIENTED_EDGE('',*,*,#857,.T.);
#528=ORIENTED_EDGE('',*,*,#858,.T.);
#529=ORIENTED_EDGE('',*,*,#853,.F.);
#530=ORIENTED_EDGE('',*,*,#859,.F.);
#531=ORIENTED_EDGE('',*,*,#845,.F.);
#532=ORIENTED_EDGE('',*,*,#858,.F.);
#533=ORIENTED_EDGE('',*,*,#860,.T.);
#534=ORIENTED_EDGE('',*,*,#861,.T.);
#535=ORIENTED_EDGE('',*,*,#854,.F.);
#536=ORIENTED_EDGE('',*,*,#862,.F.);
#537=ORIENTED_EDGE('',*,*,#863,.T.);
#538=ORIENTED_EDGE('',*,*,#860,.F.);
#539=ORIENTED_EDGE('',*,*,#851,.T.);
#540=ORIENTED_EDGE('',*,*,#864,.T.);
#541=ORIENTED_EDGE('',*,*,#865,.T.);
#542=ORIENTED_EDGE('',*,*,#862,.T.);
#543=ORIENTED_EDGE('',*,*,#866,.T.);
#544=ORIENTED_EDGE('',*,*,#864,.F.);
#545=ORIENTED_EDGE('',*,*,#867,.T.);
#546=ORIENTED_EDGE('',*,*,#868,.F.);
#547=ORIENTED_EDGE('',*,*,#846,.F.);
#548=ORIENTED_EDGE('',*,*,#869,.F.);
#549=ORIENTED_EDGE('',*,*,#867,.F.);
#550=ORIENTED_EDGE('',*,*,#870,.F.);
#551=ORIENTED_EDGE('',*,*,#871,.T.);
#552=ORIENTED_EDGE('',*,*,#865,.F.);
#553=ORIENTED_EDGE('',*,*,#855,.F.);
#554=ORIENTED_EDGE('',*,*,#872,.T.);
#555=ORIENTED_EDGE('',*,*,#873,.T.);
#556=ORIENTED_EDGE('',*,*,#833,.T.);
#557=ORIENTED_EDGE('',*,*,#824,.F.);
#558=ORIENTED_EDGE('',*,*,#663,.F.);
#559=ORIENTED_EDGE('',*,*,#839,.F.);
#560=ORIENTED_EDGE('',*,*,#767,.F.);
#561=ORIENTED_EDGE('',*,*,#829,.F.);
#562=ORIENTED_EDGE('',*,*,#837,.F.);
#563=ORIENTED_EDGE('',*,*,#732,.F.);
#564=ORIENTED_EDGE('',*,*,#685,.T.);
#565=ORIENTED_EDGE('',*,*,#688,.T.);
#566=ORIENTED_EDGE('',*,*,#690,.T.);
#567=ORIENTED_EDGE('',*,*,#697,.T.);
#568=ORIENTED_EDGE('',*,*,#671,.T.);
#569=ORIENTED_EDGE('',*,*,#656,.F.);
#570=ORIENTED_EDGE('',*,*,#874,.F.);
#571=ORIENTED_EDGE('',*,*,#875,.T.);
#572=ORIENTED_EDGE('',*,*,#653,.T.);
#573=ORIENTED_EDGE('',*,*,#876,.T.);
#574=ORIENTED_EDGE('',*,*,#874,.T.);
#575=ORIENTED_EDGE('',*,*,#655,.T.);
#576=ORIENTED_EDGE('',*,*,#672,.T.);
#577=ORIENTED_EDGE('',*,*,#875,.F.);
#578=ORIENTED_EDGE('',*,*,#876,.F.);
#579=ORIENTED_EDGE('',*,*,#652,.T.);
#580=ORIENTED_EDGE('',*,*,#877,.F.);
#581=ORIENTED_EDGE('',*,*,#657,.F.);
#582=ORIENTED_EDGE('',*,*,#866,.F.);
#583=ORIENTED_EDGE('',*,*,#878,.F.);
#584=ORIENTED_EDGE('',*,*,#856,.F.);
#585=ORIENTED_EDGE('',*,*,#879,.F.);
#586=ORIENTED_EDGE('',*,*,#847,.T.);
#587=ORIENTED_EDGE('',*,*,#880,.F.);
#588=ORIENTED_EDGE('',*,*,#881,.T.);
#589=ORIENTED_EDGE('',*,*,#882,.T.);
#590=ORIENTED_EDGE('',*,*,#883,.F.);
#591=ORIENTED_EDGE('',*,*,#842,.T.);
#592=ORIENTED_EDGE('',*,*,#859,.T.);
#593=ORIENTED_EDGE('',*,*,#857,.F.);
#594=ORIENTED_EDGE('',*,*,#873,.F.);
#595=ORIENTED_EDGE('',*,*,#840,.F.);
#596=ORIENTED_EDGE('',*,*,#881,.F.);
#597=ORIENTED_EDGE('',*,*,#830,.F.);
#598=ORIENTED_EDGE('',*,*,#884,.F.);
#599=ORIENTED_EDGE('',*,*,#884,.T.);
#600=ORIENTED_EDGE('',*,*,#870,.T.);
#601=ORIENTED_EDGE('',*,*,#868,.T.);
#602=ORIENTED_EDGE('',*,*,#869,.T.);
#603=ORIENTED_EDGE('',*,*,#843,.T.);
#604=ORIENTED_EDGE('',*,*,#883,.T.);
#605=ORIENTED_EDGE('',*,*,#885,.T.);
#606=ORIENTED_EDGE('',*,*,#886,.T.);
#607=ORIENTED_EDGE('',*,*,#885,.F.);
#608=ORIENTED_EDGE('',*,*,#882,.F.);
#609=ORIENTED_EDGE('',*,*,#872,.F.);
#610=ORIENTED_EDGE('',*,*,#861,.F.);
#611=ORIENTED_EDGE('',*,*,#863,.F.);
#612=ORIENTED_EDGE('',*,*,#871,.F.);
#613=ORIENTED_EDGE('',*,*,#826,.F.);
#614=ORIENTED_EDGE('',*,*,#886,.F.);
#615=ORIENTED_EDGE('',*,*,#887,.F.);
#616=ORIENTED_EDGE('',*,*,#768,.F.);
#617=ORIENTED_EDGE('',*,*,#734,.T.);
#618=ORIENTED_EDGE('',*,*,#888,.T.);
#619=ORIENTED_EDGE('',*,*,#889,.T.);
#620=ORIENTED_EDGE('',*,*,#890,.T.);
#621=ORIENTED_EDGE('',*,*,#891,.T.);
#622=ORIENTED_EDGE('',*,*,#891,.F.);
#623=ORIENTED_EDGE('',*,*,#890,.F.);
#624=ORIENTED_EDGE('',*,*,#889,.F.);
#625=ORIENTED_EDGE('',*,*,#892,.T.);
#626=ORIENTED_EDGE('',*,*,#893,.T.);
#627=ORIENTED_EDGE('',*,*,#894,.T.);
#628=ORIENTED_EDGE('',*,*,#895,.T.);
#629=ORIENTED_EDGE('',*,*,#895,.F.);
#630=ORIENTED_EDGE('',*,*,#894,.F.);
#631=ORIENTED_EDGE('',*,*,#893,.F.);
#632=ORIENTED_EDGE('',*,*,#896,.T.);
#633=ORIENTED_EDGE('',*,*,#897,.T.);
#634=ORIENTED_EDGE('',*,*,#898,.T.);
#635=ORIENTED_EDGE('',*,*,#899,.T.);
#636=ORIENTED_EDGE('',*,*,#899,.F.);
#637=ORIENTED_EDGE('',*,*,#898,.F.);
#638=ORIENTED_EDGE('',*,*,#897,.F.);
#639=ORIENTED_EDGE('',*,*,#900,.T.);
#640=EDGE_CURVE('',#901,#902,#1078,.T.);
#641=EDGE_CURVE('',#903,#902,#1079,.T.);
#642=EDGE_CURVE('',#904,#903,#1080,.T.);
#643=EDGE_CURVE('',#904,#901,#1081,.T.);
#644=EDGE_CURVE('',#905,#906,#1082,.T.);
#645=EDGE_CURVE('',#902,#906,#1083,.T.);
#646=EDGE_CURVE('',#907,#901,#1084,.T.);
#647=EDGE_CURVE('',#908,#907,#1085,.T.);
#648=EDGE_CURVE('',#909,#908,#1086,.T.);
#649=EDGE_CURVE('',#909,#910,#1087,.T.);
#650=EDGE_CURVE('',#911,#910,#1088,.T.);
#651=EDGE_CURVE('',#912,#911,#1089,.T.);
#652=EDGE_CURVE('',#913,#912,#1090,.T.);
#653=EDGE_CURVE('',#905,#913,#1091,.T.);
#654=EDGE_CURVE('',#914,#906,#1092,.T.);
#655=EDGE_CURVE('',#915,#905,#1093,.T.);
#656=EDGE_CURVE('',#915,#914,#1094,.T.);
#657=EDGE_CURVE('',#916,#916,#75,.T.);
#658=EDGE_CURVE('',#917,#918,#1095,.T.);
#659=EDGE_CURVE('',#919,#917,#1096,.T.);
#660=EDGE_CURVE('',#920,#919,#1097,.T.);
#661=EDGE_CURVE('',#920,#921,#76,.T.);
#662=EDGE_CURVE('',#921,#922,#1098,.T.);
#663=EDGE_CURVE('',#922,#923,#77,.T.);
#664=EDGE_CURVE('',#923,#924,#1099,.T.);
#665=EDGE_CURVE('',#925,#924,#1100,.T.);
#666=EDGE_CURVE('',#926,#925,#1101,.T.);
#667=EDGE_CURVE('',#927,#926,#1102,.T.);
#668=EDGE_CURVE('',#928,#927,#1103,.T.);
#669=EDGE_CURVE('',#929,#928,#1104,.T.);
#670=EDGE_CURVE('',#903,#929,#1105,.T.);
#671=EDGE_CURVE('',#930,#914,#1106,.T.);
#672=EDGE_CURVE('',#912,#930,#1107,.T.);
#673=EDGE_CURVE('',#931,#911,#1108,.T.);
#674=EDGE_CURVE('',#932,#931,#1109,.T.);
#675=EDGE_CURVE('',#932,#933,#1110,.T.);
#676=EDGE_CURVE('',#934,#933,#1111,.T.);
#677=EDGE_CURVE('',#935,#934,#1112,.T.);
#678=EDGE_CURVE('',#936,#935,#1113,.T.);
#679=EDGE_CURVE('',#936,#937,#1114,.T.);
#680=EDGE_CURVE('',#938,#937,#1115,.T.);
#681=EDGE_CURVE('',#939,#938,#1116,.T.);
#682=EDGE_CURVE('',#940,#939,#1117,.T.);
#683=EDGE_CURVE('',#918,#940,#1118,.T.);
#684=EDGE_CURVE('',#941,#918,#1119,.T.);
#685=EDGE_CURVE('',#942,#941,#1120,.T.);
#686=EDGE_CURVE('',#942,#917,#1121,.T.);
#687=EDGE_CURVE('',#943,#940,#1122,.T.);
#688=EDGE_CURVE('',#941,#943,#1123,.T.);
#689=EDGE_CURVE('',#944,#939,#1124,.T.);
#690=EDGE_CURVE('',#943,#944,#1125,.T.);
#691=EDGE_CURVE('',#938,#945,#1126,.T.);
#692=EDGE_CURVE('',#945,#946,#1127,.T.);
#693=EDGE_CURVE('',#947,#946,#1128,.T.);
#694=EDGE_CURVE('',#948,#947,#1129,.T.);
#695=EDGE_CURVE('',#948,#949,#1130,.T.);
#696=EDGE_CURVE('',#949,#919,#1131,.T.);
#697=EDGE_CURVE('',#944,#942,#1132,.T.);
#698=EDGE_CURVE('',#937,#950,#1133,.T.);
#699=EDGE_CURVE('',#945,#950,#1134,.T.);
#700=EDGE_CURVE('',#951,#933,#1135,.T.);
#701=EDGE_CURVE('',#952,#932,#1136,.T.);
#702=EDGE_CURVE('',#953,#952,#1137,.T.);
#703=EDGE_CURVE('',#954,#953,#1138,.T.);
#704=EDGE_CURVE('',#954,#955,#1139,.T.);
#705=EDGE_CURVE('',#950,#955,#1140,.T.);
#706=EDGE_CURVE('',#956,#936,#1141,.T.);
#707=EDGE_CURVE('',#951,#956,#1142,.T.);
#708=EDGE_CURVE('',#957,#951,#1143,.T.);
#709=EDGE_CURVE('',#957,#934,#1144,.T.);
#710=EDGE_CURVE('',#956,#958,#1145,.T.);
#711=EDGE_CURVE('',#958,#957,#1146,.T.);
#712=EDGE_CURVE('',#958,#935,#1147,.T.);
#713=EDGE_CURVE('',#959,#949,#1148,.T.);
#714=EDGE_CURVE('',#960,#959,#1149,.T.);
#715=EDGE_CURVE('',#946,#960,#1150,.T.);
#716=EDGE_CURVE('',#961,#955,#1151,.T.);
#717=EDGE_CURVE('',#962,#961,#1152,.T.);
#718=EDGE_CURVE('',#952,#962,#1153,.T.);
#719=EDGE_CURVE('',#931,#963,#1154,.T.);
#720=EDGE_CURVE('',#963,#964,#1155,.T.);
#721=EDGE_CURVE('',#965,#964,#1156,.T.);
#722=EDGE_CURVE('',#966,#965,#1157,.T.);
#723=EDGE_CURVE('',#967,#966,#1158,.T.);
#724=EDGE_CURVE('',#967,#968,#1159,.T.);
#725=EDGE_CURVE('',#969,#968,#1160,.T.);
#726=EDGE_CURVE('',#970,#969,#1161,.T.);
#727=EDGE_CURVE('',#971,#970,#1162,.T.);
#728=EDGE_CURVE('',#972,#971,#1163,.T.);
#729=EDGE_CURVE('',#973,#972,#1164,.T.);
#730=EDGE_CURVE('',#974,#973,#1165,.T.);
#731=EDGE_CURVE('',#974,#975,#1166,.T.);
#732=EDGE_CURVE('',#975,#976,#1167,.T.);
#733=EDGE_CURVE('',#976,#920,#1168,.T.);
#734=EDGE_CURVE('',#977,#977,#78,.T.);
#735=EDGE_CURVE('',#978,#948,#1169,.T.);
#736=EDGE_CURVE('',#978,#959,#1170,.T.);
#737=EDGE_CURVE('',#947,#979,#1171,.T.);
#738=EDGE_CURVE('',#979,#978,#1172,.T.);
#739=EDGE_CURVE('',#979,#960,#1173,.T.);
#740=EDGE_CURVE('',#980,#954,#1174,.T.);
#741=EDGE_CURVE('',#980,#961,#1175,.T.);
#742=EDGE_CURVE('',#953,#981,#1176,.T.);
#743=EDGE_CURVE('',#981,#980,#1177,.T.);
#744=EDGE_CURVE('',#981,#962,#1178,.T.);
#745=EDGE_CURVE('',#982,#974,#1179,.T.);
#746=EDGE_CURVE('',#983,#982,#1180,.T.);
#747=EDGE_CURVE('',#984,#983,#1181,.T.);
#748=EDGE_CURVE('',#985,#984,#1182,.T.);
#749=EDGE_CURVE('',#986,#985,#1183,.T.);
#750=EDGE_CURVE('',#986,#987,#1184,.T.);
#751=EDGE_CURVE('',#987,#988,#1185,.T.);
#752=EDGE_CURVE('',#989,#988,#1186,.T.);
#753=EDGE_CURVE('',#990,#989,#1187,.T.);
#754=EDGE_CURVE('',#991,#990,#1188,.T.);
#755=EDGE_CURVE('',#991,#963,#1189,.T.);
#756=EDGE_CURVE('',#992,#910,#1190,.T.);
#757=EDGE_CURVE('',#993,#992,#1191,.T.);
#758=EDGE_CURVE('',#907,#993,#1192,.T.);
#759=EDGE_CURVE('',#994,#904,#1193,.T.);
#760=EDGE_CURVE('',#995,#994,#1194,.T.);
#761=EDGE_CURVE('',#996,#995,#1195,.T.);
#762=EDGE_CURVE('',#997,#996,#1196,.T.);
#763=EDGE_CURVE('',#925,#997,#1197,.T.);
#764=EDGE_CURVE('',#924,#998,#1198,.T.);
#765=EDGE_CURVE('',#998,#999,#79,.T.);
#766=EDGE_CURVE('',#1000,#999,#1199,.T.);
#767=EDGE_CURVE('',#1000,#975,#80,.T.);
#768=EDGE_CURVE('',#1001,#1001,#81,.T.);
#769=EDGE_CURVE('',#1002,#982,#1200,.T.);
#770=EDGE_CURVE('',#1003,#973,#1201,.T.);
#771=EDGE_CURVE('',#1004,#1003,#1202,.T.);
#772=EDGE_CURVE('',#1004,#970,#1203,.T.);
#773=EDGE_CURVE('',#969,#986,#1204,.T.);
#774=EDGE_CURVE('',#1005,#985,#1205,.T.);
#775=EDGE_CURVE('',#1002,#1005,#1206,.T.);
#776=EDGE_CURVE('',#1006,#1002,#1207,.T.);
#777=EDGE_CURVE('',#1006,#983,#1208,.T.);
#778=EDGE_CURVE('',#1005,#1007,#1209,.T.);
#779=EDGE_CURVE('',#1007,#1006,#1210,.T.);
#780=EDGE_CURVE('',#1007,#984,#1211,.T.);
#781=EDGE_CURVE('',#1008,#972,#1212,.T.);
#782=EDGE_CURVE('',#1003,#1008,#1213,.T.);
#783=EDGE_CURVE('',#1009,#971,#1214,.T.);
#784=EDGE_CURVE('',#1008,#1009,#1215,.T.);
#785=EDGE_CURVE('',#1009,#1004,#1216,.T.);
#786=EDGE_CURVE('',#968,#987,#1217,.T.);
#787=EDGE_CURVE('',#1010,#988,#1218,.T.);
#788=EDGE_CURVE('',#1011,#967,#1219,.T.);
#789=EDGE_CURVE('',#1012,#1011,#1220,.T.);
#790=EDGE_CURVE('',#1012,#964,#1221,.T.);
#791=EDGE_CURVE('',#1013,#991,#1222,.T.);
#792=EDGE_CURVE('',#1010,#1013,#1223,.T.);
#793=EDGE_CURVE('',#1014,#1010,#1224,.T.);
#794=EDGE_CURVE('',#1014,#989,#1225,.T.);
#795=EDGE_CURVE('',#1015,#1014,#1226,.T.);
#796=EDGE_CURVE('',#1013,#1015,#1227,.T.);
#797=EDGE_CURVE('',#1015,#990,#1228,.T.);
#798=EDGE_CURVE('',#1016,#966,#1229,.T.);
#799=EDGE_CURVE('',#1011,#1016,#1230,.T.);
#800=EDGE_CURVE('',#1017,#965,#1231,.T.);
#801=EDGE_CURVE('',#1016,#1017,#1232,.T.);
#802=EDGE_CURVE('',#1017,#1012,#1233,.T.);
#803=EDGE_CURVE('',#1018,#909,#1234,.T.);
#804=EDGE_CURVE('',#1018,#992,#1235,.T.);
#805=EDGE_CURVE('',#908,#1019,#1236,.T.);
#806=EDGE_CURVE('',#1019,#1018,#1237,.T.);
#807=EDGE_CURVE('',#1019,#993,#1238,.T.);
#808=EDGE_CURVE('',#1020,#926,#1239,.T.);
#809=EDGE_CURVE('',#1021,#997,#1240,.T.);
#810=EDGE_CURVE('',#1022,#1021,#1241,.T.);
#811=EDGE_CURVE('',#1022,#994,#1242,.T.);
#812=EDGE_CURVE('',#1023,#929,#1243,.T.);
#813=EDGE_CURVE('',#1020,#1023,#1244,.T.);
#814=EDGE_CURVE('',#1024,#1020,#1245,.T.);
#815=EDGE_CURVE('',#1024,#927,#1246,.T.);
#816=EDGE_CURVE('',#1025,#1024,#1247,.T.);
#817=EDGE_CURVE('',#1023,#1025,#1248,.T.);
#818=EDGE_CURVE('',#1025,#928,#1249,.T.);
#819=EDGE_CURVE('',#1026,#996,#1250,.T.);
#820=EDGE_CURVE('',#1021,#1026,#1251,.T.);
#821=EDGE_CURVE('',#1027,#995,#1252,.T.);
#822=EDGE_CURVE('',#1026,#1027,#1253,.T.);
#823=EDGE_CURVE('',#1027,#1022,#1254,.T.);
#824=EDGE_CURVE('',#923,#1028,#1255,.T.);
#825=EDGE_CURVE('',#1028,#998,#1256,.T.);
#826=EDGE_CURVE('',#1029,#1029,#82,.T.);
#827=EDGE_CURVE('',#999,#1030,#1257,.T.);
#828=EDGE_CURVE('',#1030,#1031,#1258,.T.);
#829=EDGE_CURVE('',#1031,#1000,#1259,.T.);
#830=EDGE_CURVE('',#1032,#1032,#83,.T.);
#831=EDGE_CURVE('',#1030,#1028,#84,.T.);
#832=EDGE_CURVE('',#1033,#1030,#85,.T.);
#833=EDGE_CURVE('',#1033,#1028,#86,.T.);
#834=EDGE_CURVE('',#1034,#1031,#87,.T.);
#835=EDGE_CURVE('',#1034,#1033,#1260,.T.);
#836=EDGE_CURVE('',#1034,#976,#88,.T.);
#837=EDGE_CURVE('',#976,#1031,#89,.T.);
#838=EDGE_CURVE('',#921,#1034,#1261,.T.);
#839=EDGE_CURVE('',#1033,#922,#1262,.T.);
#840=EDGE_CURVE('',#1035,#1035,#90,.T.);
#841=EDGE_CURVE('',#1036,#1037,#91,.T.);
#842=EDGE_CURVE('',#1038,#1036,#26,.T.);
#843=EDGE_CURVE('',#1037,#1038,#27,.T.);
#844=EDGE_CURVE('',#1039,#1040,#92,.T.);
#845=EDGE_CURVE('',#1040,#1036,#93,.T.);
#846=EDGE_CURVE('',#1037,#1039,#94,.T.);
#847=EDGE_CURVE('',#1041,#1041,#95,.T.);
#848=EDGE_CURVE('',#1042,#1039,#28,.T.);
#849=EDGE_CURVE('',#1040,#1042,#29,.T.);
#850=EDGE_CURVE('',#1042,#1043,#30,.T.);
#851=EDGE_CURVE('',#1043,#1039,#96,.T.);
#852=EDGE_CURVE('',#1040,#1043,#97,.T.);
#853=EDGE_CURVE('',#1044,#1040,#98,.T.);
#854=EDGE_CURVE('',#1043,#1045,#99,.T.);
#855=EDGE_CURVE('',#1045,#1044,#100,.T.);
#856=EDGE_CURVE('',#1046,#1046,#101,.T.);
#857=EDGE_CURVE('',#1044,#1047,#31,.T.);
#858=EDGE_CURVE('',#1047,#1040,#32,.T.);
#859=EDGE_CURVE('',#1036,#1047,#33,.T.);
#860=EDGE_CURVE('',#1043,#1048,#34,.T.);
#861=EDGE_CURVE('',#1048,#1045,#35,.T.);
#862=EDGE_CURVE('',#1049,#1043,#102,.T.);
#863=EDGE_CURVE('',#1049,#1048,#36,.T.);
#864=EDGE_CURVE('',#1039,#1050,#103,.T.);
#865=EDGE_CURVE('',#1050,#1049,#104,.T.);
#866=EDGE_CURVE('',#1051,#1051,#105,.T.);
#867=EDGE_CURVE('',#1039,#1052,#37,.T.);
#868=EDGE_CURVE('',#1050,#1052,#38,.T.);
#869=EDGE_CURVE('',#1052,#1037,#39,.T.);
#870=EDGE_CURVE('',#1053,#1050,#40,.T.);
#871=EDGE_CURVE('',#1053,#1049,#41,.T.);
#872=EDGE_CURVE('',#1045,#1054,#42,.T.);
#873=EDGE_CURVE('',#1054,#1044,#43,.T.);
#874=EDGE_CURVE('',#1055,#915,#1263,.T.);
#875=EDGE_CURVE('',#1055,#930,#1264,.T.);
#876=EDGE_CURVE('',#913,#1055,#1265,.T.);
#877=EDGE_CURVE('',#1056,#1056,#106,.T.);
#878=EDGE_CURVE('',#1057,#1057,#107,.T.);
#879=EDGE_CURVE('',#1058,#1058,#108,.T.);
#880=EDGE_CURVE('',#1059,#1059,#109,.T.);
#881=EDGE_CURVE('',#1060,#1060,#110,.T.);
#882=EDGE_CURVE('',#1054,#1061,#44,.T.);
#883=EDGE_CURVE('',#1038,#1061,#45,.T.);
#884=EDGE_CURVE('',#1062,#1062,#111,.T.);
#885=EDGE_CURVE('',#1061,#1053,#46,.T.);
#886=EDGE_CURVE('',#1063,#1063,#112,.T.);
#887=EDGE_CURVE('',#1064,#1064,#113,.T.);
#888=EDGE_CURVE('',#1065,#1065,#114,.T.);
#889=EDGE_CURVE('',#1066,#1067,#115,.T.);
#890=EDGE_CURVE('',#1067,#1068,#116,.T.);
#891=EDGE_CURVE('',#1068,#1066,#117,.T.);
#892=EDGE_CURVE('',#1069,#1069,#118,.T.);
#893=EDGE_CURVE('',#1070,#1071,#119,.T.);
#894=EDGE_CURVE('',#1071,#1072,#120,.T.);
#895=EDGE_CURVE('',#1072,#1070,#121,.T.);
#896=EDGE_CURVE('',#1073,#1073,#122,.T.);
#897=EDGE_CURVE('',#1074,#1075,#123,.T.);
#898=EDGE_CURVE('',#1075,#1076,#124,.T.);
#899=EDGE_CURVE('',#1076,#1074,#125,.T.);
#900=EDGE_CURVE('',#1077,#1077,#126,.T.);
#901=VERTEX_POINT('',#2642);
#902=VERTEX_POINT('',#2643);
#903=VERTEX_POINT('',#2645);
#904=VERTEX_POINT('',#2647);
#905=VERTEX_POINT('',#2651);
#906=VERTEX_POINT('',#2652);
#907=VERTEX_POINT('',#2655);
#908=VERTEX_POINT('',#2657);
#909=VERTEX_POINT('',#2659);
#910=VERTEX_POINT('',#2661);
#911=VERTEX_POINT('',#2663);
#912=VERTEX_POINT('',#2665);
#913=VERTEX_POINT('',#2667);
#914=VERTEX_POINT('',#2671);
#915=VERTEX_POINT('',#2673);
#916=VERTEX_POINT('',#2677);
#917=VERTEX_POINT('',#2679);
#918=VERTEX_POINT('',#2680);
#919=VERTEX_POINT('',#2682);
#920=VERTEX_POINT('',#2684);
#921=VERTEX_POINT('',#2686);
#922=VERTEX_POINT('',#2688);
#923=VERTEX_POINT('',#2690);
#924=VERTEX_POINT('',#2692);
#925=VERTEX_POINT('',#2694);
#926=VERTEX_POINT('',#2696);
#927=VERTEX_POINT('',#2698);
#928=VERTEX_POINT('',#2700);
#929=VERTEX_POINT('',#2702);
#930=VERTEX_POINT('',#2705);
#931=VERTEX_POINT('',#2708);
#932=VERTEX_POINT('',#2710);
#933=VERTEX_POINT('',#2712);
#934=VERTEX_POINT('',#2714);
#935=VERTEX_POINT('',#2716);
#936=VERTEX_POINT('',#2718);
#937=VERTEX_POINT('',#2720);
#938=VERTEX_POINT('',#2722);
#939=VERTEX_POINT('',#2724);
#940=VERTEX_POINT('',#2726);
#941=VERTEX_POINT('',#2730);
#942=VERTEX_POINT('',#2732);
#943=VERTEX_POINT('',#2736);
#944=VERTEX_POINT('',#2740);
#945=VERTEX_POINT('',#2744);
#946=VERTEX_POINT('',#2746);
#947=VERTEX_POINT('',#2748);
#948=VERTEX_POINT('',#2750);
#949=VERTEX_POINT('',#2752);
#950=VERTEX_POINT('',#2757);
#951=VERTEX_POINT('',#2761);
#952=VERTEX_POINT('',#2763);
#953=VERTEX_POINT('',#2765);
#954=VERTEX_POINT('',#2767);
#955=VERTEX_POINT('',#2769);
#956=VERTEX_POINT('',#2772);
#957=VERTEX_POINT('',#2776);
#958=VERTEX_POINT('',#2780);
#959=VERTEX_POINT('',#2787);
#960=VERTEX_POINT('',#2789);
#961=VERTEX_POINT('',#2792);
#962=VERTEX_POINT('',#2794);
#963=VERTEX_POINT('',#2797);
#964=VERTEX_POINT('',#2799);
#965=VERTEX_POINT('',#2801);
#966=VERTEX_POINT('',#2803);
#967=VERTEX_POINT('',#2805);
#968=VERTEX_POINT('',#2807);
#969=VERTEX_POINT('',#2809);
#970=VERTEX_POINT('',#2811);
#971=VERTEX_POINT('',#2813);
#972=VERTEX_POINT('',#2815);
#973=VERTEX_POINT('',#2817);
#974=VERTEX_POINT('',#2819);
#975=VERTEX_POINT('',#2821);
#976=VERTEX_POINT('',#2823);
#977=VERTEX_POINT('',#2826);
#978=VERTEX_POINT('',#2829);
#979=VERTEX_POINT('',#2833);
#980=VERTEX_POINT('',#2840);
#981=VERTEX_POINT('',#2844);
#982=VERTEX_POINT('',#2851);
#983=VERTEX_POINT('',#2853);
#984=VERTEX_POINT('',#2855);
#985=VERTEX_POINT('',#2857);
#986=VERTEX_POINT('',#2859);
#987=VERTEX_POINT('',#2861);
#988=VERTEX_POINT('',#2863);
#989=VERTEX_POINT('',#2865);
#990=VERTEX_POINT('',#2867);
#991=VERTEX_POINT('',#2869);
#992=VERTEX_POINT('',#2872);
#993=VERTEX_POINT('',#2874);
#994=VERTEX_POINT('',#2877);
#995=VERTEX_POINT('',#2879);
#996=VERTEX_POINT('',#2881);
#997=VERTEX_POINT('',#2883);
#998=VERTEX_POINT('',#2886);
#999=VERTEX_POINT('',#2888);
#1000=VERTEX_POINT('',#2890);
#1001=VERTEX_POINT('',#2893);
#1002=VERTEX_POINT('',#2896);
#1003=VERTEX_POINT('',#2898);
#1004=VERTEX_POINT('',#2900);
#1005=VERTEX_POINT('',#2904);
#1006=VERTEX_POINT('',#2908);
#1007=VERTEX_POINT('',#2912);
#1008=VERTEX_POINT('',#2919);
#1009=VERTEX_POINT('',#2923);
#1010=VERTEX_POINT('',#2932);
#1011=VERTEX_POINT('',#2934);
#1012=VERTEX_POINT('',#2936);
#1013=VERTEX_POINT('',#2939);
#1014=VERTEX_POINT('',#2943);
#1015=VERTEX_POINT('',#2947);
#1016=VERTEX_POINT('',#2954);
#1017=VERTEX_POINT('',#2958);
#1018=VERTEX_POINT('',#2965);
#1019=VERTEX_POINT('',#2969);
#1020=VERTEX_POINT('',#2976);
#1021=VERTEX_POINT('',#2978);
#1022=VERTEX_POINT('',#2980);
#1023=VERTEX_POINT('',#2983);
#1024=VERTEX_POINT('',#2987);
#1025=VERTEX_POINT('',#2991);
#1026=VERTEX_POINT('',#2998);
#1027=VERTEX_POINT('',#3002);
#1028=VERTEX_POINT('',#3009);
#1029=VERTEX_POINT('',#3012);
#1030=VERTEX_POINT('',#3015);
#1031=VERTEX_POINT('',#3017);
#1032=VERTEX_POINT('',#3020);
#1033=VERTEX_POINT('',#3025);
#1034=VERTEX_POINT('',#3029);
#1035=VERTEX_POINT('',#3039);
#1036=VERTEX_POINT('',#3042);
#1037=VERTEX_POINT('',#3043);
#1038=VERTEX_POINT('',#3045);
#1039=VERTEX_POINT('',#3049);
#1040=VERTEX_POINT('',#3050);
#1041=VERTEX_POINT('',#3054);
#1042=VERTEX_POINT('',#3057);
#1043=VERTEX_POINT('',#3061);
#1044=VERTEX_POINT('',#3067);
#1045=VERTEX_POINT('',#3069);
#1046=VERTEX_POINT('',#3072);
#1047=VERTEX_POINT('',#3075);
#1048=VERTEX_POINT('',#3081);
#1049=VERTEX_POINT('',#3085);
#1050=VERTEX_POINT('',#3089);
#1051=VERTEX_POINT('',#3092);
#1052=VERTEX_POINT('',#3095);
#1053=VERTEX_POINT('',#3101);
#1054=VERTEX_POINT('',#3105);
#1055=VERTEX_POINT('',#3112);
#1056=VERTEX_POINT('',#3119);
#1057=VERTEX_POINT('',#3122);
#1058=VERTEX_POINT('',#3125);
#1059=VERTEX_POINT('',#3128);
#1060=VERTEX_POINT('',#3131);
#1061=VERTEX_POINT('',#3133);
#1062=VERTEX_POINT('',#3138);
#1063=VERTEX_POINT('',#3143);
#1064=VERTEX_POINT('',#3147);
#1065=VERTEX_POINT('',#3150);
#1066=VERTEX_POINT('',#3153);
#1067=VERTEX_POINT('',#3154);
#1068=VERTEX_POINT('',#3156);
#1069=VERTEX_POINT('',#3160);
#1070=VERTEX_POINT('',#3163);
#1071=VERTEX_POINT('',#3164);
#1072=VERTEX_POINT('',#3166);
#1073=VERTEX_POINT('',#3170);
#1074=VERTEX_POINT('',#3173);
#1075=VERTEX_POINT('',#3174);
#1076=VERTEX_POINT('',#3176);
#1077=VERTEX_POINT('',#3180);
#1078=LINE('',#2641,#1266);
#1079=LINE('',#2644,#1267);
#1080=LINE('',#2646,#1268);
#1081=LINE('',#2648,#1269);
#1082=LINE('',#2650,#1270);
#1083=LINE('',#2653,#1271);
#1084=LINE('',#2654,#1272);
#1085=LINE('',#2656,#1273);
#1086=LINE('',#2658,#1274);
#1087=LINE('',#2660,#1275);
#1088=LINE('',#2662,#1276);
#1089=LINE('',#2664,#1277);
#1090=LINE('',#2666,#1278);
#1091=LINE('',#2668,#1279);
#1092=LINE('',#2670,#1280);
#1093=LINE('',#2672,#1281);
#1094=LINE('',#2674,#1282);
#1095=LINE('',#2678,#1283);
#1096=LINE('',#2681,#1284);
#1097=LINE('',#2683,#1285);
#1098=LINE('',#2687,#1286);
#1099=LINE('',#2691,#1287);
#1100=LINE('',#2693,#1288);
#1101=LINE('',#2695,#1289);
#1102=LINE('',#2697,#1290);
#1103=LINE('',#2699,#1291);
#1104=LINE('',#2701,#1292);
#1105=LINE('',#2703,#1293);
#1106=LINE('',#2704,#1294);
#1107=LINE('',#2706,#1295);
#1108=LINE('',#2707,#1296);
#1109=LINE('',#2709,#1297);
#1110=LINE('',#2711,#1298);
#1111=LINE('',#2713,#1299);
#1112=LINE('',#2715,#1300);
#1113=LINE('',#2717,#1301);
#1114=LINE('',#2719,#1302);
#1115=LINE('',#2721,#1303);
#1116=LINE('',#2723,#1304);
#1117=LINE('',#2725,#1305);
#1118=LINE('',#2727,#1306);
#1119=LINE('',#2729,#1307);
#1120=LINE('',#2731,#1308);
#1121=LINE('',#2733,#1309);
#1122=LINE('',#2735,#1310);
#1123=LINE('',#2737,#1311);
#1124=LINE('',#2739,#1312);
#1125=LINE('',#2741,#1313);
#1126=LINE('',#2743,#1314);
#1127=LINE('',#2745,#1315);
#1128=LINE('',#2747,#1316);
#1129=LINE('',#2749,#1317);
#1130=LINE('',#2751,#1318);
#1131=LINE('',#2753,#1319);
#1132=LINE('',#2754,#1320);
#1133=LINE('',#2756,#1321);
#1134=LINE('',#2758,#1322);
#1135=LINE('',#2760,#1323);
#1136=LINE('',#2762,#1324);
#1137=LINE('',#2764,#1325);
#1138=LINE('',#2766,#1326);
#1139=LINE('',#2768,#1327);
#1140=LINE('',#2770,#1328);
#1141=LINE('',#2771,#1329);
#1142=LINE('',#2773,#1330);
#1143=LINE('',#2775,#1331);
#1144=LINE('',#2777,#1332);
#1145=LINE('',#2779,#1333);
#1146=LINE('',#2781,#1334);
#1147=LINE('',#2783,#1335);
#1148=LINE('',#2786,#1336);
#1149=LINE('',#2788,#1337);
#1150=LINE('',#2790,#1338);
#1151=LINE('',#2791,#1339);
#1152=LINE('',#2793,#1340);
#1153=LINE('',#2795,#1341);
#1154=LINE('',#2796,#1342);
#1155=LINE('',#2798,#1343);
#1156=LINE('',#2800,#1344);
#1157=LINE('',#2802,#1345);
#1158=LINE('',#2804,#1346);
#1159=LINE('',#2806,#1347);
#1160=LINE('',#2808,#1348);
#1161=LINE('',#2810,#1349);
#1162=LINE('',#2812,#1350);
#1163=LINE('',#2814,#1351);
#1164=LINE('',#2816,#1352);
#1165=LINE('',#2818,#1353);
#1166=LINE('',#2820,#1354);
#1167=LINE('',#2822,#1355);
#1168=LINE('',#2824,#1356);
#1169=LINE('',#2828,#1357);
#1170=LINE('',#2830,#1358);
#1171=LINE('',#2832,#1359);
#1172=LINE('',#2834,#1360);
#1173=LINE('',#2836,#1361);
#1174=LINE('',#2839,#1362);
#1175=LINE('',#2841,#1363);
#1176=LINE('',#2843,#1364);
#1177=LINE('',#2845,#1365);
#1178=LINE('',#2847,#1366);
#1179=LINE('',#2850,#1367);
#1180=LINE('',#2852,#1368);
#1181=LINE('',#2854,#1369);
#1182=LINE('',#2856,#1370);
#1183=LINE('',#2858,#1371);
#1184=LINE('',#2860,#1372);
#1185=LINE('',#2862,#1373);
#1186=LINE('',#2864,#1374);
#1187=LINE('',#2866,#1375);
#1188=LINE('',#2868,#1376);
#1189=LINE('',#2870,#1377);
#1190=LINE('',#2871,#1378);
#1191=LINE('',#2873,#1379);
#1192=LINE('',#2875,#1380);
#1193=LINE('',#2876,#1381);
#1194=LINE('',#2878,#1382);
#1195=LINE('',#2880,#1383);
#1196=LINE('',#2882,#1384);
#1197=LINE('',#2884,#1385);
#1198=LINE('',#2885,#1386);
#1199=LINE('',#2889,#1387);
#1200=LINE('',#2895,#1388);
#1201=LINE('',#2897,#1389);
#1202=LINE('',#2899,#1390);
#1203=LINE('',#2901,#1391);
#1204=LINE('',#2902,#1392);
#1205=LINE('',#2903,#1393);
#1206=LINE('',#2905,#1394);
#1207=LINE('',#2907,#1395);
#1208=LINE('',#2909,#1396);
#1209=LINE('',#2911,#1397);
#1210=LINE('',#2913,#1398);
#1211=LINE('',#2915,#1399);
#1212=LINE('',#2918,#1400);
#1213=LINE('',#2920,#1401);
#1214=LINE('',#2922,#1402);
#1215=LINE('',#2924,#1403);
#1216=LINE('',#2926,#1404);
#1217=LINE('',#2929,#1405);
#1218=LINE('',#2931,#1406);
#1219=LINE('',#2933,#1407);
#1220=LINE('',#2935,#1408);
#1221=LINE('',#2937,#1409);
#1222=LINE('',#2938,#1410);
#1223=LINE('',#2940,#1411);
#1224=LINE('',#2942,#1412);
#1225=LINE('',#2944,#1413);
#1226=LINE('',#2946,#1414);
#1227=LINE('',#2948,#1415);
#1228=LINE('',#2950,#1416);
#1229=LINE('',#2953,#1417);
#1230=LINE('',#2955,#1418);
#1231=LINE('',#2957,#1419);
#1232=LINE('',#2959,#1420);
#1233=LINE('',#2961,#1421);
#1234=LINE('',#2964,#1422);
#1235=LINE('',#2966,#1423);
#1236=LINE('',#2968,#1424);
#1237=LINE('',#2970,#1425);
#1238=LINE('',#2972,#1426);
#1239=LINE('',#2975,#1427);
#1240=LINE('',#2977,#1428);
#1241=LINE('',#2979,#1429);
#1242=LINE('',#2981,#1430);
#1243=LINE('',#2982,#1431);
#1244=LINE('',#2984,#1432);
#1245=LINE('',#2986,#1433);
#1246=LINE('',#2988,#1434);
#1247=LINE('',#2990,#1435);
#1248=LINE('',#2992,#1436);
#1249=LINE('',#2994,#1437);
#1250=LINE('',#2997,#1438);
#1251=LINE('',#2999,#1439);
#1252=LINE('',#3001,#1440);
#1253=LINE('',#3003,#1441);
#1254=LINE('',#3005,#1442);
#1255=LINE('',#3008,#1443);
#1256=LINE('',#3010,#1444);
#1257=LINE('',#3014,#1445);
#1258=LINE('',#3016,#1446);
#1259=LINE('',#3018,#1447);
#1260=LINE('',#3030,#1448);
#1261=LINE('',#3035,#1449);
#1262=LINE('',#3037,#1450);
#1263=LINE('',#3111,#1451);
#1264=LINE('',#3113,#1452);
#1265=LINE('',#3115,#1453);
#1266=VECTOR('',#2101,1000.);
#1267=VECTOR('',#2102,1000.);
#1268=VECTOR('',#2103,1000.);
#1269=VECTOR('',#2104,1000.);
#1270=VECTOR('',#2107,1000.);
#1271=VECTOR('',#2108,1000.);
#1272=VECTOR('',#2109,1000.);
#1273=VECTOR('',#2110,1000.);
#1274=VECTOR('',#2111,1000.);
#1275=VECTOR('',#2112,1000.);
#1276=VECTOR('',#2113,1000.);
#1277=VECTOR('',#2114,1000.);
#1278=VECTOR('',#2115,1000.);
#1279=VECTOR('',#2116,1000.);
#1280=VECTOR('',#2119,1000.);
#1281=VECTOR('',#2120,1000.);
#1282=VECTOR('',#2121,1000.);
#1283=VECTOR('',#2126,1000.);
#1284=VECTOR('',#2127,1000.);
#1285=VECTOR('',#2128,1000.);
#1286=VECTOR('',#2131,1000.);
#1287=VECTOR('',#2134,1000.);
#1288=VECTOR('',#2135,1000.);
#1289=VECTOR('',#2136,1000.);
#1290=VECTOR('',#2137,1000.);
#1291=VECTOR('',#2138,1000.);
#1292=VECTOR('',#2139,1000.);
#1293=VECTOR('',#2140,1000.);
#1294=VECTOR('',#2141,1000.);
#1295=VECTOR('',#2142,1000.);
#1296=VECTOR('',#2143,1000.);
#1297=VECTOR('',#2144,1000.);
#1298=VECTOR('',#2145,1000.);
#1299=VECTOR('',#2146,1000.);
#1300=VECTOR('',#2147,1000.);
#1301=VECTOR('',#2148,1000.);
#1302=VECTOR('',#2149,1000.);
#1303=VECTOR('',#2150,1000.);
#1304=VECTOR('',#2151,1000.);
#1305=VECTOR('',#2152,1000.);
#1306=VECTOR('',#2153,1000.);
#1307=VECTOR('',#2156,1000.);
#1308=VECTOR('',#2157,1000.);
#1309=VECTOR('',#2158,1000.);
#1310=VECTOR('',#2161,1000.);
#1311=VECTOR('',#2162,1000.);
#1312=VECTOR('',#2165,1000.);
#1313=VECTOR('',#2166,1000.);
#1314=VECTOR('',#2169,1000.);
#1315=VECTOR('',#2170,1000.);
#1316=VECTOR('',#2171,1000.);
#1317=VECTOR('',#2172,1000.);
#1318=VECTOR('',#2173,1000.);
#1319=VECTOR('',#2174,1000.);
#1320=VECTOR('',#2175,1000.);
#1321=VECTOR('',#2178,1000.);
#1322=VECTOR('',#2179,1000.);
#1323=VECTOR('',#2182,1000.);
#1324=VECTOR('',#2183,1000.);
#1325=VECTOR('',#2184,1000.);
#1326=VECTOR('',#2185,1000.);
#1327=VECTOR('',#2186,1000.);
#1328=VECTOR('',#2187,1000.);
#1329=VECTOR('',#2188,1000.);
#1330=VECTOR('',#2189,1000.);
#1331=VECTOR('',#2192,1000.);
#1332=VECTOR('',#2193,1000.);
#1333=VECTOR('',#2196,1000.);
#1334=VECTOR('',#2197,1000.);
#1335=VECTOR('',#2200,1000.);
#1336=VECTOR('',#2205,1000.);
#1337=VECTOR('',#2206,1000.);
#1338=VECTOR('',#2207,1000.);
#1339=VECTOR('',#2208,1000.);
#1340=VECTOR('',#2209,1000.);
#1341=VECTOR('',#2210,1000.);
#1342=VECTOR('',#2211,1000.);
#1343=VECTOR('',#2212,1000.);
#1344=VECTOR('',#2213,1000.);
#1345=VECTOR('',#2214,1000.);
#1346=VECTOR('',#2215,1000.);
#1347=VECTOR('',#2216,1000.);
#1348=VECTOR('',#2217,1000.);
#1349=VECTOR('',#2218,1000.);
#1350=VECTOR('',#2219,1000.);
#1351=VECTOR('',#2220,1000.);
#1352=VECTOR('',#2221,1000.);
#1353=VECTOR('',#2222,1000.);
#1354=VECTOR('',#2223,1000.);
#1355=VECTOR('',#2224,1000.);
#1356=VECTOR('',#2225,1000.);
#1357=VECTOR('',#2230,1000.);
#1358=VECTOR('',#2231,1000.);
#1359=VECTOR('',#2234,1000.);
#1360=VECTOR('',#2235,1000.);
#1361=VECTOR('',#2238,1000.);
#1362=VECTOR('',#2243,1000.);
#1363=VECTOR('',#2244,1000.);
#1364=VECTOR('',#2247,1000.);
#1365=VECTOR('',#2248,1000.);
#1366=VECTOR('',#2251,1000.);
#1367=VECTOR('',#2256,1000.);
#1368=VECTOR('',#2257,1000.);
#1369=VECTOR('',#2258,1000.);
#1370=VECTOR('',#2259,1000.);
#1371=VECTOR('',#2260,1000.);
#1372=VECTOR('',#2261,1000.);
#1373=VECTOR('',#2262,1000.);
#1374=VECTOR('',#2263,1000.);
#1375=VECTOR('',#2264,1000.);
#1376=VECTOR('',#2265,1000.);
#1377=VECTOR('',#2266,1000.);
#1378=VECTOR('',#2267,1000.);
#1379=VECTOR('',#2268,1000.);
#1380=VECTOR('',#2269,1000.);
#1381=VECTOR('',#2270,1000.);
#1382=VECTOR('',#2271,1000.);
#1383=VECTOR('',#2272,1000.);
#1384=VECTOR('',#2273,1000.);
#1385=VECTOR('',#2274,1000.);
#1386=VECTOR('',#2275,1000.);
#1387=VECTOR('',#2278,1000.);
#1388=VECTOR('',#2285,1000.);
#1389=VECTOR('',#2286,1000.);
#1390=VECTOR('',#2287,1000.);
#1391=VECTOR('',#2288,1000.);
#1392=VECTOR('',#2289,1000.);
#1393=VECTOR('',#2290,1000.);
#1394=VECTOR('',#2291,1000.);
#1395=VECTOR('',#2294,1000.);
#1396=VECTOR('',#2295,1000.);
#1397=VECTOR('',#2298,1000.);
#1398=VECTOR('',#2299,1000.);
#1399=VECTOR('',#2302,1000.);
#1400=VECTOR('',#2307,1000.);
#1401=VECTOR('',#2308,1000.);
#1402=VECTOR('',#2311,1000.);
#1403=VECTOR('',#2312,1000.);
#1404=VECTOR('',#2315,1000.);
#1405=VECTOR('',#2320,1000.);
#1406=VECTOR('',#2323,1000.);
#1407=VECTOR('',#2324,1000.);
#1408=VECTOR('',#2325,1000.);
#1409=VECTOR('',#2326,1000.);
#1410=VECTOR('',#2327,1000.);
#1411=VECTOR('',#2328,1000.);
#1412=VECTOR('',#2331,1000.);
#1413=VECTOR('',#2332,1000.);
#1414=VECTOR('',#2335,1000.);
#1415=VECTOR('',#2336,1000.);
#1416=VECTOR('',#2339,1000.);
#1417=VECTOR('',#2344,1000.);
#1418=VECTOR('',#2345,1000.);
#1419=VECTOR('',#2348,1000.);
#1420=VECTOR('',#2349,1000.);
#1421=VECTOR('',#2352,1000.);
#1422=VECTOR('',#2357,1000.);
#1423=VECTOR('',#2358,1000.);
#1424=VECTOR('',#2361,1000.);
#1425=VECTOR('',#2362,1000.);
#1426=VECTOR('',#2365,1000.);
#1427=VECTOR('',#2370,1000.);
#1428=VECTOR('',#2371,1000.);
#1429=VECTOR('',#2372,1000.);
#1430=VECTOR('',#2373,1000.);
#1431=VECTOR('',#2374,1000.);
#1432=VECTOR('',#2375,1000.);
#1433=VECTOR('',#2378,1000.);
#1434=VECTOR('',#2379,1000.);
#1435=VECTOR('',#2382,1000.);
#1436=VECTOR('',#2383,1000.);
#1437=VECTOR('',#2386,1000.);
#1438=VECTOR('',#2391,1000.);
#1439=VECTOR('',#2392,1000.);
#1440=VECTOR('',#2395,1000.);
#1441=VECTOR('',#2396,1000.);
#1442=VECTOR('',#2399,1000.);
#1443=VECTOR('',#2404,1000.);
#1444=VECTOR('',#2405,1000.);
#1445=VECTOR('',#2410,1000.);
#1446=VECTOR('',#2411,1000.);
#1447=VECTOR('',#2412,1000.);
#1448=VECTOR('',#2429,1000.);
#1449=VECTOR('',#2438,1000.);
#1450=VECTOR('',#2441,1000.);
#1451=VECTOR('',#2548,1000.);
#1452=VECTOR('',#2549,1000.);
#1453=VECTOR('',#2552,1000.);
#1454=EDGE_LOOP('',(#127,#128,#129,#130));
#1455=EDGE_LOOP('',(#131,#132,#133,#134,#135,#136,#137,#138,#139,#140,#141));
#1456=EDGE_LOOP('',(#142,#143,#144,#145));
#1457=EDGE_LOOP('',(#146));
#1458=EDGE_LOOP('',(#147,#148,#149,#150,#151,#152,#153,#154,#155,#156,#157,
#158,#159,#160,#161,#162,#163,#164,#165,#166,#167,#168,#169,#170,#171,#172,
#173,#174,#175,#176));
#1459=EDGE_LOOP('',(#177,#178,#179,#180));
#1460=EDGE_LOOP('',(#181,#182,#183,#184));
#1461=EDGE_LOOP('',(#185,#186,#187,#188));
#1462=EDGE_LOOP('',(#189,#190,#191,#192,#193,#194,#195,#196,#197,#198,#199));
#1463=EDGE_LOOP('',(#200,#201,#202,#203));
#1464=EDGE_LOOP('',(#204,#205,#206,#207,#208,#209,#210,#211,#212,#213,#214));
#1465=EDGE_LOOP('',(#215,#216,#217,#218));
#1466=EDGE_LOOP('',(#219,#220,#221,#222));
#1467=EDGE_LOOP('',(#223,#224,#225,#226));
#1468=EDGE_LOOP('',(#227,#228,#229,#230));
#1469=EDGE_LOOP('',(#231,#232,#233,#234,#235,#236,#237,#238,#239,#240,#241,
#242,#243,#244,#245,#246,#247,#248,#249,#250,#251,#252,#253,#254,#255,#256,
#257,#258));
#1470=EDGE_LOOP('',(#259));
#1471=EDGE_LOOP('',(#260,#261,#262,#263));
#1472=EDGE_LOOP('',(#264,#265,#266,#267));
#1473=EDGE_LOOP('',(#268,#269,#270,#271));
#1474=EDGE_LOOP('',(#272,#273,#274,#275));
#1475=EDGE_LOOP('',(#276,#277,#278,#279));
#1476=EDGE_LOOP('',(#280,#281,#282,#283));
#1477=EDGE_LOOP('',(#284,#285,#286,#287));
#1478=EDGE_LOOP('',(#288,#289,#290,#291));
#1479=EDGE_LOOP('',(#292,#293,#294,#295,#296,#297,#298,#299,#300,#301,#302,
#303,#304,#305,#306,#307,#308,#309,#310,#311,#312,#313,#314,#315,#316,#317,
#318,#319,#320,#321));
#1480=EDGE_LOOP('',(#322));
#1481=EDGE_LOOP('',(#323,#324,#325,#326,#327,#328,#329,#330,#331,#332,#333));
#1482=EDGE_LOOP('',(#334,#335,#336,#337));
#1483=EDGE_LOOP('',(#338,#339,#340,#341));
#1484=EDGE_LOOP('',(#342,#343,#344,#345));
#1485=EDGE_LOOP('',(#346,#347,#348,#349));
#1486=EDGE_LOOP('',(#350,#351,#352,#353));
#1487=EDGE_LOOP('',(#354,#355,#356,#357));
#1488=EDGE_LOOP('',(#358,#359,#360,#361));
#1489=EDGE_LOOP('',(#362,#363,#364,#365));
#1490=EDGE_LOOP('',(#366,#367,#368,#369));
#1491=EDGE_LOOP('',(#370,#371,#372,#373,#374,#375,#376,#377,#378,#379,#380));
#1492=EDGE_LOOP('',(#381,#382,#383,#384));
#1493=EDGE_LOOP('',(#385,#386,#387,#388));
#1494=EDGE_LOOP('',(#389,#390,#391,#392));
#1495=EDGE_LOOP('',(#393,#394,#395,#396));
#1496=EDGE_LOOP('',(#397,#398,#399,#400));
#1497=EDGE_LOOP('',(#401,#402,#403,#404));
#1498=EDGE_LOOP('',(#405,#406,#407,#408));
#1499=EDGE_LOOP('',(#409,#410,#411,#412));
#1500=EDGE_LOOP('',(#413,#414,#415,#416));
#1501=EDGE_LOOP('',(#417,#418,#419,#420));
#1502=EDGE_LOOP('',(#421,#422,#423,#424));
#1503=EDGE_LOOP('',(#425,#426,#427,#428));
#1504=EDGE_LOOP('',(#429,#430,#431,#432,#433,#434,#435,#436,#437,#438,#439));
#1505=EDGE_LOOP('',(#440,#441,#442,#443));
#1506=EDGE_LOOP('',(#444,#445,#446,#447));
#1507=EDGE_LOOP('',(#448,#449,#450,#451));
#1508=EDGE_LOOP('',(#452,#453,#454,#455));
#1509=EDGE_LOOP('',(#456,#457,#458,#459));
#1510=EDGE_LOOP('',(#460,#461,#462,#463));
#1511=EDGE_LOOP('',(#464,#465,#466,#467));
#1512=EDGE_LOOP('',(#468,#469,#470,#471));
#1513=EDGE_LOOP('',(#472,#473,#474,#475));
#1514=EDGE_LOOP('',(#476));
#1515=EDGE_LOOP('',(#477,#478,#479,#480));
#1516=EDGE_LOOP('',(#481));
#1517=EDGE_LOOP('',(#482,#483,#484,#485));
#1518=EDGE_LOOP('',(#486,#487,#488));
#1519=EDGE_LOOP('',(#489,#490,#491,#492));
#1520=EDGE_LOOP('',(#493,#494,#495));
#1521=EDGE_LOOP('',(#496,#497,#498,#499));
#1522=EDGE_LOOP('',(#500,#501,#502,#503));
#1523=EDGE_LOOP('',(#504));
#1524=EDGE_LOOP('',(#505,#506,#507));
#1525=EDGE_LOOP('',(#508,#509,#510,#511));
#1526=EDGE_LOOP('',(#512));
#1527=EDGE_LOOP('',(#513,#514,#515));
#1528=EDGE_LOOP('',(#516,#517,#518));
#1529=EDGE_LOOP('',(#519,#520,#521));
#1530=EDGE_LOOP('',(#522,#523,#524,#525));
#1531=EDGE_LOOP('',(#526));
#1532=EDGE_LOOP('',(#527,#528,#529));
#1533=EDGE_LOOP('',(#530,#531,#532));
#1534=EDGE_LOOP('',(#533,#534,#535));
#1535=EDGE_LOOP('',(#536,#537,#538));
#1536=EDGE_LOOP('',(#539,#540,#541,#542));
#1537=EDGE_LOOP('',(#543));
#1538=EDGE_LOOP('',(#544,#545,#546));
#1539=EDGE_LOOP('',(#547,#548,#549));
#1540=EDGE_LOOP('',(#550,#551,#552));
#1541=EDGE_LOOP('',(#553,#554,#555));
#1542=EDGE_LOOP('',(#556,#557,#558,#559));
#1543=EDGE_LOOP('',(#560,#561,#562,#563));
#1544=EDGE_LOOP('',(#564,#565,#566,#567));
#1545=EDGE_LOOP('',(#568,#569,#570,#571));
#1546=EDGE_LOOP('',(#572,#573,#574,#575));
#1547=EDGE_LOOP('',(#576,#577,#578,#579));
#1548=EDGE_LOOP('',(#580));
#1549=EDGE_LOOP('',(#581));
#1550=EDGE_LOOP('',(#582));
#1551=EDGE_LOOP('',(#583));
#1552=EDGE_LOOP('',(#584));
#1553=EDGE_LOOP('',(#585));
#1554=EDGE_LOOP('',(#586));
#1555=EDGE_LOOP('',(#587));
#1556=EDGE_LOOP('',(#588));
#1557=EDGE_LOOP('',(#589,#590,#591,#592,#593,#594));
#1558=EDGE_LOOP('',(#595));
#1559=EDGE_LOOP('',(#596));
#1560=EDGE_LOOP('',(#597));
#1561=EDGE_LOOP('',(#598));
#1562=EDGE_LOOP('',(#599));
#1563=EDGE_LOOP('',(#600,#601,#602,#603,#604,#605));
#1564=EDGE_LOOP('',(#606));
#1565=EDGE_LOOP('',(#607,#608,#609,#610,#611,#612));
#1566=EDGE_LOOP('',(#613));
#1567=EDGE_LOOP('',(#614));
#1568=EDGE_LOOP('',(#615));
#1569=EDGE_LOOP('',(#616));
#1570=EDGE_LOOP('',(#617));
#1571=EDGE_LOOP('',(#618));
#1572=EDGE_LOOP('',(#619,#620,#621));
#1573=EDGE_LOOP('',(#622,#623,#624));
#1574=EDGE_LOOP('',(#625));
#1575=EDGE_LOOP('',(#626,#627,#628));
#1576=EDGE_LOOP('',(#629,#630,#631));
#1577=EDGE_LOOP('',(#632));
#1578=EDGE_LOOP('',(#633,#634,#635));
#1579=EDGE_LOOP('',(#636,#637,#638));
#1580=EDGE_LOOP('',(#639));
#1581=FACE_BOUND('',#1454,.T.);
#1582=FACE_BOUND('',#1455,.T.);
#1583=FACE_BOUND('',#1456,.T.);
#1584=FACE_BOUND('',#1457,.T.);
#1585=FACE_BOUND('',#1458,.T.);
#1586=FACE_BOUND('',#1459,.T.);
#1587=FACE_BOUND('',#1460,.T.);
#1588=FACE_BOUND('',#1461,.T.);
#1589=FACE_BOUND('',#1462,.T.);
#1590=FACE_BOUND('',#1463,.T.);
#1591=FACE_BOUND('',#1464,.T.);
#1592=FACE_BOUND('',#1465,.T.);
#1593=FACE_BOUND('',#1466,.T.);
#1594=FACE_BOUND('',#1467,.T.);
#1595=FACE_BOUND('',#1468,.T.);
#1596=FACE_BOUND('',#1469,.T.);
#1597=FACE_BOUND('',#1470,.T.);
#1598=FACE_BOUND('',#1471,.T.);
#1599=FACE_BOUND('',#1472,.T.);
#1600=FACE_BOUND('',#1473,.T.);
#1601=FACE_BOUND('',#1474,.T.);
#1602=FACE_BOUND('',#1475,.T.);
#1603=FACE_BOUND('',#1476,.T.);
#1604=FACE_BOUND('',#1477,.T.);
#1605=FACE_BOUND('',#1478,.T.);
#1606=FACE_BOUND('',#1479,.T.);
#1607=FACE_BOUND('',#1480,.T.);
#1608=FACE_BOUND('',#1481,.T.);
#1609=FACE_BOUND('',#1482,.T.);
#1610=FACE_BOUND('',#1483,.T.);
#1611=FACE_BOUND('',#1484,.T.);
#1612=FACE_BOUND('',#1485,.T.);
#1613=FACE_BOUND('',#1486,.T.);
#1614=FACE_BOUND('',#1487,.T.);
#1615=FACE_BOUND('',#1488,.T.);
#1616=FACE_BOUND('',#1489,.T.);
#1617=FACE_BOUND('',#1490,.T.);
#1618=FACE_BOUND('',#1491,.T.);
#1619=FACE_BOUND('',#1492,.T.);
#1620=FACE_BOUND('',#1493,.T.);
#1621=FACE_BOUND('',#1494,.T.);
#1622=FACE_BOUND('',#1495,.T.);
#1623=FACE_BOUND('',#1496,.T.);
#1624=FACE_BOUND('',#1497,.T.);
#1625=FACE_BOUND('',#1498,.T.);
#1626=FACE_BOUND('',#1499,.T.);
#1627=FACE_BOUND('',#1500,.T.);
#1628=FACE_BOUND('',#1501,.T.);
#1629=FACE_BOUND('',#1502,.T.);
#1630=FACE_BOUND('',#1503,.T.);
#1631=FACE_BOUND('',#1504,.T.);
#1632=FACE_BOUND('',#1505,.T.);
#1633=FACE_BOUND('',#1506,.T.);
#1634=FACE_BOUND('',#1507,.T.);
#1635=FACE_BOUND('',#1508,.T.);
#1636=FACE_BOUND('',#1509,.T.);
#1637=FACE_BOUND('',#1510,.T.);
#1638=FACE_BOUND('',#1511,.T.);
#1639=FACE_BOUND('',#1512,.T.);
#1640=FACE_BOUND('',#1513,.T.);
#1641=FACE_BOUND('',#1514,.T.);
#1642=FACE_BOUND('',#1515,.T.);
#1643=FACE_BOUND('',#1516,.T.);
#1644=FACE_BOUND('',#1517,.T.);
#1645=FACE_BOUND('',#1518,.T.);
#1646=FACE_BOUND('',#1519,.T.);
#1647=FACE_BOUND('',#1520,.T.);
#1648=FACE_BOUND('',#1521,.T.);
#1649=FACE_BOUND('',#1522,.T.);
#1650=FACE_BOUND('',#1523,.T.);
#1651=FACE_BOUND('',#1524,.T.);
#1652=FACE_BOUND('',#1525,.T.);
#1653=FACE_BOUND('',#1526,.T.);
#1654=FACE_BOUND('',#1527,.T.);
#1655=FACE_BOUND('',#1528,.T.);
#1656=FACE_BOUND('',#1529,.T.);
#1657=FACE_BOUND('',#1530,.T.);
#1658=FACE_BOUND('',#1531,.T.);
#1659=FACE_BOUND('',#1532,.T.);
#1660=FACE_BOUND('',#1533,.T.);
#1661=FACE_BOUND('',#1534,.T.);
#1662=FACE_BOUND('',#1535,.T.);
#1663=FACE_BOUND('',#1536,.T.);
#1664=FACE_BOUND('',#1537,.T.);
#1665=FACE_BOUND('',#1538,.T.);
#1666=FACE_BOUND('',#1539,.T.);
#1667=FACE_BOUND('',#1540,.T.);
#1668=FACE_BOUND('',#1541,.T.);
#1669=FACE_BOUND('',#1542,.T.);
#1670=FACE_BOUND('',#1543,.T.);
#1671=FACE_BOUND('',#1544,.T.);
#1672=FACE_BOUND('',#1545,.T.);
#1673=FACE_BOUND('',#1546,.T.);
#1674=FACE_BOUND('',#1547,.T.);
#1675=FACE_BOUND('',#1548,.T.);
#1676=FACE_BOUND('',#1549,.T.);
#1677=FACE_BOUND('',#1550,.T.);
#1678=FACE_BOUND('',#1551,.T.);
#1679=FACE_BOUND('',#1552,.T.);
#1680=FACE_BOUND('',#1553,.T.);
#1681=FACE_BOUND('',#1554,.T.);
#1682=FACE_BOUND('',#1555,.T.);
#1683=FACE_BOUND('',#1556,.T.);
#1684=FACE_BOUND('',#1557,.T.);
#1685=FACE_BOUND('',#1558,.T.);
#1686=FACE_BOUND('',#1559,.T.);
#1687=FACE_BOUND('',#1560,.T.);
#1688=FACE_BOUND('',#1561,.T.);
#1689=FACE_BOUND('',#1562,.T.);
#1690=FACE_BOUND('',#1563,.T.);
#1691=FACE_BOUND('',#1564,.T.);
#1692=FACE_BOUND('',#1565,.T.);
#1693=FACE_BOUND('',#1566,.T.);
#1694=FACE_BOUND('',#1567,.T.);
#1695=FACE_BOUND('',#1568,.T.);
#1696=FACE_BOUND('',#1569,.T.);
#1697=FACE_BOUND('',#1570,.T.);
#1698=FACE_BOUND('',#1571,.T.);
#1699=FACE_BOUND('',#1572,.T.);
#1700=FACE_BOUND('',#1573,.T.);
#1701=FACE_BOUND('',#1574,.T.);
#1702=FACE_BOUND('',#1575,.T.);
#1703=FACE_BOUND('',#1576,.T.);
#1704=FACE_BOUND('',#1577,.T.);
#1705=FACE_BOUND('',#1578,.T.);
#1706=FACE_BOUND('',#1579,.T.);
#1707=FACE_BOUND('',#1580,.T.);
#1708=PLANE('',#1921);
#1709=PLANE('',#1922);
#1710=PLANE('',#1923);
#1711=PLANE('',#1924);
#1712=PLANE('',#1928);
#1713=PLANE('',#1929);
#1714=PLANE('',#1930);
#1715=PLANE('',#1931);
#1716=PLANE('',#1932);
#1717=PLANE('',#1933);
#1718=PLANE('',#1934);
#1719=PLANE('',#1935);
#1720=PLANE('',#1936);
#1721=PLANE('',#1937);
#1722=PLANE('',#1938);
#1723=PLANE('',#1940);
#1724=PLANE('',#1941);
#1725=PLANE('',#1942);
#1726=PLANE('',#1943);
#1727=PLANE('',#1944);
#1728=PLANE('',#1945);
#1729=PLANE('',#1946);
#1730=PLANE('',#1947);
#1731=PLANE('',#1948);
#1732=PLANE('',#1952);
#1733=PLANE('',#1953);
#1734=PLANE('',#1954);
#1735=PLANE('',#1955);
#1736=PLANE('',#1956);
#1737=PLANE('',#1957);
#1738=PLANE('',#1958);
#1739=PLANE('',#1959);
#1740=PLANE('',#1960);
#1741=PLANE('',#1961);
#1742=PLANE('',#1962);
#1743=PLANE('',#1963);
#1744=PLANE('',#1964);
#1745=PLANE('',#1965);
#1746=PLANE('',#1966);
#1747=PLANE('',#1967);
#1748=PLANE('',#1968);
#1749=PLANE('',#1969);
#1750=PLANE('',#1970);
#1751=PLANE('',#1971);
#1752=PLANE('',#1972);
#1753=PLANE('',#1973);
#1754=PLANE('',#1974);
#1755=PLANE('',#1975);
#1756=PLANE('',#1976);
#1757=PLANE('',#1977);
#1758=PLANE('',#1978);
#1759=PLANE('',#1979);
#1760=PLANE('',#1980);
#1761=PLANE('',#1981);
#1762=PLANE('',#1982);
#1763=PLANE('',#1983);
#1764=PLANE('',#1984);
#1765=PLANE('',#1986);
#1766=PLANE('',#1999);
#1767=PLANE('',#2005);
#1768=PLANE('',#2018);
#1769=PLANE('',#2034);
#1770=PLANE('',#2051);
#1771=PLANE('',#2052);
#1772=PLANE('',#2053);
#1773=PLANE('',#2054);
#1774=PLANE('',#2079);
#1775=PLANE('',#2085);
#1776=PLANE('',#2091);
#1777=ADVANCED_FACE('',(#1581),#1708,.F.);
#1778=ADVANCED_FACE('',(#1582),#1709,.F.);
#1779=ADVANCED_FACE('',(#1583),#1710,.F.);
#1780=ADVANCED_FACE('',(#1584,#1585),#1711,.F.);
#1781=ADVANCED_FACE('',(#1586),#1712,.F.);
#1782=ADVANCED_FACE('',(#1587),#1713,.F.);
#1783=ADVANCED_FACE('',(#1588),#1714,.F.);
#1784=ADVANCED_FACE('',(#1589),#1715,.F.);
#1785=ADVANCED_FACE('',(#1590),#1716,.F.);
#1786=ADVANCED_FACE('',(#1591),#1717,.F.);
#1787=ADVANCED_FACE('',(#1592),#1718,.F.);
#1788=ADVANCED_FACE('',(#1593),#1719,.T.);
#1789=ADVANCED_FACE('',(#1594),#1720,.F.);
#1790=ADVANCED_FACE('',(#1595),#1721,.F.);
#1791=ADVANCED_FACE('',(#1596,#1597),#1722,.F.);
#1792=ADVANCED_FACE('',(#1598),#1723,.F.);
#1793=ADVANCED_FACE('',(#1599),#1724,.T.);
#1794=ADVANCED_FACE('',(#1600),#1725,.F.);
#1795=ADVANCED_FACE('',(#1601),#1726,.F.);
#1796=ADVANCED_FACE('',(#1602),#1727,.F.);
#1797=ADVANCED_FACE('',(#1603),#1728,.T.);
#1798=ADVANCED_FACE('',(#1604),#1729,.F.);
#1799=ADVANCED_FACE('',(#1605),#1730,.F.);
#1800=ADVANCED_FACE('',(#1606,#1607),#1731,.F.);
#1801=ADVANCED_FACE('',(#1608),#1732,.F.);
#1802=ADVANCED_FACE('',(#1609),#1733,.F.);
#1803=ADVANCED_FACE('',(#1610),#1734,.T.);
#1804=ADVANCED_FACE('',(#1611),#1735,.F.);
#1805=ADVANCED_FACE('',(#1612),#1736,.F.);
#1806=ADVANCED_FACE('',(#1613),#1737,.F.);
#1807=ADVANCED_FACE('',(#1614),#1738,.F.);
#1808=ADVANCED_FACE('',(#1615),#1739,.F.);
#1809=ADVANCED_FACE('',(#1616),#1740,.F.);
#1810=ADVANCED_FACE('',(#1617),#1741,.F.);
#1811=ADVANCED_FACE('',(#1618),#1742,.F.);
#1812=ADVANCED_FACE('',(#1619),#1743,.F.);
#1813=ADVANCED_FACE('',(#1620),#1744,.T.);
#1814=ADVANCED_FACE('',(#1621),#1745,.F.);
#1815=ADVANCED_FACE('',(#1622),#1746,.F.);
#1816=ADVANCED_FACE('',(#1623),#1747,.F.);
#1817=ADVANCED_FACE('',(#1624),#1748,.F.);
#1818=ADVANCED_FACE('',(#1625),#1749,.F.);
#1819=ADVANCED_FACE('',(#1626),#1750,.T.);
#1820=ADVANCED_FACE('',(#1627),#1751,.F.);
#1821=ADVANCED_FACE('',(#1628),#1752,.T.);
#1822=ADVANCED_FACE('',(#1629),#1753,.F.);
#1823=ADVANCED_FACE('',(#1630),#1754,.F.);
#1824=ADVANCED_FACE('',(#1631),#1755,.F.);
#1825=ADVANCED_FACE('',(#1632),#1756,.F.);
#1826=ADVANCED_FACE('',(#1633),#1757,.T.);
#1827=ADVANCED_FACE('',(#1634),#1758,.F.);
#1828=ADVANCED_FACE('',(#1635),#1759,.F.);
#1829=ADVANCED_FACE('',(#1636),#1760,.F.);
#1830=ADVANCED_FACE('',(#1637),#1761,.F.);
#1831=ADVANCED_FACE('',(#1638),#1762,.F.);
#1832=ADVANCED_FACE('',(#1639),#1763,.T.);
#1833=ADVANCED_FACE('',(#1640,#1641),#1764,.T.);
#1834=ADVANCED_FACE('',(#1642,#1643),#1765,.F.);
#1835=ADVANCED_FACE('',(#1644),#49,.T.);
#1836=ADVANCED_FACE('',(#1645),#47,.T.);
#1837=ADVANCED_FACE('',(#1646),#50,.T.);
#1838=ADVANCED_FACE('',(#1647),#48,.T.);
#1839=ADVANCED_FACE('',(#1648),#51,.T.);
#1840=ADVANCED_FACE('',(#1649,#1650),#1766,.F.);
#1841=ADVANCED_FACE('',(#1651),#52,.F.);
#1842=ADVANCED_FACE('',(#1652,#1653),#1767,.T.);
#1843=ADVANCED_FACE('',(#1654),#53,.F.);
#1844=ADVANCED_FACE('',(#1655),#54,.F.);
#1845=ADVANCED_FACE('',(#1656),#55,.F.);
#1846=ADVANCED_FACE('',(#1657,#1658),#1768,.T.);
#1847=ADVANCED_FACE('',(#1659),#56,.F.);
#1848=ADVANCED_FACE('',(#1660),#57,.F.);
#1849=ADVANCED_FACE('',(#1661),#58,.F.);
#1850=ADVANCED_FACE('',(#1662),#59,.F.);
#1851=ADVANCED_FACE('',(#1663,#1664),#1769,.T.);
#1852=ADVANCED_FACE('',(#1665),#60,.F.);
#1853=ADVANCED_FACE('',(#1666),#61,.F.);
#1854=ADVANCED_FACE('',(#1667),#62,.F.);
#1855=ADVANCED_FACE('',(#1668),#63,.F.);
#1856=ADVANCED_FACE('',(#1669),#64,.T.);
#1857=ADVANCED_FACE('',(#1670),#65,.T.);
#1858=ADVANCED_FACE('',(#1671),#1770,.T.);
#1859=ADVANCED_FACE('',(#1672),#1771,.F.);
#1860=ADVANCED_FACE('',(#1673),#1772,.F.);
#1861=ADVANCED_FACE('',(#1674),#1773,.F.);
#1862=ADVANCED_FACE('',(#1675,#1676),#66,.F.);
#1863=ADVANCED_FACE('',(#1677,#1678),#67,.F.);
#1864=ADVANCED_FACE('',(#1679,#1680),#68,.F.);
#1865=ADVANCED_FACE('',(#1681,#1682),#69,.F.);
#1866=ADVANCED_FACE('',(#1683,#1684),#70,.F.);
#1867=ADVANCED_FACE('',(#1685,#1686),#23,.F.);
#1868=ADVANCED_FACE('',(#1687,#1688),#24,.F.);
#1869=ADVANCED_FACE('',(#1689,#1690),#71,.F.);
#1870=ADVANCED_FACE('',(#1691,#1692),#72,.F.);
#1871=ADVANCED_FACE('',(#1693,#1694),#25,.F.);
#1872=ADVANCED_FACE('',(#1695,#1696),#73,.F.);
#1873=ADVANCED_FACE('',(#1697,#1698),#74,.F.);
#1874=ADVANCED_FACE('',(#1699),#1774,.T.);
#1875=ADVANCED_FACE('',(#1700,#1701),#18,.T.);
#1876=ADVANCED_FACE('',(#1702),#1775,.T.);
#1877=ADVANCED_FACE('',(#1703,#1704),#19,.T.);
#1878=ADVANCED_FACE('',(#1705),#1776,.T.);
#1879=ADVANCED_FACE('',(#1706,#1707),#20,.T.);
#1880=OPEN_SHELL('',(#1777,#1778,#1779,#1780,#1781,#1782,#1783,#1784,#1785,
#1786,#1787,#1788,#1789,#1790,#1791,#1792,#1793,#1794,#1795,#1796,#1797,
#1798,#1799,#1800,#1801,#1802,#1803,#1804,#1805,#1806,#1807,#1808,#1809,
#1810,#1811,#1812,#1813,#1814,#1815,#1816,#1817,#1818,#1819,#1820,#1821,
#1822,#1823,#1824,#1825,#1826,#1827,#1828,#1829,#1830,#1831,#1832,#1833,
#1834,#1835,#1836,#1837,#1838,#1839,#1840,#1841,#1842,#1843,#1844,#1845,
#1846,#1847,#1848,#1849,#1850,#1851,#1852,#1853,#1854,#1855,#1856,#1857,
#1858,#1859,#1860,#1861,#1862,#1863,#1864,#1865,#1866,#1867,#1868,#1869,
#1870,#1871,#1872,#1873));
#1881=OPEN_SHELL('',(#1874,#1875));
#1882=OPEN_SHELL('',(#1876,#1877));
#1883=OPEN_SHELL('',(#1878,#1879));
#1884=STYLED_ITEM('',(#1888),#1914);
#1885=STYLED_ITEM('',(#1889),#1915);
#1886=STYLED_ITEM('',(#1890),#1916);
#1887=STYLED_ITEM('',(#1891),#1917);
#1888=PRESENTATION_STYLE_ASSIGNMENT((#1892));
#1889=PRESENTATION_STYLE_ASSIGNMENT((#1893));
#1890=PRESENTATION_STYLE_ASSIGNMENT((#1894));
#1891=PRESENTATION_STYLE_ASSIGNMENT((#1895));
#1892=SURFACE_STYLE_USAGE(.BOTH.,#1896);
#1893=SURFACE_STYLE_USAGE(.BOTH.,#1897);
#1894=SURFACE_STYLE_USAGE(.BOTH.,#1898);
#1895=SURFACE_STYLE_USAGE(.BOTH.,#1899);
#1896=SURFACE_SIDE_STYLE('',(#1900));
#1897=SURFACE_SIDE_STYLE('',(#1901));
#1898=SURFACE_SIDE_STYLE('',(#1902));
#1899=SURFACE_SIDE_STYLE('',(#1903));
#1900=SURFACE_STYLE_FILL_AREA(#1904);
#1901=SURFACE_STYLE_FILL_AREA(#1905);
#1902=SURFACE_STYLE_FILL_AREA(#1906);
#1903=SURFACE_STYLE_FILL_AREA(#1907);
#1904=FILL_AREA_STYLE('',(#1908));
#1905=FILL_AREA_STYLE('',(#1909));
#1906=FILL_AREA_STYLE('',(#1910));
#1907=FILL_AREA_STYLE('',(#1911));
#1908=FILL_AREA_STYLE_COLOUR('',#1912);
#1909=FILL_AREA_STYLE_COLOUR('',#1913);
#1910=FILL_AREA_STYLE_COLOUR('',#1913);
#1911=FILL_AREA_STYLE_COLOUR('',#1913);
#1912=COLOUR_RGB('',0.699999988079071,0.699999988079071,0.699999988079071);
#1913=COLOUR_RGB('',0.400000005960464,0.400000005960464,0.400000005960464);
#1914=SHELL_BASED_SURFACE_MODEL('',(#1880));
#1915=SHELL_BASED_SURFACE_MODEL('',(#1881));
#1916=SHELL_BASED_SURFACE_MODEL('',(#1882));
#1917=SHELL_BASED_SURFACE_MODEL('',(#1883));
#1918=SHAPE_DEFINITION_REPRESENTATION(#3187,#1919);
#1919=SHAPE_REPRESENTATION('CQC45453',(#1920),#3182);
#1920=AXIS2_PLACEMENT_3D('',#2639,#2097,#2098);
#1921=AXIS2_PLACEMENT_3D('',#2640,#2099,#2100);
#1922=AXIS2_PLACEMENT_3D('',#2649,#2105,#2106);
#1923=AXIS2_PLACEMENT_3D('',#2669,#2117,#2118);
#1924=AXIS2_PLACEMENT_3D('',#2675,#2122,#2123);
#1925=AXIS2_PLACEMENT_3D('',#2676,#2124,#2125);
#1926=AXIS2_PLACEMENT_3D('',#2685,#2129,#2130);
#1927=AXIS2_PLACEMENT_3D('',#2689,#2132,#2133);
#1928=AXIS2_PLACEMENT_3D('',#2728,#2154,#2155);
#1929=AXIS2_PLACEMENT_3D('',#2734,#2159,#2160);
#1930=AXIS2_PLACEMENT_3D('',#2738,#2163,#2164);
#1931=AXIS2_PLACEMENT_3D('',#2742,#2167,#2168);
#1932=AXIS2_PLACEMENT_3D('',#2755,#2176,#2177);
#1933=AXIS2_PLACEMENT_3D('',#2759,#2180,#2181);
#1934=AXIS2_PLACEMENT_3D('',#2774,#2190,#2191);
#1935=AXIS2_PLACEMENT_3D('',#2778,#2194,#2195);
#1936=AXIS2_PLACEMENT_3D('',#2782,#2198,#2199);
#1937=AXIS2_PLACEMENT_3D('',#2784,#2201,#2202);
#1938=AXIS2_PLACEMENT_3D('',#2785,#2203,#2204);
#1939=AXIS2_PLACEMENT_3D('',#2825,#2226,#2227);
#1940=AXIS2_PLACEMENT_3D('',#2827,#2228,#2229);
#1941=AXIS2_PLACEMENT_3D('',#2831,#2232,#2233);
#1942=AXIS2_PLACEMENT_3D('',#2835,#2236,#2237);
#1943=AXIS2_PLACEMENT_3D('',#2837,#2239,#2240);
#1944=AXIS2_PLACEMENT_3D('',#2838,#2241,#2242);
#1945=AXIS2_PLACEMENT_3D('',#2842,#2245,#2246);
#1946=AXIS2_PLACEMENT_3D('',#2846,#2249,#2250);
#1947=AXIS2_PLACEMENT_3D('',#2848,#2252,#2253);
#1948=AXIS2_PLACEMENT_3D('',#2849,#2254,#2255);
#1949=AXIS2_PLACEMENT_3D('',#2887,#2276,#2277);
#1950=AXIS2_PLACEMENT_3D('',#2891,#2279,#2280);
#1951=AXIS2_PLACEMENT_3D('',#2892,#2281,#2282);
#1952=AXIS2_PLACEMENT_3D('',#2894,#2283,#2284);
#1953=AXIS2_PLACEMENT_3D('',#2906,#2292,#2293);
#1954=AXIS2_PLACEMENT_3D('',#2910,#2296,#2297);
#1955=AXIS2_PLACEMENT_3D('',#2914,#2300,#2301);
#1956=AXIS2_PLACEMENT_3D('',#2916,#2303,#2304);
#1957=AXIS2_PLACEMENT_3D('',#2917,#2305,#2306);
#1958=AXIS2_PLACEMENT_3D('',#2921,#2309,#2310);
#1959=AXIS2_PLACEMENT_3D('',#2925,#2313,#2314);
#1960=AXIS2_PLACEMENT_3D('',#2927,#2316,#2317);
#1961=AXIS2_PLACEMENT_3D('',#2928,#2318,#2319);
#1962=AXIS2_PLACEMENT_3D('',#2930,#2321,#2322);
#1963=AXIS2_PLACEMENT_3D('',#2941,#2329,#2330);
#1964=AXIS2_PLACEMENT_3D('',#2945,#2333,#2334);
#1965=AXIS2_PLACEMENT_3D('',#2949,#2337,#2338);
#1966=AXIS2_PLACEMENT_3D('',#2951,#2340,#2341);
#1967=AXIS2_PLACEMENT_3D('',#2952,#2342,#2343);
#1968=AXIS2_PLACEMENT_3D('',#2956,#2346,#2347);
#1969=AXIS2_PLACEMENT_3D('',#2960,#2350,#2351);
#1970=AXIS2_PLACEMENT_3D('',#2962,#2353,#2354);
#1971=AXIS2_PLACEMENT_3D('',#2963,#2355,#2356);
#1972=AXIS2_PLACEMENT_3D('',#2967,#2359,#2360);
#1973=AXIS2_PLACEMENT_3D('',#2971,#2363,#2364);
#1974=AXIS2_PLACEMENT_3D('',#2973,#2366,#2367);
#1975=AXIS2_PLACEMENT_3D('',#2974,#2368,#2369);
#1976=AXIS2_PLACEMENT_3D('',#2985,#2376,#2377);
#1977=AXIS2_PLACEMENT_3D('',#2989,#2380,#2381);
#1978=AXIS2_PLACEMENT_3D('',#2993,#2384,#2385);
#1979=AXIS2_PLACEMENT_3D('',#2995,#2387,#2388);
#1980=AXIS2_PLACEMENT_3D('',#2996,#2389,#2390);
#1981=AXIS2_PLACEMENT_3D('',#3000,#2393,#2394);
#1982=AXIS2_PLACEMENT_3D('',#3004,#2397,#2398);
#1983=AXIS2_PLACEMENT_3D('',#3006,#2400,#2401);
#1984=AXIS2_PLACEMENT_3D('',#3007,#2402,#2403);
#1985=AXIS2_PLACEMENT_3D('',#3011,#2406,#2407);
#1986=AXIS2_PLACEMENT_3D('',#3013,#2408,#2409);
#1987=AXIS2_PLACEMENT_3D('',#3019,#2413,#2414);
#1988=AXIS2_PLACEMENT_3D('',#3021,#2415,#2416);
#1989=AXIS2_PLACEMENT_3D('',#3022,#2417,#2418);
#1990=AXIS2_PLACEMENT_3D('',#3023,#2419,#2420);
#1991=AXIS2_PLACEMENT_3D('',#3024,#2421,#2422);
#1992=AXIS2_PLACEMENT_3D('',#3026,#2423,#2424);
#1993=AXIS2_PLACEMENT_3D('',#3027,#2425,#2426);
#1994=AXIS2_PLACEMENT_3D('',#3028,#2427,#2428);
#1995=AXIS2_PLACEMENT_3D('',#3031,#2430,#2431);
#1996=AXIS2_PLACEMENT_3D('',#3032,#2432,#2433);
#1997=AXIS2_PLACEMENT_3D('',#3033,#2434,#2435);
#1998=AXIS2_PLACEMENT_3D('',#3034,#2436,#2437);
#1999=AXIS2_PLACEMENT_3D('',#3036,#2439,#2440);
#2000=AXIS2_PLACEMENT_3D('',#3038,#2442,#2443);
#2001=AXIS2_PLACEMENT_3D('',#3040,#2444,#2445);
#2002=AXIS2_PLACEMENT_3D('',#3041,#2446,#2447);
#2003=AXIS2_PLACEMENT_3D('',#3044,#2448,#2449);
#2004=AXIS2_PLACEMENT_3D('',#3046,#2450,#2451);
#2005=AXIS2_PLACEMENT_3D('',#3047,#2452,#2453);
#2006=AXIS2_PLACEMENT_3D('',#3048,#2454,#2455);
#2007=AXIS2_PLACEMENT_3D('',#3051,#2456,#2457);
#2008=AXIS2_PLACEMENT_3D('',#3052,#2458,#2459);
#2009=AXIS2_PLACEMENT_3D('',#3053,#2460,#2461);
#2010=AXIS2_PLACEMENT_3D('',#3055,#2462,#2463);
#2011=AXIS2_PLACEMENT_3D('',#3056,#2464,#2465);
#2012=AXIS2_PLACEMENT_3D('',#3058,#2466,#2467);
#2013=AXIS2_PLACEMENT_3D('',#3059,#2468,#2469);
#2014=AXIS2_PLACEMENT_3D('',#3060,#2470,#2471);
#2015=AXIS2_PLACEMENT_3D('',#3062,#2472,#2473);
#2016=AXIS2_PLACEMENT_3D('',#3063,#2474,#2475);
#2017=AXIS2_PLACEMENT_3D('',#3064,#2476,#2477);
#2018=AXIS2_PLACEMENT_3D('',#3065,#2478,#2479);
#2019=AXIS2_PLACEMENT_3D('',#3066,#2480,#2481);
#2020=AXIS2_PLACEMENT_3D('',#3068,#2482,#2483);
#2021=AXIS2_PLACEMENT_3D('',#3070,#2484,#2485);
#2022=AXIS2_PLACEMENT_3D('',#3071,#2486,#2487);
#2023=AXIS2_PLACEMENT_3D('',#3073,#2488,#2489);
#2024=AXIS2_PLACEMENT_3D('',#3074,#2490,#2491);
#2025=AXIS2_PLACEMENT_3D('',#3076,#2492,#2493);
#2026=AXIS2_PLACEMENT_3D('',#3077,#2494,#2495);
#2027=AXIS2_PLACEMENT_3D('',#3078,#2496,#2497);
#2028=AXIS2_PLACEMENT_3D('',#3079,#2498,#2499);
#2029=AXIS2_PLACEMENT_3D('',#3080,#2500,#2501);
#2030=AXIS2_PLACEMENT_3D('',#3082,#2502,#2503);
#2031=AXIS2_PLACEMENT_3D('',#3083,#2504,#2505);
#2032=AXIS2_PLACEMENT_3D('',#3084,#2506,#2507);
#2033=AXIS2_PLACEMENT_3D('',#3086,#2508,#2509);
#2034=AXIS2_PLACEMENT_3D('',#3087,#2510,#2511);
#2035=AXIS2_PLACEMENT_3D('',#3088,#2512,#2513);
#2036=AXIS2_PLACEMENT_3D('',#3090,#2514,#2515);
#2037=AXIS2_PLACEMENT_3D('',#3091,#2516,#2517);
#2038=AXIS2_PLACEMENT_3D('',#3093,#2518,#2519);
#2039=AXIS2_PLACEMENT_3D('',#3094,#2520,#2521);
#2040=AXIS2_PLACEMENT_3D('',#3096,#2522,#2523);
#2041=AXIS2_PLACEMENT_3D('',#3097,#2524,#2525);
#2042=AXIS2_PLACEMENT_3D('',#3098,#2526,#2527);
#2043=AXIS2_PLACEMENT_3D('',#3099,#2528,#2529);
#2044=AXIS2_PLACEMENT_3D('',#3100,#2530,#2531);
#2045=AXIS2_PLACEMENT_3D('',#3102,#2532,#2533);
#2046=AXIS2_PLACEMENT_3D('',#3103,#2534,#2535);
#2047=AXIS2_PLACEMENT_3D('',#3104,#2536,#2537);
#2048=AXIS2_PLACEMENT_3D('',#3106,#2538,#2539);
#2049=AXIS2_PLACEMENT_3D('',#3107,#2540,#2541);
#2050=AXIS2_PLACEMENT_3D('',#3108,#2542,#2543);
#2051=AXIS2_PLACEMENT_3D('',#3109,#2544,#2545);
#2052=AXIS2_PLACEMENT_3D('',#3110,#2546,#2547);
#2053=AXIS2_PLACEMENT_3D('',#3114,#2550,#2551);
#2054=AXIS2_PLACEMENT_3D('',#3116,#2553,#2554);
#2055=AXIS2_PLACEMENT_3D('',#3117,#2555,#2556);
#2056=AXIS2_PLACEMENT_3D('',#3118,#2557,#2558);
#2057=AXIS2_PLACEMENT_3D('',#3120,#2559,#2560);
#2058=AXIS2_PLACEMENT_3D('',#3121,#2561,#2562);
#2059=AXIS2_PLACEMENT_3D('',#3123,#2563,#2564);
#2060=AXIS2_PLACEMENT_3D('',#3124,#2565,#2566);
#2061=AXIS2_PLACEMENT_3D('',#3126,#2567,#2568);
#2062=AXIS2_PLACEMENT_3D('',#3127,#2569,#2570);
#2063=AXIS2_PLACEMENT_3D('',#3129,#2571,#2572);
#2064=AXIS2_PLACEMENT_3D('',#3130,#2573,#2574);
#2065=AXIS2_PLACEMENT_3D('',#3132,#2575,#2576);
#2066=AXIS2_PLACEMENT_3D('',#3134,#2577,#2578);
#2067=AXIS2_PLACEMENT_3D('',#3135,#2579,#2580);
#2068=AXIS2_PLACEMENT_3D('',#3136,#2581,#2582);
#2069=AXIS2_PLACEMENT_3D('',#3137,#2583,#2584);
#2070=AXIS2_PLACEMENT_3D('',#3139,#2585,#2586);
#2071=AXIS2_PLACEMENT_3D('',#3140,#2587,#2588);
#2072=AXIS2_PLACEMENT_3D('',#3141,#2589,#2590);
#2073=AXIS2_PLACEMENT_3D('',#3142,#2591,#2592);
#2074=AXIS2_PLACEMENT_3D('',#3144,#2593,#2594);
#2075=AXIS2_PLACEMENT_3D('',#3145,#2595,#2596);
#2076=AXIS2_PLACEMENT_3D('',#3146,#2597,#2598);
#2077=AXIS2_PLACEMENT_3D('',#3148,#2599,#2600);
#2078=AXIS2_PLACEMENT_3D('',#3149,#2601,#2602);
#2079=AXIS2_PLACEMENT_3D('',#3151,#2603,#2604);
#2080=AXIS2_PLACEMENT_3D('',#3152,#2605,#2606);
#2081=AXIS2_PLACEMENT_3D('',#3155,#2607,#2608);
#2082=AXIS2_PLACEMENT_3D('',#3157,#2609,#2610);
#2083=AXIS2_PLACEMENT_3D('',#3158,#2611,#2612);
#2084=AXIS2_PLACEMENT_3D('',#3159,#2613,#2614);
#2085=AXIS2_PLACEMENT_3D('',#3161,#2615,#2616);
#2086=AXIS2_PLACEMENT_3D('',#3162,#2617,#2618);
#2087=AXIS2_PLACEMENT_3D('',#3165,#2619,#2620);
#2088=AXIS2_PLACEMENT_3D('',#3167,#2621,#2622);
#2089=AXIS2_PLACEMENT_3D('',#3168,#2623,#2624);
#2090=AXIS2_PLACEMENT_3D('',#3169,#2625,#2626);
#2091=AXIS2_PLACEMENT_3D('',#3171,#2627,#2628);
#2092=AXIS2_PLACEMENT_3D('',#3172,#2629,#2630);
#2093=AXIS2_PLACEMENT_3D('',#3175,#2631,#2632);
#2094=AXIS2_PLACEMENT_3D('',#3177,#2633,#2634);
#2095=AXIS2_PLACEMENT_3D('',#3178,#2635,#2636);
#2096=AXIS2_PLACEMENT_3D('',#3179,#2637,#2638);
#2097=DIRECTION('',(0.,0.,1.));
#2098=DIRECTION('',(1.,0.,0.));
#2099=DIRECTION('',(0.707106781186548,-6.81463740747994E-20,0.707106781186548));
#2100=DIRECTION('',(0.707106781186548,1.09102344893781E-16,-0.707106781186548));
#2101=DIRECTION('',(0.707106781186548,1.09102344893781E-16,-0.707106781186548));
#2102=DIRECTION('',(-7.70988211545248E-17,1.,7.71951946809679E-17));
#2103=DIRECTION('',(0.707106781186548,1.09102344893781E-16,-0.707106781186548));
#2104=DIRECTION('',(-7.70988211545248E-17,1.,7.71951946809679E-17));
#2105=DIRECTION('',(-7.70988211545248E-17,1.,7.71951946809679E-17));
#2106=DIRECTION('',(9.63735264431464E-20,-7.71951946809679E-17,1.));
#2107=DIRECTION('',(9.63735264431464E-20,-7.71951946809679E-17,1.));
#2108=DIRECTION('',(-1.,-7.70988211545248E-17,9.63735264431464E-20));
#2109=DIRECTION('',(2.66976908292106E-16,-7.71951946809679E-17,1.));
#2110=DIRECTION('',(1.,7.70988211545248E-17,-1.54294015835493E-16));
#2111=DIRECTION('',(9.63735264431464E-20,-7.71951946809679E-17,1.));
#2112=DIRECTION('',(1.,7.70988211545248E-17,-1.54294015835493E-16));
#2113=DIRECTION('',(2.66976908292106E-16,-7.71951946809679E-17,1.));
#2114=DIRECTION('',(-1.,-7.70988211545248E-17,9.63735264431464E-20));
#2115=DIRECTION('',(9.63735264431464E-20,-7.71951946809679E-17,1.));
#2116=DIRECTION('',(-1.,-7.70988211545248E-17,9.63735264431464E-20));
#2117=DIRECTION('',(-1.,-7.70988211545248E-17,9.63735264431464E-20));
#2118=DIRECTION('',(7.70988211545248E-17,-1.,-7.71951946809679E-17));
#2119=DIRECTION('',(7.70988211545248E-17,-1.,-7.71951946809679E-17));
#2120=DIRECTION('',(7.70988211545248E-17,-1.,-7.71951946809679E-17));
#2121=DIRECTION('',(9.63735264431464E-20,-7.71951946809679E-17,1.));
#2122=DIRECTION('',(9.63735264431464E-20,-7.71951946809679E-17,1.));
#2123=DIRECTION('',(7.70988211545248E-17,-1.,-7.71951946809679E-17));
#2124=DIRECTION('',(7.71951946809679E-17,-7.71951946809679E-17,1.));
#2125=DIRECTION('',(1.,8.9727076343628E-17,-7.71951946809679E-17));
#2126=DIRECTION('',(1.,7.70988211545248E-17,-9.63735264431464E-20));
#2127=DIRECTION('',(7.70988211545248E-17,-1.,-7.71951946809679E-17));
#2128=DIRECTION('',(-1.,-7.70988211545248E-17,9.63735264431464E-20));
#2129=DIRECTION('',(-9.63735264431464E-20,7.71951946809679E-17,-1.));
#2130=DIRECTION('',(-9.62964972193618E-34,-1.,-7.71951946809679E-17));
#2131=DIRECTION('',(7.70988211545248E-17,-1.,-7.71951946809679E-17));
#2132=DIRECTION('',(-9.63735264431464E-20,7.71951946809679E-17,-1.));
#2133=DIRECTION('',(-9.62964972193618E-34,-1.,-7.71951946809679E-17));
#2134=DIRECTION('',(-1.,-7.70988211545248E-17,9.63735264431464E-20));
#2135=DIRECTION('',(7.70988211545248E-17,-1.,-7.71951946809679E-17));
#2136=DIRECTION('',(-1.,-7.70988211545248E-17,9.63735264431464E-20));
#2137=DIRECTION('',(-7.70988211545248E-17,1.,7.71951946809679E-17));
#2138=DIRECTION('',(-1.,-7.70988211545248E-17,9.63735264431464E-20));
#2139=DIRECTION('',(7.70988211545248E-17,-1.,-7.71951946809679E-17));
#2140=DIRECTION('',(-1.,-7.70988211545248E-17,9.63735264431464E-20));
#2141=DIRECTION('',(1.,-2.69845874040837E-15,-9.63735264433559E-20));
#2142=DIRECTION('',(-2.55527521540711E-15,1.,7.71951946809679E-17));
#2143=DIRECTION('',(7.70988211545248E-17,-1.,-7.71951946809679E-17));
#2144=DIRECTION('',(-1.,-7.70988211545248E-17,9.63735264431464E-20));
#2145=DIRECTION('',(7.70988211545248E-17,-1.,-7.71951946809679E-17));
#2146=DIRECTION('',(1.,7.70988211545248E-17,-9.63735264431464E-20));
#2147=DIRECTION('',(-7.70988211545248E-17,1.,7.71951946809679E-17));
#2148=DIRECTION('',(-1.,-7.70988211545248E-17,9.63735264431464E-20));
#2149=DIRECTION('',(7.70988211545248E-17,-1.,-7.71951946809679E-17));
#2150=DIRECTION('',(-1.,-7.70988211545248E-17,1.54294015835493E-16));
#2151=DIRECTION('',(7.70988211545248E-17,-1.,-7.71951946809679E-17));
#2152=DIRECTION('',(-1.,-7.70988211545248E-17,9.63735264431464E-20));
#2153=DIRECTION('',(7.70988211545248E-17,-1.,-7.71951946809679E-17));
#2154=DIRECTION('',(7.70988211545248E-17,-1.,-7.71951946809679E-17));
#2155=DIRECTION('',(-9.63735264431464E-20,7.71951946809679E-17,-1.));
#2156=DIRECTION('',(9.63735264431464E-20,-7.71951946809679E-17,1.));
#2157=DIRECTION('',(1.,7.70988211545248E-17,-9.63735264431464E-20));
#2158=DIRECTION('',(9.63735264431464E-20,-7.71951946809679E-17,1.));
#2159=DIRECTION('',(-1.,-7.70988211545248E-17,9.63735264431464E-20));
#2160=DIRECTION('',(7.70988211545248E-17,-1.,-7.71951946809679E-17));
#2161=DIRECTION('',(9.63735264431464E-20,-7.71951946809679E-17,1.));
#2162=DIRECTION('',(7.70988211545248E-17,-1.,-7.71951946809679E-17));
#2163=DIRECTION('',(-7.70988211545248E-17,1.,7.71951946809679E-17));
#2164=DIRECTION('',(9.63735264431464E-20,-7.71951946809679E-17,1.));
#2165=DIRECTION('',(9.63735264431464E-20,-7.71951946809679E-17,1.));
#2166=DIRECTION('',(-1.,-7.70988211545248E-17,9.63735264431464E-20));
#2167=DIRECTION('',(1.,4.24043516349886E-16,-9.63735264431094E-20));
#2168=DIRECTION('',(-4.24043516349886E-16,1.,7.71951946809679E-17));
#2169=DIRECTION('',(3.99075650639676E-17,0.707106781186548,0.707106781186548));
#2170=DIRECTION('',(-1.33536640909274E-16,7.71951946809679E-17,-1.));
#2171=DIRECTION('',(7.70988211545248E-17,-1.,-7.71951946809679E-17));
#2172=DIRECTION('',(9.63735264431464E-20,-7.71951946809679E-17,1.));
#2173=DIRECTION('',(7.70988211545248E-17,-1.,-7.71951946809679E-17));
#2174=DIRECTION('',(-1.33536640909274E-16,7.71951946809679E-17,-1.));
#2175=DIRECTION('',(-4.24043516349886E-16,1.,7.71951946809679E-17));
#2176=DIRECTION('',(1.63619444153635E-16,-0.707106781186548,0.707106781186548));
#2177=DIRECTION('',(5.44489528857785E-17,-0.707106781186548,-0.707106781186548));
#2178=DIRECTION('',(3.99075650639676E-17,0.707106781186548,0.707106781186548));
#2179=DIRECTION('',(-1.,-7.70988211545248E-17,1.54294015835493E-16));
#2180=DIRECTION('',(-1.,-7.70988211545247E-16,9.63735264430847E-20));
#2181=DIRECTION('',(7.70988211545247E-16,-1.,-7.71951946809679E-17));
#2182=DIRECTION('',(9.63735264431464E-20,-7.71951946809679E-17,1.));
#2183=DIRECTION('',(-1.33536640909274E-16,7.71951946809679E-17,-1.));
#2184=DIRECTION('',(7.70988211545248E-17,-1.,-7.71951946809679E-17));
#2185=DIRECTION('',(-9.63735264431464E-20,7.71951946809679E-17,-1.));
#2186=DIRECTION('',(7.70988211545248E-17,-1.,-7.71951946809679E-17));
#2187=DIRECTION('',(-1.33536640909274E-16,7.71951946809679E-17,-1.));
#2188=DIRECTION('',(9.63735264431464E-20,-7.71951946809679E-17,1.));
#2189=DIRECTION('',(7.70988211545247E-16,-1.,-7.71951946809679E-17));
#2190=DIRECTION('',(7.70988211545248E-17,-1.,-7.71951946809679E-17));
#2191=DIRECTION('',(-9.63735264431464E-20,7.71951946809679E-17,-1.));
#2192=DIRECTION('',(1.,7.70988211545248E-17,-9.63735264431464E-20));
#2193=DIRECTION('',(9.63735264431464E-20,-7.71951946809679E-17,1.));
#2194=DIRECTION('',(-9.63735264431464E-20,7.71951946809679E-17,-1.));
#2195=DIRECTION('',(-7.70988211545248E-17,1.,7.71951946809679E-17));
#2196=DIRECTION('',(-1.,-7.70988211545248E-17,9.63735264431464E-20));
#2197=DIRECTION('',(-7.70988211545248E-17,1.,7.71951946809679E-17));
#2198=DIRECTION('',(-7.70988211545248E-17,1.,7.71951946809679E-17));
#2199=DIRECTION('',(9.63735264431464E-20,-7.71951946809679E-17,1.));
#2200=DIRECTION('',(9.63735264431464E-20,-7.71951946809679E-17,1.));
#2201=DIRECTION('',(1.,7.70988211545248E-17,-9.63735264431464E-20));
#2202=DIRECTION('',(-7.70988211545248E-17,1.,7.71951946809679E-17));
#2203=DIRECTION('',(7.70988211545248E-17,-1.,-7.71951946809679E-17));
#2204=DIRECTION('',(-9.63735264431464E-20,7.71951946809679E-17,-1.));
#2205=DIRECTION('',(-1.,-7.70988211545248E-17,9.63735264431464E-20));
#2206=DIRECTION('',(-9.63735264431464E-20,7.71951946809679E-17,-1.));
#2207=DIRECTION('',(1.,7.70988211545248E-17,-9.63735264431464E-20));
#2208=DIRECTION('',(1.,7.7098821154525E-17,-2.47827276777902E-15));
#2209=DIRECTION('',(9.63735264431464E-20,-7.71951946809679E-17,1.));
#2210=DIRECTION('',(-1.,-7.70988211545248E-17,9.63735264431464E-20));
#2211=DIRECTION('',(1.54294015835493E-16,-7.71951946809679E-17,1.));
#2212=DIRECTION('',(1.,7.70988211545248E-17,-9.63735264431464E-20));
#2213=DIRECTION('',(9.63735264431464E-20,-7.71951946809679E-17,1.));
#2214=DIRECTION('',(-1.,-7.70988211545247E-17,-1.387682407255E-15));
#2215=DIRECTION('',(1.23899182359986E-15,7.7195194680968E-17,-1.));
#2216=DIRECTION('',(1.,7.70988211545248E-17,-9.63735264431464E-20));
#2217=DIRECTION('',(-9.63735264431464E-20,7.71951946809679E-17,-1.));
#2218=DIRECTION('',(1.,7.70988211545248E-17,-9.63735264431464E-20));
#2219=DIRECTION('',(-9.63735264431464E-20,7.71951946809679E-17,-1.));
#2220=DIRECTION('',(1.,7.70988211545248E-17,-9.63735264431464E-20));
#2221=DIRECTION('',(9.63735264431464E-20,-7.71951946809679E-17,1.));
#2222=DIRECTION('',(1.,7.70988211545248E-17,-9.63735264431464E-20));
#2223=DIRECTION('',(1.54294015835493E-16,-7.71951946809679E-17,1.));
#2224=DIRECTION('',(1.,7.70988211545248E-17,-7.71951946809679E-17));
#2225=DIRECTION('',(-9.63735264431464E-20,7.71951946809679E-17,-1.));
#2226=DIRECTION('',(-7.70988211545248E-17,1.,7.71951946809679E-17));
#2227=DIRECTION('',(-4.2440907110536E-17,-7.71951946809679E-17,1.));
#2228=DIRECTION('',(9.63735264431464E-20,-7.71951946809679E-17,1.));
#2229=DIRECTION('',(7.70988211545248E-17,-1.,-7.71951946809679E-17));
#2230=DIRECTION('',(-1.,-7.70988211545248E-17,9.63735264431464E-20));
#2231=DIRECTION('',(7.70988211545248E-17,-1.,-7.71951946809679E-17));
#2232=DIRECTION('',(-7.70988211545248E-17,1.,7.71951946809679E-17));
#2233=DIRECTION('',(9.63735264431464E-20,-7.71951946809679E-17,1.));
#2234=DIRECTION('',(1.,7.70988211545248E-17,-9.63735264431464E-20));
#2235=DIRECTION('',(-9.63735264431464E-20,7.71951946809679E-17,-1.));
#2236=DIRECTION('',(-9.63735264431464E-20,7.71951946809679E-17,-1.));
#2237=DIRECTION('',(-7.70988211545248E-17,1.,7.71951946809679E-17));
#2238=DIRECTION('',(7.70988211545248E-17,-1.,-7.71951946809679E-17));
#2239=DIRECTION('',(-1.,-7.70988211545248E-17,9.63735264431464E-20));
#2240=DIRECTION('',(7.70988211545248E-17,-1.,-7.71951946809679E-17));
#2241=DIRECTION('',(-2.47827276777902E-15,7.71951946809677E-17,-1.));
#2242=DIRECTION('',(-1.,-7.7098821154525E-17,2.47827276777902E-15));
#2243=DIRECTION('',(1.,7.7098821154525E-17,-2.47827276777902E-15));
#2244=DIRECTION('',(7.70988211545248E-17,-1.,-7.71951946809679E-17));
#2245=DIRECTION('',(-7.70988211545248E-17,1.,7.71951946809679E-17));
#2246=DIRECTION('',(9.63735264431464E-20,-7.71951946809679E-17,1.));
#2247=DIRECTION('',(-1.,-7.70988211545248E-17,9.63735264431464E-20));
#2248=DIRECTION('',(9.63735264431464E-20,-7.71951946809679E-17,1.));
#2249=DIRECTION('',(9.63735264431464E-20,-7.71951946809679E-17,1.));
#2250=DIRECTION('',(7.70988211545248E-17,-1.,-7.71951946809679E-17));
#2251=DIRECTION('',(7.70988211545248E-17,-1.,-7.71951946809679E-17));
#2252=DIRECTION('',(1.,7.70988211545248E-17,-9.63735264431464E-20));
#2253=DIRECTION('',(-7.70988211545248E-17,1.,7.71951946809679E-17));
#2254=DIRECTION('',(1.,7.70988211545248E-17,-1.54294015835493E-16));
#2255=DIRECTION('',(-1.54294015835493E-16,7.71951946809679E-17,-1.));
#2256=DIRECTION('',(-7.70988211545248E-17,1.,7.71951946809679E-17));
#2257=DIRECTION('',(-9.63735264431464E-20,7.71951946809679E-17,-1.));
#2258=DIRECTION('',(-7.70988211545248E-17,1.,-9.62771529167126E-17));
#2259=DIRECTION('',(9.63735264431464E-20,-7.71951946809679E-17,1.));
#2260=DIRECTION('',(-7.70988211545248E-17,1.,7.71951946809679E-17));
#2261=DIRECTION('',(-9.63735264431464E-20,7.71951946809679E-17,-1.));
#2262=DIRECTION('',(-7.70988211545248E-17,1.,7.71951946809679E-17));
#2263=DIRECTION('',(9.63735264431464E-20,-7.71951946809679E-17,1.));
#2264=DIRECTION('',(7.70988211545248E-17,-1.,-7.71951946809679E-17));
#2265=DIRECTION('',(-9.63735264431464E-20,7.71951946809679E-17,-1.));
#2266=DIRECTION('',(-7.70988211545248E-17,1.,7.71951946809679E-17));
#2267=DIRECTION('',(7.70988211545248E-17,-1.,-7.71951946809679E-17));
#2268=DIRECTION('',(-9.63735264433559E-20,2.85275275624386E-15,-1.));
#2269=DIRECTION('',(-7.70988211545248E-17,1.,2.55537158893355E-15));
#2270=DIRECTION('',(2.66976908292106E-16,-7.71951946809679E-17,1.));
#2271=DIRECTION('',(-7.70988211545248E-17,1.,7.71951946809679E-17));
#2272=DIRECTION('',(9.63735264431464E-20,-7.71951946809679E-17,1.));
#2273=DIRECTION('',(7.70988211545248E-17,-1.,-7.71951946809679E-17));
#2274=DIRECTION('',(2.66976908292106E-16,-7.71951946809679E-17,1.));
#2275=DIRECTION('',(1.54294015835493E-16,-7.71951946809679E-17,1.));
#2276=DIRECTION('',(-1.,-7.70988211545248E-17,1.54294015835493E-16));
#2277=DIRECTION('',(-7.71951946809679E-17,7.71951946809679E-17,-1.));
#2278=DIRECTION('',(7.70988211545248E-17,-1.,-7.71951946809679E-17));
#2279=DIRECTION('',(-1.,-7.70988211545248E-17,1.54294015835493E-16));
#2280=DIRECTION('',(-7.71951946809679E-17,7.71951946809679E-17,-1.));
#2281=DIRECTION('',(1.,7.70988211545248E-17,-9.63735264431464E-20));
#2282=DIRECTION('',(9.62964972193618E-34,1.,7.71951946809679E-17));
#2283=DIRECTION('',(1.54294015835493E-16,9.62771529167127E-17,1.));
#2284=DIRECTION('',(7.70988211545248E-17,-1.,9.62771529167127E-17));
#2285=DIRECTION('',(1.,7.70988211545248E-17,-1.54294015835493E-16));
#2286=DIRECTION('',(7.70988211545248E-17,-1.,-7.71951946809679E-17));
#2287=DIRECTION('',(-1.,-7.70988211545248E-17,9.63735264431464E-20));
#2288=DIRECTION('',(7.70988211545248E-17,-1.,-7.71951946809679E-17));
#2289=DIRECTION('',(-0.707106781186548,-0.707106781186547,-5.45170992598533E-17));
#2290=DIRECTION('',(1.,7.70988211545248E-17,-1.54294015835493E-16));
#2291=DIRECTION('',(7.70988211545248E-17,-1.,9.62771529167126E-17));
#2292=DIRECTION('',(7.70988211545248E-17,-1.,-7.71951946809679E-17));
#2293=DIRECTION('',(-9.63735264431464E-20,7.71951946809679E-17,-1.));
#2294=DIRECTION('',(-9.63735264431464E-20,7.71951946809679E-17,-1.));
#2295=DIRECTION('',(1.,7.70988211545248E-17,-1.54294015835493E-16));
#2296=DIRECTION('',(-1.,-7.70988211545248E-17,9.63735264431464E-20));
#2297=DIRECTION('',(7.70988211545248E-17,-1.,-7.71951946809679E-17));
#2298=DIRECTION('',(9.63735264431464E-20,-7.71951946809679E-17,1.));
#2299=DIRECTION('',(-7.70988211545248E-17,1.,-9.62771529167126E-17));
#2300=DIRECTION('',(-7.70988211545248E-17,1.,7.71951946809679E-17));
#2301=DIRECTION('',(9.63735264431464E-20,-7.71951946809679E-17,1.));
#2302=DIRECTION('',(1.,7.70988211545248E-17,-1.54294015835493E-16));
#2303=DIRECTION('',(-1.54294015835493E-16,-9.62771529167127E-17,-1.));
#2304=DIRECTION('',(-7.70988211545248E-17,1.,-9.62771529167127E-17));
#2305=DIRECTION('',(1.,7.70988211545248E-17,-9.63735264431464E-20));
#2306=DIRECTION('',(-7.70988211545248E-17,1.,7.71951946809679E-17));
#2307=DIRECTION('',(7.70988211545248E-17,-1.,-7.71951946809679E-17));
#2308=DIRECTION('',(9.63735264431464E-20,-7.71951946809679E-17,1.));
#2309=DIRECTION('',(-9.63735264431464E-20,7.71951946809679E-17,-1.));
#2310=DIRECTION('',(-7.70988211545248E-17,1.,7.71951946809679E-17));
#2311=DIRECTION('',(7.70988211545248E-17,-1.,-7.71951946809679E-17));
#2312=DIRECTION('',(1.,7.70988211545248E-17,-9.63735264431464E-20));
#2313=DIRECTION('',(-1.,-7.70988211545248E-17,9.63735264431464E-20));
#2314=DIRECTION('',(7.70988211545248E-17,-1.,-7.71951946809679E-17));
#2315=DIRECTION('',(-9.63735264431464E-20,7.71951946809679E-17,-1.));
#2316=DIRECTION('',(7.70988211545248E-17,-1.,-7.71951946809679E-17));
#2317=DIRECTION('',(-9.63735264431464E-20,7.71951946809679E-17,-1.));
#2318=DIRECTION('',(0.707106781186547,-0.707106781186548,-5.46533920080029E-17));
#2319=DIRECTION('',(0.707106781186548,0.707106781186547,5.45170992598533E-17));
#2320=DIRECTION('',(-0.707106781186548,-0.707106781186547,-5.45170992598533E-17));
#2321=DIRECTION('',(-1.54294015835493E-16,7.71951946809679E-17,-1.));
#2322=DIRECTION('',(-1.,-7.70988211545248E-17,1.54294015835493E-16));
#2323=DIRECTION('',(1.,7.70988211545248E-17,-1.54294015835493E-16));
#2324=DIRECTION('',(7.70988211545248E-17,-1.,-7.71951946809679E-17));
#2325=DIRECTION('',(1.,7.70988211545248E-17,-9.63735264431464E-20));
#2326=DIRECTION('',(7.70988211545248E-17,-1.,-7.71951946809679E-17));
#2327=DIRECTION('',(1.,7.70988211545248E-17,-1.54294015835493E-16));
#2328=DIRECTION('',(-7.70988211545248E-17,1.,7.71951946809679E-17));
#2329=DIRECTION('',(-7.70988211545248E-17,1.,7.71951946809679E-17));
#2330=DIRECTION('',(9.63735264431464E-20,-7.71951946809679E-17,1.));
#2331=DIRECTION('',(9.63735264431464E-20,-7.71951946809679E-17,1.));
#2332=DIRECTION('',(1.,7.70988211545248E-17,-1.54294015835493E-16));
#2333=DIRECTION('',(-1.,-7.70988211545248E-17,9.63735264431464E-20));
#2334=DIRECTION('',(7.70988211545248E-17,-1.,-7.71951946809679E-17));
#2335=DIRECTION('',(7.70988211545248E-17,-1.,-7.71951946809679E-17));
#2336=DIRECTION('',(-9.63735264431464E-20,7.71951946809679E-17,-1.));
#2337=DIRECTION('',(1.54294015835493E-16,-7.71951946809679E-17,1.));
#2338=DIRECTION('',(1.,7.70988211545248E-17,-1.54294015835493E-16));
#2339=DIRECTION('',(1.,7.70988211545248E-17,-1.54294015835493E-16));
#2340=DIRECTION('',(7.70988211545248E-17,-1.,-7.71951946809679E-17));
#2341=DIRECTION('',(-9.63735264431464E-20,7.71951946809679E-17,-1.));
#2342=DIRECTION('',(-1.,-7.70988211545247E-17,-1.23899182359986E-15));
#2343=DIRECTION('',(-1.23899182359986E-15,-7.7195194680968E-17,1.));
#2344=DIRECTION('',(7.70988211545248E-17,-1.,-7.71951946809679E-17));
#2345=DIRECTION('',(1.23899182359986E-15,7.7195194680968E-17,-1.));
#2346=DIRECTION('',(-1.387682407255E-15,-7.7195194680968E-17,1.));
#2347=DIRECTION('',(1.,7.70988211545247E-17,1.387682407255E-15));
#2348=DIRECTION('',(7.70988211545248E-17,-1.,-7.71951946809679E-17));
#2349=DIRECTION('',(-1.,-7.70988211545247E-17,-1.387682407255E-15));
#2350=DIRECTION('',(1.,7.70988211545248E-17,-9.63735264431464E-20));
#2351=DIRECTION('',(-7.70988211545248E-17,1.,7.71951946809679E-17));
#2352=DIRECTION('',(9.63735264431464E-20,-7.71951946809679E-17,1.));
#2353=DIRECTION('',(-7.70988211545248E-17,1.,7.71951946809679E-17));
#2354=DIRECTION('',(9.63735264431464E-20,-7.71951946809679E-17,1.));
#2355=DIRECTION('',(1.54294015835493E-16,-7.71951946809679E-17,1.));
#2356=DIRECTION('',(1.,7.70988211545248E-17,-1.54294015835493E-16));
#2357=DIRECTION('',(7.70988211545248E-17,-1.,-7.71951946809679E-17));
#2358=DIRECTION('',(1.,7.70988211545248E-17,-1.54294015835493E-16));
#2359=DIRECTION('',(-1.,-7.70988211545248E-17,9.63735264431464E-20));
#2360=DIRECTION('',(7.70988211545248E-17,-1.,-7.71951946809679E-17));
#2361=DIRECTION('',(-7.70988211545248E-17,1.,2.55537158893355E-15));
#2362=DIRECTION('',(-9.63735264433559E-20,2.85275275624386E-15,-1.));
#2363=DIRECTION('',(-1.54294015835493E-16,2.55537158893355E-15,-1.));
#2364=DIRECTION('',(-7.70988211545248E-17,1.,2.55537158893355E-15));
#2365=DIRECTION('',(1.,7.70988211545248E-17,-1.54294015835493E-16));
#2366=DIRECTION('',(7.70988211545244E-17,-1.,-2.85275275624386E-15));
#2367=DIRECTION('',(-9.63735264433559E-20,2.85275275624386E-15,-1.));
#2368=DIRECTION('',(7.70988211545248E-17,-1.,-7.71951946809679E-17));
#2369=DIRECTION('',(-9.63735264431464E-20,7.71951946809679E-17,-1.));
#2370=DIRECTION('',(9.63735264431464E-20,-7.71951946809679E-17,1.));
#2371=DIRECTION('',(1.,7.70988211545248E-17,-1.54294015835493E-16));
#2372=DIRECTION('',(-9.63735264430971E-20,-6.16694195709758E-16,-1.));
#2373=DIRECTION('',(1.,7.70988211545248E-17,-1.54294015835493E-16));
#2374=DIRECTION('',(9.63735264431464E-20,-7.71951946809679E-17,1.));
#2375=DIRECTION('',(1.,7.70988211545248E-17,-9.63735264431464E-20));
#2376=DIRECTION('',(1.,7.70988211545248E-17,-9.63735264431464E-20));
#2377=DIRECTION('',(-7.70988211545248E-17,1.,7.71951946809679E-17));
#2378=DIRECTION('',(-7.70988211545248E-17,1.,7.71951946809679E-17));
#2379=DIRECTION('',(9.63735264431464E-20,-7.71951946809679E-17,1.));
#2380=DIRECTION('',(-9.63735264431464E-20,7.71951946809679E-17,-1.));
#2381=DIRECTION('',(-7.70988211545248E-17,1.,7.71951946809679E-17));
#2382=DIRECTION('',(-1.,-7.70988211545248E-17,9.63735264431464E-20));
#2383=DIRECTION('',(7.70988211545248E-17,-1.,-7.71951946809679E-17));
#2384=DIRECTION('',(-7.70988211545248E-17,1.,7.71951946809679E-17));
#2385=DIRECTION('',(9.63735264431464E-20,-7.71951946809679E-17,1.));
#2386=DIRECTION('',(9.63735264431464E-20,-7.71951946809679E-17,1.));
#2387=DIRECTION('',(-1.,-7.70988211545248E-17,9.63735264431464E-20));
#2388=DIRECTION('',(7.70988211545248E-17,-1.,-7.71951946809679E-17));
#2389=DIRECTION('',(1.54294015835493E-16,-7.71951946809679E-17,1.));
#2390=DIRECTION('',(1.,7.70988211545248E-17,-1.54294015835493E-16));
#2391=DIRECTION('',(1.,7.70988211545248E-17,-1.54294015835493E-16));
#2392=DIRECTION('',(7.70988211545248E-17,-1.,-7.71951946809679E-17));
#2393=DIRECTION('',(-7.70988211545248E-17,1.,7.71951946809679E-17));
#2394=DIRECTION('',(9.63735264431464E-20,-7.71951946809679E-17,1.));
#2395=DIRECTION('',(1.,7.70988211545248E-17,-1.54294015835493E-16));
#2396=DIRECTION('',(9.63735264431464E-20,-7.71951946809679E-17,1.));
#2397=DIRECTION('',(-1.54294015835493E-16,7.71951946809679E-17,-1.));
#2398=DIRECTION('',(-1.,-7.70988211545248E-17,1.54294015835493E-16));
#2399=DIRECTION('',(-7.70988211545248E-17,1.,7.71951946809679E-17));
#2400=DIRECTION('',(-1.,-7.70988211545248E-17,9.63735264431464E-20));
#2401=DIRECTION('',(7.70988211545248E-17,-1.,-7.71951946809679E-17));
#2402=DIRECTION('',(7.70988211545248E-17,-1.,-7.71951946809679E-17));
#2403=DIRECTION('',(-9.63735264431464E-20,7.71951946809679E-17,-1.));
#2404=DIRECTION('',(9.63735264431464E-20,-7.71951946809679E-17,1.));
#2405=DIRECTION('',(-1.,-7.70988211545248E-17,7.71951946809679E-17));
#2406=DIRECTION('',(-7.70988211545248E-17,1.,7.71951946809679E-17));
#2407=DIRECTION('',(-1.93710788150744E-17,7.71951946809679E-17,-1.));
#2408=DIRECTION('',(-7.71951946809679E-17,7.71951946809679E-17,-1.));
#2409=DIRECTION('',(-1.,-7.70988211545248E-17,7.71951946809679E-17));
#2410=DIRECTION('',(1.,7.70988211545248E-17,-7.71951946809679E-17));
#2411=DIRECTION('',(-7.70988211545248E-17,1.,7.71951946809679E-17));
#2412=DIRECTION('',(-1.,-7.70988211545248E-17,7.71951946809679E-17));
#2413=DIRECTION('',(-7.71951946809679E-17,7.71951946809679E-17,-1.));
#2414=DIRECTION('',(-1.,-7.2280144832367E-17,7.71951946809679E-17));
#2415=DIRECTION('',(-1.,-7.70988211545248E-17,7.71951946809679E-17));
#2416=DIRECTION('',(7.71951946809679E-17,-7.71951946809679E-17,1.));
#2417=DIRECTION('',(1.,7.70988211545248E-17,-9.63735264431464E-20));
#2418=DIRECTION('',(9.62964972193618E-34,1.,7.71951946809679E-17));
#2419=DIRECTION('',(1.,7.70988211545248E-17,-7.71951946809679E-17));
#2420=DIRECTION('',(7.71951946809679E-17,-7.71951946809679E-17,1.));
#2421=DIRECTION('',(7.70988211545248E-17,-1.,-7.71951946809679E-17));
#2422=DIRECTION('',(-7.71951946809679E-17,7.71951946809679E-17,-1.));
#2423=DIRECTION('',(-4.33690506346847E-15,7.71951946809676E-17,-1.));
#2424=DIRECTION('',(1.,3.39776924223827E-31,-4.41400388462299E-15));
#2425=DIRECTION('',(7.70988211545248E-17,-1.,-7.71951946809679E-17));
#2426=DIRECTION('',(-7.71951946809679E-17,7.71951946809679E-17,-1.));
#2427=DIRECTION('',(7.70988211545248E-17,-1.,-7.71951946809679E-17));
#2428=DIRECTION('',(7.71951946809679E-17,-7.71951946809679E-17,1.));
#2429=DIRECTION('',(7.70988211545248E-17,-1.,-7.71951946809679E-17));
#2430=DIRECTION('',(1.,7.70988211545248E-17,-7.71951946809679E-17));
#2431=DIRECTION('',(7.71951946809679E-17,-7.71951946809679E-17,1.));
#2432=DIRECTION('',(9.63735264434175E-20,-3.54664214663458E-15,1.));
#2433=DIRECTION('',(-2.68787597863544E-31,-1.,-3.54664214663459E-15));
#2434=DIRECTION('',(1.,7.70988211545248E-17,-9.63735264431464E-20));
#2435=DIRECTION('',(9.62964972193618E-34,1.,7.71951946809679E-17));
#2436=DIRECTION('',(-9.63735264431464E-20,7.71951946809679E-17,-1.));
#2437=DIRECTION('',(9.62964972193618E-34,1.,7.71951946809679E-17));
#2438=DIRECTION('',(9.63735264431464E-20,-7.71951946809679E-17,1.));
#2439=DIRECTION('',(-1.,-7.70988211545248E-17,9.63735264431464E-20));
#2440=DIRECTION('',(7.70988211545248E-17,-1.,-7.71951946809679E-17));
#2441=DIRECTION('',(-9.63735264431464E-20,7.71951946809679E-17,-1.));
#2442=DIRECTION('',(-1.,-7.70988211545248E-17,9.63735264431464E-20));
#2443=DIRECTION('',(-9.62964972193618E-34,-1.,-7.71951946809679E-17));
#2444=DIRECTION('',(7.70988211545248E-17,-1.,-7.71951946809679E-17));
#2445=DIRECTION('',(-1.04750609895522E-17,7.71951946809679E-17,-1.));
#2446=DIRECTION('',(7.70988211545248E-17,-1.,-7.71951946809679E-17));
#2447=DIRECTION('',(-1.04750609895522E-17,7.71951946809679E-17,-1.));
#2448=DIRECTION('',(-0.707106781186547,0.707106781186548,8.77241066552943E-16));
#2449=DIRECTION('',(-0.707106781186548,-0.707106781186547,-1.79277384104518E-14));
#2450=DIRECTION('',(4.47614745898627E-16,0.707106781186549,-0.707106781186546));
#2451=DIRECTION('',(-7.61536972169944E-14,0.707106781186546,0.707106781186549));
#2452=DIRECTION('',(7.70988211545248E-17,-1.,-7.71951946809679E-17));
#2453=DIRECTION('',(-9.63735264431464E-20,7.71951946809679E-17,-1.));
#2454=DIRECTION('',(7.70988211545248E-17,-1.,-7.71951946809679E-17));
#2455=DIRECTION('',(-1.04750609895522E-17,7.71951946809679E-17,-1.));
#2456=DIRECTION('',(7.70988211545248E-17,-1.,-7.71951946809679E-17));
#2457=DIRECTION('',(-1.04750609895522E-17,7.71951946809679E-17,-1.));
#2458=DIRECTION('',(7.70988211545248E-17,-1.,-7.71951946809679E-17));
#2459=DIRECTION('',(-1.04750609895522E-17,7.71951946809679E-17,-1.));
#2460=DIRECTION('',(7.70988211545248E-17,-1.,-7.71951946809679E-17));
#2461=DIRECTION('',(9.54097911787243E-18,7.71951946809679E-17,-1.));
#2462=DIRECTION('',(7.70988211545248E-17,-1.,-7.71951946809679E-17));
#2463=DIRECTION('',(-1.04750609895522E-17,7.71951946809679E-17,-1.));
#2464=DIRECTION('',(0.707106781186547,0.707106781186548,7.97611751257591E-16));
#2465=DIRECTION('',(-0.707106781186548,0.707106781186547,4.87027772353901E-14));
#2466=DIRECTION('',(5.45852456339281E-17,0.707106781186548,0.707106781186548));
#2467=DIRECTION('',(-6.88243947706257E-14,-0.707106781186547,0.707106781186547));
#2468=DIRECTION('',(1.,7.70988211545248E-17,-9.63735264431464E-20));
#2469=DIRECTION('',(-1.33440267382831E-16,1.,7.71951946809679E-17));
#2470=DIRECTION('',(-0.707106781186547,-1.17714993258906E-15,0.707106781186548));
#2471=DIRECTION('',(-0.707106781186548,-1.96054779157569E-14,-0.707106781186547));
#2472=DIRECTION('',(1.,7.70988211545248E-17,-9.63735264431464E-20));
#2473=DIRECTION('',(-1.33440267382831E-16,1.,7.71951946809679E-17));
#2474=DIRECTION('',(7.71951946809679E-17,-7.71951946809679E-17,1.));
#2475=DIRECTION('',(1.,8.34001671142696E-17,-7.71951946809679E-17));
#2476=DIRECTION('',(7.71951946809679E-17,-7.71951946809679E-17,1.));
#2477=DIRECTION('',(1.,8.34001671142696E-17,-7.71951946809679E-17));
#2478=DIRECTION('',(7.71951946809679E-17,-7.71951946809679E-17,1.));
#2479=DIRECTION('',(1.,7.70988211545248E-17,-7.71951946809679E-17));
#2480=DIRECTION('',(7.71951946809679E-17,-7.71951946809679E-17,1.));
#2481=DIRECTION('',(1.,8.34001671142696E-17,-7.71951946809679E-17));
#2482=DIRECTION('',(7.71951946809679E-17,-7.71951946809679E-17,1.));
#2483=DIRECTION('',(1.,8.34001671142696E-17,-7.71951946809679E-17));
#2484=DIRECTION('',(7.71951946809679E-17,-7.71951946809679E-17,1.));
#2485=DIRECTION('',(1.,8.34001671142696E-17,-7.71951946809679E-17));
#2486=DIRECTION('',(-7.71951946809679E-17,7.71951946809679E-17,-1.));
#2487=DIRECTION('',(1.,8.67361737988404E-17,-7.71951946809679E-17));
#2488=DIRECTION('',(7.71951946809679E-17,-7.71951946809679E-17,1.));
#2489=DIRECTION('',(1.,8.34001671142696E-17,-7.71951946809679E-17));
#2490=DIRECTION('',(0.707106781186546,-1.26577346050656E-15,0.707106781186549));
#2491=DIRECTION('',(-0.707106781186549,7.82632928886893E-14,0.707106781186546));
#2492=DIRECTION('',(-2.42687353605635E-15,0.707106781186545,0.70710678118655));
#2493=DIRECTION('',(4.24719483043682E-13,-0.70710678118655,0.707106781186545));
#2494=DIRECTION('',(7.70988211545248E-17,-1.,-7.71951946809679E-17));
#2495=DIRECTION('',(-1.04750609895522E-17,7.71951946809679E-17,-1.));
#2496=DIRECTION('',(-0.707106781186547,0.707106781186548,-6.88441259989734E-16));
#2497=DIRECTION('',(-0.707106781186548,-0.707106781186547,1.98431757248257E-13));
#2498=DIRECTION('',(7.71951946809679E-17,-7.71951946809679E-17,1.));
#2499=DIRECTION('',(1.,8.34001671142696E-17,-7.71951946809679E-17));
#2500=DIRECTION('',(-0.707106781186547,8.02108857568668E-16,0.707106781186548));
#2501=DIRECTION('',(-0.707106781186548,-2.3492596200308E-13,-0.707106781186547));
#2502=DIRECTION('',(-8.0210885756867E-16,-0.707106781186548,0.707106781186547));
#2503=DIRECTION('',(-1.68594070922846E-13,-0.707106781186547,-0.707106781186548));
#2504=DIRECTION('',(1.,7.70988211545248E-17,-9.63735264431464E-20));
#2505=DIRECTION('',(-1.33440267382831E-16,1.,7.71951946809679E-17));
#2506=DIRECTION('',(1.,7.70988211545248E-17,-9.63735264431464E-20));
#2507=DIRECTION('',(-1.33440267382831E-16,1.,7.71951946809679E-17));
#2508=DIRECTION('',(0.707106781186546,-0.707106781186549,-1.408982234058E-15));
#2509=DIRECTION('',(-0.707106781186549,-0.707106781186546,-8.02030402572697E-14));
#2510=DIRECTION('',(1.,7.70988211545248E-17,-9.63735264431464E-20));
#2511=DIRECTION('',(-7.70988211545248E-17,1.,7.71951946809679E-17));
#2512=DIRECTION('',(1.,7.70988211545248E-17,-9.63735264431464E-20));
#2513=DIRECTION('',(-1.33440267382831E-16,1.,7.71951946809679E-17));
#2514=DIRECTION('',(1.,7.70988211545248E-17,-9.63735264431464E-20));
#2515=DIRECTION('',(-1.33440267382831E-16,1.,7.71951946809679E-17));
#2516=DIRECTION('',(-1.,-7.70988211545248E-17,9.63735264431464E-20));
#2517=DIRECTION('',(9.62964972193618E-34,1.,7.71951946809679E-17));
#2518=DIRECTION('',(1.,7.70988211545248E-17,-9.63735264431464E-20));
#2519=DIRECTION('',(-1.33440267382831E-16,1.,7.71951946809679E-17));
#2520=DIRECTION('',(0.707106781186545,0.70710678118655,3.84035287642544E-16));
#2521=DIRECTION('',(0.70710678118655,-0.707106781186545,1.36668811293955E-14));
#2522=DIRECTION('',(-0.707106781186549,1.44302051634158E-15,-0.707106781186546));
#2523=DIRECTION('',(0.707106781186546,2.60308176011683E-14,-0.707106781186549));
#2524=DIRECTION('',(7.70988211545248E-17,-1.,-7.71951946809679E-17));
#2525=DIRECTION('',(-1.04750609895522E-17,7.71951946809679E-17,-1.));
#2526=DIRECTION('',(3.29450042008614E-16,0.707106781186548,-0.707106781186547));
#2527=DIRECTION('',(-1.48212507351956E-14,0.707106781186547,0.707106781186548));
#2528=DIRECTION('',(1.,7.70988211545248E-17,-9.63735264431464E-20));
#2529=DIRECTION('',(-1.33440267382831E-16,1.,7.71951946809679E-17));
#2530=DIRECTION('',(-0.707106781186549,-1.42247355299124E-15,-0.707106781186546));
#2531=DIRECTION('',(0.707106781186546,1.12436436143067E-14,-0.707106781186549));
#2532=DIRECTION('',(0.707106781186547,-0.707106781186548,7.17982435962236E-16));
#2533=DIRECTION('',(-0.707106781186548,-0.707106781186547,3.63272594106499E-14));
#2534=DIRECTION('',(7.71951946809679E-17,-7.71951946809679E-17,1.));
#2535=DIRECTION('',(1.,8.34001671142696E-17,-7.71951946809679E-17));
#2536=DIRECTION('',(1.70889110009411E-15,-0.707106781186551,0.707106781186544));
#2537=DIRECTION('',(1.47013769210999E-13,-0.707106781186544,-0.707106781186551));
#2538=DIRECTION('',(0.707106781186551,-2.92007931496673E-15,0.707106781186544));
#2539=DIRECTION('',(-0.707106781186544,7.28552436583399E-14,0.707106781186551));
#2540=DIRECTION('',(9.63735264431464E-20,-7.71951946809679E-17,1.));
#2541=DIRECTION('',(-9.62964972193618E-34,-1.,-7.71951946809679E-17));
#2542=DIRECTION('',(1.,7.70988211545248E-17,-7.71951946809679E-17));
#2543=DIRECTION('',(-7.71951946809679E-17,7.71951946809679E-17,-1.));
#2544=DIRECTION('',(-9.63735264431464E-20,7.71951946809679E-17,-1.));
#2545=DIRECTION('',(-7.70988211545248E-17,1.,7.71951946809679E-17));
#2546=DIRECTION('',(-2.69845874040837E-15,-1.,-7.71951946809679E-17));
#2547=DIRECTION('',(1.,-2.69845874040837E-15,-9.63735264433559E-20));
#2548=DIRECTION('',(1.,-2.69845874040837E-15,-9.63735264433559E-20));
#2549=DIRECTION('',(9.63735264431464E-20,-7.71951946809679E-17,1.));
#2550=DIRECTION('',(9.63735264431464E-20,-7.71951946809679E-17,1.));
#2551=DIRECTION('',(7.70988211545248E-17,-1.,-7.71951946809679E-17));
#2552=DIRECTION('',(-2.55527521540711E-15,1.,7.71951946809679E-17));
#2553=DIRECTION('',(1.,2.55527521540711E-15,-9.63735264429491E-20));
#2554=DIRECTION('',(-2.55527521540711E-15,1.,7.71951946809679E-17));
#2555=DIRECTION('',(7.71951946809679E-17,-7.71951946809679E-17,1.));
#2556=DIRECTION('',(1.,8.9727076343628E-17,-7.71951946809679E-17));
#2557=DIRECTION('',(-7.71951946809679E-17,7.71951946809679E-17,-1.));
#2558=DIRECTION('',(1.,8.9727076343628E-17,-7.71951946809679E-17));
#2559=DIRECTION('',(1.,7.70988211545248E-17,-9.63735264431464E-20));
#2560=DIRECTION('',(9.62964972193618E-34,1.,7.71951946809679E-17));
#2561=DIRECTION('',(1.,7.70988211545248E-17,-9.63735264431464E-20));
#2562=DIRECTION('',(9.62964972193618E-34,1.,7.71951946809679E-17));
#2563=DIRECTION('',(7.71951946809679E-17,-7.71951946809679E-17,1.));
#2564=DIRECTION('',(1.,8.67361737988404E-17,-7.71951946809679E-17));
#2565=DIRECTION('',(7.71951946809679E-17,-7.71951946809679E-17,1.));
#2566=DIRECTION('',(1.,8.67361737988404E-17,-7.71951946809679E-17));
#2567=DIRECTION('',(7.70988211545248E-17,-1.,-7.71951946809679E-17));
#2568=DIRECTION('',(9.54097911787243E-18,7.71951946809679E-17,-1.));
#2569=DIRECTION('',(7.70988211545248E-17,-1.,-7.71951946809679E-17));
#2570=DIRECTION('',(9.54097911787243E-18,7.71951946809679E-17,-1.));
#2571=DIRECTION('',(1.,7.70988211545248E-17,-9.63735264431464E-20));
#2572=DIRECTION('',(-1.33440267382831E-16,1.,7.71951946809679E-17));
#2573=DIRECTION('',(1.,7.70988211545248E-17,-9.63735264431464E-20));
#2574=DIRECTION('',(-9.62964972193618E-34,-1.,-7.71951946809679E-17));
#2575=DIRECTION('',(-0.707106781186548,-0.707106781186547,-1.7724705583502E-16));
#2576=DIRECTION('',(0.707106781186547,-0.707106781186548,-1.52778016533909E-13));
#2577=DIRECTION('',(0.707106781186547,2.61373477441451E-16,-0.707106781186548));
#2578=DIRECTION('',(0.707106781186548,9.20953070098731E-14,0.707106781186547));
#2579=DIRECTION('',(1.,7.70988211545248E-17,-9.63735264431464E-20));
#2580=DIRECTION('',(9.62964972193618E-34,1.,7.71951946809679E-17));
#2581=DIRECTION('',(9.63735264431464E-20,-7.71951946809679E-17,1.));
#2582=DIRECTION('',(6.67201336914156E-17,-1.,-7.71951946809679E-17));
#2583=DIRECTION('',(9.63735264431464E-20,-7.71951946809679E-17,1.));
#2584=DIRECTION('',(-6.67201336914156E-17,1.,7.71951946809679E-17));
#2585=DIRECTION('',(7.71951946809679E-17,-7.71951946809679E-17,1.));
#2586=DIRECTION('',(1.,8.34001671142696E-17,-7.71951946809679E-17));
#2587=DIRECTION('',(-3.79538181331465E-16,-0.707106781186548,-0.707106781186547));
#2588=DIRECTION('',(-2.97113173311219E-14,0.707106781186547,-0.707106781186549));
#2589=DIRECTION('',(7.70988211545248E-17,-1.,-7.71951946809679E-17));
#2590=DIRECTION('',(-1.04750609895522E-17,7.71951946809679E-17,-1.));
#2591=DIRECTION('',(7.70988211545248E-17,-1.,-7.71951946809679E-17));
#2592=DIRECTION('',(-1.04750609895522E-17,7.71951946809679E-17,-1.));
#2593=DIRECTION('',(7.70988211545248E-17,-1.,-7.71951946809679E-17));
#2594=DIRECTION('',(-1.04750609895522E-17,7.71951946809679E-17,-1.));
#2595=DIRECTION('',(1.,7.70988211545248E-17,-9.63735264431464E-20));
#2596=DIRECTION('',(9.62964972193618E-34,1.,7.71951946809679E-17));
#2597=DIRECTION('',(-1.,-7.70988211545248E-17,9.63735264431464E-20));
#2598=DIRECTION('',(9.62964972193618E-34,1.,7.71951946809679E-17));
#2599=DIRECTION('',(-7.70988211545248E-17,1.,7.71951946809679E-17));
#2600=DIRECTION('',(-4.2440907110536E-17,-7.71951946809679E-17,1.));
#2601=DIRECTION('',(7.70988211545248E-17,-1.,-7.71951946809679E-17));
#2602=DIRECTION('',(4.2440907110536E-17,7.71951946809679E-17,-1.));
#2603=DIRECTION('',(7.70988211545248E-17,-1.,-7.71951946809679E-17));
#2604=DIRECTION('',(-9.63735264431464E-20,7.71951946809679E-17,-1.));
#2605=DIRECTION('',(-7.20610281873893E-16,-1.,-1.03679489323184E-15));
#2606=DIRECTION('',(0.999999999404371,-7.16990331110601E-16,-3.45145931559935E-5));
#2607=DIRECTION('',(-9.62964972193618E-34,-1.,-7.71951946809679E-17));
#2608=DIRECTION('',(8.68732686423536E-7,-7.71951946809388E-17,0.999999999999623));
#2609=DIRECTION('',(-7.96432949500522E-16,-1.,9.5822717149653E-16));
#2610=DIRECTION('',(-3.4514593126297E-5,-8.78795465993436E-16,-0.999999999404371));
#2611=DIRECTION('',(9.62964972193618E-34,1.,7.71951946809679E-17));
#2612=DIRECTION('',(7.71951946809679E-17,-7.71951946809679E-17,1.));
#2613=DIRECTION('',(7.70988211545248E-17,-1.,-7.71951946809679E-17));
#2614=DIRECTION('',(1.80242641925968E-17,-7.71951946809679E-17,1.));
#2615=DIRECTION('',(9.63735264431464E-20,-7.71951946809679E-17,1.));
#2616=DIRECTION('',(-0.924224592736303,-0.381849318686592,-2.9387861711579E-17));
#2617=DIRECTION('',(-1.58286596718844E-16,2.05936823704436E-17,1.));
#2618=DIRECTION('',(0.381817419223349,-0.92423777155969,7.94700389591031E-17));
#2619=DIRECTION('',(6.14897368162053E-17,-3.91818483465437E-17,1.));
#2620=DIRECTION('',(0.924224924460939,0.381848515782335,-4.18688167273441E-17));
#2621=DIRECTION('',(4.6744074898256E-17,-1.50523414134734E-16,1.));
#2622=DIRECTION('',(-0.924237771559678,-0.381817419223378,-1.4269821900033E-17));
#2623=DIRECTION('',(-1.6120032328165E-18,7.75355336545771E-17,-1.));
#2624=DIRECTION('',(1.,-8.38526068809998E-34,-1.6120032328165E-18));
#2625=DIRECTION('',(9.63735264431587E-20,-7.71951946809679E-17,1.));
#2626=DIRECTION('',(0.924224592736303,0.381849318686592,2.839671508453E-17));
#2627=DIRECTION('',(1.,7.70988211545247E-17,-9.63735264431464E-20));
#2628=DIRECTION('',(-7.70988211545247E-17,1.,7.71951946809679E-17));
#2629=DIRECTION('',(1.,-2.11088733483115E-16,3.72882955479124E-16));
#2630=DIRECTION('',(-4.00800135679238E-16,3.45145931554806E-5,0.999999999404371));
#2631=DIRECTION('',(1.,4.83434666275211E-32,-3.19379054790145E-16));
#2632=DIRECTION('',(2.38989483738875E-16,-0.999999999999623,8.68732686149651E-7));
#2633=DIRECTION('',(1.,-1.03542236617747E-15,-8.73628144181458E-16));
#2634=DIRECTION('',(9.55987996267688E-16,0.999999999404371,-3.45145931252464E-5));
#2635=DIRECTION('',(-1.,4.10292819883689E-33,-4.0675630647997E-17));
#2636=DIRECTION('',(4.0675630647997E-17,7.71951946809679E-17,-1.));
#2637=DIRECTION('',(1.,7.70988211545248E-17,-9.63735264431464E-20));
#2638=DIRECTION('',(-9.62964972193618E-34,-1.,-7.71951946809679E-17));
#2639=CARTESIAN_POINT('',(0.,0.,0.));
#2640=CARTESIAN_POINT('',(-10.6315542170994,-3.69706633680383,-32.));
#2641=CARTESIAN_POINT('',(-10.6315542170994,13.3029336631962,-32.));
#2642=CARTESIAN_POINT('',(-10.6315542170994,13.3029336631962,-32.));
#2643=CARTESIAN_POINT('',(2.36844578290056,13.3029336631962,-45.));
#2644=CARTESIAN_POINT('',(2.36844578290056,-3.69706633680383,-45.));
#2645=CARTESIAN_POINT('',(2.36844578290056,-3.69706633680383,-45.));
#2646=CARTESIAN_POINT('',(-10.6315542170994,-3.69706633680383,-32.));
#2647=CARTESIAN_POINT('',(-10.6315542170994,-3.69706633680383,-32.));
#2648=CARTESIAN_POINT('',(-10.6315542170994,-3.69706633680383,-32.));
#2649=CARTESIAN_POINT('',(-3.58155421709945,13.3029336631962,-47.));
#2650=CARTESIAN_POINT('',(-1.08155421709945,13.3029336631962,-47.));
#2651=CARTESIAN_POINT('',(-1.08155421709945,13.3029336631962,-47.));
#2652=CARTESIAN_POINT('',(-1.08155421709945,13.3029336631962,-45.));
#2653=CARTESIAN_POINT('',(2.36844578290056,13.3029336631962,-45.));
#2654=CARTESIAN_POINT('',(-10.6315542170994,13.3029336631962,-45.));
#2655=CARTESIAN_POINT('',(-10.6315542170994,13.3029336631962,-35.45));
#2656=CARTESIAN_POINT('',(-12.6315542170994,13.3029336631962,-35.45));
#2657=CARTESIAN_POINT('',(-12.6315542170994,13.3029336631962,-35.45));
#2658=CARTESIAN_POINT('',(-12.6315542170994,13.3029336631962,-37.95));
#2659=CARTESIAN_POINT('',(-12.6315542170994,13.3029336631962,-37.95));
#2660=CARTESIAN_POINT('',(-12.6315542170994,13.3029336631962,-37.95));
#2661=CARTESIAN_POINT('',(-10.6315542170994,13.3029336631962,-37.95));
#2662=CARTESIAN_POINT('',(-10.6315542170994,13.3029336631962,-45.));
#2663=CARTESIAN_POINT('',(-10.6315542170994,13.3029336631962,-45.));
#2664=CARTESIAN_POINT('',(2.36844578290056,13.3029336631962,-45.));
#2665=CARTESIAN_POINT('',(-3.58155421709944,13.3029336631962,-45.));
#2666=CARTESIAN_POINT('',(-3.58155421709945,13.3029336631962,-47.));
#2667=CARTESIAN_POINT('',(-3.58155421709945,13.3029336631962,-47.));
#2668=CARTESIAN_POINT('',(-3.58155421709945,13.3029336631962,-47.));
#2669=CARTESIAN_POINT('',(-1.08155421709945,13.3029336631962,-47.));
#2670=CARTESIAN_POINT('',(-1.08155421709945,13.3029336631962,-45.));
#2671=CARTESIAN_POINT('',(-1.08155421709945,14.7029336631962,-45.));
#2672=CARTESIAN_POINT('',(-1.08155421709945,13.3029336631962,-47.));
#2673=CARTESIAN_POINT('',(-1.08155421709945,14.7029336631962,-47.));
#2674=CARTESIAN_POINT('',(-1.08155421709945,14.7029336631962,-47.));
#2675=CARTESIAN_POINT('',(-10.6315542170994,27.3029336631962,-45.));
#2676=CARTESIAN_POINT('',(11.8684457829006,4.80293366319618,-45.));
#2677=CARTESIAN_POINT('',(19.1184457829006,4.80293366319618,-45.));
#2678=CARTESIAN_POINT('',(20.3684457829006,20.2529336631962,-45.));
#2679=CARTESIAN_POINT('',(20.3684457829006,20.2529336631962,-45.));
#2680=CARTESIAN_POINT('',(21.7684457829006,20.2529336631962,-45.));
#2681=CARTESIAN_POINT('',(20.3684457829006,14.3029336631962,-45.));
#2682=CARTESIAN_POINT('',(20.3684457829006,27.3029336631962,-45.));
#2683=CARTESIAN_POINT('',(-10.6315542170994,27.3029336631962,-45.));
#2684=CARTESIAN_POINT('',(32.3684457829006,27.3029336631962,-45.));
#2685=CARTESIAN_POINT('',(32.3684457829006,25.3029336631962,-45.));
#2686=CARTESIAN_POINT('',(34.3684457829006,25.3029336631962,-45.));
#2687=CARTESIAN_POINT('',(34.3684457829006,27.3029336631962,-45.));
#2688=CARTESIAN_POINT('',(34.3684457829006,-15.6970663368038,-45.));
#2689=CARTESIAN_POINT('',(32.3684457829006,-15.6970663368038,-45.));
#2690=CARTESIAN_POINT('',(32.3684457829006,-17.6970663368038,-45.));
#2691=CARTESIAN_POINT('',(-10.6315542170994,-17.6970663368038,-45.));
#2692=CARTESIAN_POINT('',(-10.6315542170994,-17.6970663368038,-45.));
#2693=CARTESIAN_POINT('',(-10.6315542170994,27.3029336631962,-45.));
#2694=CARTESIAN_POINT('',(-10.6315542170994,-3.69706633680383,-45.));
#2695=CARTESIAN_POINT('',(2.36844578290056,-3.69706633680383,-45.));
#2696=CARTESIAN_POINT('',(-3.58155421709944,-3.69706633680383,-45.));
#2697=CARTESIAN_POINT('',(-3.58155421709944,-5.09706633680383,-45.));
#2698=CARTESIAN_POINT('',(-3.58155421709944,-5.09706633680383,-45.));
#2699=CARTESIAN_POINT('',(-1.08155421709944,-5.09706633680383,-45.));
#2700=CARTESIAN_POINT('',(-1.08155421709944,-5.09706633680383,-45.));
#2701=CARTESIAN_POINT('',(-1.08155421709944,-5.09706633680383,-45.));
#2702=CARTESIAN_POINT('',(-1.08155421709944,-3.69706633680383,-45.));
#2703=CARTESIAN_POINT('',(2.36844578290056,-3.69706633680383,-45.));
#2704=CARTESIAN_POINT('',(-3.58155421709945,14.7029336631962,-45.));
#2705=CARTESIAN_POINT('',(-3.58155421709945,14.7029336631962,-45.));
#2706=CARTESIAN_POINT('',(-3.58155421709945,13.3029336631962,-45.));
#2707=CARTESIAN_POINT('',(-10.6315542170994,27.3029336631962,-45.));
#2708=CARTESIAN_POINT('',(-10.6315542170994,27.3029336631962,-45.));
#2709=CARTESIAN_POINT('',(-10.6315542170994,27.3029336631962,-45.));
#2710=CARTESIAN_POINT('',(3.36844578290056,27.3029336631962,-45.));
#2711=CARTESIAN_POINT('',(3.36844578290056,14.3029336631962,-45.));
#2712=CARTESIAN_POINT('',(3.36844578290056,20.2529336631962,-45.));
#2713=CARTESIAN_POINT('',(3.36844578290056,20.2529336631962,-45.));
#2714=CARTESIAN_POINT('',(1.96844578290056,20.2529336631962,-45.));
#2715=CARTESIAN_POINT('',(1.96844578290056,17.7529336631962,-45.));
#2716=CARTESIAN_POINT('',(1.96844578290056,17.7529336631962,-45.));
#2717=CARTESIAN_POINT('',(3.36844578290056,17.7529336631962,-45.));
#2718=CARTESIAN_POINT('',(3.36844578290056,17.7529336631962,-45.));
#2719=CARTESIAN_POINT('',(3.36844578290056,14.3029336631962,-45.));
#2720=CARTESIAN_POINT('',(3.36844578290056,14.3029336631962,-45.));
#2721=CARTESIAN_POINT('',(20.3684457829006,14.3029336631962,-45.));
#2722=CARTESIAN_POINT('',(20.3684457829006,14.3029336631962,-45.));
#2723=CARTESIAN_POINT('',(20.3684457829006,14.3029336631962,-45.));
#2724=CARTESIAN_POINT('',(20.3684457829006,17.7529336631962,-45.));
#2725=CARTESIAN_POINT('',(20.3684457829006,17.7529336631962,-45.));
#2726=CARTESIAN_POINT('',(21.7684457829006,17.7529336631962,-45.));
#2727=CARTESIAN_POINT('',(21.7684457829006,20.2529336631962,-45.));
#2728=CARTESIAN_POINT('',(20.3684457829006,20.2529336631962,-47.));
#2729=CARTESIAN_POINT('',(21.7684457829006,20.2529336631962,-47.));
#2730=CARTESIAN_POINT('',(21.7684457829006,20.2529336631962,-47.));
#2731=CARTESIAN_POINT('',(20.3684457829006,20.2529336631962,-47.));
#2732=CARTESIAN_POINT('',(20.3684457829006,20.2529336631962,-47.));
#2733=CARTESIAN_POINT('',(20.3684457829006,20.2529336631962,-47.));
#2734=CARTESIAN_POINT('',(21.7684457829006,20.2529336631962,-47.));
#2735=CARTESIAN_POINT('',(21.7684457829006,17.7529336631962,-47.));
#2736=CARTESIAN_POINT('',(21.7684457829006,17.7529336631962,-47.));
#2737=CARTESIAN_POINT('',(21.7684457829006,20.2529336631962,-47.));
#2738=CARTESIAN_POINT('',(20.3684457829006,17.7529336631962,-47.));
#2739=CARTESIAN_POINT('',(20.3684457829006,17.7529336631962,-47.));
#2740=CARTESIAN_POINT('',(20.3684457829006,17.7529336631962,-47.));
#2741=CARTESIAN_POINT('',(20.3684457829006,17.7529336631962,-47.));
#2742=CARTESIAN_POINT('',(20.3684457829006,20.2529336631962,-47.));
#2743=CARTESIAN_POINT('',(20.3684457829006,27.3029336631962,-32.));
#2744=CARTESIAN_POINT('',(20.3684457829006,27.3029336631962,-32.));
#2745=CARTESIAN_POINT('',(20.3684457829006,27.3029336631962,-45.));
#2746=CARTESIAN_POINT('',(20.3684457829006,27.3029336631962,-35.45));
#2747=CARTESIAN_POINT('',(20.3684457829006,29.3029336631962,-35.45));
#2748=CARTESIAN_POINT('',(20.3684457829006,29.3029336631962,-35.45));
#2749=CARTESIAN_POINT('',(20.3684457829006,29.3029336631962,-37.95));
#2750=CARTESIAN_POINT('',(20.3684457829006,29.3029336631962,-37.95));
#2751=CARTESIAN_POINT('',(20.3684457829006,29.3029336631962,-37.95));
#2752=CARTESIAN_POINT('',(20.3684457829006,27.3029336631962,-37.95));
#2753=CARTESIAN_POINT('',(20.3684457829006,27.3029336631962,-45.));
#2754=CARTESIAN_POINT('',(20.3684457829006,20.2529336631962,-47.));
#2755=CARTESIAN_POINT('',(20.3684457829006,27.3029336631962,-32.));
#2756=CARTESIAN_POINT('',(3.36844578290056,27.3029336631962,-32.));
#2757=CARTESIAN_POINT('',(3.36844578290056,27.3029336631962,-32.));
#2758=CARTESIAN_POINT('',(20.3684457829006,27.3029336631962,-32.));
#2759=CARTESIAN_POINT('',(3.36844578290056,17.7529336631962,-47.));
#2760=CARTESIAN_POINT('',(3.36844578290056,20.2529336631962,-47.));
#2761=CARTESIAN_POINT('',(3.36844578290056,20.2529336631962,-47.));
#2762=CARTESIAN_POINT('',(3.36844578290056,27.3029336631962,-45.));
#2763=CARTESIAN_POINT('',(3.36844578290056,27.3029336631962,-37.95));
#2764=CARTESIAN_POINT('',(3.36844578290056,29.3029336631962,-37.95));
#2765=CARTESIAN_POINT('',(3.36844578290056,29.3029336631962,-37.95));
#2766=CARTESIAN_POINT('',(3.36844578290056,29.3029336631962,-37.95));
#2767=CARTESIAN_POINT('',(3.36844578290056,29.3029336631962,-35.45));
#2768=CARTESIAN_POINT('',(3.36844578290056,29.3029336631962,-35.45));
#2769=CARTESIAN_POINT('',(3.36844578290056,27.3029336631962,-35.45));
#2770=CARTESIAN_POINT('',(3.36844578290056,27.3029336631962,-45.));
#2771=CARTESIAN_POINT('',(3.36844578290056,17.7529336631962,-47.));
#2772=CARTESIAN_POINT('',(3.36844578290056,17.7529336631962,-47.));
#2773=CARTESIAN_POINT('',(3.36844578290056,17.7529336631962,-47.));
#2774=CARTESIAN_POINT('',(3.36844578290056,20.2529336631962,-47.));
#2775=CARTESIAN_POINT('',(3.36844578290056,20.2529336631962,-47.));
#2776=CARTESIAN_POINT('',(1.96844578290056,20.2529336631962,-47.));
#2777=CARTESIAN_POINT('',(1.96844578290056,20.2529336631962,-47.));
#2778=CARTESIAN_POINT('',(1.96844578290056,17.7529336631962,-47.));
#2779=CARTESIAN_POINT('',(3.36844578290056,17.7529336631962,-47.));
#2780=CARTESIAN_POINT('',(1.96844578290056,17.7529336631962,-47.));
#2781=CARTESIAN_POINT('',(1.96844578290056,17.7529336631962,-47.));
#2782=CARTESIAN_POINT('',(3.36844578290056,17.7529336631962,-47.));
#2783=CARTESIAN_POINT('',(1.96844578290056,17.7529336631962,-47.));
#2784=CARTESIAN_POINT('',(1.96844578290056,17.7529336631962,-47.));
#2785=CARTESIAN_POINT('',(34.3684457829006,27.3029336631962,-45.));
#2786=CARTESIAN_POINT('',(21.7684457829006,27.3029336631962,-37.95));
#2787=CARTESIAN_POINT('',(21.7684457829006,27.3029336631962,-37.95));
#2788=CARTESIAN_POINT('',(21.7684457829006,27.3029336631962,-37.95));
#2789=CARTESIAN_POINT('',(21.7684457829006,27.3029336631962,-35.45));
#2790=CARTESIAN_POINT('',(21.7684457829006,27.3029336631962,-35.45));
#2791=CARTESIAN_POINT('',(3.36844578290056,27.3029336631962,-35.45));
#2792=CARTESIAN_POINT('',(1.96844578290056,27.3029336631962,-35.45));
#2793=CARTESIAN_POINT('',(1.96844578290056,27.3029336631962,-37.95));
#2794=CARTESIAN_POINT('',(1.96844578290056,27.3029336631962,-37.95));
#2795=CARTESIAN_POINT('',(3.36844578290056,27.3029336631962,-37.95));
#2796=CARTESIAN_POINT('',(-10.6315542170994,27.3029336631962,1.04804024734592E-14));
#2797=CARTESIAN_POINT('',(-10.6315542170994,27.3029336631962,-31.));
#2798=CARTESIAN_POINT('',(-10.6315542170994,27.3029336631962,-31.));
#2799=CARTESIAN_POINT('',(-3.58155421709944,27.3029336631962,-31.));
#2800=CARTESIAN_POINT('',(-3.58155421709944,27.3029336631962,-31.));
#2801=CARTESIAN_POINT('',(-3.58155421709944,27.3029336631962,-32.4));
#2802=CARTESIAN_POINT('',(-3.58155421709944,27.3029336631962,-32.4));
#2803=CARTESIAN_POINT('',(-1.08155421709944,27.3029336631962,-32.4));
#2804=CARTESIAN_POINT('',(-1.08155421709944,27.3029336631962,-31.));
#2805=CARTESIAN_POINT('',(-1.08155421709944,27.3029336631962,-31.));
#2806=CARTESIAN_POINT('',(-10.6315542170994,27.3029336631962,-31.));
#2807=CARTESIAN_POINT('',(2.36844578290056,27.3029336631962,-31.));
#2808=CARTESIAN_POINT('',(2.36844578290056,27.3029336631962,-14.));
#2809=CARTESIAN_POINT('',(2.36844578290056,27.3029336631962,-14.));
#2810=CARTESIAN_POINT('',(-10.6315542170994,27.3029336631962,-14.));
#2811=CARTESIAN_POINT('',(-1.08155421709945,27.3029336631962,-14.));
#2812=CARTESIAN_POINT('',(-1.08155421709944,27.3029336631962,-14.));
#2813=CARTESIAN_POINT('',(-1.08155421709945,27.3029336631962,-12.6));
#2814=CARTESIAN_POINT('',(-3.58155421709944,27.3029336631962,-12.6));
#2815=CARTESIAN_POINT('',(-3.58155421709944,27.3029336631962,-12.6));
#2816=CARTESIAN_POINT('',(-3.58155421709944,27.3029336631962,-14.));
#2817=CARTESIAN_POINT('',(-3.58155421709944,27.3029336631962,-14.));
#2818=CARTESIAN_POINT('',(-10.6315542170994,27.3029336631962,-14.));
#2819=CARTESIAN_POINT('',(-10.6315542170994,27.3029336631962,-14.));
#2820=CARTESIAN_POINT('',(-10.6315542170994,27.3029336631962,1.04804024734592E-14));
#2821=CARTESIAN_POINT('',(-10.6315542170994,27.3029336631962,-1.99999999999999));
#2822=CARTESIAN_POINT('',(34.3684457829006,27.3029336631962,-1.99999999999999));
#2823=CARTESIAN_POINT('',(32.3684457829006,27.3029336631962,-1.99999999999999));
#2824=CARTESIAN_POINT('',(32.3684457829006,27.3029336631962,-45.));
#2825=CARTESIAN_POINT('',(11.8684457829006,27.3029336631962,-22.5));
#2826=CARTESIAN_POINT('',(11.8684457829006,27.3029336631962,-15.25));
#2827=CARTESIAN_POINT('',(21.7684457829006,29.3029336631962,-37.95));
#2828=CARTESIAN_POINT('',(21.7684457829006,29.3029336631962,-37.95));
#2829=CARTESIAN_POINT('',(21.7684457829006,29.3029336631962,-37.95));
#2830=CARTESIAN_POINT('',(21.7684457829006,29.3029336631962,-37.95));
#2831=CARTESIAN_POINT('',(20.3684457829006,29.3029336631962,-37.95));
#2832=CARTESIAN_POINT('',(21.7684457829006,29.3029336631962,-35.45));
#2833=CARTESIAN_POINT('',(21.7684457829006,29.3029336631962,-35.45));
#2834=CARTESIAN_POINT('',(21.7684457829006,29.3029336631962,-37.95));
#2835=CARTESIAN_POINT('',(21.7684457829006,29.3029336631962,-35.45));
#2836=CARTESIAN_POINT('',(21.7684457829006,29.3029336631962,-35.45));
#2837=CARTESIAN_POINT('',(21.7684457829006,29.3029336631962,-37.95));
#2838=CARTESIAN_POINT('',(3.36844578290056,29.3029336631962,-35.45));
#2839=CARTESIAN_POINT('',(3.36844578290056,29.3029336631962,-35.45));
#2840=CARTESIAN_POINT('',(1.96844578290056,29.3029336631962,-35.45));
#2841=CARTESIAN_POINT('',(1.96844578290056,29.3029336631962,-35.45));
#2842=CARTESIAN_POINT('',(1.96844578290056,29.3029336631962,-37.95));
#2843=CARTESIAN_POINT('',(3.36844578290056,29.3029336631962,-37.95));
#2844=CARTESIAN_POINT('',(1.96844578290056,29.3029336631962,-37.95));
#2845=CARTESIAN_POINT('',(1.96844578290056,29.3029336631962,-37.95));
#2846=CARTESIAN_POINT('',(3.36844578290056,29.3029336631962,-37.95));
#2847=CARTESIAN_POINT('',(1.96844578290056,29.3029336631962,-37.95));
#2848=CARTESIAN_POINT('',(1.96844578290056,29.3029336631962,-37.95));
#2849=CARTESIAN_POINT('',(-10.6315542170994,27.3029336631962,1.04804024734592E-14));
#2850=CARTESIAN_POINT('',(-10.6315542170994,14.3029336631962,-14.));
#2851=CARTESIAN_POINT('',(-10.6315542170994,20.2529336631962,-14.));
#2852=CARTESIAN_POINT('',(-10.6315542170994,20.2529336631962,-14.));
#2853=CARTESIAN_POINT('',(-10.6315542170994,20.2529336631962,-12.6));
#2854=CARTESIAN_POINT('',(-10.6315542170994,20.2529336631962,-12.6));
#2855=CARTESIAN_POINT('',(-10.6315542170994,17.7529336631962,-12.6));
#2856=CARTESIAN_POINT('',(-10.6315542170994,17.7529336631962,-14.));
#2857=CARTESIAN_POINT('',(-10.6315542170994,17.7529336631962,-14.));
#2858=CARTESIAN_POINT('',(-10.6315542170994,14.3029336631962,-14.));
#2859=CARTESIAN_POINT('',(-10.6315542170994,14.3029336631962,-14.));
#2860=CARTESIAN_POINT('',(-10.6315542170994,14.3029336631962,-14.));
#2861=CARTESIAN_POINT('',(-10.6315542170994,14.3029336631962,-31.));
#2862=CARTESIAN_POINT('',(-10.6315542170994,14.3029336631962,-31.));
#2863=CARTESIAN_POINT('',(-10.6315542170994,17.7529336631962,-31.));
#2864=CARTESIAN_POINT('',(-10.6315542170994,17.7529336631962,-32.4));
#2865=CARTESIAN_POINT('',(-10.6315542170994,17.7529336631962,-32.4));
#2866=CARTESIAN_POINT('',(-10.6315542170994,20.2529336631962,-32.4));
#2867=CARTESIAN_POINT('',(-10.6315542170994,20.2529336631962,-32.4));
#2868=CARTESIAN_POINT('',(-10.6315542170994,20.2529336631962,-32.4));
#2869=CARTESIAN_POINT('',(-10.6315542170994,20.2529336631962,-31.));
#2870=CARTESIAN_POINT('',(-10.6315542170994,14.3029336631962,-31.));
#2871=CARTESIAN_POINT('',(-10.6315542170994,14.7029336631962,-37.95));
#2872=CARTESIAN_POINT('',(-10.6315542170994,14.7029336631962,-37.95));
#2873=CARTESIAN_POINT('',(-10.6315542170994,14.7029336631962,-37.95));
#2874=CARTESIAN_POINT('',(-10.6315542170994,14.7029336631962,-35.45));
#2875=CARTESIAN_POINT('',(-10.6315542170994,14.7029336631962,-35.45));
#2876=CARTESIAN_POINT('',(-10.6315542170994,-3.69706633680383,-45.));
#2877=CARTESIAN_POINT('',(-10.6315542170994,-3.69706633680383,-35.45));
#2878=CARTESIAN_POINT('',(-10.6315542170994,-3.69706633680384,-35.45));
#2879=CARTESIAN_POINT('',(-10.6315542170994,-5.09706633680384,-35.45));
#2880=CARTESIAN_POINT('',(-10.6315542170994,-5.09706633680384,-37.95));
#2881=CARTESIAN_POINT('',(-10.6315542170994,-5.09706633680384,-37.95));
#2882=CARTESIAN_POINT('',(-10.6315542170994,-3.69706633680384,-37.95));
#2883=CARTESIAN_POINT('',(-10.6315542170994,-3.69706633680384,-37.95));
#2884=CARTESIAN_POINT('',(-10.6315542170994,-3.69706633680383,-45.));
#2885=CARTESIAN_POINT('',(-10.6315542170994,-17.6970663368038,7.00661871281567E-15));
#2886=CARTESIAN_POINT('',(-10.6315542170994,-17.6970663368038,-1.99999999999999));
#2887=CARTESIAN_POINT('',(-10.6315542170994,-15.6970663368038,-1.99999999999999));
#2888=CARTESIAN_POINT('',(-10.6315542170994,-15.6970663368038,7.1610091021776E-15));
#2889=CARTESIAN_POINT('',(-10.6315542170994,27.3029336631962,1.04804024734592E-14));
#2890=CARTESIAN_POINT('',(-10.6315542170994,25.3029336631962,1.03260120840973E-14));
#2891=CARTESIAN_POINT('',(-10.6315542170994,25.3029336631962,-1.99999999999999));
#2892=CARTESIAN_POINT('',(-10.6315542170994,4.80293366319617,-22.5));
#2893=CARTESIAN_POINT('',(-10.6315542170994,12.0529336631962,-22.5));
#2894=CARTESIAN_POINT('',(-12.6315542170994,20.2529336631962,-14.));
#2895=CARTESIAN_POINT('',(-12.6315542170994,20.2529336631962,-14.));
#2896=CARTESIAN_POINT('',(-12.6315542170994,20.2529336631962,-14.));
#2897=CARTESIAN_POINT('',(-3.58155421709944,29.3029336631962,-14.));
#2898=CARTESIAN_POINT('',(-3.58155421709944,29.3029336631962,-14.));
#2899=CARTESIAN_POINT('',(-3.58155421709944,29.3029336631962,-14.));
#2900=CARTESIAN_POINT('',(-1.08155421709944,29.3029336631962,-14.));
#2901=CARTESIAN_POINT('',(-1.08155421709944,29.3029336631962,-14.));
#2902=CARTESIAN_POINT('',(2.36844578290056,27.3029336631962,-14.));
#2903=CARTESIAN_POINT('',(-12.6315542170994,17.7529336631962,-14.));
#2904=CARTESIAN_POINT('',(-12.6315542170994,17.7529336631962,-14.));
#2905=CARTESIAN_POINT('',(-12.6315542170994,20.2529336631962,-14.));
#2906=CARTESIAN_POINT('',(-12.6315542170994,20.2529336631962,-14.));
#2907=CARTESIAN_POINT('',(-12.6315542170994,20.2529336631962,-14.));
#2908=CARTESIAN_POINT('',(-12.6315542170994,20.2529336631962,-12.6));
#2909=CARTESIAN_POINT('',(-12.6315542170994,20.2529336631962,-12.6));
#2910=CARTESIAN_POINT('',(-12.6315542170994,17.7529336631962,-14.));
#2911=CARTESIAN_POINT('',(-12.6315542170994,17.7529336631962,-14.));
#2912=CARTESIAN_POINT('',(-12.6315542170994,17.7529336631962,-12.6));
#2913=CARTESIAN_POINT('',(-12.6315542170994,20.2529336631962,-12.6));
#2914=CARTESIAN_POINT('',(-12.6315542170994,17.7529336631962,-14.));
#2915=CARTESIAN_POINT('',(-12.6315542170994,17.7529336631962,-12.6));
#2916=CARTESIAN_POINT('',(-12.6315542170994,20.2529336631962,-12.6));
#2917=CARTESIAN_POINT('',(-3.58155421709944,29.3029336631962,-14.));
#2918=CARTESIAN_POINT('',(-3.58155421709944,29.3029336631962,-12.6));
#2919=CARTESIAN_POINT('',(-3.58155421709944,29.3029336631962,-12.6));
#2920=CARTESIAN_POINT('',(-3.58155421709944,29.3029336631962,-14.));
#2921=CARTESIAN_POINT('',(-3.58155421709944,29.3029336631962,-12.6));
#2922=CARTESIAN_POINT('',(-1.08155421709944,29.3029336631962,-12.6));
#2923=CARTESIAN_POINT('',(-1.08155421709944,29.3029336631962,-12.6));
#2924=CARTESIAN_POINT('',(-3.58155421709944,29.3029336631962,-12.6));
#2925=CARTESIAN_POINT('',(-1.08155421709944,29.3029336631962,-14.));
#2926=CARTESIAN_POINT('',(-1.08155421709944,29.3029336631962,-14.));
#2927=CARTESIAN_POINT('',(-1.08155421709944,29.3029336631962,-14.));
#2928=CARTESIAN_POINT('',(2.36844578290056,27.3029336631962,-14.));
#2929=CARTESIAN_POINT('',(2.36844578290056,27.3029336631962,-31.));
#2930=CARTESIAN_POINT('',(-12.6315542170994,20.2529336631962,-31.));
#2931=CARTESIAN_POINT('',(-12.6315542170994,17.7529336631962,-31.));
#2932=CARTESIAN_POINT('',(-12.6315542170994,17.7529336631962,-31.));
#2933=CARTESIAN_POINT('',(-1.08155421709944,29.3029336631962,-31.));
#2934=CARTESIAN_POINT('',(-1.08155421709944,29.3029336631962,-31.));
#2935=CARTESIAN_POINT('',(-3.58155421709944,29.3029336631962,-31.));
#2936=CARTESIAN_POINT('',(-3.58155421709944,29.3029336631962,-31.));
#2937=CARTESIAN_POINT('',(-3.58155421709944,29.3029336631962,-31.));
#2938=CARTESIAN_POINT('',(-12.6315542170994,20.2529336631962,-31.));
#2939=CARTESIAN_POINT('',(-12.6315542170994,20.2529336631962,-31.));
#2940=CARTESIAN_POINT('',(-12.6315542170994,20.2529336631962,-31.));
#2941=CARTESIAN_POINT('',(-12.6315542170994,17.7529336631962,-32.4));
#2942=CARTESIAN_POINT('',(-12.6315542170994,17.7529336631962,-32.4));
#2943=CARTESIAN_POINT('',(-12.6315542170994,17.7529336631962,-32.4));
#2944=CARTESIAN_POINT('',(-12.6315542170994,17.7529336631962,-32.4));
#2945=CARTESIAN_POINT('',(-12.6315542170994,17.7529336631962,-32.4));
#2946=CARTESIAN_POINT('',(-12.6315542170994,20.2529336631962,-32.4));
#2947=CARTESIAN_POINT('',(-12.6315542170994,20.2529336631962,-32.4));
#2948=CARTESIAN_POINT('',(-12.6315542170994,20.2529336631962,-32.4));
#2949=CARTESIAN_POINT('',(-12.6315542170994,20.2529336631962,-32.4));
#2950=CARTESIAN_POINT('',(-12.6315542170994,20.2529336631962,-32.4));
#2951=CARTESIAN_POINT('',(-12.6315542170994,20.2529336631962,-32.4));
#2952=CARTESIAN_POINT('',(-1.08155421709944,29.3029336631962,-31.));
#2953=CARTESIAN_POINT('',(-1.08155421709944,29.3029336631962,-32.4));
#2954=CARTESIAN_POINT('',(-1.08155421709944,29.3029336631962,-32.4));
#2955=CARTESIAN_POINT('',(-1.08155421709944,29.3029336631962,-31.));
#2956=CARTESIAN_POINT('',(-3.58155421709944,29.3029336631962,-32.4));
#2957=CARTESIAN_POINT('',(-3.58155421709944,29.3029336631962,-32.4));
#2958=CARTESIAN_POINT('',(-3.58155421709944,29.3029336631962,-32.4));
#2959=CARTESIAN_POINT('',(-3.58155421709944,29.3029336631962,-32.4));
#2960=CARTESIAN_POINT('',(-3.58155421709944,29.3029336631962,-31.));
#2961=CARTESIAN_POINT('',(-3.58155421709944,29.3029336631962,-31.));
#2962=CARTESIAN_POINT('',(-3.58155421709944,29.3029336631962,-31.));
#2963=CARTESIAN_POINT('',(-12.6315542170994,14.7029336631962,-37.95));
#2964=CARTESIAN_POINT('',(-12.6315542170994,14.7029336631962,-37.95));
#2965=CARTESIAN_POINT('',(-12.6315542170994,14.7029336631962,-37.95));
#2966=CARTESIAN_POINT('',(-12.6315542170994,14.7029336631962,-37.95));
#2967=CARTESIAN_POINT('',(-12.6315542170994,13.3029336631962,-37.95));
#2968=CARTESIAN_POINT('',(-12.6315542170994,14.7029336631962,-35.45));
#2969=CARTESIAN_POINT('',(-12.6315542170994,14.7029336631962,-35.45));
#2970=CARTESIAN_POINT('',(-12.6315542170994,14.7029336631962,-37.95));
#2971=CARTESIAN_POINT('',(-12.6315542170994,14.7029336631962,-35.45));
#2972=CARTESIAN_POINT('',(-12.6315542170994,14.7029336631962,-35.45));
#2973=CARTESIAN_POINT('',(-12.6315542170994,14.7029336631962,-37.95));
#2974=CARTESIAN_POINT('',(-1.08155421709944,-3.69706633680383,-47.));
#2975=CARTESIAN_POINT('',(-3.58155421709944,-3.69706633680383,-47.));
#2976=CARTESIAN_POINT('',(-3.58155421709944,-3.69706633680383,-47.));
#2977=CARTESIAN_POINT('',(-12.6315542170994,-3.69706633680384,-37.95));
#2978=CARTESIAN_POINT('',(-12.6315542170994,-3.69706633680384,-37.95));
#2979=CARTESIAN_POINT('',(-12.6315542170994,-3.69706633680384,-37.95));
#2980=CARTESIAN_POINT('',(-12.6315542170994,-3.69706633680384,-35.45));
#2981=CARTESIAN_POINT('',(-12.6315542170994,-3.69706633680384,-35.45));
#2982=CARTESIAN_POINT('',(-1.08155421709944,-3.69706633680383,-47.));
#2983=CARTESIAN_POINT('',(-1.08155421709944,-3.69706633680383,-47.));
#2984=CARTESIAN_POINT('',(-1.08155421709944,-3.69706633680383,-47.));
#2985=CARTESIAN_POINT('',(-3.58155421709944,-5.09706633680383,-47.));
#2986=CARTESIAN_POINT('',(-3.58155421709944,-5.09706633680383,-47.));
#2987=CARTESIAN_POINT('',(-3.58155421709944,-5.09706633680383,-47.));
#2988=CARTESIAN_POINT('',(-3.58155421709944,-5.09706633680383,-47.));
#2989=CARTESIAN_POINT('',(-3.58155421709944,-5.09706633680383,-47.));
#2990=CARTESIAN_POINT('',(-1.08155421709944,-5.09706633680383,-47.));
#2991=CARTESIAN_POINT('',(-1.08155421709944,-5.09706633680383,-47.));
#2992=CARTESIAN_POINT('',(-1.08155421709944,-5.09706633680383,-47.));
#2993=CARTESIAN_POINT('',(-1.08155421709944,-5.09706633680383,-47.));
#2994=CARTESIAN_POINT('',(-1.08155421709944,-5.09706633680383,-47.));
#2995=CARTESIAN_POINT('',(-1.08155421709944,-5.09706633680383,-47.));
#2996=CARTESIAN_POINT('',(-12.6315542170994,-3.69706633680384,-37.95));
#2997=CARTESIAN_POINT('',(-12.6315542170994,-5.09706633680384,-37.95));
#2998=CARTESIAN_POINT('',(-12.6315542170994,-5.09706633680384,-37.95));
#2999=CARTESIAN_POINT('',(-12.6315542170994,-3.69706633680384,-37.95));
#3000=CARTESIAN_POINT('',(-12.6315542170994,-5.09706633680384,-37.95));
#3001=CARTESIAN_POINT('',(-12.6315542170994,-5.09706633680384,-35.45));
#3002=CARTESIAN_POINT('',(-12.6315542170994,-5.09706633680384,-35.45));
#3003=CARTESIAN_POINT('',(-12.6315542170994,-5.09706633680384,-37.95));
#3004=CARTESIAN_POINT('',(-12.6315542170994,-3.69706633680384,-35.45));
#3005=CARTESIAN_POINT('',(-12.6315542170994,-3.69706633680384,-35.45));
#3006=CARTESIAN_POINT('',(-12.6315542170994,-5.09706633680384,-37.95));
#3007=CARTESIAN_POINT('',(34.3684457829006,-17.6970663368038,-45.));
#3008=CARTESIAN_POINT('',(32.3684457829006,-17.6970663368038,3.68722534153405E-15));
#3009=CARTESIAN_POINT('',(32.3684457829006,-17.6970663368038,-2.));
#3010=CARTESIAN_POINT('',(-10.6315542170994,-17.6970663368038,-1.99999999999999));
#3011=CARTESIAN_POINT('',(11.8684457829006,-17.6970663368038,-22.5));
#3012=CARTESIAN_POINT('',(11.8684457829006,-17.6970663368038,-37.5));
#3013=CARTESIAN_POINT('',(34.3684457829006,27.3029336631962,7.00661871281567E-15));
#3014=CARTESIAN_POINT('',(34.3684457829006,-15.6970663368038,3.68722534153405E-15));
#3015=CARTESIAN_POINT('',(32.3684457829006,-15.6970663368038,3.84161573089598E-15));
#3016=CARTESIAN_POINT('',(32.3684457829006,27.3029336631962,7.1610091021776E-15));
#3017=CARTESIAN_POINT('',(32.3684457829006,25.3029336631962,7.00661871281567E-15));
#3018=CARTESIAN_POINT('',(34.3684457829006,25.3029336631962,6.85222832345373E-15));
#3019=CARTESIAN_POINT('',(11.8684457829006,4.80293366319618,7.00661871281567E-15));
#3020=CARTESIAN_POINT('',(-3.13155421709943,4.80293366319617,8.16454663303019E-15));
#3021=CARTESIAN_POINT('',(34.3684457829006,-15.6970663368038,-2.));
#3022=CARTESIAN_POINT('',(32.3684457829006,-15.6970663368038,-2.));
#3023=CARTESIAN_POINT('',(32.3684457829006,-15.6970663368038,-2.));
#3024=CARTESIAN_POINT('',(32.3684457829006,-15.6970663368038,-2.));
#3025=CARTESIAN_POINT('',(34.3684457829006,-15.6970663368038,-2.00000000000001));
#3026=CARTESIAN_POINT('',(32.3684457829006,-15.6970663368038,-2.));
#3027=CARTESIAN_POINT('',(32.3684457829006,27.3029336631962,-2.));
#3028=CARTESIAN_POINT('',(32.3684457829006,25.3029336631962,-1.99999999999999));
#3029=CARTESIAN_POINT('',(34.3684457829006,25.3029336631962,-2.));
#3030=CARTESIAN_POINT('',(34.3684457829006,27.3029336631962,-2.));
#3031=CARTESIAN_POINT('',(32.3684457829006,25.3029336631962,-1.99999999999999));
#3032=CARTESIAN_POINT('',(32.3684457829006,25.3029336631962,-2.));
#3033=CARTESIAN_POINT('',(32.3684457829006,25.3029336631962,-1.99999999999999));
#3034=CARTESIAN_POINT('',(32.3684457829006,25.3029336631962,-45.));
#3035=CARTESIAN_POINT('',(34.3684457829006,25.3029336631962,-45.));
#3036=CARTESIAN_POINT('',(34.3684457829006,27.3029336631962,-45.));
#3037=CARTESIAN_POINT('',(34.3684457829006,-15.6970663368038,-45.));
#3038=CARTESIAN_POINT('',(34.3684457829006,4.80293366319617,-22.5));
#3039=CARTESIAN_POINT('',(34.3684457829006,-10.1970663368038,-22.5));
#3040=CARTESIAN_POINT('',(11.8684457829006,17.8029336631962,-22.5));
#3041=CARTESIAN_POINT('',(11.8684457829006,17.8029336631962,-22.5));
#3042=CARTESIAN_POINT('',(24.8684457829006,17.8029336631962,-22.5));
#3043=CARTESIAN_POINT('',(11.8684457829006,17.8029336631962,-9.5));
#3044=CARTESIAN_POINT('',(11.8684457829006,4.80293366319624,-22.5000000000002));
#3045=CARTESIAN_POINT('',(21.0608339383257,13.9953218186213,-13.3076118445749));
#3046=CARTESIAN_POINT('',(11.8684457829013,4.8029336631981,-22.4999999999981));
#3047=CARTESIAN_POINT('',(11.8684457829006,17.8029336631962,-22.5));
#3048=CARTESIAN_POINT('',(11.8684457829006,17.8029336631962,-22.5));
#3049=CARTESIAN_POINT('',(-1.13155421709944,17.8029336631962,-22.5));
#3050=CARTESIAN_POINT('',(11.8684457829006,17.8029336631962,-35.5));
#3051=CARTESIAN_POINT('',(11.8684457829006,17.8029336631962,-22.5));
#3052=CARTESIAN_POINT('',(11.8684457829006,17.8029336631962,-22.5));
#3053=CARTESIAN_POINT('',(11.8684457829006,17.8029336631962,-22.5));
#3054=CARTESIAN_POINT('',(11.8684457829006,17.8029336631962,-32.5));
#3055=CARTESIAN_POINT('',(11.8684457829006,17.8029336631962,-22.5));
#3056=CARTESIAN_POINT('',(11.8684457828998,4.80293366319696,-22.5000000000005));
#3057=CARTESIAN_POINT('',(2.67605762747545,13.9953218186213,-31.6923881554251));
#3058=CARTESIAN_POINT('',(11.8684457828999,4.80293366319813,-22.500000000002));
#3059=CARTESIAN_POINT('',(-1.13155421709943,4.80293366319617,-22.5));
#3060=CARTESIAN_POINT('',(11.8684457829002,4.80293366319631,-22.5000000000004));
#3061=CARTESIAN_POINT('',(-1.13155421709943,4.80293366319618,-35.5));
#3062=CARTESIAN_POINT('',(-1.13155421709943,4.80293366319617,-22.5));
#3063=CARTESIAN_POINT('',(11.8684457829006,4.80293366319618,-35.5));
#3064=CARTESIAN_POINT('',(11.8684457829006,4.80293366319618,-35.5));
#3065=CARTESIAN_POINT('',(11.8684457829006,4.80293366319618,-35.5));
#3066=CARTESIAN_POINT('',(11.8684457829006,4.80293366319618,-35.5));
#3067=CARTESIAN_POINT('',(24.8684457829006,4.80293366319618,-35.5));
#3068=CARTESIAN_POINT('',(11.8684457829006,4.80293366319618,-35.5));
#3069=CARTESIAN_POINT('',(11.8684457829006,-8.19706633680382,-35.5));
#3070=CARTESIAN_POINT('',(11.8684457829006,4.80293366319618,-35.5));
#3071=CARTESIAN_POINT('',(11.8684457829006,4.80293366319618,-35.5));
#3072=CARTESIAN_POINT('',(21.8684457829006,4.80293366319618,-35.5));
#3073=CARTESIAN_POINT('',(11.8684457829006,4.80293366319618,-35.5));
#3074=CARTESIAN_POINT('',(11.8684457829036,4.80293366319685,-22.5000000000031));
#3075=CARTESIAN_POINT('',(21.0608339383257,13.9953218186213,-31.6923881554251));
#3076=CARTESIAN_POINT('',(11.8684457829047,4.802933663205,-22.5000000000089));
#3077=CARTESIAN_POINT('',(11.8684457829006,17.8029336631962,-22.5));
#3078=CARTESIAN_POINT('',(11.8684457828966,4.80293366319224,-22.499999999998));
#3079=CARTESIAN_POINT('',(11.8684457829006,4.80293366319618,-35.5));
#3080=CARTESIAN_POINT('',(11.8684457829065,4.80293366319842,-22.4999999999941));
#3081=CARTESIAN_POINT('',(2.67605762747545,-4.38945449222894,-31.6923881554251));
#3082=CARTESIAN_POINT('',(11.8684457829022,4.80293366319937,-22.4999999999968));
#3083=CARTESIAN_POINT('',(-1.13155421709943,4.80293366319617,-22.5));
#3084=CARTESIAN_POINT('',(-1.13155421709943,4.80293366319617,-22.5));
#3085=CARTESIAN_POINT('',(-1.13155421709944,-8.19706633680383,-22.5));
#3086=CARTESIAN_POINT('',(11.8684457829029,4.8029336631985,-22.4999999999992));
#3087=CARTESIAN_POINT('',(-1.13155421709943,4.80293366319617,-22.5));
#3088=CARTESIAN_POINT('',(-1.13155421709943,4.80293366319617,-22.5));
#3089=CARTESIAN_POINT('',(-1.13155421709943,4.80293366319618,-9.49999999999999));
#3090=CARTESIAN_POINT('',(-1.13155421709943,4.80293366319617,-22.5));
#3091=CARTESIAN_POINT('',(-1.13155421709943,4.80293366319617,-22.5));
#3092=CARTESIAN_POINT('',(-1.13155421709943,14.8029336631962,-22.5));
#3093=CARTESIAN_POINT('',(-1.13155421709943,4.80293366319617,-22.5));
#3094=CARTESIAN_POINT('',(11.8684457829002,4.80293366319662,-22.4999999999999));
#3095=CARTESIAN_POINT('',(2.67605762747545,13.9953218186213,-13.3076118445749));
#3096=CARTESIAN_POINT('',(11.8684457829004,4.80293366319644,-22.4999999999999));
#3097=CARTESIAN_POINT('',(11.8684457829006,17.8029336631962,-22.5));
#3098=CARTESIAN_POINT('',(11.8684457829007,4.80293366319595,-22.5000000000002));
#3099=CARTESIAN_POINT('',(-1.13155421709943,4.80293366319617,-22.5));
#3100=CARTESIAN_POINT('',(11.8684457829005,4.8029336631963,-22.5));
#3101=CARTESIAN_POINT('',(2.67605762747545,-4.38945449222894,-13.3076118445749));
#3102=CARTESIAN_POINT('',(11.8684457829014,4.80293366319701,-22.5000000000003));
#3103=CARTESIAN_POINT('',(11.8684457829006,4.80293366319618,-35.5));
#3104=CARTESIAN_POINT('',(11.8684457828992,4.80293366319955,-22.4999999999965));
#3105=CARTESIAN_POINT('',(21.0608339383257,-4.38945449222895,-31.6923881554251));
#3106=CARTESIAN_POINT('',(11.8684457828986,4.80293366319683,-22.4999999999979));
#3107=CARTESIAN_POINT('',(32.3684457829006,-15.6970663368038,-45.));
#3108=CARTESIAN_POINT('',(34.3684457829006,25.3029336631962,-1.99999999999999));
#3109=CARTESIAN_POINT('',(21.7684457829006,20.2529336631962,-47.));
#3110=CARTESIAN_POINT('',(-3.58155421709945,14.7029336631962,-47.));
#3111=CARTESIAN_POINT('',(-3.58155421709945,14.7029336631962,-47.));
#3112=CARTESIAN_POINT('',(-3.58155421709945,14.7029336631962,-47.));
#3113=CARTESIAN_POINT('',(-3.58155421709945,14.7029336631962,-47.));
#3114=CARTESIAN_POINT('',(-1.08155421709945,13.3029336631962,-47.));
#3115=CARTESIAN_POINT('',(-3.58155421709945,13.3029336631962,-47.));
#3116=CARTESIAN_POINT('',(-3.58155421709945,13.3029336631962,-47.));
#3117=CARTESIAN_POINT('',(11.8684457829006,4.80293366319618,-45.));
#3118=CARTESIAN_POINT('',(11.8684457829006,4.80293366319618,-38.5));
#3119=CARTESIAN_POINT('',(19.1184457829006,4.80293366319618,-38.5));
#3120=CARTESIAN_POINT('',(-4.13155421709943,4.80293366319617,-22.5));
#3121=CARTESIAN_POINT('',(-4.13155421709943,4.80293366319617,-22.5));
#3122=CARTESIAN_POINT('',(-4.13155421709943,14.8029336631962,-22.5));
#3123=CARTESIAN_POINT('',(11.8684457829006,4.80293366319618,-38.5));
#3124=CARTESIAN_POINT('',(11.8684457829006,4.80293366319618,-38.5));
#3125=CARTESIAN_POINT('',(21.8684457829006,4.80293366319618,-38.5));
#3126=CARTESIAN_POINT('',(11.8684457829006,20.8029336631962,-22.5));
#3127=CARTESIAN_POINT('',(11.8684457829006,20.8029336631962,-22.5));
#3128=CARTESIAN_POINT('',(11.8684457829006,20.8029336631962,-32.5));
#3129=CARTESIAN_POINT('',(-1.13155421709943,4.80293366319617,-22.5));
#3130=CARTESIAN_POINT('',(32.3684457829006,4.80293366319617,-22.5));
#3131=CARTESIAN_POINT('',(32.3684457829006,-8.19706633680383,-22.5));
#3132=CARTESIAN_POINT('',(11.8684457828966,4.80293366320011,-22.4999999999986));
#3133=CARTESIAN_POINT('',(21.0608339383257,-4.38945449222895,-13.3076118445749));
#3134=CARTESIAN_POINT('',(11.8684457829024,4.80293366319528,-22.4999999999982));
#3135=CARTESIAN_POINT('',(32.3684457829006,4.80293366319617,-22.5));
#3136=CARTESIAN_POINT('',(11.8684457829006,4.80293366319618,-1.99999999999998));
#3137=CARTESIAN_POINT('',(11.8684457829006,4.80293366319618,-1.99999999999998));
#3138=CARTESIAN_POINT('',(11.8684457829006,17.8029336631962,-1.99999999999998));
#3139=CARTESIAN_POINT('',(11.8684457829006,4.80293366319618,-35.5));
#3140=CARTESIAN_POINT('',(11.8684457829003,4.80293366319556,-22.4999999999994));
#3141=CARTESIAN_POINT('',(11.8684457829006,17.8029336631962,-22.5));
#3142=CARTESIAN_POINT('',(11.8684457829006,-15.6970663368038,-22.5));
#3143=CARTESIAN_POINT('',(11.8684457829006,-15.6970663368038,-35.5));
#3144=CARTESIAN_POINT('',(11.8684457829006,-15.6970663368038,-22.5));
#3145=CARTESIAN_POINT('',(-10.6315542170994,4.80293366319617,-22.5));
#3146=CARTESIAN_POINT('',(-4.13155421709943,4.80293366319617,-22.5));
#3147=CARTESIAN_POINT('',(-4.13155421709943,12.0529336631962,-22.5));
#3148=CARTESIAN_POINT('',(11.8684457829006,-11.1970663368038,-22.5));
#3149=CARTESIAN_POINT('',(11.8684457829006,20.8029336631962,-22.5));
#3150=CARTESIAN_POINT('',(11.8684457829006,20.8029336631962,-29.75));
#3151=CARTESIAN_POINT('',(11.8684457829006,-17.6970663368038,-22.5));
#3152=CARTESIAN_POINT('',(11.8689468193853,-17.6970663368038,-22.4994989635152));
#3153=CARTESIAN_POINT('',(26.3856030704259,-17.6970663368038,-22.5));
#3154=CARTESIAN_POINT('',(11.8684457829006,-17.6970663368038,-7.98284271247462));
#3155=CARTESIAN_POINT('',(11.8684331713715,-17.6970663368038,-22.5));
#3156=CARTESIAN_POINT('',(11.8684457829006,-17.6970663368038,-37.0171572875254));
#3157=CARTESIAN_POINT('',(11.8689468193849,-17.6970663368038,-22.5005010364844));
#3158=CARTESIAN_POINT('',(11.8684457829006,-17.4970663368038,-22.5));
#3159=CARTESIAN_POINT('',(11.8684457829006,-17.3556449805665,-22.5));
#3160=CARTESIAN_POINT('',(11.8684457829006,-17.3556449805665,-7.84142135623731));
#3161=CARTESIAN_POINT('',(11.8684457829006,4.80293366319618,6.77248089084388E-17));
#3162=CARTESIAN_POINT('',(11.869100173582,4.80266191339544,-2.54957240542472E-15));
#3163=CARTESIAN_POINT('',(17.4118124024082,-8.61418011855582,-1.39593316691148E-15));
#3164=CARTESIAN_POINT('',(25.2855595646526,10.3463002827039,-5.40090636149731E-16));
#3165=CARTESIAN_POINT('',(11.8684409671968,4.80294531908148,6.77255617239266E-17));
#3166=CARTESIAN_POINT('',(-1.54866799885143,-0.740432956311488,6.75540253966608E-16));
#3167=CARTESIAN_POINT('',(11.8681740331001,4.80227927251531,8.8269035337635E-16));
#3168=CARTESIAN_POINT('',(11.8684457829006,4.80293366319618,-0.2));
#3169=CARTESIAN_POINT('',(11.8684457829006,4.80293366319618,-0.341421356237309));
#3170=CARTESIAN_POINT('',(25.4162646600252,10.4003019312308,-0.341421356237308));
#3171=CARTESIAN_POINT('',(34.3684457829006,4.80293366319618,-22.5));
#3172=CARTESIAN_POINT('',(34.3684457829006,4.80243262671139,-22.4994989635152));
#3173=CARTESIAN_POINT('',(34.3684457829006,4.80293366319617,-7.98284271247461));
#3174=CARTESIAN_POINT('',(34.3684457829006,-9.71422362432921,-22.5));
#3175=CARTESIAN_POINT('',(34.3684457829006,4.80293366319618,-22.500012611529));
#3176=CARTESIAN_POINT('',(34.3684457829006,19.3200909507216,-22.5));
#3177=CARTESIAN_POINT('',(34.3684457829006,4.80343469968053,-22.4994989635156));
#3178=CARTESIAN_POINT('',(34.1684457829006,4.80293366319618,-22.5));
#3179=CARTESIAN_POINT('',(34.0270244266633,4.80293366319618,-22.5));
#3180=CARTESIAN_POINT('',(34.0270244266633,-9.85564498056651,-22.5));
#3181=MECHANICAL_DESIGN_GEOMETRIC_PRESENTATION_REPRESENTATION('',(#1884,
#1885,#1886,#1887),#3182);
#3182=(
GEOMETRIC_REPRESENTATION_CONTEXT(3)
GLOBAL_UNCERTAINTY_ASSIGNED_CONTEXT((#3183))
GLOBAL_UNIT_ASSIGNED_CONTEXT((#3186,#3185,#3184))
REPRESENTATION_CONTEXT('CQC45453','TOP_LEVEL_ASSEMBLY_PART')
);
#3183=UNCERTAINTY_MEASURE_WITH_UNIT(LENGTH_MEASURE(0.005),#3186,
'DISTANCE_ACCURACY_VALUE','Maximum Tolerance applied to model');
#3184=(
NAMED_UNIT(*)
SI_UNIT($,.STERADIAN.)
SOLID_ANGLE_UNIT()
);
#3185=(
NAMED_UNIT(*)
PLANE_ANGLE_UNIT()
SI_UNIT($,.RADIAN.)
);
#3186=(
LENGTH_UNIT()
NAMED_UNIT(*)
SI_UNIT(.MILLI.,.METRE.)
);
#3187=PRODUCT_DEFINITION_SHAPE('','',#3188);
#3188=PRODUCT_DEFINITION('','',#3190,#3189);
#3189=PRODUCT_DEFINITION_CONTEXT('',#3196,'design');
#3190=PRODUCT_DEFINITION_FORMATION_WITH_SPECIFIED_SOURCE('','',#3192,
 .NOT_KNOWN.);
#3191=PRODUCT_RELATED_PRODUCT_CATEGORY('','',(#3192));
#3192=PRODUCT('CQC45453','CQC45453','CQC45453',(#3194));
#3193=PRODUCT_CATEGORY('','');
#3194=PRODUCT_CONTEXT('',#3196,'mechanical');
#3195=APPLICATION_PROTOCOL_DEFINITION('international standard',
'automotive_design',2010,#3196);
#3196=APPLICATION_CONTEXT(
'core data for automotive mechanical design processes');
ENDSEC;
END-ISO-10303-21;
