ISO-10303-21;
HEADER;
/* Generated by software containing ST-Developer
 * from STEP Tools, Inc. (www.steptools.com) 
 */
/* OPTION: strings as raw bytes, not using required /X/ escapes */

FILE_DESCRIPTION(
/* description */ ('Unknown'),
/* implementation_level */ '2;1');

FILE_NAME(
/* name */ 'CQC45452',
/* time_stamp */ '2018-12-06T17:03:24+00:00',
/* author */ ('Unknown'),
/* organization */ ('Unknown'),
/* preprocessor_version */ 'ST-DEVELOPER v16.7',
/* originating_system */ 'DEX',
/* authorisation */ $);

FILE_SCHEMA (('AUTOMOTIVE_DESIGN {1 0 10303 214 3 1 1}'));
ENDSEC;

DATA;
#10=PROPERTY_DEFINITION_REPRESENTATION(#14,#12);
#11=PROPERTY_DEFINITION_REPRESENTATION(#15,#13);
#12=REPRESENTATION('',(#16),#2655);
#13=REPRESENTATION('',(#17),#2655);
#14=PROPERTY_DEFINITION('pmi validation property','',#2660);
#15=PROPERTY_DEFINITION('pmi validation property','',#2660);
#16=VALUE_REPRESENTATION_ITEM('number of annotations',COUNT_MEASURE(0.));
#17=VALUE_REPRESENTATION_ITEM('number of views',COUNT_MEASURE(0.));
#18=TOROIDAL_SURFACE('',#1681,14.5171572875254,0.200000000000002);
#19=TOROIDAL_SURFACE('',#1705,14.5171572875254,0.200000000000003);
#20=SHAPE_REPRESENTATION_RELATIONSHIP('','',#1576,#21);
#21=MANIFOLD_SURFACE_SHAPE_REPRESENTATION('',(#1570,#1571,#1572,#1573,#1574),
#2655);
#22=CONICAL_SURFACE('',#1669,13.,0.78539816339745);
#23=CONICAL_SURFACE('',#1674,13.,0.78539816339745);
#24=ELLIPSE('',#1642,18.3847763108505,13.0000000000002);
#25=ELLIPSE('',#1643,18.3847763108504,13.0000000000001);
#26=ELLIPSE('',#1645,18.3847763108504,13.0000000000002);
#27=ELLIPSE('',#1651,18.3847763108503,13.0000000000001);
#28=ELLIPSE('',#1652,18.3847763108504,13.0000000000001);
#29=ELLIPSE('',#1665,18.3847763108503,13.0000000000001);
#30=ELLIPSE('',#1668,18.3847763108501,13.);
#31=SPHERICAL_SURFACE('',#1583,2.);
#32=SPHERICAL_SURFACE('',#1632,2.);
#33=CYLINDRICAL_SURFACE('',#1580,2.);
#34=CYLINDRICAL_SURFACE('',#1586,2.);
#35=CYLINDRICAL_SURFACE('',#1630,2.);
#36=CYLINDRICAL_SURFACE('',#1634,2.);
#37=CYLINDRICAL_SURFACE('',#1641,13.);
#38=CYLINDRICAL_SURFACE('',#1644,13.);
#39=CYLINDRICAL_SURFACE('',#1650,13.);
#40=CYLINDRICAL_SURFACE('',#1653,2.);
#41=CYLINDRICAL_SURFACE('',#1660,10.);
#42=CYLINDRICAL_SURFACE('',#1662,10.);
#43=CYLINDRICAL_SURFACE('',#1664,13.);
#44=CYLINDRICAL_SURFACE('',#1666,13.);
#45=CYLINDRICAL_SURFACE('',#1670,7.25);
#46=CYLINDRICAL_SURFACE('',#1672,7.25);
#47=CYLINDRICAL_SURFACE('',#1676,13.);
#48=CIRCLE('',#1579,15.);
#49=CIRCLE('',#1581,2.);
#50=CIRCLE('',#1582,2.);
#51=CIRCLE('',#1584,2.);
#52=CIRCLE('',#1585,2.);
#53=CIRCLE('',#1587,2.);
#54=CIRCLE('',#1589,2.);
#55=CIRCLE('',#1590,7.25);
#56=CIRCLE('',#1597,2.);
#57=CIRCLE('',#1598,2.);
#58=CIRCLE('',#1599,7.25);
#59=CIRCLE('',#1631,2.);
#60=CIRCLE('',#1633,2.);
#61=CIRCLE('',#1636,15.);
#62=CIRCLE('',#1638,13.);
#63=CIRCLE('',#1639,13.);
#64=CIRCLE('',#1640,10.);
#65=CIRCLE('',#1646,13.);
#66=CIRCLE('',#1648,13.);
#67=CIRCLE('',#1649,10.);
#68=CIRCLE('',#1661,10.);
#69=CIRCLE('',#1663,10.);
#70=CIRCLE('',#1667,13.);
#71=CIRCLE('',#1671,7.25);
#72=CIRCLE('',#1673,7.25);
#73=CIRCLE('',#1675,13.);
#74=CIRCLE('',#1678,14.5166562596872);
#75=CIRCLE('',#1679,14.5171572875309);
#76=CIRCLE('',#1680,14.5166562596875);
#77=CIRCLE('',#1682,14.6585786437627);
#78=CIRCLE('',#1684,13.);
#79=CIRCLE('',#1685,12.5);
#80=CIRCLE('',#1686,13.);
#81=CIRCLE('',#1687,12.5);
#82=CIRCLE('',#1688,13.);
#83=CIRCLE('',#1689,12.5);
#84=CIRCLE('',#1690,13.);
#85=CIRCLE('',#1691,12.5);
#86=CIRCLE('',#1692,13.);
#87=CIRCLE('',#1693,12.5);
#88=CIRCLE('',#1694,13.);
#89=CIRCLE('',#1695,12.5);
#90=CIRCLE('',#1696,13.);
#91=CIRCLE('',#1697,12.5);
#92=CIRCLE('',#1698,13.);
#93=CIRCLE('',#1699,12.5);
#94=CIRCLE('',#1700,11.);
#95=CIRCLE('',#1702,14.5166562596871);
#96=CIRCLE('',#1703,14.5171572875309);
#97=CIRCLE('',#1704,14.5166562596876);
#98=CIRCLE('',#1706,14.6585786437627);
#99=CIRCLE('',#1708,13.);
#100=CIRCLE('',#1709,12.5);
#101=CIRCLE('',#1710,13.);
#102=CIRCLE('',#1711,12.5);
#103=CIRCLE('',#1712,13.);
#104=CIRCLE('',#1713,12.5);
#105=CIRCLE('',#1714,13.);
#106=CIRCLE('',#1715,12.5);
#107=CIRCLE('',#1716,13.);
#108=CIRCLE('',#1717,12.5);
#109=CIRCLE('',#1718,13.);
#110=CIRCLE('',#1719,12.5);
#111=CIRCLE('',#1720,13.);
#112=CIRCLE('',#1721,12.5);
#113=CIRCLE('',#1722,13.);
#114=CIRCLE('',#1723,12.5);
#115=CIRCLE('',#1724,11.);
#116=ORIENTED_EDGE('',*,*,#502,.T.);
#117=ORIENTED_EDGE('',*,*,#503,.T.);
#118=ORIENTED_EDGE('',*,*,#504,.F.);
#119=ORIENTED_EDGE('',*,*,#505,.T.);
#120=ORIENTED_EDGE('',*,*,#506,.T.);
#121=ORIENTED_EDGE('',*,*,#507,.T.);
#122=ORIENTED_EDGE('',*,*,#508,.F.);
#123=ORIENTED_EDGE('',*,*,#509,.F.);
#124=ORIENTED_EDGE('',*,*,#502,.F.);
#125=ORIENTED_EDGE('',*,*,#510,.T.);
#126=ORIENTED_EDGE('',*,*,#511,.T.);
#127=ORIENTED_EDGE('',*,*,#507,.F.);
#128=ORIENTED_EDGE('',*,*,#512,.F.);
#129=ORIENTED_EDGE('',*,*,#513,.F.);
#130=ORIENTED_EDGE('',*,*,#510,.F.);
#131=ORIENTED_EDGE('',*,*,#505,.F.);
#132=ORIENTED_EDGE('',*,*,#514,.F.);
#133=ORIENTED_EDGE('',*,*,#515,.F.);
#134=ORIENTED_EDGE('',*,*,#516,.F.);
#135=ORIENTED_EDGE('',*,*,#517,.F.);
#136=ORIENTED_EDGE('',*,*,#518,.F.);
#137=ORIENTED_EDGE('',*,*,#519,.F.);
#138=ORIENTED_EDGE('',*,*,#520,.F.);
#139=ORIENTED_EDGE('',*,*,#521,.F.);
#140=ORIENTED_EDGE('',*,*,#522,.F.);
#141=ORIENTED_EDGE('',*,*,#523,.F.);
#142=ORIENTED_EDGE('',*,*,#524,.T.);
#143=ORIENTED_EDGE('',*,*,#525,.T.);
#144=ORIENTED_EDGE('',*,*,#526,.F.);
#145=ORIENTED_EDGE('',*,*,#527,.F.);
#146=ORIENTED_EDGE('',*,*,#528,.F.);
#147=ORIENTED_EDGE('',*,*,#529,.T.);
#148=ORIENTED_EDGE('',*,*,#530,.F.);
#149=ORIENTED_EDGE('',*,*,#531,.F.);
#150=ORIENTED_EDGE('',*,*,#512,.T.);
#151=ORIENTED_EDGE('',*,*,#504,.T.);
#152=ORIENTED_EDGE('',*,*,#532,.T.);
#153=ORIENTED_EDGE('',*,*,#533,.T.);
#154=ORIENTED_EDGE('',*,*,#534,.T.);
#155=ORIENTED_EDGE('',*,*,#535,.F.);
#156=ORIENTED_EDGE('',*,*,#536,.F.);
#157=ORIENTED_EDGE('',*,*,#537,.F.);
#158=ORIENTED_EDGE('',*,*,#538,.F.);
#159=ORIENTED_EDGE('',*,*,#535,.T.);
#160=ORIENTED_EDGE('',*,*,#539,.F.);
#161=ORIENTED_EDGE('',*,*,#540,.F.);
#162=ORIENTED_EDGE('',*,*,#541,.T.);
#163=ORIENTED_EDGE('',*,*,#538,.T.);
#164=ORIENTED_EDGE('',*,*,#542,.F.);
#165=ORIENTED_EDGE('',*,*,#543,.F.);
#166=ORIENTED_EDGE('',*,*,#539,.T.);
#167=ORIENTED_EDGE('',*,*,#537,.T.);
#168=ORIENTED_EDGE('',*,*,#544,.F.);
#169=ORIENTED_EDGE('',*,*,#545,.F.);
#170=ORIENTED_EDGE('',*,*,#542,.T.);
#171=ORIENTED_EDGE('',*,*,#536,.T.);
#172=ORIENTED_EDGE('',*,*,#541,.F.);
#173=ORIENTED_EDGE('',*,*,#546,.F.);
#174=ORIENTED_EDGE('',*,*,#544,.T.);
#175=ORIENTED_EDGE('',*,*,#540,.T.);
#176=ORIENTED_EDGE('',*,*,#543,.T.);
#177=ORIENTED_EDGE('',*,*,#545,.T.);
#178=ORIENTED_EDGE('',*,*,#546,.T.);
#179=ORIENTED_EDGE('',*,*,#547,.F.);
#180=ORIENTED_EDGE('',*,*,#548,.F.);
#181=ORIENTED_EDGE('',*,*,#518,.T.);
#182=ORIENTED_EDGE('',*,*,#549,.T.);
#183=ORIENTED_EDGE('',*,*,#550,.T.);
#184=ORIENTED_EDGE('',*,*,#551,.F.);
#185=ORIENTED_EDGE('',*,*,#552,.T.);
#186=ORIENTED_EDGE('',*,*,#553,.F.);
#187=ORIENTED_EDGE('',*,*,#530,.T.);
#188=ORIENTED_EDGE('',*,*,#554,.T.);
#189=ORIENTED_EDGE('',*,*,#555,.F.);
#190=ORIENTED_EDGE('',*,*,#556,.F.);
#191=ORIENTED_EDGE('',*,*,#557,.F.);
#192=ORIENTED_EDGE('',*,*,#558,.T.);
#193=ORIENTED_EDGE('',*,*,#559,.F.);
#194=ORIENTED_EDGE('',*,*,#560,.F.);
#195=ORIENTED_EDGE('',*,*,#561,.F.);
#196=ORIENTED_EDGE('',*,*,#562,.F.);
#197=ORIENTED_EDGE('',*,*,#563,.F.);
#198=ORIENTED_EDGE('',*,*,#564,.F.);
#199=ORIENTED_EDGE('',*,*,#565,.F.);
#200=ORIENTED_EDGE('',*,*,#566,.F.);
#201=ORIENTED_EDGE('',*,*,#567,.T.);
#202=ORIENTED_EDGE('',*,*,#568,.F.);
#203=ORIENTED_EDGE('',*,*,#569,.F.);
#204=ORIENTED_EDGE('',*,*,#570,.F.);
#205=ORIENTED_EDGE('',*,*,#571,.F.);
#206=ORIENTED_EDGE('',*,*,#568,.T.);
#207=ORIENTED_EDGE('',*,*,#572,.F.);
#208=ORIENTED_EDGE('',*,*,#573,.F.);
#209=ORIENTED_EDGE('',*,*,#574,.T.);
#210=ORIENTED_EDGE('',*,*,#571,.T.);
#211=ORIENTED_EDGE('',*,*,#575,.F.);
#212=ORIENTED_EDGE('',*,*,#576,.F.);
#213=ORIENTED_EDGE('',*,*,#572,.T.);
#214=ORIENTED_EDGE('',*,*,#570,.T.);
#215=ORIENTED_EDGE('',*,*,#577,.F.);
#216=ORIENTED_EDGE('',*,*,#578,.F.);
#217=ORIENTED_EDGE('',*,*,#575,.T.);
#218=ORIENTED_EDGE('',*,*,#569,.T.);
#219=ORIENTED_EDGE('',*,*,#574,.F.);
#220=ORIENTED_EDGE('',*,*,#579,.F.);
#221=ORIENTED_EDGE('',*,*,#577,.T.);
#222=ORIENTED_EDGE('',*,*,#573,.T.);
#223=ORIENTED_EDGE('',*,*,#576,.T.);
#224=ORIENTED_EDGE('',*,*,#578,.T.);
#225=ORIENTED_EDGE('',*,*,#579,.T.);
#226=ORIENTED_EDGE('',*,*,#563,.T.);
#227=ORIENTED_EDGE('',*,*,#580,.F.);
#228=ORIENTED_EDGE('',*,*,#581,.F.);
#229=ORIENTED_EDGE('',*,*,#582,.T.);
#230=ORIENTED_EDGE('',*,*,#566,.T.);
#231=ORIENTED_EDGE('',*,*,#583,.F.);
#232=ORIENTED_EDGE('',*,*,#584,.F.);
#233=ORIENTED_EDGE('',*,*,#580,.T.);
#234=ORIENTED_EDGE('',*,*,#565,.T.);
#235=ORIENTED_EDGE('',*,*,#585,.F.);
#236=ORIENTED_EDGE('',*,*,#586,.F.);
#237=ORIENTED_EDGE('',*,*,#583,.T.);
#238=ORIENTED_EDGE('',*,*,#564,.T.);
#239=ORIENTED_EDGE('',*,*,#582,.F.);
#240=ORIENTED_EDGE('',*,*,#587,.F.);
#241=ORIENTED_EDGE('',*,*,#585,.T.);
#242=ORIENTED_EDGE('',*,*,#581,.T.);
#243=ORIENTED_EDGE('',*,*,#584,.T.);
#244=ORIENTED_EDGE('',*,*,#586,.T.);
#245=ORIENTED_EDGE('',*,*,#587,.T.);
#246=ORIENTED_EDGE('',*,*,#547,.T.);
#247=ORIENTED_EDGE('',*,*,#588,.F.);
#248=ORIENTED_EDGE('',*,*,#589,.F.);
#249=ORIENTED_EDGE('',*,*,#590,.T.);
#250=ORIENTED_EDGE('',*,*,#562,.T.);
#251=ORIENTED_EDGE('',*,*,#591,.F.);
#252=ORIENTED_EDGE('',*,*,#592,.F.);
#253=ORIENTED_EDGE('',*,*,#588,.T.);
#254=ORIENTED_EDGE('',*,*,#561,.T.);
#255=ORIENTED_EDGE('',*,*,#593,.F.);
#256=ORIENTED_EDGE('',*,*,#594,.F.);
#257=ORIENTED_EDGE('',*,*,#591,.T.);
#258=ORIENTED_EDGE('',*,*,#595,.T.);
#259=ORIENTED_EDGE('',*,*,#519,.T.);
#260=ORIENTED_EDGE('',*,*,#548,.T.);
#261=ORIENTED_EDGE('',*,*,#590,.F.);
#262=ORIENTED_EDGE('',*,*,#596,.F.);
#263=ORIENTED_EDGE('',*,*,#593,.T.);
#264=ORIENTED_EDGE('',*,*,#560,.T.);
#265=ORIENTED_EDGE('',*,*,#597,.T.);
#266=ORIENTED_EDGE('',*,*,#523,.T.);
#267=ORIENTED_EDGE('',*,*,#598,.F.);
#268=ORIENTED_EDGE('',*,*,#599,.F.);
#269=ORIENTED_EDGE('',*,*,#520,.T.);
#270=ORIENTED_EDGE('',*,*,#595,.F.);
#271=ORIENTED_EDGE('',*,*,#600,.F.);
#272=ORIENTED_EDGE('',*,*,#601,.T.);
#273=ORIENTED_EDGE('',*,*,#602,.T.);
#274=ORIENTED_EDGE('',*,*,#600,.T.);
#275=ORIENTED_EDGE('',*,*,#599,.T.);
#276=ORIENTED_EDGE('',*,*,#603,.T.);
#277=ORIENTED_EDGE('',*,*,#521,.T.);
#278=ORIENTED_EDGE('',*,*,#601,.F.);
#279=ORIENTED_EDGE('',*,*,#602,.F.);
#280=ORIENTED_EDGE('',*,*,#604,.T.);
#281=ORIENTED_EDGE('',*,*,#522,.T.);
#282=ORIENTED_EDGE('',*,*,#604,.F.);
#283=ORIENTED_EDGE('',*,*,#603,.F.);
#284=ORIENTED_EDGE('',*,*,#598,.T.);
#285=ORIENTED_EDGE('',*,*,#589,.T.);
#286=ORIENTED_EDGE('',*,*,#592,.T.);
#287=ORIENTED_EDGE('',*,*,#594,.T.);
#288=ORIENTED_EDGE('',*,*,#596,.T.);
#289=ORIENTED_EDGE('',*,*,#605,.T.);
#290=ORIENTED_EDGE('',*,*,#524,.F.);
#291=ORIENTED_EDGE('',*,*,#597,.F.);
#292=ORIENTED_EDGE('',*,*,#559,.T.);
#293=ORIENTED_EDGE('',*,*,#606,.T.);
#294=ORIENTED_EDGE('',*,*,#525,.F.);
#295=ORIENTED_EDGE('',*,*,#605,.F.);
#296=ORIENTED_EDGE('',*,*,#558,.F.);
#297=ORIENTED_EDGE('',*,*,#607,.F.);
#298=ORIENTED_EDGE('',*,*,#608,.F.);
#299=ORIENTED_EDGE('',*,*,#609,.T.);
#300=ORIENTED_EDGE('',*,*,#554,.F.);
#301=ORIENTED_EDGE('',*,*,#529,.F.);
#302=ORIENTED_EDGE('',*,*,#610,.F.);
#303=ORIENTED_EDGE('',*,*,#611,.F.);
#304=ORIENTED_EDGE('',*,*,#526,.T.);
#305=ORIENTED_EDGE('',*,*,#606,.F.);
#306=ORIENTED_EDGE('',*,*,#612,.F.);
#307=ORIENTED_EDGE('',*,*,#613,.T.);
#308=ORIENTED_EDGE('',*,*,#611,.T.);
#309=ORIENTED_EDGE('',*,*,#614,.T.);
#310=ORIENTED_EDGE('',*,*,#615,.T.);
#311=ORIENTED_EDGE('',*,*,#612,.T.);
#312=ORIENTED_EDGE('',*,*,#528,.T.);
#313=ORIENTED_EDGE('',*,*,#616,.F.);
#314=ORIENTED_EDGE('',*,*,#614,.F.);
#315=ORIENTED_EDGE('',*,*,#610,.T.);
#316=ORIENTED_EDGE('',*,*,#527,.T.);
#317=ORIENTED_EDGE('',*,*,#613,.F.);
#318=ORIENTED_EDGE('',*,*,#615,.F.);
#319=ORIENTED_EDGE('',*,*,#616,.T.);
#320=ORIENTED_EDGE('',*,*,#557,.T.);
#321=ORIENTED_EDGE('',*,*,#617,.F.);
#322=ORIENTED_EDGE('',*,*,#618,.F.);
#323=ORIENTED_EDGE('',*,*,#607,.T.);
#324=ORIENTED_EDGE('',*,*,#556,.T.);
#325=ORIENTED_EDGE('',*,*,#619,.F.);
#326=ORIENTED_EDGE('',*,*,#620,.F.);
#327=ORIENTED_EDGE('',*,*,#617,.T.);
#328=ORIENTED_EDGE('',*,*,#555,.T.);
#329=ORIENTED_EDGE('',*,*,#609,.F.);
#330=ORIENTED_EDGE('',*,*,#621,.F.);
#331=ORIENTED_EDGE('',*,*,#619,.T.);
#332=ORIENTED_EDGE('',*,*,#621,.T.);
#333=ORIENTED_EDGE('',*,*,#608,.T.);
#334=ORIENTED_EDGE('',*,*,#618,.T.);
#335=ORIENTED_EDGE('',*,*,#620,.T.);
#336=ORIENTED_EDGE('',*,*,#533,.F.);
#337=ORIENTED_EDGE('',*,*,#622,.T.);
#338=ORIENTED_EDGE('',*,*,#623,.T.);
#339=ORIENTED_EDGE('',*,*,#549,.F.);
#340=ORIENTED_EDGE('',*,*,#624,.T.);
#341=ORIENTED_EDGE('',*,*,#622,.F.);
#342=ORIENTED_EDGE('',*,*,#532,.F.);
#343=ORIENTED_EDGE('',*,*,#503,.F.);
#344=ORIENTED_EDGE('',*,*,#509,.T.);
#345=ORIENTED_EDGE('',*,*,#625,.T.);
#346=ORIENTED_EDGE('',*,*,#624,.F.);
#347=ORIENTED_EDGE('',*,*,#550,.F.);
#348=ORIENTED_EDGE('',*,*,#623,.F.);
#349=ORIENTED_EDGE('',*,*,#625,.F.);
#350=ORIENTED_EDGE('',*,*,#626,.F.);
#351=ORIENTED_EDGE('',*,*,#551,.T.);
#352=ORIENTED_EDGE('',*,*,#626,.T.);
#353=ORIENTED_EDGE('',*,*,#508,.T.);
#354=ORIENTED_EDGE('',*,*,#627,.T.);
#355=ORIENTED_EDGE('',*,*,#628,.T.);
#356=ORIENTED_EDGE('',*,*,#629,.T.);
#357=ORIENTED_EDGE('',*,*,#630,.T.);
#358=ORIENTED_EDGE('',*,*,#631,.T.);
#359=ORIENTED_EDGE('',*,*,#632,.F.);
#360=ORIENTED_EDGE('',*,*,#629,.F.);
#361=ORIENTED_EDGE('',*,*,#633,.F.);
#362=ORIENTED_EDGE('',*,*,#632,.T.);
#363=ORIENTED_EDGE('',*,*,#634,.T.);
#364=ORIENTED_EDGE('',*,*,#635,.F.);
#365=ORIENTED_EDGE('',*,*,#636,.T.);
#366=ORIENTED_EDGE('',*,*,#635,.T.);
#367=ORIENTED_EDGE('',*,*,#637,.T.);
#368=ORIENTED_EDGE('',*,*,#638,.T.);
#369=ORIENTED_EDGE('',*,*,#639,.T.);
#370=ORIENTED_EDGE('',*,*,#636,.F.);
#371=ORIENTED_EDGE('',*,*,#552,.F.);
#372=ORIENTED_EDGE('',*,*,#627,.F.);
#373=ORIENTED_EDGE('',*,*,#511,.F.);
#374=ORIENTED_EDGE('',*,*,#640,.F.);
#375=ORIENTED_EDGE('',*,*,#553,.T.);
#376=ORIENTED_EDGE('',*,*,#640,.T.);
#377=ORIENTED_EDGE('',*,*,#513,.T.);
#378=ORIENTED_EDGE('',*,*,#531,.T.);
#379=ORIENTED_EDGE('',*,*,#514,.T.);
#380=ORIENTED_EDGE('',*,*,#641,.F.);
#381=ORIENTED_EDGE('',*,*,#642,.F.);
#382=ORIENTED_EDGE('',*,*,#643,.T.);
#383=ORIENTED_EDGE('',*,*,#517,.T.);
#384=ORIENTED_EDGE('',*,*,#644,.F.);
#385=ORIENTED_EDGE('',*,*,#645,.F.);
#386=ORIENTED_EDGE('',*,*,#641,.T.);
#387=ORIENTED_EDGE('',*,*,#516,.T.);
#388=ORIENTED_EDGE('',*,*,#646,.F.);
#389=ORIENTED_EDGE('',*,*,#647,.F.);
#390=ORIENTED_EDGE('',*,*,#644,.T.);
#391=ORIENTED_EDGE('',*,*,#515,.T.);
#392=ORIENTED_EDGE('',*,*,#643,.F.);
#393=ORIENTED_EDGE('',*,*,#648,.F.);
#394=ORIENTED_EDGE('',*,*,#646,.T.);
#395=ORIENTED_EDGE('',*,*,#642,.T.);
#396=ORIENTED_EDGE('',*,*,#645,.T.);
#397=ORIENTED_EDGE('',*,*,#647,.T.);
#398=ORIENTED_EDGE('',*,*,#648,.T.);
#399=ORIENTED_EDGE('',*,*,#637,.F.);
#400=ORIENTED_EDGE('',*,*,#649,.F.);
#401=ORIENTED_EDGE('',*,*,#631,.F.);
#402=ORIENTED_EDGE('',*,*,#650,.F.);
#403=ORIENTED_EDGE('',*,*,#630,.F.);
#404=ORIENTED_EDGE('',*,*,#639,.F.);
#405=ORIENTED_EDGE('',*,*,#651,.F.);
#406=ORIENTED_EDGE('',*,*,#652,.T.);
#407=ORIENTED_EDGE('',*,*,#633,.T.);
#408=ORIENTED_EDGE('',*,*,#651,.T.);
#409=ORIENTED_EDGE('',*,*,#653,.T.);
#410=ORIENTED_EDGE('',*,*,#628,.F.);
#411=ORIENTED_EDGE('',*,*,#652,.F.);
#412=ORIENTED_EDGE('',*,*,#654,.F.);
#413=ORIENTED_EDGE('',*,*,#567,.F.);
#414=ORIENTED_EDGE('',*,*,#655,.F.);
#415=ORIENTED_EDGE('',*,*,#534,.F.);
#416=ORIENTED_EDGE('',*,*,#506,.F.);
#417=ORIENTED_EDGE('',*,*,#656,.F.);
#418=ORIENTED_EDGE('',*,*,#656,.T.);
#419=ORIENTED_EDGE('',*,*,#634,.F.);
#420=ORIENTED_EDGE('',*,*,#653,.F.);
#421=ORIENTED_EDGE('',*,*,#638,.F.);
#422=ORIENTED_EDGE('',*,*,#657,.T.);
#423=ORIENTED_EDGE('',*,*,#658,.T.);
#424=ORIENTED_EDGE('',*,*,#659,.T.);
#425=ORIENTED_EDGE('',*,*,#659,.F.);
#426=ORIENTED_EDGE('',*,*,#658,.F.);
#427=ORIENTED_EDGE('',*,*,#657,.F.);
#428=ORIENTED_EDGE('',*,*,#660,.T.);
#429=ORIENTED_EDGE('',*,*,#661,.F.);
#430=ORIENTED_EDGE('',*,*,#662,.F.);
#431=ORIENTED_EDGE('',*,*,#663,.F.);
#432=ORIENTED_EDGE('',*,*,#664,.F.);
#433=ORIENTED_EDGE('',*,*,#665,.F.);
#434=ORIENTED_EDGE('',*,*,#666,.F.);
#435=ORIENTED_EDGE('',*,*,#667,.F.);
#436=ORIENTED_EDGE('',*,*,#668,.F.);
#437=ORIENTED_EDGE('',*,*,#669,.F.);
#438=ORIENTED_EDGE('',*,*,#670,.F.);
#439=ORIENTED_EDGE('',*,*,#671,.F.);
#440=ORIENTED_EDGE('',*,*,#672,.F.);
#441=ORIENTED_EDGE('',*,*,#673,.F.);
#442=ORIENTED_EDGE('',*,*,#674,.F.);
#443=ORIENTED_EDGE('',*,*,#675,.F.);
#444=ORIENTED_EDGE('',*,*,#676,.F.);
#445=ORIENTED_EDGE('',*,*,#677,.F.);
#446=ORIENTED_EDGE('',*,*,#678,.F.);
#447=ORIENTED_EDGE('',*,*,#679,.F.);
#448=ORIENTED_EDGE('',*,*,#680,.F.);
#449=ORIENTED_EDGE('',*,*,#681,.F.);
#450=ORIENTED_EDGE('',*,*,#682,.F.);
#451=ORIENTED_EDGE('',*,*,#683,.F.);
#452=ORIENTED_EDGE('',*,*,#684,.F.);
#453=ORIENTED_EDGE('',*,*,#685,.F.);
#454=ORIENTED_EDGE('',*,*,#686,.F.);
#455=ORIENTED_EDGE('',*,*,#687,.F.);
#456=ORIENTED_EDGE('',*,*,#688,.F.);
#457=ORIENTED_EDGE('',*,*,#689,.F.);
#458=ORIENTED_EDGE('',*,*,#690,.F.);
#459=ORIENTED_EDGE('',*,*,#691,.F.);
#460=ORIENTED_EDGE('',*,*,#692,.F.);
#461=ORIENTED_EDGE('',*,*,#693,.F.);
#462=ORIENTED_EDGE('',*,*,#694,.T.);
#463=ORIENTED_EDGE('',*,*,#695,.T.);
#464=ORIENTED_EDGE('',*,*,#696,.T.);
#465=ORIENTED_EDGE('',*,*,#696,.F.);
#466=ORIENTED_EDGE('',*,*,#695,.F.);
#467=ORIENTED_EDGE('',*,*,#694,.F.);
#468=ORIENTED_EDGE('',*,*,#697,.T.);
#469=ORIENTED_EDGE('',*,*,#698,.F.);
#470=ORIENTED_EDGE('',*,*,#699,.F.);
#471=ORIENTED_EDGE('',*,*,#700,.F.);
#472=ORIENTED_EDGE('',*,*,#701,.F.);
#473=ORIENTED_EDGE('',*,*,#702,.F.);
#474=ORIENTED_EDGE('',*,*,#703,.F.);
#475=ORIENTED_EDGE('',*,*,#704,.F.);
#476=ORIENTED_EDGE('',*,*,#705,.F.);
#477=ORIENTED_EDGE('',*,*,#706,.F.);
#478=ORIENTED_EDGE('',*,*,#707,.F.);
#479=ORIENTED_EDGE('',*,*,#708,.F.);
#480=ORIENTED_EDGE('',*,*,#709,.F.);
#481=ORIENTED_EDGE('',*,*,#710,.F.);
#482=ORIENTED_EDGE('',*,*,#711,.F.);
#483=ORIENTED_EDGE('',*,*,#712,.F.);
#484=ORIENTED_EDGE('',*,*,#713,.F.);
#485=ORIENTED_EDGE('',*,*,#714,.F.);
#486=ORIENTED_EDGE('',*,*,#715,.F.);
#487=ORIENTED_EDGE('',*,*,#716,.F.);
#488=ORIENTED_EDGE('',*,*,#717,.F.);
#489=ORIENTED_EDGE('',*,*,#718,.F.);
#490=ORIENTED_EDGE('',*,*,#719,.F.);
#491=ORIENTED_EDGE('',*,*,#720,.F.);
#492=ORIENTED_EDGE('',*,*,#721,.F.);
#493=ORIENTED_EDGE('',*,*,#722,.F.);
#494=ORIENTED_EDGE('',*,*,#723,.F.);
#495=ORIENTED_EDGE('',*,*,#724,.F.);
#496=ORIENTED_EDGE('',*,*,#725,.F.);
#497=ORIENTED_EDGE('',*,*,#726,.F.);
#498=ORIENTED_EDGE('',*,*,#727,.F.);
#499=ORIENTED_EDGE('',*,*,#728,.F.);
#500=ORIENTED_EDGE('',*,*,#729,.F.);
#501=ORIENTED_EDGE('',*,*,#730,.F.);
#502=EDGE_CURVE('',#731,#732,#908,.T.);
#503=EDGE_CURVE('',#732,#733,#909,.T.);
#504=EDGE_CURVE('',#734,#733,#910,.T.);
#505=EDGE_CURVE('',#734,#731,#911,.T.);
#506=EDGE_CURVE('',#735,#735,#48,.T.);
#507=EDGE_CURVE('',#731,#736,#49,.T.);
#508=EDGE_CURVE('',#737,#736,#912,.T.);
#509=EDGE_CURVE('',#732,#737,#50,.T.);
#510=EDGE_CURVE('',#731,#738,#51,.T.);
#511=EDGE_CURVE('',#738,#736,#52,.T.);
#512=EDGE_CURVE('',#739,#734,#53,.T.);
#513=EDGE_CURVE('',#738,#739,#913,.T.);
#514=EDGE_CURVE('',#740,#741,#914,.T.);
#515=EDGE_CURVE('',#742,#740,#915,.T.);
#516=EDGE_CURVE('',#743,#742,#916,.T.);
#517=EDGE_CURVE('',#741,#743,#917,.T.);
#518=EDGE_CURVE('',#744,#745,#918,.T.);
#519=EDGE_CURVE('',#746,#744,#919,.T.);
#520=EDGE_CURVE('',#747,#746,#920,.T.);
#521=EDGE_CURVE('',#748,#747,#921,.T.);
#522=EDGE_CURVE('',#749,#748,#922,.T.);
#523=EDGE_CURVE('',#750,#749,#923,.T.);
#524=EDGE_CURVE('',#750,#751,#924,.T.);
#525=EDGE_CURVE('',#751,#752,#925,.T.);
#526=EDGE_CURVE('',#753,#752,#926,.T.);
#527=EDGE_CURVE('',#754,#753,#927,.T.);
#528=EDGE_CURVE('',#755,#754,#928,.T.);
#529=EDGE_CURVE('',#755,#756,#929,.T.);
#530=EDGE_CURVE('',#757,#756,#930,.T.);
#531=EDGE_CURVE('',#739,#757,#931,.T.);
#532=EDGE_CURVE('',#733,#758,#54,.T.);
#533=EDGE_CURVE('',#758,#745,#932,.T.);
#534=EDGE_CURVE('',#759,#759,#55,.T.);
#535=EDGE_CURVE('',#760,#761,#933,.T.);
#536=EDGE_CURVE('',#762,#760,#934,.T.);
#537=EDGE_CURVE('',#763,#762,#935,.T.);
#538=EDGE_CURVE('',#761,#763,#936,.T.);
#539=EDGE_CURVE('',#764,#761,#937,.T.);
#540=EDGE_CURVE('',#765,#764,#938,.T.);
#541=EDGE_CURVE('',#765,#760,#939,.T.);
#542=EDGE_CURVE('',#766,#763,#940,.T.);
#543=EDGE_CURVE('',#764,#766,#941,.T.);
#544=EDGE_CURVE('',#767,#762,#942,.T.);
#545=EDGE_CURVE('',#766,#767,#943,.T.);
#546=EDGE_CURVE('',#767,#765,#944,.T.);
#547=EDGE_CURVE('',#768,#769,#945,.T.);
#548=EDGE_CURVE('',#744,#768,#946,.T.);
#549=EDGE_CURVE('',#745,#770,#947,.T.);
#550=EDGE_CURVE('',#770,#771,#56,.T.);
#551=EDGE_CURVE('',#772,#771,#948,.T.);
#552=EDGE_CURVE('',#772,#773,#57,.T.);
#553=EDGE_CURVE('',#757,#773,#949,.T.);
#554=EDGE_CURVE('',#756,#774,#950,.T.);
#555=EDGE_CURVE('',#775,#774,#951,.T.);
#556=EDGE_CURVE('',#776,#775,#952,.T.);
#557=EDGE_CURVE('',#777,#776,#953,.T.);
#558=EDGE_CURVE('',#777,#778,#954,.T.);
#559=EDGE_CURVE('',#779,#778,#955,.T.);
#560=EDGE_CURVE('',#780,#779,#956,.T.);
#561=EDGE_CURVE('',#781,#780,#957,.T.);
#562=EDGE_CURVE('',#769,#781,#958,.T.);
#563=EDGE_CURVE('',#782,#783,#959,.T.);
#564=EDGE_CURVE('',#784,#782,#960,.T.);
#565=EDGE_CURVE('',#785,#784,#961,.T.);
#566=EDGE_CURVE('',#783,#785,#962,.T.);
#567=EDGE_CURVE('',#786,#786,#58,.T.);
#568=EDGE_CURVE('',#787,#788,#963,.T.);
#569=EDGE_CURVE('',#789,#787,#964,.T.);
#570=EDGE_CURVE('',#790,#789,#965,.T.);
#571=EDGE_CURVE('',#788,#790,#966,.T.);
#572=EDGE_CURVE('',#791,#788,#967,.T.);
#573=EDGE_CURVE('',#792,#791,#968,.T.);
#574=EDGE_CURVE('',#792,#787,#969,.T.);
#575=EDGE_CURVE('',#793,#790,#970,.T.);
#576=EDGE_CURVE('',#791,#793,#971,.T.);
#577=EDGE_CURVE('',#794,#789,#972,.T.);
#578=EDGE_CURVE('',#793,#794,#973,.T.);
#579=EDGE_CURVE('',#794,#792,#974,.T.);
#580=EDGE_CURVE('',#795,#783,#975,.T.);
#581=EDGE_CURVE('',#796,#795,#976,.T.);
#582=EDGE_CURVE('',#796,#782,#977,.T.);
#583=EDGE_CURVE('',#797,#785,#978,.T.);
#584=EDGE_CURVE('',#795,#797,#979,.T.);
#585=EDGE_CURVE('',#798,#784,#980,.T.);
#586=EDGE_CURVE('',#797,#798,#981,.T.);
#587=EDGE_CURVE('',#798,#796,#982,.T.);
#588=EDGE_CURVE('',#799,#769,#983,.T.);
#589=EDGE_CURVE('',#800,#799,#984,.T.);
#590=EDGE_CURVE('',#800,#768,#985,.T.);
#591=EDGE_CURVE('',#801,#781,#986,.T.);
#592=EDGE_CURVE('',#799,#801,#987,.T.);
#593=EDGE_CURVE('',#802,#780,#988,.T.);
#594=EDGE_CURVE('',#801,#802,#989,.T.);
#595=EDGE_CURVE('',#803,#746,#990,.T.);
#596=EDGE_CURVE('',#802,#800,#991,.T.);
#597=EDGE_CURVE('',#779,#750,#992,.T.);
#598=EDGE_CURVE('',#804,#749,#993,.T.);
#599=EDGE_CURVE('',#803,#804,#994,.T.);
#600=EDGE_CURVE('',#805,#803,#995,.T.);
#601=EDGE_CURVE('',#805,#747,#996,.T.);
#602=EDGE_CURVE('',#806,#805,#997,.T.);
#603=EDGE_CURVE('',#804,#806,#998,.T.);
#604=EDGE_CURVE('',#806,#748,#999,.T.);
#605=EDGE_CURVE('',#778,#751,#1000,.T.);
#606=EDGE_CURVE('',#807,#752,#1001,.T.);
#607=EDGE_CURVE('',#808,#777,#1002,.T.);
#608=EDGE_CURVE('',#809,#808,#1003,.T.);
#609=EDGE_CURVE('',#809,#774,#1004,.T.);
#610=EDGE_CURVE('',#810,#755,#1005,.T.);
#611=EDGE_CURVE('',#807,#810,#1006,.T.);
#612=EDGE_CURVE('',#811,#807,#1007,.T.);
#613=EDGE_CURVE('',#811,#753,#1008,.T.);
#614=EDGE_CURVE('',#810,#812,#1009,.T.);
#615=EDGE_CURVE('',#812,#811,#1010,.T.);
#616=EDGE_CURVE('',#812,#754,#1011,.T.);
#617=EDGE_CURVE('',#813,#776,#1012,.T.);
#618=EDGE_CURVE('',#808,#813,#1013,.T.);
#619=EDGE_CURVE('',#814,#775,#1014,.T.);
#620=EDGE_CURVE('',#813,#814,#1015,.T.);
#621=EDGE_CURVE('',#814,#809,#1016,.T.);
#622=EDGE_CURVE('',#758,#815,#1017,.T.);
#623=EDGE_CURVE('',#815,#770,#1018,.T.);
#624=EDGE_CURVE('',#732,#815,#59,.T.);
#625=EDGE_CURVE('',#737,#815,#60,.T.);
#626=EDGE_CURVE('',#771,#737,#1019,.T.);
#627=EDGE_CURVE('',#736,#772,#1020,.T.);
#628=EDGE_CURVE('',#816,#816,#61,.T.);
#629=EDGE_CURVE('',#817,#818,#62,.T.);
#630=EDGE_CURVE('',#818,#817,#63,.T.);
#631=EDGE_CURVE('',#819,#819,#64,.T.);
#632=EDGE_CURVE('',#818,#820,#24,.T.);
#633=EDGE_CURVE('',#820,#817,#25,.T.);
#634=EDGE_CURVE('',#820,#821,#26,.T.);
#635=EDGE_CURVE('',#818,#821,#65,.T.);
#636=EDGE_CURVE('',#821,#818,#66,.T.);
#637=EDGE_CURVE('',#822,#822,#67,.T.);
#638=EDGE_CURVE('',#821,#823,#27,.T.);
#639=EDGE_CURVE('',#823,#818,#28,.T.);
#640=EDGE_CURVE('',#773,#738,#1021,.T.);
#641=EDGE_CURVE('',#824,#741,#1022,.T.);
#642=EDGE_CURVE('',#825,#824,#1023,.T.);
#643=EDGE_CURVE('',#825,#740,#1024,.T.);
#644=EDGE_CURVE('',#826,#743,#1025,.T.);
#645=EDGE_CURVE('',#824,#826,#1026,.T.);
#646=EDGE_CURVE('',#827,#742,#1027,.T.);
#647=EDGE_CURVE('',#826,#827,#1028,.T.);
#648=EDGE_CURVE('',#827,#825,#1029,.T.);
#649=EDGE_CURVE('',#828,#828,#68,.T.);
#650=EDGE_CURVE('',#829,#829,#69,.T.);
#651=EDGE_CURVE('',#817,#823,#29,.T.);
#652=EDGE_CURVE('',#830,#830,#70,.T.);
#653=EDGE_CURVE('',#823,#820,#30,.T.);
#654=EDGE_CURVE('',#831,#831,#71,.T.);
#655=EDGE_CURVE('',#832,#832,#72,.T.);
#656=EDGE_CURVE('',#833,#833,#73,.T.);
#657=EDGE_CURVE('',#834,#835,#74,.T.);
#658=EDGE_CURVE('',#835,#836,#75,.T.);
#659=EDGE_CURVE('',#836,#834,#76,.T.);
#660=EDGE_CURVE('',#837,#837,#77,.T.);
#661=EDGE_CURVE('',#838,#839,#1030,.T.);
#662=EDGE_CURVE('',#840,#838,#78,.T.);
#663=EDGE_CURVE('',#841,#840,#1031,.T.);
#664=EDGE_CURVE('',#842,#841,#79,.T.);
#665=EDGE_CURVE('',#843,#842,#1032,.T.);
#666=EDGE_CURVE('',#844,#843,#80,.T.);
#667=EDGE_CURVE('',#845,#844,#1033,.T.);
#668=EDGE_CURVE('',#846,#845,#81,.T.);
#669=EDGE_CURVE('',#847,#846,#1034,.T.);
#670=EDGE_CURVE('',#848,#847,#82,.T.);
#671=EDGE_CURVE('',#849,#848,#1035,.T.);
#672=EDGE_CURVE('',#850,#849,#83,.T.);
#673=EDGE_CURVE('',#851,#850,#1036,.T.);
#674=EDGE_CURVE('',#852,#851,#84,.T.);
#675=EDGE_CURVE('',#853,#852,#1037,.T.);
#676=EDGE_CURVE('',#854,#853,#85,.T.);
#677=EDGE_CURVE('',#855,#854,#1038,.T.);
#678=EDGE_CURVE('',#856,#855,#86,.T.);
#679=EDGE_CURVE('',#857,#856,#1039,.T.);
#680=EDGE_CURVE('',#858,#857,#87,.T.);
#681=EDGE_CURVE('',#859,#858,#1040,.T.);
#682=EDGE_CURVE('',#860,#859,#88,.T.);
#683=EDGE_CURVE('',#861,#860,#1041,.T.);
#684=EDGE_CURVE('',#862,#861,#89,.T.);
#685=EDGE_CURVE('',#863,#862,#1042,.T.);
#686=EDGE_CURVE('',#864,#863,#90,.T.);
#687=EDGE_CURVE('',#865,#864,#1043,.T.);
#688=EDGE_CURVE('',#866,#865,#91,.T.);
#689=EDGE_CURVE('',#867,#866,#1044,.T.);
#690=EDGE_CURVE('',#868,#867,#92,.T.);
#691=EDGE_CURVE('',#869,#868,#1045,.T.);
#692=EDGE_CURVE('',#839,#869,#93,.T.);
#693=EDGE_CURVE('',#870,#870,#94,.T.);
#694=EDGE_CURVE('',#871,#872,#95,.T.);
#695=EDGE_CURVE('',#872,#873,#96,.T.);
#696=EDGE_CURVE('',#873,#871,#97,.T.);
#697=EDGE_CURVE('',#874,#874,#98,.T.);
#698=EDGE_CURVE('',#875,#876,#1046,.T.);
#699=EDGE_CURVE('',#877,#875,#99,.T.);
#700=EDGE_CURVE('',#878,#877,#1047,.T.);
#701=EDGE_CURVE('',#879,#878,#100,.T.);
#702=EDGE_CURVE('',#880,#879,#1048,.T.);
#703=EDGE_CURVE('',#881,#880,#101,.T.);
#704=EDGE_CURVE('',#882,#881,#1049,.T.);
#705=EDGE_CURVE('',#883,#882,#102,.T.);
#706=EDGE_CURVE('',#884,#883,#1050,.T.);
#707=EDGE_CURVE('',#885,#884,#103,.T.);
#708=EDGE_CURVE('',#886,#885,#1051,.T.);
#709=EDGE_CURVE('',#887,#886,#104,.T.);
#710=EDGE_CURVE('',#888,#887,#1052,.T.);
#711=EDGE_CURVE('',#889,#888,#105,.T.);
#712=EDGE_CURVE('',#890,#889,#1053,.T.);
#713=EDGE_CURVE('',#891,#890,#106,.T.);
#714=EDGE_CURVE('',#892,#891,#1054,.T.);
#715=EDGE_CURVE('',#893,#892,#107,.T.);
#716=EDGE_CURVE('',#894,#893,#1055,.T.);
#717=EDGE_CURVE('',#895,#894,#108,.T.);
#718=EDGE_CURVE('',#896,#895,#1056,.T.);
#719=EDGE_CURVE('',#897,#896,#109,.T.);
#720=EDGE_CURVE('',#898,#897,#1057,.T.);
#721=EDGE_CURVE('',#899,#898,#110,.T.);
#722=EDGE_CURVE('',#900,#899,#1058,.T.);
#723=EDGE_CURVE('',#901,#900,#111,.T.);
#724=EDGE_CURVE('',#902,#901,#1059,.T.);
#725=EDGE_CURVE('',#903,#902,#112,.T.);
#726=EDGE_CURVE('',#904,#903,#1060,.T.);
#727=EDGE_CURVE('',#905,#904,#113,.T.);
#728=EDGE_CURVE('',#906,#905,#1061,.T.);
#729=EDGE_CURVE('',#876,#906,#114,.T.);
#730=EDGE_CURVE('',#907,#907,#115,.T.);
#731=VERTEX_POINT('',#2178);
#732=VERTEX_POINT('',#2179);
#733=VERTEX_POINT('',#2181);
#734=VERTEX_POINT('',#2183);
#735=VERTEX_POINT('',#2186);
#736=VERTEX_POINT('',#2189);
#737=VERTEX_POINT('',#2191);
#738=VERTEX_POINT('',#2195);
#739=VERTEX_POINT('',#2199);
#740=VERTEX_POINT('',#2203);
#741=VERTEX_POINT('',#2204);
#742=VERTEX_POINT('',#2206);
#743=VERTEX_POINT('',#2208);
#744=VERTEX_POINT('',#2211);
#745=VERTEX_POINT('',#2212);
#746=VERTEX_POINT('',#2214);
#747=VERTEX_POINT('',#2216);
#748=VERTEX_POINT('',#2218);
#749=VERTEX_POINT('',#2220);
#750=VERTEX_POINT('',#2222);
#751=VERTEX_POINT('',#2224);
#752=VERTEX_POINT('',#2226);
#753=VERTEX_POINT('',#2228);
#754=VERTEX_POINT('',#2230);
#755=VERTEX_POINT('',#2232);
#756=VERTEX_POINT('',#2234);
#757=VERTEX_POINT('',#2236);
#758=VERTEX_POINT('',#2239);
#759=VERTEX_POINT('',#2242);
#760=VERTEX_POINT('',#2244);
#761=VERTEX_POINT('',#2245);
#762=VERTEX_POINT('',#2247);
#763=VERTEX_POINT('',#2249);
#764=VERTEX_POINT('',#2253);
#765=VERTEX_POINT('',#2255);
#766=VERTEX_POINT('',#2259);
#767=VERTEX_POINT('',#2263);
#768=VERTEX_POINT('',#2270);
#769=VERTEX_POINT('',#2271);
#770=VERTEX_POINT('',#2274);
#771=VERTEX_POINT('',#2276);
#772=VERTEX_POINT('',#2278);
#773=VERTEX_POINT('',#2280);
#774=VERTEX_POINT('',#2283);
#775=VERTEX_POINT('',#2285);
#776=VERTEX_POINT('',#2287);
#777=VERTEX_POINT('',#2289);
#778=VERTEX_POINT('',#2291);
#779=VERTEX_POINT('',#2293);
#780=VERTEX_POINT('',#2295);
#781=VERTEX_POINT('',#2297);
#782=VERTEX_POINT('',#2300);
#783=VERTEX_POINT('',#2301);
#784=VERTEX_POINT('',#2303);
#785=VERTEX_POINT('',#2305);
#786=VERTEX_POINT('',#2308);
#787=VERTEX_POINT('',#2310);
#788=VERTEX_POINT('',#2311);
#789=VERTEX_POINT('',#2313);
#790=VERTEX_POINT('',#2315);
#791=VERTEX_POINT('',#2319);
#792=VERTEX_POINT('',#2321);
#793=VERTEX_POINT('',#2325);
#794=VERTEX_POINT('',#2329);
#795=VERTEX_POINT('',#2336);
#796=VERTEX_POINT('',#2338);
#797=VERTEX_POINT('',#2342);
#798=VERTEX_POINT('',#2346);
#799=VERTEX_POINT('',#2353);
#800=VERTEX_POINT('',#2355);
#801=VERTEX_POINT('',#2359);
#802=VERTEX_POINT('',#2363);
#803=VERTEX_POINT('',#2367);
#804=VERTEX_POINT('',#2371);
#805=VERTEX_POINT('',#2375);
#806=VERTEX_POINT('',#2379);
#807=VERTEX_POINT('',#2389);
#808=VERTEX_POINT('',#2391);
#809=VERTEX_POINT('',#2393);
#810=VERTEX_POINT('',#2396);
#811=VERTEX_POINT('',#2400);
#812=VERTEX_POINT('',#2404);
#813=VERTEX_POINT('',#2411);
#814=VERTEX_POINT('',#2415);
#815=VERTEX_POINT('',#2422);
#816=VERTEX_POINT('',#2433);
#817=VERTEX_POINT('',#2436);
#818=VERTEX_POINT('',#2437);
#819=VERTEX_POINT('',#2440);
#820=VERTEX_POINT('',#2443);
#821=VERTEX_POINT('',#2447);
#822=VERTEX_POINT('',#2452);
#823=VERTEX_POINT('',#2455);
#824=VERTEX_POINT('',#2462);
#825=VERTEX_POINT('',#2464);
#826=VERTEX_POINT('',#2468);
#827=VERTEX_POINT('',#2472);
#828=VERTEX_POINT('',#2479);
#829=VERTEX_POINT('',#2482);
#830=VERTEX_POINT('',#2487);
#831=VERTEX_POINT('',#2492);
#832=VERTEX_POINT('',#2495);
#833=VERTEX_POINT('',#2498);
#834=VERTEX_POINT('',#2502);
#835=VERTEX_POINT('',#2503);
#836=VERTEX_POINT('',#2505);
#837=VERTEX_POINT('',#2509);
#838=VERTEX_POINT('',#2512);
#839=VERTEX_POINT('',#2513);
#840=VERTEX_POINT('',#2515);
#841=VERTEX_POINT('',#2517);
#842=VERTEX_POINT('',#2519);
#843=VERTEX_POINT('',#2521);
#844=VERTEX_POINT('',#2523);
#845=VERTEX_POINT('',#2525);
#846=VERTEX_POINT('',#2527);
#847=VERTEX_POINT('',#2529);
#848=VERTEX_POINT('',#2531);
#849=VERTEX_POINT('',#2533);
#850=VERTEX_POINT('',#2535);
#851=VERTEX_POINT('',#2537);
#852=VERTEX_POINT('',#2539);
#853=VERTEX_POINT('',#2541);
#854=VERTEX_POINT('',#2543);
#855=VERTEX_POINT('',#2545);
#856=VERTEX_POINT('',#2547);
#857=VERTEX_POINT('',#2549);
#858=VERTEX_POINT('',#2551);
#859=VERTEX_POINT('',#2553);
#860=VERTEX_POINT('',#2555);
#861=VERTEX_POINT('',#2557);
#862=VERTEX_POINT('',#2559);
#863=VERTEX_POINT('',#2561);
#864=VERTEX_POINT('',#2563);
#865=VERTEX_POINT('',#2565);
#866=VERTEX_POINT('',#2567);
#867=VERTEX_POINT('',#2569);
#868=VERTEX_POINT('',#2571);
#869=VERTEX_POINT('',#2573);
#870=VERTEX_POINT('',#2576);
#871=VERTEX_POINT('',#2579);
#872=VERTEX_POINT('',#2580);
#873=VERTEX_POINT('',#2582);
#874=VERTEX_POINT('',#2586);
#875=VERTEX_POINT('',#2589);
#876=VERTEX_POINT('',#2590);
#877=VERTEX_POINT('',#2592);
#878=VERTEX_POINT('',#2594);
#879=VERTEX_POINT('',#2596);
#880=VERTEX_POINT('',#2598);
#881=VERTEX_POINT('',#2600);
#882=VERTEX_POINT('',#2602);
#883=VERTEX_POINT('',#2604);
#884=VERTEX_POINT('',#2606);
#885=VERTEX_POINT('',#2608);
#886=VERTEX_POINT('',#2610);
#887=VERTEX_POINT('',#2612);
#888=VERTEX_POINT('',#2614);
#889=VERTEX_POINT('',#2616);
#890=VERTEX_POINT('',#2618);
#891=VERTEX_POINT('',#2620);
#892=VERTEX_POINT('',#2622);
#893=VERTEX_POINT('',#2624);
#894=VERTEX_POINT('',#2626);
#895=VERTEX_POINT('',#2628);
#896=VERTEX_POINT('',#2630);
#897=VERTEX_POINT('',#2632);
#898=VERTEX_POINT('',#2634);
#899=VERTEX_POINT('',#2636);
#900=VERTEX_POINT('',#2638);
#901=VERTEX_POINT('',#2640);
#902=VERTEX_POINT('',#2642);
#903=VERTEX_POINT('',#2644);
#904=VERTEX_POINT('',#2646);
#905=VERTEX_POINT('',#2648);
#906=VERTEX_POINT('',#2650);
#907=VERTEX_POINT('',#2653);
#908=LINE('',#2177,#1062);
#909=LINE('',#2180,#1063);
#910=LINE('',#2182,#1064);
#911=LINE('',#2184,#1065);
#912=LINE('',#2190,#1066);
#913=LINE('',#2200,#1067);
#914=LINE('',#2202,#1068);
#915=LINE('',#2205,#1069);
#916=LINE('',#2207,#1070);
#917=LINE('',#2209,#1071);
#918=LINE('',#2210,#1072);
#919=LINE('',#2213,#1073);
#920=LINE('',#2215,#1074);
#921=LINE('',#2217,#1075);
#922=LINE('',#2219,#1076);
#923=LINE('',#2221,#1077);
#924=LINE('',#2223,#1078);
#925=LINE('',#2225,#1079);
#926=LINE('',#2227,#1080);
#927=LINE('',#2229,#1081);
#928=LINE('',#2231,#1082);
#929=LINE('',#2233,#1083);
#930=LINE('',#2235,#1084);
#931=LINE('',#2237,#1085);
#932=LINE('',#2240,#1086);
#933=LINE('',#2243,#1087);
#934=LINE('',#2246,#1088);
#935=LINE('',#2248,#1089);
#936=LINE('',#2250,#1090);
#937=LINE('',#2252,#1091);
#938=LINE('',#2254,#1092);
#939=LINE('',#2256,#1093);
#940=LINE('',#2258,#1094);
#941=LINE('',#2260,#1095);
#942=LINE('',#2262,#1096);
#943=LINE('',#2264,#1097);
#944=LINE('',#2266,#1098);
#945=LINE('',#2269,#1099);
#946=LINE('',#2272,#1100);
#947=LINE('',#2273,#1101);
#948=LINE('',#2277,#1102);
#949=LINE('',#2281,#1103);
#950=LINE('',#2282,#1104);
#951=LINE('',#2284,#1105);
#952=LINE('',#2286,#1106);
#953=LINE('',#2288,#1107);
#954=LINE('',#2290,#1108);
#955=LINE('',#2292,#1109);
#956=LINE('',#2294,#1110);
#957=LINE('',#2296,#1111);
#958=LINE('',#2298,#1112);
#959=LINE('',#2299,#1113);
#960=LINE('',#2302,#1114);
#961=LINE('',#2304,#1115);
#962=LINE('',#2306,#1116);
#963=LINE('',#2309,#1117);
#964=LINE('',#2312,#1118);
#965=LINE('',#2314,#1119);
#966=LINE('',#2316,#1120);
#967=LINE('',#2318,#1121);
#968=LINE('',#2320,#1122);
#969=LINE('',#2322,#1123);
#970=LINE('',#2324,#1124);
#971=LINE('',#2326,#1125);
#972=LINE('',#2328,#1126);
#973=LINE('',#2330,#1127);
#974=LINE('',#2332,#1128);
#975=LINE('',#2335,#1129);
#976=LINE('',#2337,#1130);
#977=LINE('',#2339,#1131);
#978=LINE('',#2341,#1132);
#979=LINE('',#2343,#1133);
#980=LINE('',#2345,#1134);
#981=LINE('',#2347,#1135);
#982=LINE('',#2349,#1136);
#983=LINE('',#2352,#1137);
#984=LINE('',#2354,#1138);
#985=LINE('',#2356,#1139);
#986=LINE('',#2358,#1140);
#987=LINE('',#2360,#1141);
#988=LINE('',#2362,#1142);
#989=LINE('',#2364,#1143);
#990=LINE('',#2366,#1144);
#991=LINE('',#2368,#1145);
#992=LINE('',#2369,#1146);
#993=LINE('',#2370,#1147);
#994=LINE('',#2372,#1148);
#995=LINE('',#2374,#1149);
#996=LINE('',#2376,#1150);
#997=LINE('',#2378,#1151);
#998=LINE('',#2380,#1152);
#999=LINE('',#2382,#1153);
#1000=LINE('',#2386,#1154);
#1001=LINE('',#2388,#1155);
#1002=LINE('',#2390,#1156);
#1003=LINE('',#2392,#1157);
#1004=LINE('',#2394,#1158);
#1005=LINE('',#2395,#1159);
#1006=LINE('',#2397,#1160);
#1007=LINE('',#2399,#1161);
#1008=LINE('',#2401,#1162);
#1009=LINE('',#2403,#1163);
#1010=LINE('',#2405,#1164);
#1011=LINE('',#2407,#1165);
#1012=LINE('',#2410,#1166);
#1013=LINE('',#2412,#1167);
#1014=LINE('',#2414,#1168);
#1015=LINE('',#2416,#1169);
#1016=LINE('',#2418,#1170);
#1017=LINE('',#2421,#1171);
#1018=LINE('',#2423,#1172);
#1019=LINE('',#2429,#1173);
#1020=LINE('',#2431,#1174);
#1021=LINE('',#2458,#1175);
#1022=LINE('',#2461,#1176);
#1023=LINE('',#2463,#1177);
#1024=LINE('',#2465,#1178);
#1025=LINE('',#2467,#1179);
#1026=LINE('',#2469,#1180);
#1027=LINE('',#2471,#1181);
#1028=LINE('',#2473,#1182);
#1029=LINE('',#2475,#1183);
#1030=LINE('',#2511,#1184);
#1031=LINE('',#2516,#1185);
#1032=LINE('',#2520,#1186);
#1033=LINE('',#2524,#1187);
#1034=LINE('',#2528,#1188);
#1035=LINE('',#2532,#1189);
#1036=LINE('',#2536,#1190);
#1037=LINE('',#2540,#1191);
#1038=LINE('',#2544,#1192);
#1039=LINE('',#2548,#1193);
#1040=LINE('',#2552,#1194);
#1041=LINE('',#2556,#1195);
#1042=LINE('',#2560,#1196);
#1043=LINE('',#2564,#1197);
#1044=LINE('',#2568,#1198);
#1045=LINE('',#2572,#1199);
#1046=LINE('',#2588,#1200);
#1047=LINE('',#2593,#1201);
#1048=LINE('',#2597,#1202);
#1049=LINE('',#2601,#1203);
#1050=LINE('',#2605,#1204);
#1051=LINE('',#2609,#1205);
#1052=LINE('',#2613,#1206);
#1053=LINE('',#2617,#1207);
#1054=LINE('',#2621,#1208);
#1055=LINE('',#2625,#1209);
#1056=LINE('',#2629,#1210);
#1057=LINE('',#2633,#1211);
#1058=LINE('',#2637,#1212);
#1059=LINE('',#2641,#1213);
#1060=LINE('',#2645,#1214);
#1061=LINE('',#2649,#1215);
#1062=VECTOR('',#1729,1000.);
#1063=VECTOR('',#1730,1000.);
#1064=VECTOR('',#1731,1000.);
#1065=VECTOR('',#1732,1000.);
#1066=VECTOR('',#1739,1000.);
#1067=VECTOR('',#1752,1000.);
#1068=VECTOR('',#1755,1000.);
#1069=VECTOR('',#1756,1000.);
#1070=VECTOR('',#1757,1000.);
#1071=VECTOR('',#1758,1000.);
#1072=VECTOR('',#1759,1000.);
#1073=VECTOR('',#1760,1000.);
#1074=VECTOR('',#1761,1000.);
#1075=VECTOR('',#1762,1000.);
#1076=VECTOR('',#1763,1000.);
#1077=VECTOR('',#1764,1000.);
#1078=VECTOR('',#1765,1000.);
#1079=VECTOR('',#1766,1000.);
#1080=VECTOR('',#1767,1000.);
#1081=VECTOR('',#1768,1000.);
#1082=VECTOR('',#1769,1000.);
#1083=VECTOR('',#1770,1000.);
#1084=VECTOR('',#1771,1000.);
#1085=VECTOR('',#1772,1000.);
#1086=VECTOR('',#1775,1000.);
#1087=VECTOR('',#1778,1000.);
#1088=VECTOR('',#1779,1000.);
#1089=VECTOR('',#1780,1000.);
#1090=VECTOR('',#1781,1000.);
#1091=VECTOR('',#1784,1000.);
#1092=VECTOR('',#1785,1000.);
#1093=VECTOR('',#1786,1000.);
#1094=VECTOR('',#1789,1000.);
#1095=VECTOR('',#1790,1000.);
#1096=VECTOR('',#1793,1000.);
#1097=VECTOR('',#1794,1000.);
#1098=VECTOR('',#1797,1000.);
#1099=VECTOR('',#1802,1000.);
#1100=VECTOR('',#1803,1000.);
#1101=VECTOR('',#1804,1000.);
#1102=VECTOR('',#1807,1000.);
#1103=VECTOR('',#1810,1000.);
#1104=VECTOR('',#1811,1000.);
#1105=VECTOR('',#1812,1000.);
#1106=VECTOR('',#1813,1000.);
#1107=VECTOR('',#1814,1000.);
#1108=VECTOR('',#1815,1000.);
#1109=VECTOR('',#1816,1000.);
#1110=VECTOR('',#1817,1000.);
#1111=VECTOR('',#1818,1000.);
#1112=VECTOR('',#1819,1000.);
#1113=VECTOR('',#1820,1000.);
#1114=VECTOR('',#1821,1000.);
#1115=VECTOR('',#1822,1000.);
#1116=VECTOR('',#1823,1000.);
#1117=VECTOR('',#1826,1000.);
#1118=VECTOR('',#1827,1000.);
#1119=VECTOR('',#1828,1000.);
#1120=VECTOR('',#1829,1000.);
#1121=VECTOR('',#1832,1000.);
#1122=VECTOR('',#1833,1000.);
#1123=VECTOR('',#1834,1000.);
#1124=VECTOR('',#1837,1000.);
#1125=VECTOR('',#1838,1000.);
#1126=VECTOR('',#1841,1000.);
#1127=VECTOR('',#1842,1000.);
#1128=VECTOR('',#1845,1000.);
#1129=VECTOR('',#1850,1000.);
#1130=VECTOR('',#1851,1000.);
#1131=VECTOR('',#1852,1000.);
#1132=VECTOR('',#1855,1000.);
#1133=VECTOR('',#1856,1000.);
#1134=VECTOR('',#1859,1000.);
#1135=VECTOR('',#1860,1000.);
#1136=VECTOR('',#1863,1000.);
#1137=VECTOR('',#1868,1000.);
#1138=VECTOR('',#1869,1000.);
#1139=VECTOR('',#1870,1000.);
#1140=VECTOR('',#1873,1000.);
#1141=VECTOR('',#1874,1000.);
#1142=VECTOR('',#1877,1000.);
#1143=VECTOR('',#1878,1000.);
#1144=VECTOR('',#1881,1000.);
#1145=VECTOR('',#1882,1000.);
#1146=VECTOR('',#1883,1000.);
#1147=VECTOR('',#1884,1000.);
#1148=VECTOR('',#1885,1000.);
#1149=VECTOR('',#1888,1000.);
#1150=VECTOR('',#1889,1000.);
#1151=VECTOR('',#1892,1000.);
#1152=VECTOR('',#1893,1000.);
#1153=VECTOR('',#1896,1000.);
#1154=VECTOR('',#1903,1000.);
#1155=VECTOR('',#1906,1000.);
#1156=VECTOR('',#1907,1000.);
#1157=VECTOR('',#1908,1000.);
#1158=VECTOR('',#1909,1000.);
#1159=VECTOR('',#1910,1000.);
#1160=VECTOR('',#1911,1000.);
#1161=VECTOR('',#1914,1000.);
#1162=VECTOR('',#1915,1000.);
#1163=VECTOR('',#1918,1000.);
#1164=VECTOR('',#1919,1000.);
#1165=VECTOR('',#1922,1000.);
#1166=VECTOR('',#1927,1000.);
#1167=VECTOR('',#1928,1000.);
#1168=VECTOR('',#1931,1000.);
#1169=VECTOR('',#1932,1000.);
#1170=VECTOR('',#1935,1000.);
#1171=VECTOR('',#1940,1000.);
#1172=VECTOR('',#1941,1000.);
#1173=VECTOR('',#1952,1000.);
#1174=VECTOR('',#1955,1000.);
#1175=VECTOR('',#1992,1000.);
#1176=VECTOR('',#1997,1000.);
#1177=VECTOR('',#1998,1000.);
#1178=VECTOR('',#1999,1000.);
#1179=VECTOR('',#2002,1000.);
#1180=VECTOR('',#2003,1000.);
#1181=VECTOR('',#2006,1000.);
#1182=VECTOR('',#2007,1000.);
#1183=VECTOR('',#2010,1000.);
#1184=VECTOR('',#2061,1000.);
#1185=VECTOR('',#2064,1000.);
#1186=VECTOR('',#2067,1000.);
#1187=VECTOR('',#2070,1000.);
#1188=VECTOR('',#2073,1000.);
#1189=VECTOR('',#2076,1000.);
#1190=VECTOR('',#2079,1000.);
#1191=VECTOR('',#2082,1000.);
#1192=VECTOR('',#2085,1000.);
#1193=VECTOR('',#2088,1000.);
#1194=VECTOR('',#2091,1000.);
#1195=VECTOR('',#2094,1000.);
#1196=VECTOR('',#2097,1000.);
#1197=VECTOR('',#2100,1000.);
#1198=VECTOR('',#2103,1000.);
#1199=VECTOR('',#2106,1000.);
#1200=VECTOR('',#2125,1000.);
#1201=VECTOR('',#2128,1000.);
#1202=VECTOR('',#2131,1000.);
#1203=VECTOR('',#2134,1000.);
#1204=VECTOR('',#2137,1000.);
#1205=VECTOR('',#2140,1000.);
#1206=VECTOR('',#2143,1000.);
#1207=VECTOR('',#2146,1000.);
#1208=VECTOR('',#2149,1000.);
#1209=VECTOR('',#2152,1000.);
#1210=VECTOR('',#2155,1000.);
#1211=VECTOR('',#2158,1000.);
#1212=VECTOR('',#2161,1000.);
#1213=VECTOR('',#2164,1000.);
#1214=VECTOR('',#2167,1000.);
#1215=VECTOR('',#2170,1000.);
#1216=EDGE_LOOP('',(#116,#117,#118,#119));
#1217=EDGE_LOOP('',(#120));
#1218=EDGE_LOOP('',(#121,#122,#123,#124));
#1219=EDGE_LOOP('',(#125,#126,#127));
#1220=EDGE_LOOP('',(#128,#129,#130,#131));
#1221=EDGE_LOOP('',(#132,#133,#134,#135));
#1222=EDGE_LOOP('',(#136,#137,#138,#139,#140,#141,#142,#143,#144,#145,#146,
#147,#148,#149,#150,#151,#152,#153));
#1223=EDGE_LOOP('',(#154));
#1224=EDGE_LOOP('',(#155,#156,#157,#158));
#1225=EDGE_LOOP('',(#159,#160,#161,#162));
#1226=EDGE_LOOP('',(#163,#164,#165,#166));
#1227=EDGE_LOOP('',(#167,#168,#169,#170));
#1228=EDGE_LOOP('',(#171,#172,#173,#174));
#1229=EDGE_LOOP('',(#175,#176,#177,#178));
#1230=EDGE_LOOP('',(#179,#180,#181,#182,#183,#184,#185,#186,#187,#188,#189,
#190,#191,#192,#193,#194,#195,#196));
#1231=EDGE_LOOP('',(#197,#198,#199,#200));
#1232=EDGE_LOOP('',(#201));
#1233=EDGE_LOOP('',(#202,#203,#204,#205));
#1234=EDGE_LOOP('',(#206,#207,#208,#209));
#1235=EDGE_LOOP('',(#210,#211,#212,#213));
#1236=EDGE_LOOP('',(#214,#215,#216,#217));
#1237=EDGE_LOOP('',(#218,#219,#220,#221));
#1238=EDGE_LOOP('',(#222,#223,#224,#225));
#1239=EDGE_LOOP('',(#226,#227,#228,#229));
#1240=EDGE_LOOP('',(#230,#231,#232,#233));
#1241=EDGE_LOOP('',(#234,#235,#236,#237));
#1242=EDGE_LOOP('',(#238,#239,#240,#241));
#1243=EDGE_LOOP('',(#242,#243,#244,#245));
#1244=EDGE_LOOP('',(#246,#247,#248,#249));
#1245=EDGE_LOOP('',(#250,#251,#252,#253));
#1246=EDGE_LOOP('',(#254,#255,#256,#257));
#1247=EDGE_LOOP('',(#258,#259,#260,#261,#262,#263,#264,#265,#266,#267,#268));
#1248=EDGE_LOOP('',(#269,#270,#271,#272));
#1249=EDGE_LOOP('',(#273,#274,#275,#276));
#1250=EDGE_LOOP('',(#277,#278,#279,#280));
#1251=EDGE_LOOP('',(#281,#282,#283,#284));
#1252=EDGE_LOOP('',(#285,#286,#287,#288));
#1253=EDGE_LOOP('',(#289,#290,#291,#292));
#1254=EDGE_LOOP('',(#293,#294,#295,#296,#297,#298,#299,#300,#301,#302,#303));
#1255=EDGE_LOOP('',(#304,#305,#306,#307));
#1256=EDGE_LOOP('',(#308,#309,#310,#311));
#1257=EDGE_LOOP('',(#312,#313,#314,#315));
#1258=EDGE_LOOP('',(#316,#317,#318,#319));
#1259=EDGE_LOOP('',(#320,#321,#322,#323));
#1260=EDGE_LOOP('',(#324,#325,#326,#327));
#1261=EDGE_LOOP('',(#328,#329,#330,#331));
#1262=EDGE_LOOP('',(#332,#333,#334,#335));
#1263=EDGE_LOOP('',(#336,#337,#338,#339));
#1264=EDGE_LOOP('',(#340,#341,#342,#343));
#1265=EDGE_LOOP('',(#344,#345,#346));
#1266=EDGE_LOOP('',(#347,#348,#349,#350));
#1267=EDGE_LOOP('',(#351,#352,#353,#354));
#1268=EDGE_LOOP('',(#355));
#1269=EDGE_LOOP('',(#356,#357));
#1270=EDGE_LOOP('',(#358));
#1271=EDGE_LOOP('',(#359,#360,#361));
#1272=EDGE_LOOP('',(#362,#363,#364));
#1273=EDGE_LOOP('',(#365,#366));
#1274=EDGE_LOOP('',(#367));
#1275=EDGE_LOOP('',(#368,#369,#370));
#1276=EDGE_LOOP('',(#371,#372,#373,#374));
#1277=EDGE_LOOP('',(#375,#376,#377,#378));
#1278=EDGE_LOOP('',(#379,#380,#381,#382));
#1279=EDGE_LOOP('',(#383,#384,#385,#386));
#1280=EDGE_LOOP('',(#387,#388,#389,#390));
#1281=EDGE_LOOP('',(#391,#392,#393,#394));
#1282=EDGE_LOOP('',(#395,#396,#397,#398));
#1283=EDGE_LOOP('',(#399));
#1284=EDGE_LOOP('',(#400));
#1285=EDGE_LOOP('',(#401));
#1286=EDGE_LOOP('',(#402));
#1287=EDGE_LOOP('',(#403,#404,#405));
#1288=EDGE_LOOP('',(#406));
#1289=EDGE_LOOP('',(#407,#408,#409));
#1290=EDGE_LOOP('',(#410));
#1291=EDGE_LOOP('',(#411));
#1292=EDGE_LOOP('',(#412));
#1293=EDGE_LOOP('',(#413));
#1294=EDGE_LOOP('',(#414));
#1295=EDGE_LOOP('',(#415));
#1296=EDGE_LOOP('',(#416));
#1297=EDGE_LOOP('',(#417));
#1298=EDGE_LOOP('',(#418));
#1299=EDGE_LOOP('',(#419,#420,#421));
#1300=EDGE_LOOP('',(#422,#423,#424));
#1301=EDGE_LOOP('',(#425,#426,#427));
#1302=EDGE_LOOP('',(#428));
#1303=EDGE_LOOP('',(#429,#430,#431,#432,#433,#434,#435,#436,#437,#438,#439,
#440,#441,#442,#443,#444,#445,#446,#447,#448,#449,#450,#451,#452,#453,#454,
#455,#456,#457,#458,#459,#460));
#1304=EDGE_LOOP('',(#461));
#1305=EDGE_LOOP('',(#462,#463,#464));
#1306=EDGE_LOOP('',(#465,#466,#467));
#1307=EDGE_LOOP('',(#468));
#1308=EDGE_LOOP('',(#469,#470,#471,#472,#473,#474,#475,#476,#477,#478,#479,
#480,#481,#482,#483,#484,#485,#486,#487,#488,#489,#490,#491,#492,#493,#494,
#495,#496,#497,#498,#499,#500));
#1309=EDGE_LOOP('',(#501));
#1310=FACE_BOUND('',#1216,.T.);
#1311=FACE_BOUND('',#1217,.T.);
#1312=FACE_BOUND('',#1218,.T.);
#1313=FACE_BOUND('',#1219,.T.);
#1314=FACE_BOUND('',#1220,.T.);
#1315=FACE_BOUND('',#1221,.T.);
#1316=FACE_BOUND('',#1222,.T.);
#1317=FACE_BOUND('',#1223,.T.);
#1318=FACE_BOUND('',#1224,.T.);
#1319=FACE_BOUND('',#1225,.T.);
#1320=FACE_BOUND('',#1226,.T.);
#1321=FACE_BOUND('',#1227,.T.);
#1322=FACE_BOUND('',#1228,.T.);
#1323=FACE_BOUND('',#1229,.T.);
#1324=FACE_BOUND('',#1230,.T.);
#1325=FACE_BOUND('',#1231,.T.);
#1326=FACE_BOUND('',#1232,.T.);
#1327=FACE_BOUND('',#1233,.T.);
#1328=FACE_BOUND('',#1234,.T.);
#1329=FACE_BOUND('',#1235,.T.);
#1330=FACE_BOUND('',#1236,.T.);
#1331=FACE_BOUND('',#1237,.T.);
#1332=FACE_BOUND('',#1238,.T.);
#1333=FACE_BOUND('',#1239,.T.);
#1334=FACE_BOUND('',#1240,.T.);
#1335=FACE_BOUND('',#1241,.T.);
#1336=FACE_BOUND('',#1242,.T.);
#1337=FACE_BOUND('',#1243,.T.);
#1338=FACE_BOUND('',#1244,.T.);
#1339=FACE_BOUND('',#1245,.T.);
#1340=FACE_BOUND('',#1246,.T.);
#1341=FACE_BOUND('',#1247,.T.);
#1342=FACE_BOUND('',#1248,.T.);
#1343=FACE_BOUND('',#1249,.T.);
#1344=FACE_BOUND('',#1250,.T.);
#1345=FACE_BOUND('',#1251,.T.);
#1346=FACE_BOUND('',#1252,.T.);
#1347=FACE_BOUND('',#1253,.T.);
#1348=FACE_BOUND('',#1254,.T.);
#1349=FACE_BOUND('',#1255,.T.);
#1350=FACE_BOUND('',#1256,.T.);
#1351=FACE_BOUND('',#1257,.T.);
#1352=FACE_BOUND('',#1258,.T.);
#1353=FACE_BOUND('',#1259,.T.);
#1354=FACE_BOUND('',#1260,.T.);
#1355=FACE_BOUND('',#1261,.T.);
#1356=FACE_BOUND('',#1262,.T.);
#1357=FACE_BOUND('',#1263,.T.);
#1358=FACE_BOUND('',#1264,.T.);
#1359=FACE_BOUND('',#1265,.T.);
#1360=FACE_BOUND('',#1266,.T.);
#1361=FACE_BOUND('',#1267,.T.);
#1362=FACE_BOUND('',#1268,.T.);
#1363=FACE_BOUND('',#1269,.T.);
#1364=FACE_BOUND('',#1270,.T.);
#1365=FACE_BOUND('',#1271,.T.);
#1366=FACE_BOUND('',#1272,.T.);
#1367=FACE_BOUND('',#1273,.T.);
#1368=FACE_BOUND('',#1274,.T.);
#1369=FACE_BOUND('',#1275,.T.);
#1370=FACE_BOUND('',#1276,.T.);
#1371=FACE_BOUND('',#1277,.T.);
#1372=FACE_BOUND('',#1278,.T.);
#1373=FACE_BOUND('',#1279,.T.);
#1374=FACE_BOUND('',#1280,.T.);
#1375=FACE_BOUND('',#1281,.T.);
#1376=FACE_BOUND('',#1282,.T.);
#1377=FACE_BOUND('',#1283,.T.);
#1378=FACE_BOUND('',#1284,.T.);
#1379=FACE_BOUND('',#1285,.T.);
#1380=FACE_BOUND('',#1286,.T.);
#1381=FACE_BOUND('',#1287,.T.);
#1382=FACE_BOUND('',#1288,.T.);
#1383=FACE_BOUND('',#1289,.T.);
#1384=FACE_BOUND('',#1290,.T.);
#1385=FACE_BOUND('',#1291,.T.);
#1386=FACE_BOUND('',#1292,.T.);
#1387=FACE_BOUND('',#1293,.T.);
#1388=FACE_BOUND('',#1294,.T.);
#1389=FACE_BOUND('',#1295,.T.);
#1390=FACE_BOUND('',#1296,.T.);
#1391=FACE_BOUND('',#1297,.T.);
#1392=FACE_BOUND('',#1298,.T.);
#1393=FACE_BOUND('',#1299,.T.);
#1394=FACE_BOUND('',#1300,.T.);
#1395=FACE_BOUND('',#1301,.T.);
#1396=FACE_BOUND('',#1302,.T.);
#1397=FACE_BOUND('',#1303,.T.);
#1398=FACE_BOUND('',#1304,.T.);
#1399=FACE_BOUND('',#1305,.T.);
#1400=FACE_BOUND('',#1306,.T.);
#1401=FACE_BOUND('',#1307,.T.);
#1402=FACE_BOUND('',#1308,.T.);
#1403=FACE_BOUND('',#1309,.T.);
#1404=PLANE('',#1578);
#1405=PLANE('',#1588);
#1406=PLANE('',#1591);
#1407=PLANE('',#1592);
#1408=PLANE('',#1593);
#1409=PLANE('',#1594);
#1410=PLANE('',#1595);
#1411=PLANE('',#1596);
#1412=PLANE('',#1600);
#1413=PLANE('',#1601);
#1414=PLANE('',#1602);
#1415=PLANE('',#1603);
#1416=PLANE('',#1604);
#1417=PLANE('',#1605);
#1418=PLANE('',#1606);
#1419=PLANE('',#1607);
#1420=PLANE('',#1608);
#1421=PLANE('',#1609);
#1422=PLANE('',#1610);
#1423=PLANE('',#1611);
#1424=PLANE('',#1612);
#1425=PLANE('',#1613);
#1426=PLANE('',#1614);
#1427=PLANE('',#1615);
#1428=PLANE('',#1616);
#1429=PLANE('',#1617);
#1430=PLANE('',#1618);
#1431=PLANE('',#1619);
#1432=PLANE('',#1620);
#1433=PLANE('',#1621);
#1434=PLANE('',#1622);
#1435=PLANE('',#1623);
#1436=PLANE('',#1624);
#1437=PLANE('',#1625);
#1438=PLANE('',#1626);
#1439=PLANE('',#1627);
#1440=PLANE('',#1628);
#1441=PLANE('',#1629);
#1442=PLANE('',#1635);
#1443=PLANE('',#1637);
#1444=PLANE('',#1647);
#1445=PLANE('',#1654);
#1446=PLANE('',#1655);
#1447=PLANE('',#1656);
#1448=PLANE('',#1657);
#1449=PLANE('',#1658);
#1450=PLANE('',#1659);
#1451=PLANE('',#1677);
#1452=PLANE('',#1683);
#1453=PLANE('',#1701);
#1454=PLANE('',#1707);
#1455=ADVANCED_FACE('',(#1310,#1311),#1404,.F.);
#1456=ADVANCED_FACE('',(#1312),#33,.T.);
#1457=ADVANCED_FACE('',(#1313),#31,.T.);
#1458=ADVANCED_FACE('',(#1314),#34,.T.);
#1459=ADVANCED_FACE('',(#1315,#1316,#1317,#1318),#1405,.F.);
#1460=ADVANCED_FACE('',(#1319),#1406,.F.);
#1461=ADVANCED_FACE('',(#1320),#1407,.F.);
#1462=ADVANCED_FACE('',(#1321),#1408,.F.);
#1463=ADVANCED_FACE('',(#1322),#1409,.F.);
#1464=ADVANCED_FACE('',(#1323),#1410,.T.);
#1465=ADVANCED_FACE('',(#1324,#1325,#1326,#1327),#1411,.F.);
#1466=ADVANCED_FACE('',(#1328),#1412,.F.);
#1467=ADVANCED_FACE('',(#1329),#1413,.F.);
#1468=ADVANCED_FACE('',(#1330),#1414,.F.);
#1469=ADVANCED_FACE('',(#1331),#1415,.F.);
#1470=ADVANCED_FACE('',(#1332),#1416,.T.);
#1471=ADVANCED_FACE('',(#1333),#1417,.F.);
#1472=ADVANCED_FACE('',(#1334),#1418,.F.);
#1473=ADVANCED_FACE('',(#1335),#1419,.F.);
#1474=ADVANCED_FACE('',(#1336),#1420,.F.);
#1475=ADVANCED_FACE('',(#1337),#1421,.T.);
#1476=ADVANCED_FACE('',(#1338),#1422,.F.);
#1477=ADVANCED_FACE('',(#1339),#1423,.F.);
#1478=ADVANCED_FACE('',(#1340),#1424,.F.);
#1479=ADVANCED_FACE('',(#1341),#1425,.F.);
#1480=ADVANCED_FACE('',(#1342),#1426,.F.);
#1481=ADVANCED_FACE('',(#1343),#1427,.T.);
#1482=ADVANCED_FACE('',(#1344),#1428,.F.);
#1483=ADVANCED_FACE('',(#1345),#1429,.F.);
#1484=ADVANCED_FACE('',(#1346),#1430,.T.);
#1485=ADVANCED_FACE('',(#1347),#1431,.F.);
#1486=ADVANCED_FACE('',(#1348),#1432,.F.);
#1487=ADVANCED_FACE('',(#1349),#1433,.F.);
#1488=ADVANCED_FACE('',(#1350),#1434,.T.);
#1489=ADVANCED_FACE('',(#1351),#1435,.F.);
#1490=ADVANCED_FACE('',(#1352),#1436,.F.);
#1491=ADVANCED_FACE('',(#1353),#1437,.F.);
#1492=ADVANCED_FACE('',(#1354),#1438,.F.);
#1493=ADVANCED_FACE('',(#1355),#1439,.F.);
#1494=ADVANCED_FACE('',(#1356),#1440,.T.);
#1495=ADVANCED_FACE('',(#1357),#1441,.T.);
#1496=ADVANCED_FACE('',(#1358),#35,.T.);
#1497=ADVANCED_FACE('',(#1359),#32,.T.);
#1498=ADVANCED_FACE('',(#1360),#36,.T.);
#1499=ADVANCED_FACE('',(#1361,#1362),#1442,.F.);
#1500=ADVANCED_FACE('',(#1363,#1364),#1443,.T.);
#1501=ADVANCED_FACE('',(#1365),#37,.F.);
#1502=ADVANCED_FACE('',(#1366),#38,.F.);
#1503=ADVANCED_FACE('',(#1367,#1368),#1444,.T.);
#1504=ADVANCED_FACE('',(#1369),#39,.F.);
#1505=ADVANCED_FACE('',(#1370),#40,.T.);
#1506=ADVANCED_FACE('',(#1371),#1445,.F.);
#1507=ADVANCED_FACE('',(#1372),#1446,.F.);
#1508=ADVANCED_FACE('',(#1373),#1447,.F.);
#1509=ADVANCED_FACE('',(#1374),#1448,.F.);
#1510=ADVANCED_FACE('',(#1375),#1449,.F.);
#1511=ADVANCED_FACE('',(#1376),#1450,.T.);
#1512=ADVANCED_FACE('',(#1377,#1378),#41,.F.);
#1513=ADVANCED_FACE('',(#1379,#1380),#42,.F.);
#1514=ADVANCED_FACE('',(#1381),#43,.F.);
#1515=ADVANCED_FACE('',(#1382,#1383),#44,.F.);
#1516=ADVANCED_FACE('',(#1384,#1385),#22,.F.);
#1517=ADVANCED_FACE('',(#1386,#1387),#45,.F.);
#1518=ADVANCED_FACE('',(#1388,#1389),#46,.F.);
#1519=ADVANCED_FACE('',(#1390,#1391),#23,.F.);
#1520=ADVANCED_FACE('',(#1392,#1393),#47,.F.);
#1521=ADVANCED_FACE('',(#1394),#1451,.T.);
#1522=ADVANCED_FACE('',(#1395,#1396),#18,.T.);
#1523=ADVANCED_FACE('',(#1397,#1398),#1452,.F.);
#1524=ADVANCED_FACE('',(#1399),#1453,.T.);
#1525=ADVANCED_FACE('',(#1400,#1401),#19,.T.);
#1526=ADVANCED_FACE('',(#1402,#1403),#1454,.F.);
#1527=OPEN_SHELL('',(#1455,#1456,#1457,#1458,#1459,#1460,#1461,#1462,#1463,
#1464,#1465,#1466,#1467,#1468,#1469,#1470,#1471,#1472,#1473,#1474,#1475,
#1476,#1477,#1478,#1479,#1480,#1481,#1482,#1483,#1484,#1485,#1486,#1487,
#1488,#1489,#1490,#1491,#1492,#1493,#1494,#1495,#1496,#1497,#1498,#1499,
#1500,#1501,#1502,#1503,#1504,#1505,#1506,#1507,#1508,#1509,#1510,#1511,
#1512,#1513,#1514,#1515,#1516,#1517,#1518,#1519,#1520));
#1528=OPEN_SHELL('',(#1521,#1522));
#1529=OPEN_SHELL('',(#1523));
#1530=OPEN_SHELL('',(#1524,#1525));
#1531=OPEN_SHELL('',(#1526));
#1532=STYLED_ITEM('',(#1537),#1570);
#1533=STYLED_ITEM('',(#1538),#1571);
#1534=STYLED_ITEM('',(#1539),#1572);
#1535=STYLED_ITEM('',(#1540),#1573);
#1536=STYLED_ITEM('',(#1541),#1574);
#1537=PRESENTATION_STYLE_ASSIGNMENT((#1542));
#1538=PRESENTATION_STYLE_ASSIGNMENT((#1543));
#1539=PRESENTATION_STYLE_ASSIGNMENT((#1544));
#1540=PRESENTATION_STYLE_ASSIGNMENT((#1545));
#1541=PRESENTATION_STYLE_ASSIGNMENT((#1546));
#1542=SURFACE_STYLE_USAGE(.BOTH.,#1547);
#1543=SURFACE_STYLE_USAGE(.BOTH.,#1548);
#1544=SURFACE_STYLE_USAGE(.BOTH.,#1549);
#1545=SURFACE_STYLE_USAGE(.BOTH.,#1550);
#1546=SURFACE_STYLE_USAGE(.BOTH.,#1551);
#1547=SURFACE_SIDE_STYLE('',(#1552));
#1548=SURFACE_SIDE_STYLE('',(#1553));
#1549=SURFACE_SIDE_STYLE('',(#1554));
#1550=SURFACE_SIDE_STYLE('',(#1555));
#1551=SURFACE_SIDE_STYLE('',(#1556));
#1552=SURFACE_STYLE_FILL_AREA(#1557);
#1553=SURFACE_STYLE_FILL_AREA(#1558);
#1554=SURFACE_STYLE_FILL_AREA(#1559);
#1555=SURFACE_STYLE_FILL_AREA(#1560);
#1556=SURFACE_STYLE_FILL_AREA(#1561);
#1557=FILL_AREA_STYLE('',(#1562));
#1558=FILL_AREA_STYLE('',(#1563));
#1559=FILL_AREA_STYLE('',(#1564));
#1560=FILL_AREA_STYLE('',(#1565));
#1561=FILL_AREA_STYLE('',(#1566));
#1562=FILL_AREA_STYLE_COLOUR('',#1567);
#1563=FILL_AREA_STYLE_COLOUR('',#1568);
#1564=FILL_AREA_STYLE_COLOUR('',#1569);
#1565=FILL_AREA_STYLE_COLOUR('',#1568);
#1566=FILL_AREA_STYLE_COLOUR('',#1569);
#1567=COLOUR_RGB('',0.699999988079071,0.699999988079071,0.699999988079071);
#1568=COLOUR_RGB('',0.400000005960464,0.400000005960464,0.400000005960464);
#1569=COLOUR_RGB('',0.819999992847443,0.819999992847443,0.819999992847443);
#1570=SHELL_BASED_SURFACE_MODEL('',(#1527));
#1571=SHELL_BASED_SURFACE_MODEL('',(#1528));
#1572=SHELL_BASED_SURFACE_MODEL('',(#1529));
#1573=SHELL_BASED_SURFACE_MODEL('',(#1530));
#1574=SHELL_BASED_SURFACE_MODEL('',(#1531));
#1575=SHAPE_DEFINITION_REPRESENTATION(#2660,#1576);
#1576=SHAPE_REPRESENTATION('CQC45452',(#1577),#2655);
#1577=AXIS2_PLACEMENT_3D('',#2175,#1725,#1726);
#1578=AXIS2_PLACEMENT_3D('',#2176,#1727,#1728);
#1579=AXIS2_PLACEMENT_3D('',#2185,#1733,#1734);
#1580=AXIS2_PLACEMENT_3D('',#2187,#1735,#1736);
#1581=AXIS2_PLACEMENT_3D('',#2188,#1737,#1738);
#1582=AXIS2_PLACEMENT_3D('',#2192,#1740,#1741);
#1583=AXIS2_PLACEMENT_3D('',#2193,#1742,#1743);
#1584=AXIS2_PLACEMENT_3D('',#2194,#1744,#1745);
#1585=AXIS2_PLACEMENT_3D('',#2196,#1746,#1747);
#1586=AXIS2_PLACEMENT_3D('',#2197,#1748,#1749);
#1587=AXIS2_PLACEMENT_3D('',#2198,#1750,#1751);
#1588=AXIS2_PLACEMENT_3D('',#2201,#1753,#1754);
#1589=AXIS2_PLACEMENT_3D('',#2238,#1773,#1774);
#1590=AXIS2_PLACEMENT_3D('',#2241,#1776,#1777);
#1591=AXIS2_PLACEMENT_3D('',#2251,#1782,#1783);
#1592=AXIS2_PLACEMENT_3D('',#2257,#1787,#1788);
#1593=AXIS2_PLACEMENT_3D('',#2261,#1791,#1792);
#1594=AXIS2_PLACEMENT_3D('',#2265,#1795,#1796);
#1595=AXIS2_PLACEMENT_3D('',#2267,#1798,#1799);
#1596=AXIS2_PLACEMENT_3D('',#2268,#1800,#1801);
#1597=AXIS2_PLACEMENT_3D('',#2275,#1805,#1806);
#1598=AXIS2_PLACEMENT_3D('',#2279,#1808,#1809);
#1599=AXIS2_PLACEMENT_3D('',#2307,#1824,#1825);
#1600=AXIS2_PLACEMENT_3D('',#2317,#1830,#1831);
#1601=AXIS2_PLACEMENT_3D('',#2323,#1835,#1836);
#1602=AXIS2_PLACEMENT_3D('',#2327,#1839,#1840);
#1603=AXIS2_PLACEMENT_3D('',#2331,#1843,#1844);
#1604=AXIS2_PLACEMENT_3D('',#2333,#1846,#1847);
#1605=AXIS2_PLACEMENT_3D('',#2334,#1848,#1849);
#1606=AXIS2_PLACEMENT_3D('',#2340,#1853,#1854);
#1607=AXIS2_PLACEMENT_3D('',#2344,#1857,#1858);
#1608=AXIS2_PLACEMENT_3D('',#2348,#1861,#1862);
#1609=AXIS2_PLACEMENT_3D('',#2350,#1864,#1865);
#1610=AXIS2_PLACEMENT_3D('',#2351,#1866,#1867);
#1611=AXIS2_PLACEMENT_3D('',#2357,#1871,#1872);
#1612=AXIS2_PLACEMENT_3D('',#2361,#1875,#1876);
#1613=AXIS2_PLACEMENT_3D('',#2365,#1879,#1880);
#1614=AXIS2_PLACEMENT_3D('',#2373,#1886,#1887);
#1615=AXIS2_PLACEMENT_3D('',#2377,#1890,#1891);
#1616=AXIS2_PLACEMENT_3D('',#2381,#1894,#1895);
#1617=AXIS2_PLACEMENT_3D('',#2383,#1897,#1898);
#1618=AXIS2_PLACEMENT_3D('',#2384,#1899,#1900);
#1619=AXIS2_PLACEMENT_3D('',#2385,#1901,#1902);
#1620=AXIS2_PLACEMENT_3D('',#2387,#1904,#1905);
#1621=AXIS2_PLACEMENT_3D('',#2398,#1912,#1913);
#1622=AXIS2_PLACEMENT_3D('',#2402,#1916,#1917);
#1623=AXIS2_PLACEMENT_3D('',#2406,#1920,#1921);
#1624=AXIS2_PLACEMENT_3D('',#2408,#1923,#1924);
#1625=AXIS2_PLACEMENT_3D('',#2409,#1925,#1926);
#1626=AXIS2_PLACEMENT_3D('',#2413,#1929,#1930);
#1627=AXIS2_PLACEMENT_3D('',#2417,#1933,#1934);
#1628=AXIS2_PLACEMENT_3D('',#2419,#1936,#1937);
#1629=AXIS2_PLACEMENT_3D('',#2420,#1938,#1939);
#1630=AXIS2_PLACEMENT_3D('',#2424,#1942,#1943);
#1631=AXIS2_PLACEMENT_3D('',#2425,#1944,#1945);
#1632=AXIS2_PLACEMENT_3D('',#2426,#1946,#1947);
#1633=AXIS2_PLACEMENT_3D('',#2427,#1948,#1949);
#1634=AXIS2_PLACEMENT_3D('',#2428,#1950,#1951);
#1635=AXIS2_PLACEMENT_3D('',#2430,#1953,#1954);
#1636=AXIS2_PLACEMENT_3D('',#2432,#1956,#1957);
#1637=AXIS2_PLACEMENT_3D('',#2434,#1958,#1959);
#1638=AXIS2_PLACEMENT_3D('',#2435,#1960,#1961);
#1639=AXIS2_PLACEMENT_3D('',#2438,#1962,#1963);
#1640=AXIS2_PLACEMENT_3D('',#2439,#1964,#1965);
#1641=AXIS2_PLACEMENT_3D('',#2441,#1966,#1967);
#1642=AXIS2_PLACEMENT_3D('',#2442,#1968,#1969);
#1643=AXIS2_PLACEMENT_3D('',#2444,#1970,#1971);
#1644=AXIS2_PLACEMENT_3D('',#2445,#1972,#1973);
#1645=AXIS2_PLACEMENT_3D('',#2446,#1974,#1975);
#1646=AXIS2_PLACEMENT_3D('',#2448,#1976,#1977);
#1647=AXIS2_PLACEMENT_3D('',#2449,#1978,#1979);
#1648=AXIS2_PLACEMENT_3D('',#2450,#1980,#1981);
#1649=AXIS2_PLACEMENT_3D('',#2451,#1982,#1983);
#1650=AXIS2_PLACEMENT_3D('',#2453,#1984,#1985);
#1651=AXIS2_PLACEMENT_3D('',#2454,#1986,#1987);
#1652=AXIS2_PLACEMENT_3D('',#2456,#1988,#1989);
#1653=AXIS2_PLACEMENT_3D('',#2457,#1990,#1991);
#1654=AXIS2_PLACEMENT_3D('',#2459,#1993,#1994);
#1655=AXIS2_PLACEMENT_3D('',#2460,#1995,#1996);
#1656=AXIS2_PLACEMENT_3D('',#2466,#2000,#2001);
#1657=AXIS2_PLACEMENT_3D('',#2470,#2004,#2005);
#1658=AXIS2_PLACEMENT_3D('',#2474,#2008,#2009);
#1659=AXIS2_PLACEMENT_3D('',#2476,#2011,#2012);
#1660=AXIS2_PLACEMENT_3D('',#2477,#2013,#2014);
#1661=AXIS2_PLACEMENT_3D('',#2478,#2015,#2016);
#1662=AXIS2_PLACEMENT_3D('',#2480,#2017,#2018);
#1663=AXIS2_PLACEMENT_3D('',#2481,#2019,#2020);
#1664=AXIS2_PLACEMENT_3D('',#2483,#2021,#2022);
#1665=AXIS2_PLACEMENT_3D('',#2484,#2023,#2024);
#1666=AXIS2_PLACEMENT_3D('',#2485,#2025,#2026);
#1667=AXIS2_PLACEMENT_3D('',#2486,#2027,#2028);
#1668=AXIS2_PLACEMENT_3D('',#2488,#2029,#2030);
#1669=AXIS2_PLACEMENT_3D('',#2489,#2031,#2032);
#1670=AXIS2_PLACEMENT_3D('',#2490,#2033,#2034);
#1671=AXIS2_PLACEMENT_3D('',#2491,#2035,#2036);
#1672=AXIS2_PLACEMENT_3D('',#2493,#2037,#2038);
#1673=AXIS2_PLACEMENT_3D('',#2494,#2039,#2040);
#1674=AXIS2_PLACEMENT_3D('',#2496,#2041,#2042);
#1675=AXIS2_PLACEMENT_3D('',#2497,#2043,#2044);
#1676=AXIS2_PLACEMENT_3D('',#2499,#2045,#2046);
#1677=AXIS2_PLACEMENT_3D('',#2500,#2047,#2048);
#1678=AXIS2_PLACEMENT_3D('',#2501,#2049,#2050);
#1679=AXIS2_PLACEMENT_3D('',#2504,#2051,#2052);
#1680=AXIS2_PLACEMENT_3D('',#2506,#2053,#2054);
#1681=AXIS2_PLACEMENT_3D('',#2507,#2055,#2056);
#1682=AXIS2_PLACEMENT_3D('',#2508,#2057,#2058);
#1683=AXIS2_PLACEMENT_3D('',#2510,#2059,#2060);
#1684=AXIS2_PLACEMENT_3D('',#2514,#2062,#2063);
#1685=AXIS2_PLACEMENT_3D('',#2518,#2065,#2066);
#1686=AXIS2_PLACEMENT_3D('',#2522,#2068,#2069);
#1687=AXIS2_PLACEMENT_3D('',#2526,#2071,#2072);
#1688=AXIS2_PLACEMENT_3D('',#2530,#2074,#2075);
#1689=AXIS2_PLACEMENT_3D('',#2534,#2077,#2078);
#1690=AXIS2_PLACEMENT_3D('',#2538,#2080,#2081);
#1691=AXIS2_PLACEMENT_3D('',#2542,#2083,#2084);
#1692=AXIS2_PLACEMENT_3D('',#2546,#2086,#2087);
#1693=AXIS2_PLACEMENT_3D('',#2550,#2089,#2090);
#1694=AXIS2_PLACEMENT_3D('',#2554,#2092,#2093);
#1695=AXIS2_PLACEMENT_3D('',#2558,#2095,#2096);
#1696=AXIS2_PLACEMENT_3D('',#2562,#2098,#2099);
#1697=AXIS2_PLACEMENT_3D('',#2566,#2101,#2102);
#1698=AXIS2_PLACEMENT_3D('',#2570,#2104,#2105);
#1699=AXIS2_PLACEMENT_3D('',#2574,#2107,#2108);
#1700=AXIS2_PLACEMENT_3D('',#2575,#2109,#2110);
#1701=AXIS2_PLACEMENT_3D('',#2577,#2111,#2112);
#1702=AXIS2_PLACEMENT_3D('',#2578,#2113,#2114);
#1703=AXIS2_PLACEMENT_3D('',#2581,#2115,#2116);
#1704=AXIS2_PLACEMENT_3D('',#2583,#2117,#2118);
#1705=AXIS2_PLACEMENT_3D('',#2584,#2119,#2120);
#1706=AXIS2_PLACEMENT_3D('',#2585,#2121,#2122);
#1707=AXIS2_PLACEMENT_3D('',#2587,#2123,#2124);
#1708=AXIS2_PLACEMENT_3D('',#2591,#2126,#2127);
#1709=AXIS2_PLACEMENT_3D('',#2595,#2129,#2130);
#1710=AXIS2_PLACEMENT_3D('',#2599,#2132,#2133);
#1711=AXIS2_PLACEMENT_3D('',#2603,#2135,#2136);
#1712=AXIS2_PLACEMENT_3D('',#2607,#2138,#2139);
#1713=AXIS2_PLACEMENT_3D('',#2611,#2141,#2142);
#1714=AXIS2_PLACEMENT_3D('',#2615,#2144,#2145);
#1715=AXIS2_PLACEMENT_3D('',#2619,#2147,#2148);
#1716=AXIS2_PLACEMENT_3D('',#2623,#2150,#2151);
#1717=AXIS2_PLACEMENT_3D('',#2627,#2153,#2154);
#1718=AXIS2_PLACEMENT_3D('',#2631,#2156,#2157);
#1719=AXIS2_PLACEMENT_3D('',#2635,#2159,#2160);
#1720=AXIS2_PLACEMENT_3D('',#2639,#2162,#2163);
#1721=AXIS2_PLACEMENT_3D('',#2643,#2165,#2166);
#1722=AXIS2_PLACEMENT_3D('',#2647,#2168,#2169);
#1723=AXIS2_PLACEMENT_3D('',#2651,#2171,#2172);
#1724=AXIS2_PLACEMENT_3D('',#2652,#2173,#2174);
#1725=DIRECTION('',(0.,0.,1.));
#1726=DIRECTION('',(1.,0.,0.));
#1727=DIRECTION('',(-1.52655665885959E-16,-2.33037523270856E-32,-1.));
#1728=DIRECTION('',(-1.52655665885959E-16,1.,0.));
#1729=DIRECTION('',(-1.52655665885959E-16,1.,0.));
#1730=DIRECTION('',(-1.,-1.52655665885959E-16,1.52655665885959E-16));
#1731=DIRECTION('',(-1.52655665885959E-16,1.,0.));
#1732=DIRECTION('',(1.,1.52655665885959E-16,-1.52655665885959E-16));
#1733=DIRECTION('',(-1.52655665885959E-16,-2.33037523270856E-32,-1.));
#1734=DIRECTION('',(-1.52655665885959E-16,1.,0.));
#1735=DIRECTION('',(-1.52655665885959E-16,1.,0.));
#1736=DIRECTION('',(-1.,-1.52655665885959E-16,1.52655665885959E-16));
#1737=DIRECTION('',(-1.52655665885959E-16,1.,0.));
#1738=DIRECTION('',(1.,1.52655665885959E-16,-1.52655665885959E-16));
#1739=DIRECTION('',(1.52655665885959E-16,-1.,0.));
#1740=DIRECTION('',(-1.52655665885959E-16,1.,0.));
#1741=DIRECTION('',(-1.,-1.52655665885959E-16,1.52655665885959E-16));
#1742=DIRECTION('',(1.52655665885959E-16,2.33037523270856E-32,1.));
#1743=DIRECTION('',(1.,1.52655665885959E-16,-1.52655665885959E-16));
#1744=DIRECTION('',(1.,3.62210261783957E-15,-1.52655665885959E-16));
#1745=DIRECTION('',(-3.62210261783957E-15,1.,5.29630734706489E-31));
#1746=DIRECTION('',(1.52655665885959E-16,2.33037523270856E-32,1.));
#1747=DIRECTION('',(1.52655665885959E-16,-1.,0.));
#1748=DIRECTION('',(-1.,-1.52655665885959E-16,1.52655665885959E-16));
#1749=DIRECTION('',(1.52655665885959E-16,-1.,0.));
#1750=DIRECTION('',(-1.,-1.52655665885959E-16,1.52655665885959E-16));
#1751=DIRECTION('',(-1.52655665885959E-16,1.,0.));
#1752=DIRECTION('',(-1.,-1.52655665885959E-16,1.52655665885959E-16));
#1753=DIRECTION('',(1.,1.52655665885959E-16,-1.52655665885959E-16));
#1754=DIRECTION('',(-1.52655665885959E-16,1.,0.));
#1755=DIRECTION('',(-1.52655665885959E-16,-2.33037523270856E-32,-1.));
#1756=DIRECTION('',(-1.52655665885959E-16,1.,0.));
#1757=DIRECTION('',(1.52655665885959E-16,2.33037523270856E-32,1.));
#1758=DIRECTION('',(1.52655665885959E-16,-1.,0.));
#1759=DIRECTION('',(-1.52655665885959E-16,1.,0.));
#1760=DIRECTION('',(-1.52655665885959E-16,-2.33037523270856E-32,-1.));
#1761=DIRECTION('',(1.52655665885959E-16,-1.,0.));
#1762=DIRECTION('',(-1.52655665885959E-16,-2.33037523270856E-32,-1.));
#1763=DIRECTION('',(-1.52655665885959E-16,1.,0.));
#1764=DIRECTION('',(-1.52655665885959E-16,-2.33037523270856E-32,-1.));
#1765=DIRECTION('',(1.52655665885959E-16,-1.,0.));
#1766=DIRECTION('',(-1.52655665885959E-16,-2.33037523270856E-32,-1.));
#1767=DIRECTION('',(-1.52655665885959E-16,1.,0.));
#1768=DIRECTION('',(1.52655665885959E-16,2.33037523270856E-32,1.));
#1769=DIRECTION('',(1.52655665885959E-16,-1.,0.));
#1770=DIRECTION('',(-1.52655665885959E-16,-2.33037523270856E-32,-1.));
#1771=DIRECTION('',(-1.52655665885959E-16,1.,0.));
#1772=DIRECTION('',(-1.52655665885959E-16,-2.33037523270856E-32,-1.));
#1773=DIRECTION('',(-1.,-1.52655665885959E-16,1.52655665885959E-16));
#1774=DIRECTION('',(-1.52655665885959E-16,1.,0.));
#1775=DIRECTION('',(-1.52655665885959E-16,-2.33037523270856E-32,-1.));
#1776=DIRECTION('',(1.,1.52655665885959E-16,-7.55568447314343E-17));
#1777=DIRECTION('',(1.52655665885959E-16,2.33037523270856E-32,1.));
#1778=DIRECTION('',(-1.52655665885959E-16,-2.33037523270856E-32,-1.));
#1779=DIRECTION('',(-1.52655665885959E-16,1.,0.));
#1780=DIRECTION('',(1.52655665885959E-16,2.33037523270856E-32,1.));
#1781=DIRECTION('',(1.52655665885959E-16,-1.,0.));
#1782=DIRECTION('',(1.52655665885959E-16,-1.,0.));
#1783=DIRECTION('',(1.,1.52655665885959E-16,-1.52655665885959E-16));
#1784=DIRECTION('',(1.,1.52655665885959E-16,-1.52655665885959E-16));
#1785=DIRECTION('',(-1.52655665885959E-16,-2.33037523270856E-32,-1.));
#1786=DIRECTION('',(1.,1.52655665885959E-16,-1.52655665885959E-16));
#1787=DIRECTION('',(1.52655665885959E-16,2.33037523270856E-32,1.));
#1788=DIRECTION('',(1.52655665885959E-16,-1.,0.));
#1789=DIRECTION('',(1.,1.52655665885959E-16,-1.52655665885959E-16));
#1790=DIRECTION('',(1.52655665885959E-16,-1.,0.));
#1791=DIRECTION('',(-1.52655665885959E-16,1.,0.));
#1792=DIRECTION('',(-1.,-1.52655665885959E-16,1.52655665885959E-16));
#1793=DIRECTION('',(1.,1.52655665885959E-16,-1.52655665885959E-16));
#1794=DIRECTION('',(1.52655665885959E-16,2.33037523270856E-32,1.));
#1795=DIRECTION('',(-1.52655665885959E-16,-2.33037523270856E-32,-1.));
#1796=DIRECTION('',(-1.52655665885959E-16,1.,0.));
#1797=DIRECTION('',(-1.52655665885959E-16,1.,0.));
#1798=DIRECTION('',(-1.,-1.52655665885959E-16,1.52655665885959E-16));
#1799=DIRECTION('',(1.52655665885959E-16,-1.,0.));
#1800=DIRECTION('',(-1.54197642309051E-18,-2.35391437647333E-34,1.));
#1801=DIRECTION('',(-1.,-1.52655665885959E-16,-1.54197642309051E-18));
#1802=DIRECTION('',(-1.52655665885959E-16,1.,0.));
#1803=DIRECTION('',(1.,1.52655665885959E-16,1.14224868879704E-16));
#1804=DIRECTION('',(1.,1.52655665885959E-16,1.54197642309051E-18));
#1805=DIRECTION('',(1.54197642309051E-18,2.35391437647333E-34,-1.));
#1806=DIRECTION('',(-1.,-1.52655665885959E-16,1.52655665885959E-16));
#1807=DIRECTION('',(-1.52655665885959E-16,1.,0.));
#1808=DIRECTION('',(1.54197642309051E-18,2.35391437647333E-34,-1.));
#1809=DIRECTION('',(-1.,-1.52655665885959E-16,1.52655665885959E-16));
#1810=DIRECTION('',(1.,1.52655665885959E-16,1.54197642309051E-18));
#1811=DIRECTION('',(1.,1.52655665885959E-16,1.14224868879704E-16));
#1812=DIRECTION('',(-1.52655665885959E-16,1.,0.));
#1813=DIRECTION('',(-1.,-1.52655665885959E-16,1.52655665885959E-16));
#1814=DIRECTION('',(1.52655665885959E-16,-1.,0.));
#1815=DIRECTION('',(1.,1.52655665885959E-16,1.14224868879704E-16));
#1816=DIRECTION('',(1.52655665885959E-16,-1.,0.));
#1817=DIRECTION('',(1.,1.52655665885959E-16,1.14224868879704E-16));
#1818=DIRECTION('',(1.52655665885959E-16,-1.,0.));
#1819=DIRECTION('',(1.,1.52655665885959E-16,-1.52655665885959E-16));
#1820=DIRECTION('',(-1.52655665885959E-16,1.,0.));
#1821=DIRECTION('',(-1.,-1.52655665885959E-16,1.52655665885959E-16));
#1822=DIRECTION('',(1.52655665885959E-16,-1.,0.));
#1823=DIRECTION('',(1.,1.52655665885959E-16,-1.52655665885959E-16));
#1824=DIRECTION('',(1.52655665885959E-16,2.33037523270856E-32,1.));
#1825=DIRECTION('',(1.52655665885959E-16,-1.,0.));
#1826=DIRECTION('',(-1.52655665885959E-16,1.,0.));
#1827=DIRECTION('',(-1.,-1.52655665885959E-16,1.52655665885959E-16));
#1828=DIRECTION('',(1.52655665885959E-16,-1.,0.));
#1829=DIRECTION('',(1.,1.52655665885959E-16,-1.52655665885959E-16));
#1830=DIRECTION('',(1.,1.52655665885959E-16,1.54197642309054E-18));
#1831=DIRECTION('',(-1.54197642309054E-18,-2.35391437647336E-34,1.));
#1832=DIRECTION('',(-1.54197642309051E-18,-2.35391437647333E-34,1.));
#1833=DIRECTION('',(-1.52655665885959E-16,1.,0.));
#1834=DIRECTION('',(-1.54197642309051E-18,-2.35391437647333E-34,1.));
#1835=DIRECTION('',(1.52655665885959E-16,-1.,0.));
#1836=DIRECTION('',(1.,1.52655665885959E-16,-1.52655665885959E-16));
#1837=DIRECTION('',(-1.54197642309051E-18,-2.35391437647333E-34,1.));
#1838=DIRECTION('',(1.,1.52655665885959E-16,-1.52655665885959E-16));
#1839=DIRECTION('',(-1.,-1.52655665885959E-16,-1.54197642309054E-18));
#1840=DIRECTION('',(1.54197642309054E-18,2.35391437647336E-34,-1.));
#1841=DIRECTION('',(-1.54197642309051E-18,-2.35391437647333E-34,1.));
#1842=DIRECTION('',(1.52655665885959E-16,-1.,0.));
#1843=DIRECTION('',(-1.52655665885959E-16,1.,0.));
#1844=DIRECTION('',(-1.,-1.52655665885959E-16,1.52655665885959E-16));
#1845=DIRECTION('',(-1.,-1.52655665885959E-16,1.52655665885959E-16));
#1846=DIRECTION('',(-1.52655665885959E-16,-2.33037523270856E-32,-1.));
#1847=DIRECTION('',(-1.52655665885959E-16,1.,0.));
#1848=DIRECTION('',(1.,1.52655665885959E-16,1.54197642309054E-18));
#1849=DIRECTION('',(-1.54197642309054E-18,-2.35391437647336E-34,1.));
#1850=DIRECTION('',(-1.54197642309051E-18,-2.35391437647333E-34,1.));
#1851=DIRECTION('',(-1.52655665885959E-16,1.,0.));
#1852=DIRECTION('',(-1.54197642309051E-18,-2.35391437647333E-34,1.));
#1853=DIRECTION('',(1.52655665885959E-16,-1.,0.));
#1854=DIRECTION('',(1.,1.52655665885959E-16,-1.52655665885959E-16));
#1855=DIRECTION('',(-1.54197642309051E-18,-2.35391437647333E-34,1.));
#1856=DIRECTION('',(1.,1.52655665885959E-16,-1.52655665885959E-16));
#1857=DIRECTION('',(-1.,-1.52655665885959E-16,-1.54197642309054E-18));
#1858=DIRECTION('',(1.54197642309054E-18,2.35391437647336E-34,-1.));
#1859=DIRECTION('',(-1.54197642309051E-18,-2.35391437647333E-34,1.));
#1860=DIRECTION('',(1.52655665885959E-16,-1.,0.));
#1861=DIRECTION('',(-1.52655665885959E-16,1.,0.));
#1862=DIRECTION('',(-1.,-1.52655665885959E-16,1.52655665885959E-16));
#1863=DIRECTION('',(-1.,-1.52655665885959E-16,1.52655665885959E-16));
#1864=DIRECTION('',(-1.52655665885959E-16,-2.33037523270856E-32,-1.));
#1865=DIRECTION('',(-1.52655665885959E-16,1.,0.));
#1866=DIRECTION('',(1.,1.52655665885959E-16,1.54197642309054E-18));
#1867=DIRECTION('',(-1.54197642309054E-18,-2.35391437647336E-34,1.));
#1868=DIRECTION('',(-1.54197642309051E-18,-2.35391437647333E-34,1.));
#1869=DIRECTION('',(-1.52655665885959E-16,1.,0.));
#1870=DIRECTION('',(-1.54197642309051E-18,-2.35391437647333E-34,1.));
#1871=DIRECTION('',(1.52655665885959E-16,-1.,0.));
#1872=DIRECTION('',(1.,1.52655665885959E-16,-1.52655665885959E-16));
#1873=DIRECTION('',(-1.54197642309051E-18,-2.35391437647333E-34,1.));
#1874=DIRECTION('',(1.,1.52655665885959E-16,-1.52655665885959E-16));
#1875=DIRECTION('',(-1.,-1.52655665885959E-16,-1.54197642309054E-18));
#1876=DIRECTION('',(1.54197642309054E-18,2.35391437647336E-34,-1.));
#1877=DIRECTION('',(-1.54197642309051E-18,-2.35391437647333E-34,1.));
#1878=DIRECTION('',(1.52655665885959E-16,-1.,0.));
#1879=DIRECTION('',(-1.52655665885959E-16,1.,0.));
#1880=DIRECTION('',(-1.,-1.52655665885959E-16,1.52655665885959E-16));
#1881=DIRECTION('',(1.,1.52655665885959E-16,-1.52655665885959E-16));
#1882=DIRECTION('',(-1.,-1.52655665885959E-16,1.52655665885959E-16));
#1883=DIRECTION('',(-0.707106781186547,-1.0794385653451E-16,0.707106781186548));
#1884=DIRECTION('',(1.,1.52655665885959E-16,-1.52655665885959E-16));
#1885=DIRECTION('',(1.52655665885959E-16,2.33037523270856E-32,1.));
#1886=DIRECTION('',(1.52655665885959E-16,2.33037523270856E-32,1.));
#1887=DIRECTION('',(1.52655665885959E-16,-1.,0.));
#1888=DIRECTION('',(1.52655665885959E-16,-1.,0.));
#1889=DIRECTION('',(1.,1.52655665885959E-16,-1.52655665885959E-16));
#1890=DIRECTION('',(-1.,-1.52655665885959E-16,1.52655665885959E-16));
#1891=DIRECTION('',(1.52655665885959E-16,-1.,0.));
#1892=DIRECTION('',(-1.52655665885959E-16,-2.33037523270856E-32,-1.));
#1893=DIRECTION('',(-1.52655665885959E-16,1.,0.));
#1894=DIRECTION('',(1.52655665885959E-16,-1.,0.));
#1895=DIRECTION('',(1.,1.52655665885959E-16,-1.52655665885959E-16));
#1896=DIRECTION('',(1.,1.52655665885959E-16,-1.52655665885959E-16));
#1897=DIRECTION('',(-1.52655665885959E-16,-2.33037523270856E-32,-1.));
#1898=DIRECTION('',(-1.52655665885959E-16,1.,0.));
#1899=DIRECTION('',(-1.52655665885959E-16,-2.33037523270856E-32,-1.));
#1900=DIRECTION('',(-1.52655665885959E-16,1.,0.));
#1901=DIRECTION('',(0.707106781186548,1.0794385653451E-16,0.707106781186547));
#1902=DIRECTION('',(-0.707106781186547,-1.0794385653451E-16,0.707106781186548));
#1903=DIRECTION('',(-0.707106781186547,-1.0794385653451E-16,0.707106781186548));
#1904=DIRECTION('',(1.52655665885959E-16,-1.,0.));
#1905=DIRECTION('',(1.,1.52655665885959E-16,-1.52655665885959E-16));
#1906=DIRECTION('',(1.,1.52655665885959E-16,-1.52655665885959E-16));
#1907=DIRECTION('',(-1.54197642309051E-18,-2.35391437647333E-34,1.));
#1908=DIRECTION('',(1.,1.52655665885959E-16,-1.52655665885959E-16));
#1909=DIRECTION('',(-1.54197642309051E-18,-2.35391437647333E-34,1.));
#1910=DIRECTION('',(1.,1.52655665885959E-16,-1.52655665885959E-16));
#1911=DIRECTION('',(-1.52655665885959E-16,-2.33037523270856E-32,-1.));
#1912=DIRECTION('',(-1.52655665885959E-16,-2.33037523270856E-32,-1.));
#1913=DIRECTION('',(-1.52655665885959E-16,1.,0.));
#1914=DIRECTION('',(-1.52655665885959E-16,1.,0.));
#1915=DIRECTION('',(1.,1.52655665885959E-16,-1.52655665885959E-16));
#1916=DIRECTION('',(-1.,-1.52655665885959E-16,1.52655665885959E-16));
#1917=DIRECTION('',(1.52655665885959E-16,-1.,0.));
#1918=DIRECTION('',(1.52655665885959E-16,-1.,0.));
#1919=DIRECTION('',(1.52655665885959E-16,2.33037523270856E-32,1.));
#1920=DIRECTION('',(1.52655665885959E-16,2.33037523270856E-32,1.));
#1921=DIRECTION('',(1.52655665885959E-16,-1.,0.));
#1922=DIRECTION('',(1.,1.52655665885959E-16,-1.52655665885959E-16));
#1923=DIRECTION('',(-1.52655665885959E-16,1.,0.));
#1924=DIRECTION('',(-1.,-1.52655665885959E-16,1.52655665885959E-16));
#1925=DIRECTION('',(-1.,-1.52655665885959E-16,-1.54197642309054E-18));
#1926=DIRECTION('',(1.54197642309054E-18,2.35391437647336E-34,-1.));
#1927=DIRECTION('',(-1.54197642309051E-18,-2.35391437647333E-34,1.));
#1928=DIRECTION('',(1.52655665885959E-16,-1.,0.));
#1929=DIRECTION('',(-1.52655665885959E-16,1.,0.));
#1930=DIRECTION('',(-1.,-1.52655665885959E-16,1.52655665885959E-16));
#1931=DIRECTION('',(-1.54197642309051E-18,-2.35391437647333E-34,1.));
#1932=DIRECTION('',(-1.,-1.52655665885959E-16,1.52655665885959E-16));
#1933=DIRECTION('',(1.,1.52655665885959E-16,1.54197642309054E-18));
#1934=DIRECTION('',(-1.54197642309054E-18,-2.35391437647336E-34,1.));
#1935=DIRECTION('',(-1.52655665885959E-16,1.,0.));
#1936=DIRECTION('',(-1.52655665885959E-16,-2.33037523270856E-32,-1.));
#1937=DIRECTION('',(-1.52655665885959E-16,1.,0.));
#1938=DIRECTION('',(-1.52655665885959E-16,1.,0.));
#1939=DIRECTION('',(-1.,-1.52655665885959E-16,1.52655665885959E-16));
#1940=DIRECTION('',(1.,1.52655665885959E-16,-1.52655665885959E-16));
#1941=DIRECTION('',(-7.55568447314343E-17,-1.15341804447191E-32,-1.));
#1942=DIRECTION('',(1.,1.52655665885959E-16,-1.52655665885959E-16));
#1943=DIRECTION('',(-1.52655665885959E-16,1.,0.));
#1944=DIRECTION('',(-1.,-1.52655665885959E-16,-4.18415302405606E-15));
#1945=DIRECTION('',(-4.18415302405605E-15,-6.38734666056026E-31,1.));
#1946=DIRECTION('',(1.52655665885959E-16,2.33037523270856E-32,1.));
#1947=DIRECTION('',(1.,1.52655665885959E-16,-1.52655665885959E-16));
#1948=DIRECTION('',(1.52655665885959E-16,2.33037523270856E-32,1.));
#1949=DIRECTION('',(1.52655665885959E-16,-1.,0.));
#1950=DIRECTION('',(-7.55568447314343E-17,-1.15341804447191E-32,-1.));
#1951=DIRECTION('',(1.,1.52655665885959E-16,-1.52655665885959E-16));
#1952=DIRECTION('',(7.55568447314343E-17,1.15341804447191E-32,1.));
#1953=DIRECTION('',(-1.,-1.52655665885959E-16,7.55568447314343E-17));
#1954=DIRECTION('',(-7.55568447314343E-17,-1.15341804447191E-32,-1.));
#1955=DIRECTION('',(-7.55568447314343E-17,-1.15341804447191E-32,-1.));
#1956=DIRECTION('',(-1.,-1.52655665885959E-16,7.55568447314343E-17));
#1957=DIRECTION('',(-1.52655665885959E-16,-2.33037523270856E-32,-1.));
#1958=DIRECTION('',(1.52655665885959E-16,2.33037523270856E-32,1.));
#1959=DIRECTION('',(1.52655665885959E-16,-1.,0.));
#1960=DIRECTION('',(1.52655665885959E-16,2.33037523270856E-32,1.));
#1961=DIRECTION('',(1.52655665885959E-16,-1.,0.));
#1962=DIRECTION('',(1.52655665885959E-16,2.33037523270856E-32,1.));
#1963=DIRECTION('',(1.52655665885959E-16,-1.,0.));
#1964=DIRECTION('',(-1.52655665885959E-16,-2.33037523270856E-32,-1.));
#1965=DIRECTION('',(1.52655665885959E-16,-1.,0.));
#1966=DIRECTION('',(1.52655665885959E-16,2.33037523270856E-32,1.));
#1967=DIRECTION('',(1.52655665885959E-16,-1.,0.));
#1968=DIRECTION('',(0.707106781186548,-2.4793895968562E-16,-0.707106781186547));
#1969=DIRECTION('',(-0.707106781186547,1.81028641077662E-14,-0.707106781186548));
#1970=DIRECTION('',(-0.707106781186548,-2.88587862633696E-17,-0.707106781186548));
#1971=DIRECTION('',(0.707106781186548,8.78874350791107E-15,-0.707106781186548));
#1972=DIRECTION('',(1.,1.52655665885959E-16,-7.55568447314343E-17));
#1973=DIRECTION('',(1.52655665885959E-16,2.33037523270856E-32,1.));
#1974=DIRECTION('',(0.707106781186547,7.40624418703628E-16,0.707106781186548));
#1975=DIRECTION('',(0.707106781186548,-1.26301860666811E-14,-0.707106781186547));
#1976=DIRECTION('',(1.,1.52655665885959E-16,-7.55568447314343E-17));
#1977=DIRECTION('',(1.52655665885959E-16,2.33037523270856E-32,1.));
#1978=DIRECTION('',(1.,1.52655665885959E-16,-7.55568447314343E-17));
#1979=DIRECTION('',(7.55568447314343E-17,1.15341804447191E-32,1.));
#1980=DIRECTION('',(1.,1.52655665885959E-16,-7.55568447314343E-17));
#1981=DIRECTION('',(1.52655665885959E-16,2.33037523270856E-32,1.));
#1982=DIRECTION('',(-1.,-1.52655665885959E-16,7.55568447314343E-17));
#1983=DIRECTION('',(1.52655665885959E-16,2.33037523270856E-32,1.));
#1984=DIRECTION('',(1.,1.52655665885959E-16,-7.55568447314343E-17));
#1985=DIRECTION('',(1.52655665885959E-16,2.33037523270856E-32,1.));
#1986=DIRECTION('',(0.707106781186548,-2.4793895968562E-16,0.707106781186548));
#1987=DIRECTION('',(0.707106781186547,6.61854359506696E-15,-0.707106781186547));
#1988=DIRECTION('',(0.707106781186547,2.88587862633696E-17,-0.707106781186548));
#1989=DIRECTION('',(0.707106781186548,8.4113174361121E-15,0.707106781186547));
#1990=DIRECTION('',(7.55568447314343E-17,1.15341804447191E-32,1.));
#1991=DIRECTION('',(-1.,-1.52655665885959E-16,1.52655665885959E-16));
#1992=DIRECTION('',(7.55568447314343E-17,1.15341804447191E-32,1.));
#1993=DIRECTION('',(-1.52655665885959E-16,1.,0.));
#1994=DIRECTION('',(-1.,-1.52655665885959E-16,1.52655665885959E-16));
#1995=DIRECTION('',(1.52655665885959E-16,-1.,0.));
#1996=DIRECTION('',(1.,1.52655665885959E-16,-1.52655665885959E-16));
#1997=DIRECTION('',(1.,1.52655665885959E-16,-1.52655665885959E-16));
#1998=DIRECTION('',(-1.52655665885959E-16,-2.33037523270856E-32,-1.));
#1999=DIRECTION('',(1.,1.52655665885959E-16,-1.52655665885959E-16));
#2000=DIRECTION('',(1.52655665885959E-16,2.33037523270856E-32,1.));
#2001=DIRECTION('',(1.52655665885959E-16,-1.,0.));
#2002=DIRECTION('',(1.,1.52655665885959E-16,-1.52655665885959E-16));
#2003=DIRECTION('',(1.52655665885959E-16,-1.,0.));
#2004=DIRECTION('',(-1.52655665885959E-16,1.,0.));
#2005=DIRECTION('',(-1.,-1.52655665885959E-16,1.52655665885959E-16));
#2006=DIRECTION('',(1.,1.52655665885959E-16,-1.52655665885959E-16));
#2007=DIRECTION('',(1.52655665885959E-16,2.33037523270856E-32,1.));
#2008=DIRECTION('',(-1.52655665885959E-16,-2.33037523270856E-32,-1.));
#2009=DIRECTION('',(-1.52655665885959E-16,1.,0.));
#2010=DIRECTION('',(-1.52655665885959E-16,1.,0.));
#2011=DIRECTION('',(-1.,-1.52655665885959E-16,1.52655665885959E-16));
#2012=DIRECTION('',(1.52655665885959E-16,-1.,0.));
#2013=DIRECTION('',(1.,1.52655665885959E-16,-7.55568447314343E-17));
#2014=DIRECTION('',(1.52655665885959E-16,2.33037523270856E-32,1.));
#2015=DIRECTION('',(1.,1.52655665885959E-16,-7.55568447314343E-17));
#2016=DIRECTION('',(1.52655665885959E-16,2.33037523270856E-32,1.));
#2017=DIRECTION('',(1.52655665885959E-16,2.33037523270856E-32,1.));
#2018=DIRECTION('',(1.52655665885959E-16,-1.,0.));
#2019=DIRECTION('',(1.52655665885959E-16,2.33037523270856E-32,1.));
#2020=DIRECTION('',(1.52655665885959E-16,-1.,0.));
#2021=DIRECTION('',(1.52655665885959E-16,2.33037523270856E-32,1.));
#2022=DIRECTION('',(1.52655665885959E-16,-1.,0.));
#2023=DIRECTION('',(-0.707106781186548,-2.88587862633696E-17,-0.707106781186548));
#2024=DIRECTION('',(0.707106781186547,-5.74216025634972E-15,-0.707106781186547));
#2025=DIRECTION('',(1.,1.52655665885959E-16,-7.55568447314343E-17));
#2026=DIRECTION('',(1.52655665885959E-16,2.33037523270856E-32,1.));
#2027=DIRECTION('',(1.,1.52655665885959E-16,-1.52655665885959E-16));
#2028=DIRECTION('',(1.52655665885959E-16,-1.,0.));
#2029=DIRECTION('',(-0.707106781186547,3.6656656509233E-16,0.707106781186548));
#2030=DIRECTION('',(0.707106781186548,-6.21394284609851E-15,0.707106781186547));
#2031=DIRECTION('',(1.,1.52655665885959E-16,-1.52655665885959E-16));
#2032=DIRECTION('',(-1.52655665885959E-16,1.,0.));
#2033=DIRECTION('',(1.52655665885959E-16,2.33037523270856E-32,1.));
#2034=DIRECTION('',(1.52655665885959E-16,-1.,0.));
#2035=DIRECTION('',(-1.52655665885959E-16,-2.33037523270856E-32,-1.));
#2036=DIRECTION('',(1.52655665885959E-16,-1.,0.));
#2037=DIRECTION('',(1.,1.52655665885959E-16,-7.55568447314343E-17));
#2038=DIRECTION('',(1.52655665885959E-16,2.33037523270856E-32,1.));
#2039=DIRECTION('',(-1.,-1.52655665885959E-16,7.55568447314343E-17));
#2040=DIRECTION('',(1.52655665885959E-16,2.33037523270856E-32,1.));
#2041=DIRECTION('',(1.52655665885959E-16,2.33037523270856E-32,1.));
#2042=DIRECTION('',(1.52655665885959E-16,-1.,0.));
#2043=DIRECTION('',(1.52655665885959E-16,2.33037523270856E-32,1.));
#2044=DIRECTION('',(-1.52655665885959E-16,1.,0.));
#2045=DIRECTION('',(1.52655665885959E-16,2.33037523270856E-32,1.));
#2046=DIRECTION('',(1.52655665885959E-16,-1.,0.));
#2047=DIRECTION('',(1.52655665885959E-16,2.33037523270856E-32,1.));
#2048=DIRECTION('',(-0.683834360531599,0.729637284790422,1.0439118966265E-16));
#2049=DIRECTION('',(1.52655665885959E-16,2.33037523270856E-32,1.));
#2050=DIRECTION('',(-0.729660886620567,-0.683809176990253,1.11386868518002E-16));
#2051=DIRECTION('',(-2.00757082334281E-16,-3.31227290217661E-16,1.));
#2052=DIRECTION('',(0.683833726671583,-0.729637878859407,-1.04391092900327E-16));
#2053=DIRECTION('',(1.80739057007281E-15,-5.36209535831424E-17,1.));
#2054=DIRECTION('',(-0.683809176990274,0.729660886620549,1.29937567103791E-15));
#2055=DIRECTION('',(-1.52655665885959E-16,-2.33037523270856E-32,-1.));
#2056=DIRECTION('',(-1.52655665885959E-16,1.,0.));
#2057=DIRECTION('',(1.52655665885959E-16,2.33037523270856E-32,1.));
#2058=DIRECTION('',(0.683834360531599,-0.729637284790422,-1.0439118966265E-16));
#2059=DIRECTION('',(1.52655665885959E-16,2.33037523270856E-32,1.));
#2060=DIRECTION('',(-0.683834360531599,0.729637284790422,1.0439118966265E-16));
#2061=DIRECTION('',(0.729637284790422,0.683834360531599,-1.11383265564905E-16));
#2062=DIRECTION('',(1.52655665885959E-16,2.33037523270856E-32,1.));
#2063=DIRECTION('',(-0.683834360531599,0.729637284790422,1.0439118966265E-16));
#2064=DIRECTION('',(-0.729637284790422,-0.683834360531599,1.11383265564905E-16));
#2065=DIRECTION('',(1.52655665885959E-16,2.33037523270856E-32,1.));
#2066=DIRECTION('',(-0.683834360531599,0.729637284790422,1.0439118966265E-16));
#2067=DIRECTION('',(0.999475385422108,-0.0323875583415723,-1.52575580498237E-16));
#2068=DIRECTION('',(1.52655665885959E-16,2.33037523270856E-32,1.));
#2069=DIRECTION('',(-0.683834360531599,0.729637284790422,1.0439118966265E-16));
#2070=DIRECTION('',(-0.999475385422108,0.0323875583415748,1.52575580498237E-16));
#2071=DIRECTION('',(1.52655665885959E-16,2.33037523270856E-32,1.));
#2072=DIRECTION('',(-0.683834360531599,0.729637284790422,1.0439118966265E-16));
#2073=DIRECTION('',(0.683834360531599,-0.729637284790422,-1.0439118966265E-16));
#2074=DIRECTION('',(1.52655665885959E-16,2.33037523270856E-32,1.));
#2075=DIRECTION('',(-0.683834360531599,0.729637284790422,1.0439118966265E-16));
#2076=DIRECTION('',(-0.683834360531599,0.729637284790422,1.0439118966265E-16));
#2077=DIRECTION('',(1.52655665885959E-16,2.33037523270856E-32,1.));
#2078=DIRECTION('',(-0.683834360531599,0.729637284790422,1.0439118966265E-16));
#2079=DIRECTION('',(-0.0323875583415627,-0.999475385422108,4.94414428505162E-18));
#2080=DIRECTION('',(1.52655665885959E-16,2.33037523270856E-32,1.));
#2081=DIRECTION('',(-0.683834360531599,0.729637284790422,1.0439118966265E-16));
#2082=DIRECTION('',(0.0323875583415699,0.999475385422108,-4.94414428505272E-18));
#2083=DIRECTION('',(1.52655665885959E-16,2.33037523270856E-32,1.));
#2084=DIRECTION('',(-0.683834360531599,0.729637284790422,1.0439118966265E-16));
#2085=DIRECTION('',(-0.729637284790422,-0.683834360531599,1.11383265564905E-16));
#2086=DIRECTION('',(1.52655665885959E-16,2.33037523270856E-32,1.));
#2087=DIRECTION('',(-0.683834360531599,0.729637284790422,1.0439118966265E-16));
#2088=DIRECTION('',(0.729637284790422,0.683834360531599,-1.11383265564905E-16));
#2089=DIRECTION('',(1.52655665885959E-16,2.33037523270856E-32,1.));
#2090=DIRECTION('',(-0.683834360531599,0.729637284790422,1.0439118966265E-16));
#2091=DIRECTION('',(-0.999475385422108,0.0323875583415774,1.52575580498237E-16));
#2092=DIRECTION('',(1.52655665885959E-16,2.33037523270856E-32,1.));
#2093=DIRECTION('',(-0.683834360531599,0.729637284790422,1.0439118966265E-16));
#2094=DIRECTION('',(0.999475385422108,-0.0323875583415748,-1.52575580498237E-16));
#2095=DIRECTION('',(1.52655665885959E-16,2.33037523270856E-32,1.));
#2096=DIRECTION('',(-0.683834360531599,0.729637284790422,1.0439118966265E-16));
#2097=DIRECTION('',(-0.683834360531599,0.729637284790422,1.0439118966265E-16));
#2098=DIRECTION('',(1.52655665885959E-16,2.33037523270856E-32,1.));
#2099=DIRECTION('',(-0.683834360531599,0.729637284790422,1.0439118966265E-16));
#2100=DIRECTION('',(0.683834360531599,-0.729637284790422,-1.0439118966265E-16));
#2101=DIRECTION('',(1.52655665885959E-16,2.33037523270856E-32,1.));
#2102=DIRECTION('',(-0.683834360531599,0.729637284790422,1.0439118966265E-16));
#2103=DIRECTION('',(0.0323875583415676,0.999475385422108,-4.94414428505236E-18));
#2104=DIRECTION('',(1.52655665885959E-16,2.33037523270856E-32,1.));
#2105=DIRECTION('',(-0.683834360531599,0.729637284790422,1.0439118966265E-16));
#2106=DIRECTION('',(-0.0323875583415699,-0.999475385422108,4.94414428505272E-18));
#2107=DIRECTION('',(1.52655665885959E-16,2.33037523270856E-32,1.));
#2108=DIRECTION('',(-0.683834360531599,0.729637284790422,1.0439118966265E-16));
#2109=DIRECTION('',(-1.52655665885959E-16,-2.33037523270856E-32,-1.));
#2110=DIRECTION('',(-0.683834360531599,0.729637284790422,1.0439118966265E-16));
#2111=DIRECTION('',(1.,1.52655665885959E-16,-1.52655665885959E-16));
#2112=DIRECTION('',(-2.15859159873068E-16,0.695513227857687,-0.718513291369743));
#2113=DIRECTION('',(1.,1.52655665885959E-16,-1.52655665885959E-16));
#2114=DIRECTION('',(-3.51854029984269E-18,0.718537296297869,0.695488428249492));
#2115=DIRECTION('',(1.,1.52655665885959E-16,-1.52655665885959E-16));
#2116=DIRECTION('',(2.15859156822788E-16,-0.695512603661443,0.718513895584547));
#2117=DIRECTION('',(1.,9.80347910210536E-16,-1.66118620030767E-16));
#2118=DIRECTION('',(-9.32852034031971E-16,0.695488428249513,-0.718537296297848));
#2119=DIRECTION('',(-1.,-1.52655665885959E-16,1.52655665885959E-16));
#2120=DIRECTION('',(1.52655665885959E-16,-1.,0.));
#2121=DIRECTION('',(1.,1.52655665885959E-16,-1.52655665885959E-16));
#2122=DIRECTION('',(2.15859159873068E-16,-0.695513227857687,0.718513291369743));
#2123=DIRECTION('',(1.,1.52655665885959E-16,-1.52655665885959E-16));
#2124=DIRECTION('',(-2.15859159873068E-16,0.695513227857687,-0.718513291369743));
#2125=DIRECTION('',(3.51109001085219E-18,-0.718513291369743,-0.695513227857687));
#2126=DIRECTION('',(1.,1.52655665885959E-16,-1.52655665885959E-16));
#2127=DIRECTION('',(-2.15859159873068E-16,0.695513227857687,-0.718513291369743));
#2128=DIRECTION('',(-3.51109001085219E-18,0.718513291369743,0.695513227857687));
#2129=DIRECTION('',(1.,1.52655665885959E-16,-1.52655665885959E-16));
#2130=DIRECTION('',(-2.15859159873068E-16,0.695513227857687,-0.718513291369743));
#2131=DIRECTION('',(1.55118191283505E-16,-0.999867740523326,0.0162635008770809));
#2132=DIRECTION('',(1.,1.52655665885959E-16,-1.52655665885959E-16));
#2133=DIRECTION('',(-2.15859159873068E-16,0.695513227857687,-0.718513291369743));
#2134=DIRECTION('',(-1.55118191283506E-16,0.999867740523326,-0.0162635008770835));
#2135=DIRECTION('',(1.,1.52655665885959E-16,-1.52655665885959E-16));
#2136=DIRECTION('',(-2.15859159873068E-16,0.695513227857687,-0.718513291369743));
#2137=DIRECTION('',(2.15859159873068E-16,-0.695513227857687,0.718513291369743));
#2138=DIRECTION('',(1.,1.52655665885959E-16,-1.52655665885959E-16));
#2139=DIRECTION('',(-2.15859159873068E-16,0.695513227857687,-0.718513291369743));
#2140=DIRECTION('',(-2.15859159873068E-16,0.695513227857687,-0.718513291369743));
#2141=DIRECTION('',(1.,1.52655665885959E-16,-1.52655665885959E-16));
#2142=DIRECTION('',(-2.15859159873068E-16,0.695513227857687,-0.718513291369743));
#2143=DIRECTION('',(1.50152760171451E-16,0.0162635008770713,0.999867740523326));
#2144=DIRECTION('',(1.,1.52655665885959E-16,-1.52655665885959E-16));
#2145=DIRECTION('',(-2.15859159873068E-16,0.695513227857687,-0.718513291369743));
#2146=DIRECTION('',(-1.5015276017145E-16,-0.0162635008770787,-0.999867740523326));
#2147=DIRECTION('',(1.,1.52655665885959E-16,-1.52655665885959E-16));
#2148=DIRECTION('',(-2.15859159873068E-16,0.695513227857687,-0.718513291369743));
#2149=DIRECTION('',(-3.51109001085219E-18,0.718513291369743,0.695513227857687));
#2150=DIRECTION('',(1.,1.52655665885959E-16,-1.52655665885959E-16));
#2151=DIRECTION('',(-2.15859159873068E-16,0.695513227857687,-0.718513291369743));
#2152=DIRECTION('',(3.51109001085219E-18,-0.718513291369743,-0.695513227857687));
#2153=DIRECTION('',(1.,1.52655665885959E-16,-1.52655665885959E-16));
#2154=DIRECTION('',(-2.15859159873068E-16,0.695513227857687,-0.718513291369743));
#2155=DIRECTION('',(-1.55118191283506E-16,0.999867740523326,-0.0162635008770859));
#2156=DIRECTION('',(1.,1.52655665885959E-16,-1.52655665885959E-16));
#2157=DIRECTION('',(-2.15859159873068E-16,0.695513227857687,-0.718513291369743));
#2158=DIRECTION('',(1.55118191283506E-16,-0.999867740523326,0.0162635008770835));
#2159=DIRECTION('',(1.,1.52655665885959E-16,-1.52655665885959E-16));
#2160=DIRECTION('',(-2.15859159873068E-16,0.695513227857687,-0.718513291369743));
#2161=DIRECTION('',(-2.15859159873068E-16,0.695513227857687,-0.718513291369743));
#2162=DIRECTION('',(1.,1.52655665885959E-16,-1.52655665885959E-16));
#2163=DIRECTION('',(-2.15859159873068E-16,0.695513227857687,-0.718513291369743));
#2164=DIRECTION('',(2.15859159873068E-16,-0.695513227857687,0.718513291369743));
#2165=DIRECTION('',(1.,1.52655665885959E-16,-1.52655665885959E-16));
#2166=DIRECTION('',(-2.15859159873068E-16,0.695513227857687,-0.718513291369743));
#2167=DIRECTION('',(-1.50152760171451E-16,-0.0162635008770762,-0.999867740523326));
#2168=DIRECTION('',(1.,1.52655665885959E-16,-1.52655665885959E-16));
#2169=DIRECTION('',(-2.15859159873068E-16,0.695513227857687,-0.718513291369743));
#2170=DIRECTION('',(1.5015276017145E-16,0.0162635008770787,0.999867740523326));
#2171=DIRECTION('',(1.,1.52655665885959E-16,-1.52655665885959E-16));
#2172=DIRECTION('',(-2.15859159873068E-16,0.695513227857687,-0.718513291369743));
#2173=DIRECTION('',(-1.,-1.52655665885959E-16,1.52655665885959E-16));
#2174=DIRECTION('',(-2.15859159873068E-16,0.695513227857687,-0.718513291369743));
#2175=CARTESIAN_POINT('',(0.,0.,0.));
#2176=CARTESIAN_POINT('',(-27.5340802987862,-21.281242397686,66.9142135624759));
#2177=CARTESIAN_POINT('',(15.4659197012138,-21.281242397686,66.9142135624759));
#2178=CARTESIAN_POINT('',(15.4659197012138,-19.281242397686,66.9142135624759));
#2179=CARTESIAN_POINT('',(15.4659197012138,21.718757602314,66.9142135624759));
#2180=CARTESIAN_POINT('',(-27.5340802987862,21.718757602314,66.9142135624759));
#2181=CARTESIAN_POINT('',(-27.5340802987862,21.718757602314,66.9142135624759));
#2182=CARTESIAN_POINT('',(-27.5340802987862,-21.281242397686,66.9142135624759));
#2183=CARTESIAN_POINT('',(-27.5340802987862,-19.281242397686,66.9142135624759));
#2184=CARTESIAN_POINT('',(-27.5340802987862,-19.281242397686,66.9142135624759));
#2185=CARTESIAN_POINT('',(-5.03408029878618,1.21875760231404,66.9142135624759));
#2186=CARTESIAN_POINT('',(-5.03408029878618,16.2187576023141,66.9142135624759));
#2187=CARTESIAN_POINT('',(15.4659197012138,-21.281242397686,64.9142135624759));
#2188=CARTESIAN_POINT('',(15.4659197012138,-19.281242397686,64.9142135624759));
#2189=CARTESIAN_POINT('',(17.4659197012138,-19.281242397686,64.9142135624759));
#2190=CARTESIAN_POINT('',(17.4659197012138,-21.281242397686,64.9142135624759));
#2191=CARTESIAN_POINT('',(17.4659197012138,21.718757602314,64.9142135624759));
#2192=CARTESIAN_POINT('',(15.4659197012138,21.718757602314,64.9142135624759));
#2193=CARTESIAN_POINT('',(15.4659197012138,-19.281242397686,64.9142135624759));
#2194=CARTESIAN_POINT('',(15.4659197012138,-19.281242397686,64.9142135624759));
#2195=CARTESIAN_POINT('',(15.4659197012138,-21.281242397686,64.9142135624759));
#2196=CARTESIAN_POINT('',(15.4659197012138,-19.281242397686,64.9142135624759));
#2197=CARTESIAN_POINT('',(-27.5340802987862,-19.281242397686,64.9142135624759));
#2198=CARTESIAN_POINT('',(-27.5340802987862,-19.281242397686,64.9142135624759));
#2199=CARTESIAN_POINT('',(-27.5340802987862,-21.281242397686,64.9142135624759));
#2200=CARTESIAN_POINT('',(-27.5340802987862,-21.281242397686,64.9142135624759));
#2201=CARTESIAN_POINT('',(-27.5340802987862,-21.281242397686,21.9142135624759));
#2202=CARTESIAN_POINT('',(-27.5340802987862,-7.28124239768596,59.8642135624759));
#2203=CARTESIAN_POINT('',(-27.5340802987862,-7.28124239768596,59.8642135624759));
#2204=CARTESIAN_POINT('',(-27.5340802987862,-7.28124239768596,57.3642135624759));
#2205=CARTESIAN_POINT('',(-27.5340802987862,-7.28124239768596,59.8642135624759));
#2206=CARTESIAN_POINT('',(-27.5340802987862,-8.68124239768596,59.8642135624759));
#2207=CARTESIAN_POINT('',(-27.5340802987862,-8.68124239768596,59.8642135624759));
#2208=CARTESIAN_POINT('',(-27.5340802987862,-8.68124239768596,57.3642135624759));
#2209=CARTESIAN_POINT('',(-27.5340802987862,-7.28124239768596,57.3642135624759));
#2210=CARTESIAN_POINT('',(-27.5340802987862,-21.281242397686,21.9142135624759));
#2211=CARTESIAN_POINT('',(-27.5340802987862,9.71875760231404,21.9142135624759));
#2212=CARTESIAN_POINT('',(-27.5340802987862,23.718757602314,21.9142135624759));
#2213=CARTESIAN_POINT('',(-27.5340802987862,9.71875760231404,34.9142135624759));
#2214=CARTESIAN_POINT('',(-27.5340802987862,9.71875760231404,28.9642135624759));
#2215=CARTESIAN_POINT('',(-27.5340802987862,11.118757602314,28.9642135624759));
#2216=CARTESIAN_POINT('',(-27.5340802987862,11.118757602314,28.9642135624759));
#2217=CARTESIAN_POINT('',(-27.5340802987862,11.118757602314,31.4642135624759));
#2218=CARTESIAN_POINT('',(-27.5340802987862,11.118757602314,31.4642135624759));
#2219=CARTESIAN_POINT('',(-27.5340802987862,11.118757602314,31.4642135624759));
#2220=CARTESIAN_POINT('',(-27.5340802987862,9.71875760231404,31.4642135624759));
#2221=CARTESIAN_POINT('',(-27.5340802987862,9.71875760231404,34.9142135624759));
#2222=CARTESIAN_POINT('',(-27.5340802987862,9.71875760231404,34.9142135624759));
#2223=CARTESIAN_POINT('',(-27.5340802987862,9.71875760231404,34.9142135624759));
#2224=CARTESIAN_POINT('',(-27.5340802987862,-7.28124239768596,34.9142135624759));
#2225=CARTESIAN_POINT('',(-27.5340802987862,-7.28124239768596,34.9142135624759));
#2226=CARTESIAN_POINT('',(-27.5340802987862,-7.28124239768596,31.4642135624759));
#2227=CARTESIAN_POINT('',(-27.5340802987862,-7.28124239768596,31.4642135624759));
#2228=CARTESIAN_POINT('',(-27.5340802987862,-8.68124239768596,31.4642135624759));
#2229=CARTESIAN_POINT('',(-27.5340802987862,-8.68124239768596,31.4642135624759));
#2230=CARTESIAN_POINT('',(-27.5340802987862,-8.68124239768596,28.9642135624759));
#2231=CARTESIAN_POINT('',(-27.5340802987862,-7.28124239768596,28.9642135624759));
#2232=CARTESIAN_POINT('',(-27.5340802987862,-7.28124239768596,28.9642135624759));
#2233=CARTESIAN_POINT('',(-27.5340802987862,-7.28124239768596,34.9142135624759));
#2234=CARTESIAN_POINT('',(-27.5340802987862,-7.28124239768596,21.9142135624759));
#2235=CARTESIAN_POINT('',(-27.5340802987862,-21.281242397686,21.9142135624759));
#2236=CARTESIAN_POINT('',(-27.5340802987862,-21.281242397686,21.9142135624759));
#2237=CARTESIAN_POINT('',(-27.5340802987862,-21.281242397686,21.9142135624759));
#2238=CARTESIAN_POINT('',(-27.5340802987862,21.718757602314,64.9142135624759));
#2239=CARTESIAN_POINT('',(-27.5340802987862,23.718757602314,64.9142135624759));
#2240=CARTESIAN_POINT('',(-27.5340802987862,23.718757602314,21.9142135624759));
#2241=CARTESIAN_POINT('',(-27.5340802987862,1.21875760231403,44.4142135624759));
#2242=CARTESIAN_POINT('',(-27.5340802987862,1.21875760231403,51.6642135624759));
#2243=CARTESIAN_POINT('',(-27.5340802987862,11.118757602314,59.8642135624759));
#2244=CARTESIAN_POINT('',(-27.5340802987862,11.118757602314,59.8642135624759));
#2245=CARTESIAN_POINT('',(-27.5340802987862,11.118757602314,57.3642135624759));
#2246=CARTESIAN_POINT('',(-27.5340802987862,11.118757602314,59.8642135624759));
#2247=CARTESIAN_POINT('',(-27.5340802987862,9.71875760231404,59.8642135624759));
#2248=CARTESIAN_POINT('',(-27.5340802987862,9.71875760231404,59.8642135624759));
#2249=CARTESIAN_POINT('',(-27.5340802987862,9.71875760231404,57.3642135624759));
#2250=CARTESIAN_POINT('',(-27.5340802987862,11.118757602314,57.3642135624759));
#2251=CARTESIAN_POINT('',(-29.5340802987862,11.118757602314,59.8642135624759));
#2252=CARTESIAN_POINT('',(-29.5340802987862,11.118757602314,57.3642135624759));
#2253=CARTESIAN_POINT('',(-29.5340802987862,11.118757602314,57.3642135624759));
#2254=CARTESIAN_POINT('',(-29.5340802987862,11.118757602314,59.8642135624759));
#2255=CARTESIAN_POINT('',(-29.5340802987862,11.118757602314,59.8642135624759));
#2256=CARTESIAN_POINT('',(-29.5340802987862,11.118757602314,59.8642135624759));
#2257=CARTESIAN_POINT('',(-29.5340802987862,11.118757602314,57.3642135624759));
#2258=CARTESIAN_POINT('',(-29.5340802987862,9.71875760231403,57.3642135624759));
#2259=CARTESIAN_POINT('',(-29.5340802987862,9.71875760231403,57.3642135624759));
#2260=CARTESIAN_POINT('',(-29.5340802987862,11.118757602314,57.3642135624759));
#2261=CARTESIAN_POINT('',(-29.5340802987862,9.71875760231403,59.8642135624759));
#2262=CARTESIAN_POINT('',(-29.5340802987862,9.71875760231403,59.8642135624759));
#2263=CARTESIAN_POINT('',(-29.5340802987862,9.71875760231403,59.8642135624759));
#2264=CARTESIAN_POINT('',(-29.5340802987862,9.71875760231403,59.8642135624759));
#2265=CARTESIAN_POINT('',(-29.5340802987862,11.118757602314,59.8642135624759));
#2266=CARTESIAN_POINT('',(-29.5340802987862,11.118757602314,59.8642135624759));
#2267=CARTESIAN_POINT('',(-29.5340802987862,11.118757602314,57.3642135624759));
#2268=CARTESIAN_POINT('',(17.4659197012138,-21.281242397686,21.9142135624759));
#2269=CARTESIAN_POINT('',(-20.4840802987862,9.71875760231404,21.9142135624759));
#2270=CARTESIAN_POINT('',(-20.4840802987862,9.71875760231404,21.9142135624759));
#2271=CARTESIAN_POINT('',(-20.4840802987862,11.118757602314,21.9142135624759));
#2272=CARTESIAN_POINT('',(-27.5340802987862,9.71875760231404,21.9142135624759));
#2273=CARTESIAN_POINT('',(17.4659197012138,23.718757602314,21.9142135624759));
#2274=CARTESIAN_POINT('',(15.4659197012138,23.718757602314,21.9142135624759));
#2275=CARTESIAN_POINT('',(15.4659197012138,21.718757602314,21.9142135624759));
#2276=CARTESIAN_POINT('',(17.4659197012138,21.718757602314,21.9142135624759));
#2277=CARTESIAN_POINT('',(17.4659197012138,-21.281242397686,21.9142135624759));
#2278=CARTESIAN_POINT('',(17.4659197012138,-19.281242397686,21.9142135624759));
#2279=CARTESIAN_POINT('',(15.4659197012138,-19.281242397686,21.9142135624759));
#2280=CARTESIAN_POINT('',(15.4659197012138,-21.281242397686,21.9142135624759));
#2281=CARTESIAN_POINT('',(17.4659197012138,-21.281242397686,21.9142135624759));
#2282=CARTESIAN_POINT('',(-27.5340802987862,-7.28124239768596,21.9142135624759));
#2283=CARTESIAN_POINT('',(-20.4840802987862,-7.28124239768596,21.9142135624759));
#2284=CARTESIAN_POINT('',(-20.4840802987862,-8.68124239768596,21.9142135624759));
#2285=CARTESIAN_POINT('',(-20.4840802987862,-8.68124239768596,21.9142135624759));
#2286=CARTESIAN_POINT('',(-20.4840802987862,-8.68124239768596,21.9142135624759));
#2287=CARTESIAN_POINT('',(-17.9840802987862,-8.68124239768596,21.9142135624759));
#2288=CARTESIAN_POINT('',(-17.9840802987862,-8.68124239768596,21.9142135624759));
#2289=CARTESIAN_POINT('',(-17.9840802987862,-7.28124239768596,21.9142135624759));
#2290=CARTESIAN_POINT('',(-27.5340802987862,-7.28124239768596,21.9142135624759));
#2291=CARTESIAN_POINT('',(-14.5340802987862,-7.28124239768596,21.9142135624759));
#2292=CARTESIAN_POINT('',(-14.5340802987862,9.71875760231404,21.9142135624759));
#2293=CARTESIAN_POINT('',(-14.5340802987862,9.71875760231404,21.9142135624759));
#2294=CARTESIAN_POINT('',(-27.5340802987862,9.71875760231404,21.9142135624759));
#2295=CARTESIAN_POINT('',(-17.9840802987862,9.71875760231404,21.9142135624759));
#2296=CARTESIAN_POINT('',(-17.9840802987862,9.71875760231404,21.9142135624759));
#2297=CARTESIAN_POINT('',(-17.9840802987862,11.118757602314,21.9142135624759));
#2298=CARTESIAN_POINT('',(-20.4840802987862,11.118757602314,21.9142135624759));
#2299=CARTESIAN_POINT('',(7.91591970121381,9.71875760231404,21.9142135624759));
#2300=CARTESIAN_POINT('',(7.91591970121381,9.71875760231404,21.9142135624759));
#2301=CARTESIAN_POINT('',(7.91591970121381,11.118757602314,21.9142135624759));
#2302=CARTESIAN_POINT('',(7.91591970121381,9.71875760231404,21.9142135624759));
#2303=CARTESIAN_POINT('',(10.4159197012138,9.71875760231404,21.9142135624759));
#2304=CARTESIAN_POINT('',(10.4159197012138,9.71875760231404,21.9142135624759));
#2305=CARTESIAN_POINT('',(10.4159197012138,11.118757602314,21.9142135624759));
#2306=CARTESIAN_POINT('',(7.91591970121381,11.118757602314,21.9142135624759));
#2307=CARTESIAN_POINT('',(-5.03408029878618,1.21875760231404,21.9142135624759));
#2308=CARTESIAN_POINT('',(-5.03408029878618,-6.03124239768596,21.9142135624759));
#2309=CARTESIAN_POINT('',(7.91591970121382,-8.68124239768596,21.9142135624759));
#2310=CARTESIAN_POINT('',(7.91591970121382,-8.68124239768596,21.9142135624759));
#2311=CARTESIAN_POINT('',(7.91591970121382,-7.28124239768596,21.9142135624759));
#2312=CARTESIAN_POINT('',(7.91591970121382,-8.68124239768596,21.9142135624759));
#2313=CARTESIAN_POINT('',(10.4159197012138,-8.68124239768596,21.9142135624759));
#2314=CARTESIAN_POINT('',(10.4159197012138,-8.68124239768596,21.9142135624759));
#2315=CARTESIAN_POINT('',(10.4159197012138,-7.28124239768596,21.9142135624759));
#2316=CARTESIAN_POINT('',(7.91591970121382,-7.28124239768596,21.9142135624759));
#2317=CARTESIAN_POINT('',(7.91591970121382,-8.68124239768596,19.9142135624759));
#2318=CARTESIAN_POINT('',(7.91591970121382,-7.28124239768596,19.9142135624759));
#2319=CARTESIAN_POINT('',(7.91591970121382,-7.28124239768596,19.9142135624759));
#2320=CARTESIAN_POINT('',(7.91591970121382,-8.68124239768596,19.9142135624759));
#2321=CARTESIAN_POINT('',(7.91591970121382,-8.68124239768596,19.9142135624759));
#2322=CARTESIAN_POINT('',(7.91591970121382,-8.68124239768596,19.9142135624759));
#2323=CARTESIAN_POINT('',(7.91591970121382,-7.28124239768596,19.9142135624759));
#2324=CARTESIAN_POINT('',(10.4159197012138,-7.28124239768596,19.9142135624759));
#2325=CARTESIAN_POINT('',(10.4159197012138,-7.28124239768596,19.9142135624759));
#2326=CARTESIAN_POINT('',(7.91591970121382,-7.28124239768596,19.9142135624759));
#2327=CARTESIAN_POINT('',(10.4159197012138,-8.68124239768596,19.9142135624759));
#2328=CARTESIAN_POINT('',(10.4159197012138,-8.68124239768596,19.9142135624759));
#2329=CARTESIAN_POINT('',(10.4159197012138,-8.68124239768596,19.9142135624759));
#2330=CARTESIAN_POINT('',(10.4159197012138,-8.68124239768596,19.9142135624759));
#2331=CARTESIAN_POINT('',(7.91591970121382,-8.68124239768596,19.9142135624759));
#2332=CARTESIAN_POINT('',(7.91591970121382,-8.68124239768596,19.9142135624759));
#2333=CARTESIAN_POINT('',(7.91591970121382,-7.28124239768596,19.9142135624759));
#2334=CARTESIAN_POINT('',(7.91591970121381,9.71875760231404,19.9142135624759));
#2335=CARTESIAN_POINT('',(7.91591970121381,11.118757602314,19.9142135624759));
#2336=CARTESIAN_POINT('',(7.91591970121381,11.118757602314,19.9142135624759));
#2337=CARTESIAN_POINT('',(7.91591970121381,9.71875760231404,19.9142135624759));
#2338=CARTESIAN_POINT('',(7.91591970121381,9.71875760231404,19.9142135624759));
#2339=CARTESIAN_POINT('',(7.91591970121381,9.71875760231404,19.9142135624759));
#2340=CARTESIAN_POINT('',(7.91591970121381,11.118757602314,19.9142135624759));
#2341=CARTESIAN_POINT('',(10.4159197012138,11.118757602314,19.9142135624759));
#2342=CARTESIAN_POINT('',(10.4159197012138,11.118757602314,19.9142135624759));
#2343=CARTESIAN_POINT('',(7.91591970121381,11.118757602314,19.9142135624759));
#2344=CARTESIAN_POINT('',(10.4159197012138,9.71875760231404,19.9142135624759));
#2345=CARTESIAN_POINT('',(10.4159197012138,9.71875760231404,19.9142135624759));
#2346=CARTESIAN_POINT('',(10.4159197012138,9.71875760231404,19.9142135624759));
#2347=CARTESIAN_POINT('',(10.4159197012138,9.71875760231404,19.9142135624759));
#2348=CARTESIAN_POINT('',(7.91591970121381,9.71875760231404,19.9142135624759));
#2349=CARTESIAN_POINT('',(7.91591970121381,9.71875760231404,19.9142135624759));
#2350=CARTESIAN_POINT('',(7.91591970121381,11.118757602314,19.9142135624759));
#2351=CARTESIAN_POINT('',(-20.4840802987862,9.71875760231404,19.9142135624759));
#2352=CARTESIAN_POINT('',(-20.4840802987862,11.118757602314,19.9142135624759));
#2353=CARTESIAN_POINT('',(-20.4840802987862,11.118757602314,19.9142135624759));
#2354=CARTESIAN_POINT('',(-20.4840802987862,9.71875760231404,19.9142135624759));
#2355=CARTESIAN_POINT('',(-20.4840802987862,9.71875760231404,19.9142135624759));
#2356=CARTESIAN_POINT('',(-20.4840802987862,9.71875760231404,19.9142135624759));
#2357=CARTESIAN_POINT('',(-20.4840802987862,11.118757602314,19.9142135624759));
#2358=CARTESIAN_POINT('',(-17.9840802987862,11.118757602314,19.9142135624759));
#2359=CARTESIAN_POINT('',(-17.9840802987862,11.118757602314,19.9142135624759));
#2360=CARTESIAN_POINT('',(-20.4840802987862,11.118757602314,19.9142135624759));
#2361=CARTESIAN_POINT('',(-17.9840802987862,9.71875760231404,19.9142135624759));
#2362=CARTESIAN_POINT('',(-17.9840802987862,9.71875760231404,19.9142135624759));
#2363=CARTESIAN_POINT('',(-17.9840802987862,9.71875760231404,19.9142135624759));
#2364=CARTESIAN_POINT('',(-17.9840802987862,9.71875760231404,19.9142135624759));
#2365=CARTESIAN_POINT('',(-29.5340802987862,9.71875760231404,31.4642135624759));
#2366=CARTESIAN_POINT('',(-29.5340802987862,9.71875760231404,28.9642135624759));
#2367=CARTESIAN_POINT('',(-29.5340802987862,9.71875760231404,28.9642135624759));
#2368=CARTESIAN_POINT('',(-20.4840802987862,9.71875760231404,19.9142135624759));
#2369=CARTESIAN_POINT('',(-14.5340802987862,9.71875760231404,21.9142135624759));
#2370=CARTESIAN_POINT('',(-29.5340802987862,9.71875760231404,31.4642135624759));
#2371=CARTESIAN_POINT('',(-29.5340802987862,9.71875760231404,31.4642135624759));
#2372=CARTESIAN_POINT('',(-29.5340802987862,9.71875760231404,31.4642135624759));
#2373=CARTESIAN_POINT('',(-29.5340802987862,11.118757602314,28.9642135624759));
#2374=CARTESIAN_POINT('',(-29.5340802987862,11.118757602314,28.9642135624759));
#2375=CARTESIAN_POINT('',(-29.5340802987862,11.118757602314,28.9642135624759));
#2376=CARTESIAN_POINT('',(-29.5340802987862,11.118757602314,28.9642135624759));
#2377=CARTESIAN_POINT('',(-29.5340802987862,11.118757602314,28.9642135624759));
#2378=CARTESIAN_POINT('',(-29.5340802987862,11.118757602314,31.4642135624759));
#2379=CARTESIAN_POINT('',(-29.5340802987862,11.118757602314,31.4642135624759));
#2380=CARTESIAN_POINT('',(-29.5340802987862,11.118757602314,31.4642135624759));
#2381=CARTESIAN_POINT('',(-29.5340802987862,11.118757602314,31.4642135624759));
#2382=CARTESIAN_POINT('',(-29.5340802987862,11.118757602314,31.4642135624759));
#2383=CARTESIAN_POINT('',(-29.5340802987862,11.118757602314,31.4642135624759));
#2384=CARTESIAN_POINT('',(-20.4840802987862,11.118757602314,19.9142135624759));
#2385=CARTESIAN_POINT('',(-14.5340802987862,9.71875760231404,21.9142135624759));
#2386=CARTESIAN_POINT('',(-14.5340802987862,-7.28124239768596,21.9142135624759));
#2387=CARTESIAN_POINT('',(-29.5340802987862,-7.28124239768597,31.4642135624759));
#2388=CARTESIAN_POINT('',(-29.5340802987862,-7.28124239768597,31.4642135624759));
#2389=CARTESIAN_POINT('',(-29.5340802987862,-7.28124239768597,31.4642135624759));
#2390=CARTESIAN_POINT('',(-17.9840802987862,-7.28124239768596,19.9142135624759));
#2391=CARTESIAN_POINT('',(-17.9840802987862,-7.28124239768596,19.9142135624759));
#2392=CARTESIAN_POINT('',(-20.4840802987862,-7.28124239768596,19.9142135624759));
#2393=CARTESIAN_POINT('',(-20.4840802987862,-7.28124239768596,19.9142135624759));
#2394=CARTESIAN_POINT('',(-20.4840802987862,-7.28124239768596,19.9142135624759));
#2395=CARTESIAN_POINT('',(-29.5340802987862,-7.28124239768597,28.9642135624759));
#2396=CARTESIAN_POINT('',(-29.5340802987862,-7.28124239768597,28.9642135624759));
#2397=CARTESIAN_POINT('',(-29.5340802987862,-7.28124239768597,31.4642135624759));
#2398=CARTESIAN_POINT('',(-29.5340802987862,-7.28124239768597,31.4642135624759));
#2399=CARTESIAN_POINT('',(-29.5340802987862,-7.28124239768597,31.4642135624759));
#2400=CARTESIAN_POINT('',(-29.5340802987862,-8.68124239768597,31.4642135624759));
#2401=CARTESIAN_POINT('',(-29.5340802987862,-8.68124239768597,31.4642135624759));
#2402=CARTESIAN_POINT('',(-29.5340802987862,-7.28124239768597,28.9642135624759));
#2403=CARTESIAN_POINT('',(-29.5340802987862,-7.28124239768597,28.9642135624759));
#2404=CARTESIAN_POINT('',(-29.5340802987862,-8.68124239768597,28.9642135624759));
#2405=CARTESIAN_POINT('',(-29.5340802987862,-8.68124239768597,31.4642135624759));
#2406=CARTESIAN_POINT('',(-29.5340802987862,-7.28124239768597,28.9642135624759));
#2407=CARTESIAN_POINT('',(-29.5340802987862,-8.68124239768597,28.9642135624759));
#2408=CARTESIAN_POINT('',(-29.5340802987862,-8.68124239768597,31.4642135624759));
#2409=CARTESIAN_POINT('',(-17.9840802987862,-8.68124239768596,19.9142135624759));
#2410=CARTESIAN_POINT('',(-17.9840802987862,-8.68124239768596,19.9142135624759));
#2411=CARTESIAN_POINT('',(-17.9840802987862,-8.68124239768596,19.9142135624759));
#2412=CARTESIAN_POINT('',(-17.9840802987862,-8.68124239768596,19.9142135624759));
#2413=CARTESIAN_POINT('',(-20.4840802987862,-8.68124239768596,19.9142135624759));
#2414=CARTESIAN_POINT('',(-20.4840802987862,-8.68124239768596,19.9142135624759));
#2415=CARTESIAN_POINT('',(-20.4840802987862,-8.68124239768596,19.9142135624759));
#2416=CARTESIAN_POINT('',(-20.4840802987862,-8.68124239768596,19.9142135624759));
#2417=CARTESIAN_POINT('',(-20.4840802987862,-8.68124239768596,19.9142135624759));
#2418=CARTESIAN_POINT('',(-20.4840802987862,-8.68124239768596,19.9142135624759));
#2419=CARTESIAN_POINT('',(-20.4840802987862,-7.28124239768596,19.9142135624759));
#2420=CARTESIAN_POINT('',(-27.5340802987862,23.718757602314,66.9142135624759));
#2421=CARTESIAN_POINT('',(17.4659197012138,23.718757602314,64.9142135624759));
#2422=CARTESIAN_POINT('',(15.4659197012138,23.718757602314,64.9142135624759));
#2423=CARTESIAN_POINT('',(15.4659197012138,23.718757602314,21.9142135624759));
#2424=CARTESIAN_POINT('',(-27.5340802987862,21.718757602314,64.9142135624759));
#2425=CARTESIAN_POINT('',(15.4659197012138,21.718757602314,64.9142135624759));
#2426=CARTESIAN_POINT('',(15.4659197012138,21.718757602314,64.9142135624759));
#2427=CARTESIAN_POINT('',(15.4659197012138,21.718757602314,64.9142135624759));
#2428=CARTESIAN_POINT('',(15.4659197012138,21.718757602314,66.9142135624759));
#2429=CARTESIAN_POINT('',(17.4659197012138,21.718757602314,66.9142135624759));
#2430=CARTESIAN_POINT('',(17.4659197012138,-21.281242397686,66.9142135624759));
#2431=CARTESIAN_POINT('',(17.4659197012138,-19.281242397686,66.9142135624759));
#2432=CARTESIAN_POINT('',(17.4659197012138,1.21875760231404,44.4142135624759));
#2433=CARTESIAN_POINT('',(17.4659197012138,1.21875760231404,29.4142135624759));
#2434=CARTESIAN_POINT('',(-5.03408029878618,1.21875760231404,31.4142135624759));
#2435=CARTESIAN_POINT('',(-5.03408029878618,1.21875760231404,31.4142135624759));
#2436=CARTESIAN_POINT('',(7.96591970121382,1.21875760231403,31.4142135624759));
#2437=CARTESIAN_POINT('',(-18.0340802987862,1.21875760231403,31.4142135624759));
#2438=CARTESIAN_POINT('',(-5.03408029878618,1.21875760231404,31.4142135624759));
#2439=CARTESIAN_POINT('',(-5.03408029878618,1.21875760231404,31.4142135624759));
#2440=CARTESIAN_POINT('',(-5.03408029878618,-8.78124239768596,31.4142135624759));
#2441=CARTESIAN_POINT('',(-5.03408029878618,1.21875760231404,31.4142135624759));
#2442=CARTESIAN_POINT('',(-5.03408029878598,1.21875760231383,44.4142135624761));
#2443=CARTESIAN_POINT('',(-5.03408029878618,14.218757602314,44.4142135624759));
#2444=CARTESIAN_POINT('',(-5.03408029878629,1.21875760231394,44.414213562476));
#2445=CARTESIAN_POINT('',(-18.0340802987862,1.21875760231403,44.4142135624759));
#2446=CARTESIAN_POINT('',(-5.03408029878605,1.21875760231387,44.4142135624757));
#2447=CARTESIAN_POINT('',(-18.0340802987862,1.21875760231403,57.4142135624759));
#2448=CARTESIAN_POINT('',(-18.0340802987862,1.21875760231403,44.4142135624759));
#2449=CARTESIAN_POINT('',(-18.0340802987862,1.21875760231403,44.4142135624759));
#2450=CARTESIAN_POINT('',(-18.0340802987862,1.21875760231403,44.4142135624759));
#2451=CARTESIAN_POINT('',(-18.0340802987862,1.21875760231403,44.4142135624759));
#2452=CARTESIAN_POINT('',(-18.0340802987862,1.21875760231403,54.4142135624759));
#2453=CARTESIAN_POINT('',(-18.0340802987862,1.21875760231403,44.4142135624759));
#2454=CARTESIAN_POINT('',(-5.03408029878613,1.21875760231412,44.4142135624758));
#2455=CARTESIAN_POINT('',(-5.03408029878618,-11.781242397686,44.4142135624759));
#2456=CARTESIAN_POINT('',(-5.0340802987861,1.21875760231413,44.414213562476));
#2457=CARTESIAN_POINT('',(15.4659197012138,-19.281242397686,66.9142135624759));
#2458=CARTESIAN_POINT('',(15.4659197012138,-21.281242397686,66.9142135624759));
#2459=CARTESIAN_POINT('',(-27.5340802987862,-21.281242397686,66.9142135624759));
#2460=CARTESIAN_POINT('',(-29.5340802987862,-7.28124239768597,59.8642135624759));
#2461=CARTESIAN_POINT('',(-29.5340802987862,-7.28124239768597,57.3642135624759));
#2462=CARTESIAN_POINT('',(-29.5340802987862,-7.28124239768597,57.3642135624759));
#2463=CARTESIAN_POINT('',(-29.5340802987862,-7.28124239768597,59.8642135624759));
#2464=CARTESIAN_POINT('',(-29.5340802987862,-7.28124239768597,59.8642135624759));
#2465=CARTESIAN_POINT('',(-29.5340802987862,-7.28124239768597,59.8642135624759));
#2466=CARTESIAN_POINT('',(-29.5340802987862,-7.28124239768597,57.3642135624759));
#2467=CARTESIAN_POINT('',(-29.5340802987862,-8.68124239768597,57.3642135624759));
#2468=CARTESIAN_POINT('',(-29.5340802987862,-8.68124239768597,57.3642135624759));
#2469=CARTESIAN_POINT('',(-29.5340802987862,-7.28124239768597,57.3642135624759));
#2470=CARTESIAN_POINT('',(-29.5340802987862,-8.68124239768597,59.8642135624759));
#2471=CARTESIAN_POINT('',(-29.5340802987862,-8.68124239768597,59.8642135624759));
#2472=CARTESIAN_POINT('',(-29.5340802987862,-8.68124239768597,59.8642135624759));
#2473=CARTESIAN_POINT('',(-29.5340802987862,-8.68124239768597,59.8642135624759));
#2474=CARTESIAN_POINT('',(-29.5340802987862,-7.28124239768597,59.8642135624759));
#2475=CARTESIAN_POINT('',(-29.5340802987862,-7.28124239768597,59.8642135624759));
#2476=CARTESIAN_POINT('',(-29.5340802987862,-7.28124239768597,57.3642135624759));
#2477=CARTESIAN_POINT('',(-21.0340802987862,1.21875760231403,44.4142135624759));
#2478=CARTESIAN_POINT('',(-21.0340802987862,1.21875760231403,44.4142135624759));
#2479=CARTESIAN_POINT('',(-21.0340802987862,1.21875760231403,54.4142135624759));
#2480=CARTESIAN_POINT('',(-5.03408029878618,1.21875760231404,28.4142135624759));
#2481=CARTESIAN_POINT('',(-5.03408029878618,1.21875760231404,28.4142135624759));
#2482=CARTESIAN_POINT('',(-5.03408029878618,-8.78124239768596,28.4142135624759));
#2483=CARTESIAN_POINT('',(-5.03408029878618,1.21875760231404,31.4142135624759));
#2484=CARTESIAN_POINT('',(-5.03408029878625,1.21875760231411,44.4142135624759));
#2485=CARTESIAN_POINT('',(-18.0340802987862,1.21875760231403,44.4142135624759));
#2486=CARTESIAN_POINT('',(15.4659197012138,1.21875760231404,44.4142135624759));
#2487=CARTESIAN_POINT('',(15.4659197012138,-11.781242397686,44.4142135624759));
#2488=CARTESIAN_POINT('',(-5.03408029878611,1.21875760231408,44.414213562476));
#2489=CARTESIAN_POINT('',(15.4659197012138,1.21875760231404,44.4142135624759));
#2490=CARTESIAN_POINT('',(-5.03408029878618,1.21875760231404,21.9142135624759));
#2491=CARTESIAN_POINT('',(-5.03408029878618,1.21875760231404,28.4142135624759));
#2492=CARTESIAN_POINT('',(-5.03408029878618,-6.03124239768596,28.4142135624759));
#2493=CARTESIAN_POINT('',(-27.5340802987862,1.21875760231403,44.4142135624759));
#2494=CARTESIAN_POINT('',(-21.0340802987862,1.21875760231403,44.4142135624759));
#2495=CARTESIAN_POINT('',(-21.0340802987862,1.21875760231403,51.6642135624759));
#2496=CARTESIAN_POINT('',(-5.03408029878618,1.21875760231404,64.9142135624759));
#2497=CARTESIAN_POINT('',(-5.03408029878618,1.21875760231404,64.9142135624759));
#2498=CARTESIAN_POINT('',(-5.03408029878618,14.218757602314,64.9142135624759));
#2499=CARTESIAN_POINT('',(-5.03408029878618,1.21875760231404,31.4142135624759));
#2500=CARTESIAN_POINT('',(-5.03408029878618,1.21875760231404,66.9142135624759));
#2501=CARTESIAN_POINT('',(-5.03410324772234,1.21804940144956,66.9142135624759));
#2502=CARTESIAN_POINT('',(-15.6263395249317,-8.70857336813753,66.9142135624759));
#2503=CARTESIAN_POINT('',(4.89325067166539,-9.37350162383146,66.9142135624759));
#2504=CARTESIAN_POINT('',(-5.03407109694436,1.21876622651094,66.9142135624759));
#2505=CARTESIAN_POINT('',(-14.9614112692377,11.8110168284595,66.9142135624759));
#2506=CARTESIAN_POINT('',(-5.0347884996501,1.21878055125018,66.9142135624759));
#2507=CARTESIAN_POINT('',(-5.03408029878618,1.21875760231404,66.7142135624759));
#2508=CARTESIAN_POINT('',(-5.03408029878618,1.21875760231404,66.5727922062386));
#2509=CARTESIAN_POINT('',(4.98995945437344,-9.47668791820783,66.5727922062386));
#2510=CARTESIAN_POINT('',(-5.03408029878618,1.21875760231404,61.9142135624759));
#2511=CARTESIAN_POINT('',(-13.4414796599269,-8.03141190868905,61.9142135624759));
#2512=CARTESIAN_POINT('',(-13.8074260314888,-8.37438602501012,61.9142135624759));
#2513=CARTESIAN_POINT('',(-13.4414796599269,-8.03141190868905,61.9142135624759));
#2514=CARTESIAN_POINT('',(-5.03408029878618,1.21875760231404,61.9142135624759));
#2515=CARTESIAN_POINT('',(-15.175094752552,-6.91511145542927,61.9142135624759));
#2516=CARTESIAN_POINT('',(-5.71791465931778,1.94839488710446,61.9142135624759));
#2517=CARTESIAN_POINT('',(-14.8091483809901,-6.5721373391082,61.9142135624759));
#2518=CARTESIAN_POINT('',(-5.03408029878618,1.21875760231404,61.9142135624759));
#2519=CARTESIAN_POINT('',(-17.5198669875475,0.622829114364715,61.9142135624759));
#2520=CARTESIAN_POINT('',(-17.5198669875476,0.622829114364716,61.9142135624759));
#2521=CARTESIAN_POINT('',(-18.0211494718517,0.639072951824656,61.9142135624759));
#2522=CARTESIAN_POINT('',(-5.03408029878617,1.21875760231402,61.9142135624759));
#2523=CARTESIAN_POINT('',(-17.9563743551685,2.63802372266887,61.9142135624759));
#2524=CARTESIAN_POINT('',(-17.4550918708644,2.62177988520893,61.9142135624759));
#2525=CARTESIAN_POINT('',(-17.4550918708644,2.62177988520893,61.9142135624759));
#2526=CARTESIAN_POINT('',(-5.03408029878618,1.21875760231404,61.9142135624759));
#2527=CARTESIAN_POINT('',(-14.2842498097894,9.62615696345463,61.9142135624759));
#2528=CARTESIAN_POINT('',(-5.76371758357671,0.534923241782339,61.9142135624759));
#2529=CARTESIAN_POINT('',(-14.6272239261104,9.99210333501654,61.9142135624759));
#2530=CARTESIAN_POINT('',(-5.03408029878618,1.21875760231404,61.9142135624759));
#2531=CARTESIAN_POINT('',(-13.1679493565295,11.3597720560799,61.9142135624759));
#2532=CARTESIAN_POINT('',(-4.30444301399576,1.90259196284564,61.9142135624759));
#2533=CARTESIAN_POINT('',(-12.8249752402084,10.9938256845179,61.9142135624759));
#2534=CARTESIAN_POINT('',(-5.03408029878618,1.21875760231404,61.9142135624759));
#2535=CARTESIAN_POINT('',(-5.63000878673599,13.7045442910754,61.9142135624759));
#2536=CARTESIAN_POINT('',(-5.61376494927605,14.2058267753795,61.9142135624759));
#2537=CARTESIAN_POINT('',(-5.61376494927605,14.2058267753795,61.9142135624759));
#2538=CARTESIAN_POINT('',(-5.03408029878618,1.21875760231403,61.9142135624759));
#2539=CARTESIAN_POINT('',(-3.6148141784316,14.1410516586964,61.9142135624759));
#2540=CARTESIAN_POINT('',(-3.63105801589154,13.6397691743922,61.9142135624759));
#2541=CARTESIAN_POINT('',(-3.63105801589154,13.6397691743923,61.9142135624759));
#2542=CARTESIAN_POINT('',(-5.03408029878618,1.21875760231404,61.9142135624759));
#2543=CARTESIAN_POINT('',(3.37331906235454,10.4689271133171,61.9142135624759));
#2544=CARTESIAN_POINT('',(3.37331906235454,10.4689271133171,61.9142135624759));
#2545=CARTESIAN_POINT('',(3.73926543391642,10.8119012296382,61.9142135624759));
#2546=CARTESIAN_POINT('',(-5.03408029878621,1.21875760231402,61.9142135624759));
#2547=CARTESIAN_POINT('',(5.10693415497962,9.35262666005731,61.9142135624759));
#2548=CARTESIAN_POINT('',(5.10693415497962,9.35262666005731,61.9142135624759));
#2549=CARTESIAN_POINT('',(4.74098778341773,9.00965254373626,61.9142135624759));
#2550=CARTESIAN_POINT('',(-5.03408029878618,1.21875760231404,61.9142135624759));
#2551=CARTESIAN_POINT('',(7.45170638997517,1.81468609026368,61.9142135624759));
#2552=CARTESIAN_POINT('',(7.95298887427928,1.79844225280374,61.9142135624759));
#2553=CARTESIAN_POINT('',(7.9529888742793,1.79844225280374,61.9142135624759));
#2554=CARTESIAN_POINT('',(-5.03408029878618,1.21875760231403,61.9142135624759));
#2555=CARTESIAN_POINT('',(7.88821375759618,-0.200508518040476,61.9142135624759));
#2556=CARTESIAN_POINT('',(7.38693127329202,-0.184264680580533,61.9142135624759));
#2557=CARTESIAN_POINT('',(7.38693127329205,-0.184264680580534,61.9142135624759));
#2558=CARTESIAN_POINT('',(-5.03408029878618,1.21875760231404,61.9142135624759));
#2559=CARTESIAN_POINT('',(4.2160892122169,-7.18864175882667,61.9142135624759));
#2560=CARTESIAN_POINT('',(-4.30444301399576,1.90259196284564,61.9142135624759));
#2561=CARTESIAN_POINT('',(4.55906332853796,-7.55458813038857,61.9142135624759));
#2562=CARTESIAN_POINT('',(-5.03408029878619,1.21875760231405,61.9142135624759));
#2563=CARTESIAN_POINT('',(3.099788758957,-8.92225685145186,61.9142135624759));
#2564=CARTESIAN_POINT('',(-5.76371758357671,0.534923241782339,61.9142135624759));
#2565=CARTESIAN_POINT('',(2.75681464263594,-8.55631047988995,61.9142135624759));
#2566=CARTESIAN_POINT('',(-5.03408029878618,1.21875760231404,61.9142135624759));
#2567=CARTESIAN_POINT('',(-4.43815181083668,-11.2670290864473,61.9142135624759));
#2568=CARTESIAN_POINT('',(-4.45439564829662,-11.7683115707515,61.9142135624759));
#2569=CARTESIAN_POINT('',(-4.45439564829662,-11.7683115707514,61.9142135624759));
#2570=CARTESIAN_POINT('',(-5.03408029878617,1.21875760231404,61.9142135624759));
#2571=CARTESIAN_POINT('',(-6.45334641914106,-11.7035364540683,61.9142135624759));
#2572=CARTESIAN_POINT('',(-6.43710258168112,-11.2022539697642,61.9142135624759));
#2573=CARTESIAN_POINT('',(-6.43710258168112,-11.2022539697642,61.9142135624759));
#2574=CARTESIAN_POINT('',(-5.03408029878618,1.21875760231404,61.9142135624759));
#2575=CARTESIAN_POINT('',(-5.03408029878618,1.21875760231404,61.9142135624759));
#2576=CARTESIAN_POINT('',(-12.5562582646338,9.24476773500868,61.9142135624759));
#2577=CARTESIAN_POINT('',(17.4659197012138,1.21875760231404,44.4142135624759));
#2578=CARTESIAN_POINT('',(17.4659197012138,1.21876912618501,44.4149220413525));
#2579=CARTESIAN_POINT('',(17.4659197012138,11.6495280663061,54.5110884868404));
#2580=CARTESIAN_POINT('',(17.4659197012138,-8.87811732205049,54.844984026468));
#2581=CARTESIAN_POINT('',(17.4659197012138,1.21874854076279,44.4142047909906));
#2582=CARTESIAN_POINT('',(17.4659197012138,11.3156325266786,33.9834430984838));
#2583=CARTESIAN_POINT('',(17.4659197012138,1.21946608119,44.4142020386049));
#2584=CARTESIAN_POINT('',(17.2659197012138,1.21875760231404,44.4142135624759));
#2585=CARTESIAN_POINT('',(17.1244983449765,1.21875760231404,44.4142135624759));
#2586=CARTESIAN_POINT('',(17.1244983449765,-8.97647774601511,54.946597150608));
#2587=CARTESIAN_POINT('',(12.4659197012138,1.21875760231403,44.4142135624759));
#2588=CARTESIAN_POINT('',(12.4659197012138,9.47587385232991,53.7987770170924));
#2589=CARTESIAN_POINT('',(12.4659197012138,9.83624103391012,54.1476086179623));
#2590=CARTESIAN_POINT('',(12.4659197012138,9.47587385232991,53.7987770170924));
#2591=CARTESIAN_POINT('',(12.4659197012138,1.21875760231403,44.4142135624759));
#2592=CARTESIAN_POINT('',(12.4659197012138,11.2272674896255,52.7105820352228));
#2593=CARTESIAN_POINT('',(12.4659197012138,1.91427083017172,43.6957002711061));
#2594=CARTESIAN_POINT('',(12.4659197012138,10.8669003080453,52.3617504343529));
#2595=CARTESIAN_POINT('',(12.4659197012138,1.21875760231403,44.4142135624759));
#2596=CARTESIAN_POINT('',(12.4659197012138,13.6933089529807,45.2114391262788));
#2597=CARTESIAN_POINT('',(12.4659197012138,13.6933089529807,45.2114391262788));
#2598=CARTESIAN_POINT('',(12.4659197012138,14.1947882212604,45.2032822389337));
#2599=CARTESIAN_POINT('',(12.4659197012138,1.21875760231403,44.4142135624759));
#2600=CARTESIAN_POINT('',(12.4659197012138,14.1622612195062,43.203546757887));
#2601=CARTESIAN_POINT('',(12.4659197012138,13.6607819512265,43.2117036452322));
#2602=CARTESIAN_POINT('',(12.4659197012138,13.6607819512265,43.2117036452322));
#2603=CARTESIAN_POINT('',(12.4659197012138,1.21875760231403,44.4142135624759));
#2604=CARTESIAN_POINT('',(12.4659197012138,10.6033210569306,36.1570973124601));
#2605=CARTESIAN_POINT('',(12.4659197012138,1.93727089368389,45.1097267903337));
#2606=CARTESIAN_POINT('',(12.4659197012138,10.9521526578006,35.7967301308799));
#2607=CARTESIAN_POINT('',(12.4659197012138,1.21875760231403,44.4142135624759));
#2608=CARTESIAN_POINT('',(12.4659197012138,9.51512607506099,34.4057036751644));
#2609=CARTESIAN_POINT('',(12.4659197012138,0.500244310944293,43.7187003346182));
#2610=CARTESIAN_POINT('',(12.4659197012138,9.16629447419106,34.7660708567446));
#2611=CARTESIAN_POINT('',(12.4659197012138,1.21875760231403,44.4142135624759));
#2612=CARTESIAN_POINT('',(12.4659197012138,2.01598316611747,31.9396622118093));
#2613=CARTESIAN_POINT('',(12.4659197012138,2.00782627877232,31.4381829435295));
#2614=CARTESIAN_POINT('',(12.4659197012138,2.00782627877232,31.4381829435295));
#2615=CARTESIAN_POINT('',(12.4659197012138,1.21875760231404,44.4142135624759));
#2616=CARTESIAN_POINT('',(12.4659197012138,0.00809079772542994,31.4707099452837));
#2617=CARTESIAN_POINT('',(12.4659197012138,0.016247685070586,31.9721892135634));
#2618=CARTESIAN_POINT('',(12.4659197012138,0.0162476850705856,31.9721892135634));
#2619=CARTESIAN_POINT('',(12.4659197012138,1.21875760231403,44.4142135624759));
#2620=CARTESIAN_POINT('',(12.4659197012138,-7.03835864770186,35.0296501078594));
#2621=CARTESIAN_POINT('',(12.4659197012138,-7.03835864770186,35.0296501078594));
#2622=CARTESIAN_POINT('',(12.4659197012138,-7.39872582928205,34.6808185069895));
#2623=CARTESIAN_POINT('',(12.4659197012138,1.21875760231406,44.4142135624759));
#2624=CARTESIAN_POINT('',(12.4659197012138,-8.78975228499742,36.117845089729));
#2625=CARTESIAN_POINT('',(12.4659197012138,-8.78975228499742,36.117845089729));
#2626=CARTESIAN_POINT('',(12.4659197012138,-8.42938510341723,36.4666766905989));
#2627=CARTESIAN_POINT('',(12.4659197012138,1.21875760231403,44.4142135624759));
#2628=CARTESIAN_POINT('',(12.4659197012138,-11.2557937483526,43.6169879986726));
#2629=CARTESIAN_POINT('',(12.4659197012138,-11.7572730166323,43.6251448860178));
#2630=CARTESIAN_POINT('',(12.4659197012138,-11.7572730166323,43.6251448860178));
#2631=CARTESIAN_POINT('',(12.4659197012138,1.21875760231404,44.4142135624759));
#2632=CARTESIAN_POINT('',(12.4659197012138,-11.7247460148782,45.6248803670644));
#2633=CARTESIAN_POINT('',(12.4659197012138,-11.2232667465984,45.6167234797193));
#2634=CARTESIAN_POINT('',(12.4659197012138,-11.2232667465985,45.6167234797193));
#2635=CARTESIAN_POINT('',(12.4659197012138,1.21875760231403,44.4142135624759));
#2636=CARTESIAN_POINT('',(12.4659197012138,-8.16580585230247,52.6713298124918));
#2637=CARTESIAN_POINT('',(12.4659197012138,0.500244310944293,43.7187003346182));
#2638=CARTESIAN_POINT('',(12.4659197012138,-8.51463745317239,53.031696994072));
#2639=CARTESIAN_POINT('',(12.4659197012138,1.21875760231405,44.4142135624759));
#2640=CARTESIAN_POINT('',(12.4659197012138,-7.07761087043279,54.4227234497874));
#2641=CARTESIAN_POINT('',(12.4659197012138,1.93727089368389,45.1097267903337));
#2642=CARTESIAN_POINT('',(12.4659197012138,-6.72877926956287,54.0623562682072));
#2643=CARTESIAN_POINT('',(12.4659197012138,1.21875760231403,44.4142135624759));
#2644=CARTESIAN_POINT('',(12.4659197012138,0.421532038510906,56.8887649131425));
#2645=CARTESIAN_POINT('',(12.4659197012138,0.429688925856061,57.3902441814223));
#2646=CARTESIAN_POINT('',(12.4659197012138,0.429688925856061,57.3902441814223));
#2647=CARTESIAN_POINT('',(12.4659197012138,1.21875760231403,44.4142135624759));
#2648=CARTESIAN_POINT('',(12.4659197012138,2.42942440690294,57.3577171796681));
#2649=CARTESIAN_POINT('',(12.4659197012138,2.42126751955779,56.8562379113883));
#2650=CARTESIAN_POINT('',(12.4659197012138,2.42126751955779,56.8562379113883));
#2651=CARTESIAN_POINT('',(12.4659197012138,1.21875760231403,44.4142135624759));
#2652=CARTESIAN_POINT('',(12.4659197012138,1.21875760231403,44.4142135624759));
#2653=CARTESIAN_POINT('',(12.4659197012138,8.86940310874859,36.5105673574087));
#2654=MECHANICAL_DESIGN_GEOMETRIC_PRESENTATION_REPRESENTATION('',(#1532,
#1533,#1534,#1535,#1536),#2655);
#2655=(
GEOMETRIC_REPRESENTATION_CONTEXT(3)
GLOBAL_UNCERTAINTY_ASSIGNED_CONTEXT((#2656))
GLOBAL_UNIT_ASSIGNED_CONTEXT((#2659,#2658,#2657))
REPRESENTATION_CONTEXT('CQC45452','TOP_LEVEL_ASSEMBLY_PART')
);
#2656=UNCERTAINTY_MEASURE_WITH_UNIT(LENGTH_MEASURE(0.005),#2659,
'DISTANCE_ACCURACY_VALUE','Maximum Tolerance applied to model');
#2657=(
NAMED_UNIT(*)
SI_UNIT($,.STERADIAN.)
SOLID_ANGLE_UNIT()
);
#2658=(
NAMED_UNIT(*)
PLANE_ANGLE_UNIT()
SI_UNIT($,.RADIAN.)
);
#2659=(
LENGTH_UNIT()
NAMED_UNIT(*)
SI_UNIT(.MILLI.,.METRE.)
);
#2660=PRODUCT_DEFINITION_SHAPE('','',#2661);
#2661=PRODUCT_DEFINITION('','',#2663,#2662);
#2662=PRODUCT_DEFINITION_CONTEXT('',#2669,'design');
#2663=PRODUCT_DEFINITION_FORMATION_WITH_SPECIFIED_SOURCE('','',#2665,
 .NOT_KNOWN.);
#2664=PRODUCT_RELATED_PRODUCT_CATEGORY('','',(#2665));
#2665=PRODUCT('CQC45452','CQC45452','CQC45452',(#2667));
#2666=PRODUCT_CATEGORY('','');
#2667=PRODUCT_CONTEXT('',#2669,'mechanical');
#2668=APPLICATION_PROTOCOL_DEFINITION('international standard',
'automotive_design',2010,#2669);
#2669=APPLICATION_CONTEXT(
'core data for automotive mechanical design processes');
ENDSEC;
END-ISO-10303-21;
