ISO-10303-21;
HEADER;
FILE_DESCRIPTION (( 'STEP AP203' ),
    '1' );
FILE_NAME ('6mmX9mmCoupler.STEP',
    '2025-10-17T15:39:25',
    ( '' ),
    ( '' ),
    'SwSTEP 2.0',
    'SolidWorks 2022',
    '' );
FILE_SCHEMA (( 'CONFIG_CONTROL_DESIGN' ));
ENDSEC;

DATA;
#1 = VECTOR ( 'NONE', #3640, 1000.000000000000000 ) ;
#2 = CARTESIAN_POINT ( 'NONE',  ( -0.1035914111160652212, -2.244777529215654877, -6.361885904404154246 ) ) ;
#3 = CARTESIAN_POINT ( 'NONE',  ( -0.004386737943377318032, -5.497042947160036164, -0.004039270245608732324 ) ) ;
#4 = CARTESIAN_POINT ( 'NONE',  ( -4.026726541951483718, 5.533667910597500850, 5.004169950896751651 ) ) ;
#5 = CARTESIAN_POINT ( 'NONE',  ( -2.465563180491972428, -3.333414105406270700, 9.195370143159827592 ) ) ;
#6 = CARTESIAN_POINT ( 'NONE',  ( 7.964507785820564401, 4.435563321240553414, -5.255176027981360853 ) ) ;
#7 = CARTESIAN_POINT ( 'NONE',  ( 9.195141390803229342, -0.6665122193833830089, -2.467757497299414293 ) ) ;
#8 = AXIS2_PLACEMENT_3D ( 'NONE', #5467, #915, #3379 ) ;
#9 = CARTESIAN_POINT ( 'NONE',  ( -0.002111558503229111951, -0.6247580558611498525, -0.005787216143804967475 ) ) ;
#10 = ORIENTED_EDGE ( 'NONE', *, *, #517, .T. ) ;
#11 = CARTESIAN_POINT ( 'NONE',  ( -7.065831551473746863, 7.015605787512740221, -6.402181295463677202 ) ) ;
#12 = CARTESIAN_POINT ( 'NONE',  ( 4.470552532396388834, 5.291679128181383973, -0.5926524936304166102 ) ) ;
#13 = CARTESIAN_POINT ( 'NONE',  ( 3.580052596996688319, -4.371731823827846419, -8.905102090462884590 ) ) ;
#14 = CIRCLE ( 'NONE', #116, 3.000000000000000444 ) ;
#15 = CARTESIAN_POINT ( 'NONE',  ( 0.0007249958550592053861, 0.04148520502213939171, -0.002121446206925622826 ) ) ;
#16 = CARTESIAN_POINT ( 'NONE',  ( -9.396160266788978532, 3.306007721893267970, 1.667654588717282449 ) ) ;
#17 = CARTESIAN_POINT ( 'NONE',  ( 2.999971593178023088, -2.729352379298517484, -0.1967580321214709993 ) ) ;
#18 = CARTESIAN_POINT ( 'NONE',  ( -5.034016681425655726, -0.4270670996007143727, 8.093064904013807848 ) ) ;
#19 = CARTESIAN_POINT ( 'NONE',  ( 0.2965932304752097459, 5.770665673835796206, 4.499999999999999112 ) ) ;
#20 = CARTESIAN_POINT ( 'NONE',  ( -0.5495763049136395129, -3.268240728648882154, 9.549062773667955639 ) ) ;
#21 = CARTESIAN_POINT ( 'NONE',  ( 2.728944968568184581, 0.8414560339702683578, 9.245152612063046504 ) ) ;
#22 = CARTESIAN_POINT ( 'NONE',  ( -6.039738132743305954, 5.533830169474142302, 7.506725279362225223 ) ) ;
#23 = CARTESIAN_POINT ( 'NONE',  ( 1.502083989289503041, -3.416773437150445680, -2.604286703448441376 ) ) ;
#24 = EDGE_CURVE ( 'NONE', #1825, #5318, #6322, .T. ) ;
#25 = ORIENTED_EDGE ( 'NONE', *, *, #6274, .F. ) ;
#26 = CARTESIAN_POINT ( 'NONE',  ( -1.192094881240663096, 1.789038886625607505, -9.554353243108742788 ) ) ;
#27 = CARTESIAN_POINT ( 'NONE',  ( -0.8159667207218265217, -6.209125952070908561, -6.333333333507671803 ) ) ;
#28 = CARTESIAN_POINT ( 'NONE',  ( -0.9805280610936227825, -5.349373879259764486, 3.069024364042761022 ) ) ;
#29 = CARTESIAN_POINT ( 'NONE',  ( -3.479257040655173938, 1.868158444038163779, -8.943157181074122164 ) ) ;
#30 = CARTESIAN_POINT ( 'NONE',  ( 3.088113304737546194, 4.161180794984498554, 0.8770235369373834411 ) ) ;
#31 = CARTESIAN_POINT ( 'NONE',  ( 0.7991404363632647057, 9.478055272388324681, -9.466780472318136574 ) ) ;
#32 = CARTESIAN_POINT ( 'NONE',  ( 8.416427583368054854, 0.4062570981373518353, -4.502177613593436156 ) ) ;
#33 = CARTESIAN_POINT ( 'NONE',  ( -2.904086209347767955, -5.666925863868644164, 0.7779810815209162733 ) ) ;
#34 = CARTESIAN_POINT ( 'NONE',  ( 0.001351291412547356427, -4.989764641393961142, -0.001420445624059352803 ) ) ;
#35 = CARTESIAN_POINT ( 'NONE',  ( -3.172601970104165670, -4.769307935507156593, -0.1910934200463742794 ) ) ;
#36 = LINE ( 'NONE', #5466, #218 ) ;
#37 = FACE_OUTER_BOUND ( 'NONE', #1659, .T. ) ;
#38 = CARTESIAN_POINT ( 'NONE',  ( 4.512617053418825463, 3.001318707430972843, 4.475621098663749464 ) ) ;
#39 = CARTESIAN_POINT ( 'NONE',  ( 8.070491140917248174, -0.5728406842464384141, -5.021311949191946233 ) ) ;
#40 = ORIENTED_EDGE ( 'NONE', *, *, #1956, .F. ) ;
#41 = CARTESIAN_POINT ( 'NONE',  ( 4.429493890122804700, 9.477839241407041371, 0.7989081382954011934 ) ) ;
#42 = CARTESIAN_POINT ( 'NONE',  ( -0.8159265752459272658, -5.209127699943674195, -6.333120058864170510 ) ) ;
#43 = CARTESIAN_POINT ( 'NONE',  ( 3.906099293631327019, 5.083322704075807330, 2.253553905588100204 ) ) ;
#44 = CARTESIAN_POINT ( 'NONE',  ( -8.924499901298966975, -1.869782505853622601, -3.524746641407384473 ) ) ;
#45 = CARTESIAN_POINT ( 'NONE',  ( 0.007239967783492673448, -2.267897428662976722, 0.0005435855161588458830 ) ) ;
#46 = CARTESIAN_POINT ( 'NONE',  ( 5.974154577327892568, 1.965174394259260326, 7.443755774989130103 ) ) ;
#47 = CARTESIAN_POINT ( 'NONE',  ( 2.605806046216428751, -2.916468138820904166, 1.499555080335104540 ) ) ;
#48 = ADVANCED_FACE ( 'NONE', ( #1891 ), #920, .T. ) ;
#49 = ORIENTED_EDGE ( 'NONE', *, *, #942, .F. ) ;
#50 = ORIENTED_EDGE ( 'NONE', *, *, #3114, .F. ) ;
#51 = CARTESIAN_POINT ( 'NONE',  ( -2.899378495383885923, -2.348301571739098481, 9.081604555973044057 ) ) ;
#52 = CARTESIAN_POINT ( 'NONE',  ( 1.993196302042554269, 6.604119320163639451, -4.045213382902349331 ) ) ;
#53 = CARTESIAN_POINT ( 'NONE',  ( -8.356948053302414081, 0.4166452801704617626, 4.840078444759856602 ) ) ;
#54 = CARTESIAN_POINT ( 'NONE',  ( -8.934595852478693701, 4.371736150359983419, 3.591889066986946322 ) ) ;
#55 = CARTESIAN_POINT ( 'NONE',  ( -7.728208780645257292, -1.947800086693488586, -5.533585324179557396 ) ) ;
#56 = CARTESIAN_POINT ( 'NONE',  ( 0.5042913449200137066, -9.219753781959701300, -9.487380169630654336 ) ) ;
#57 = CARTESIAN_POINT ( 'NONE',  ( -4.471014506715256687, 5.208176241048043664, -0.5889288408870352320 ) ) ;
#58 = CARTESIAN_POINT ( 'NONE',  ( -4.182892758063912808, 1.894544718432360941, -8.565472177085815986 ) ) ;
#59 = CARTESIAN_POINT ( 'NONE',  ( -3.186800012377824842, 4.209733530381300604, -0.3975201299671594080 ) ) ;
#60 = CARTESIAN_POINT ( 'NONE',  ( 0.6737120322274287032, -4.318188049492145630, -3.105139790344611406 ) ) ;
#61 = CARTESIAN_POINT ( 'NONE',  ( 8.487246772479053902, 3.405290033489912549, -4.500168978830383359 ) ) ;
#62 = CARTESIAN_POINT ( 'NONE',  ( -3.152117864895267019, 5.289904582043238435, 0.3989833541713518339 ) ) ;
#63 = CARTESIAN_POINT ( 'NONE',  ( 0.3930470030227132261, -0.2919882798903038479, -2.980543011733067349 ) ) ;
#64 = CARTESIAN_POINT ( 'NONE',  ( -2.257197726377306424, 1.583023335508290108, 3.903942334138033932 ) ) ;
#65 = ADVANCED_FACE ( 'NONE', ( #1919, #2989 ), #3412, .F. ) ;
#66 = CARTESIAN_POINT ( 'NONE',  ( 0.003411308313770669218, -4.318431906148515687, 0.001391538337406602113 ) ) ;
#67 = CARTESIAN_POINT ( 'NONE',  ( -2.222069914284863668, -4.496726389240010668, 2.272532605056354349 ) ) ;
#68 = CARTESIAN_POINT ( 'NONE',  ( 0.000000000000000000, 12.50000000000000000, 0.000000000000000000 ) ) ;
#69 = CARTESIAN_POINT ( 'NONE',  ( -6.496629565021253327, 5.989535117272921205, -6.938321522625931159 ) ) ;
#70 = CARTESIAN_POINT ( 'NONE',  ( -4.109829379848821240, 1.973844120395859214, -4.846856755522952476 ) ) ;
#71 = DIRECTION ( 'NONE',  ( -0.000000000000000000, -1.000000000000000000, -0.000000000000000000 ) ) ;
#72 = CARTESIAN_POINT ( 'NONE',  ( -9.500055450181289274, 2.239686776311706318, -0.3077641151625997162 ) ) ;
#73 = CARTESIAN_POINT ( 'NONE',  ( 5.096418956369904052, 0.04159346338703237556, 3.898629070742380964 ) ) ;
#74 = CARTESIAN_POINT ( 'NONE',  ( 4.270250389662044732, 5.145643197802285407, 1.449860479145841152 ) ) ;
#75 = CARTESIAN_POINT ( 'NONE',  ( 6.161697129550568697, -3.028012547365707796, 7.356977812626835700 ) ) ;
#76 = CARTESIAN_POINT ( 'NONE',  ( -0.0001384369777443485389, -2.709296176702721493, -0.009318253216754177407 ) ) ;
#77 = CARTESIAN_POINT ( 'NONE',  ( 8.524433109892274985, 3.395864593589786207, -4.204863705159114673 ) ) ;
#78 = CARTESIAN_POINT ( 'NONE',  ( 8.580329569366288212, 2.393554797382526189, -4.153170902291620337 ) ) ;
#79 = CARTESIAN_POINT ( 'NONE',  ( 0.5867751436613339866, 0.7912576911479259900, 4.471253358959718760 ) ) ;
#80 = CARTESIAN_POINT ( 'NONE',  ( -8.576106229573086992, 0.1041540973888835098, -4.231507462414715981 ) ) ;
#81 = CARTESIAN_POINT ( 'NONE',  ( -3.204855151098312316, 4.641945445034387774, 9.080293086284678239 ) ) ;
#82 = CARTESIAN_POINT ( 'NONE',  ( -5.786706136319813787, -1.458342912176503248, 7.540613615643964707 ) ) ;
#83 = CARTESIAN_POINT ( 'NONE',  ( 2.604407350267783361, -3.916747782593289706, 1.501864166879951279 ) ) ;
#84 = CARTESIAN_POINT ( 'NONE',  ( -0.4664500993357899028, -0.2656309463937311932, 9.499638828445881700 ) ) ;
#85 = CARTESIAN_POINT ( 'NONE',  ( -0.5903087501452678465, 5.708101738517356694, 4.470731805941583481 ) ) ;
#86 = CARTESIAN_POINT ( 'NONE',  ( 7.964522604047936660, 3.435563321096657408, -5.255183853877630540 ) ) ;
#87 = CARTESIAN_POINT ( 'NONE',  ( 1.438057234629098513, 4.899012748477836965, 2.836888351603978897 ) ) ;
#88 = CARTESIAN_POINT ( 'NONE',  ( 3.131754266790435892, -4.696247476866184378, -0.5371017640358188849 ) ) ;
#89 = CARTESIAN_POINT ( 'NONE',  ( 7.759986833445035259, 5.049498711662874229, 5.660246044748725502 ) ) ;
#90 = CARTESIAN_POINT ( 'NONE',  ( 1.172498401041032423, 5.869997489146535408, 2.956866206201487657 ) ) ;
#91 = CARTESIAN_POINT ( 'NONE',  ( 4.323717591435053572E-20, -11.09318546555144991, -3.000000000000000444 ) ) ;
#92 = CARTESIAN_POINT ( 'NONE',  ( 4.045014470017970432, 2.104089375412973251, 1.993609488274378228 ) ) ;
#93 = CARTESIAN_POINT ( 'NONE',  ( 3.254066734680051365, -5.139317997152359929, 8.970214049012106727 ) ) ;
#94 = CARTESIAN_POINT ( 'NONE',  ( 4.475627033924369336, -3.001567116198773810, 4.512611174585006601 ) ) ;
#95 = CARTESIAN_POINT ( 'NONE',  ( 2.995273406079738354, -3.641703369318967098, -1.062358277789752226 ) ) ;
#96 = CARTESIAN_POINT ( 'NONE',  ( -8.232601386740173055, -3.916610541619585995, -4.750947793557758203 ) ) ;
#97 = CARTESIAN_POINT ( 'NONE',  ( 3.183118286062845304, -2.456395547037470983E-17, 3.180842337641451856 ) ) ;
#98 = CARTESIAN_POINT ( 'NONE',  ( 7.552797350630463313, -0.9583758766786504291, 5.795768573799414014 ) ) ;
#99 = B_SPLINE_CURVE_WITH_KNOTS ( 'NONE', 3,
 ( #750, #6149, #2684, #3143, #3174, #190, #4142, #5077, #5664, #4625 ),
 .UNSPECIFIED., .F., .F.,
 ( 4, 2, 2, 2, 4 ),
 ( 0.003136253229687091266, 0.003528283435768242351, 0.003920313641849393002, 0.004312343847930544087, 0.004704374054011695172 ),
 .UNSPECIFIED. ) ;
#100 = EDGE_CURVE ( 'NONE', #2796, #969, #278, .T. ) ;
#101 = CARTESIAN_POINT ( 'NONE',  ( 4.752156659008361039, 0.9166569100021572103, 8.231930097180484296 ) ) ;
#102 = CARTESIAN_POINT ( 'NONE',  ( -3.053750843015659466, 2.645887309477759519, 9.001181993084797384 ) ) ;
#103 = CARTESIAN_POINT ( 'NONE',  ( 1.754118685028354552, -2.161555640142769796, 6.176661749041883809 ) ) ;
#104 = CARTESIAN_POINT ( 'NONE',  ( 0.000000000000000000, 0.000000000000000000, 0.000000000000000000 ) ) ;
#105 = CARTESIAN_POINT ( 'NONE',  ( -0.002086557280610012392, 0.3752419439532132528, -0.005789765501005671514 ) ) ;
#106 = CARTESIAN_POINT ( 'NONE',  ( 5.532885715645173619, 2.947770048760271600, 7.728779427010834979 ) ) ;
#107 = CIRCLE ( 'NONE', #4966, 3.000000000000000444 ) ;
#108 = VECTOR ( 'NONE', #2397, 1000.000000000000000 ) ;
#109 = ORIENTED_EDGE ( 'NONE', *, *, #4011, .T. ) ;
#110 = CARTESIAN_POINT ( 'NONE',  ( 9.084512976693197572, 2.150721949746970729, 2.926053457872541674 ) ) ;
#111 = CARTESIAN_POINT ( 'NONE',  ( -1.055064239099956502E-13, -0.2502707360709254814, -3.000000000000000888 ) ) ;
#112 = CARTESIAN_POINT ( 'NONE',  ( 8.773786612478756908, -0.8802130747854588488, 3.805573406038393891 ) ) ;
#113 = CARTESIAN_POINT ( 'NONE',  ( -4.096694438562855645, 3.889666169267378848, -8.724068013527027432 ) ) ;
#114 = CARTESIAN_POINT ( 'NONE',  ( 4.765647539375298614, 4.916853478255251098, 8.241541863359978848 ) ) ;
#115 = CARTESIAN_POINT ( 'NONE',  ( 0.000000000000000000, -9.093185465551448132, -9.500000000000000000 ) ) ;
#116 = AXIS2_PLACEMENT_3D ( 'NONE', #5192, #2221, #5155 ) ;
#117 = CARTESIAN_POINT ( 'NONE',  ( 0.005665265366140452216, 1.656281639130699812, 0.001817298190985505582 ) ) ;
#118 = DIRECTION ( 'NONE',  ( 0.000000000000000000, 0.000000000000000000, 1.000000000000000000 ) ) ;
#119 = CARTESIAN_POINT ( 'NONE',  ( -0.2970486138388645503, 5.728909779217305598, 4.499999999999999112 ) ) ;
#120 = CARTESIAN_POINT ( 'NONE',  ( -2.283167420989400842, 2.673197279624866862, 9.266124325909583348 ) ) ;
#121 = CARTESIAN_POINT ( 'NONE',  ( -5.544274649671438127, -3.587174920139404755, 3.118991788964860845 ) ) ;
#122 = CARTESIAN_POINT ( 'NONE',  ( 0.009765927618653731310, 6.164356602323796785, -0.02361337787987520878 ) ) ;
#123 = CARTESIAN_POINT ( 'NONE',  ( -8.107437987065514662, 6.070259566749355074, -5.137946814090748937 ) ) ;
#124 = CARTESIAN_POINT ( 'NONE',  ( -3.132097049345189621, 3.305420865876054215, 0.5524199829178210175 ) ) ;
#125 = APPROVAL_STATUS ( 'not_yet_approved' ) ;
#126 = CARTESIAN_POINT ( 'NONE',  ( 0.5911142623482431580, 2.708039502878256233, -4.470609808797855855 ) ) ;
#127 = CARTESIAN_POINT ( 'NONE',  ( 9.499999666276440990, -4.722973493589407212, -0.8065010592513751631 ) ) ;
#128 = CARTESIAN_POINT ( 'NONE',  ( -4.565736618313483319, 0.4948581223579393562, 4.419806434619085955 ) ) ;
#129 = CARTESIAN_POINT ( 'NONE',  ( -5.369349091646223648, 7.070309389560218705, -3.402365794919525399 ) ) ;
#130 = CARTESIAN_POINT ( 'NONE',  ( -0.7775668455976095794, -4.166944252437689400, -2.904209931401854128 ) ) ;
#131 = CARTESIAN_POINT ( 'NONE',  ( -5.780895953426257172, 5.958100880975866431, -7.545110203506225410 ) ) ;
#132 = CYLINDRICAL_SURFACE ( 'NONE', #3214, 3.000000000000000444 ) ;
#133 = CARTESIAN_POINT ( 'NONE',  ( -9.252458647617430643, 7.166739785458321244, -2.484544507257830492 ) ) ;
#134 = CARTESIAN_POINT ( 'NONE',  ( -0.3106409778483211759, 1.760407275649874981, -9.499999999999040767 ) ) ;
#135 = CARTESIAN_POINT ( 'NONE',  ( -6.360444012772485500, -0.7918369029795278013, -0.8468508672516232849 ) ) ;
#136 = CARTESIAN_POINT ( 'NONE',  ( 5.613456748043699207E-14, -2.250271283922782306, -2.999999999999999112 ) ) ;
#137 = EDGE_CURVE ( 'NONE', #4083, #6240, #2533, .T. ) ;
#138 = CARTESIAN_POINT ( 'NONE',  ( 0.001293590128028966829, 2.419216045774029045, 0.002966296834719069249 ) ) ;
#139 = CARTESIAN_POINT ( 'NONE',  ( -9.499960777556875513, 7.249999996923208734, 8.307764972620881316E-13 ) ) ;
#140 = EDGE_LOOP ( 'NONE', ( #355, #5250, #5812, #3139 ) ) ;
#141 = CARTESIAN_POINT ( 'NONE',  ( -8.329161775070478058, 1.416644738967675288, 4.823996669441044993 ) ) ;
#142 = CARTESIAN_POINT ( 'NONE',  ( 2.257488568629249404, 5.916622674230347378, 3.903823347543025957 ) ) ;
#143 = CARTESIAN_POINT ( 'NONE',  ( 0.002907772035869194641, -0.2499980333184948500, -9.577626687916611203 ) ) ;
#144 = CARTESIAN_POINT ( 'NONE',  ( -0.8146721298289398838, 4.722966817584760335, 9.594999652492022690 ) ) ;
#145 = CARTESIAN_POINT ( 'NONE',  ( -7.537626661320921961, -1.541493519731128137, 5.790571636938303790 ) ) ;
#146 = CARTESIAN_POINT ( 'NONE',  ( 1.503996064903005969, -0.08349521896590902936, 2.603126943276901084 ) ) ;
#147 = CARTESIAN_POINT ( 'NONE',  ( 0.003770650347069037962, 2.337238718741811550, 0.009690494114714717777 ) ) ;
#148 = CARTESIAN_POINT ( 'NONE',  ( -4.270103964442712119, 3.354030383617922162, 1.449854287404547470 ) ) ;
#149 = CARTESIAN_POINT ( 'NONE',  ( 0.1974225791915326100, -3.229277186044708259, 3.000000000000000444 ) ) ;
#150 = CARTESIAN_POINT ( 'NONE',  ( -8.081793854983457592, 2.428382639661540221, 5.074731070070459538 ) ) ;
#151 = CARTESIAN_POINT ( 'NONE',  ( -0.05397926847349290153, -2.244758626913101907, -3.180990154317017371 ) ) ;
#152 = CARTESIAN_POINT ( 'NONE',  ( 8.774316226060099311, -4.614893688821098294, -3.967076555637577329 ) ) ;
#153 = CARTESIAN_POINT ( 'NONE',  ( 2.989942936851139432, 6.139065224530884102, 1.084685282608299106 ) ) ;
#154 = CARTESIAN_POINT ( 'NONE',  ( 2.752217399294709331E-11, 2.749873740476498796, -4.499999999999999112 ) ) ;
#155 = ORIENTED_EDGE ( 'NONE', *, *, #1558, .T. ) ;
#156 = CARTESIAN_POINT ( 'NONE',  ( -5.369336282309280506, 6.070309387835009396, -3.402357833335210469 ) ) ;
#157 = CARTESIAN_POINT ( 'NONE',  ( -3.355575464395674778, -1.427148998615929143, 5.395497277288789917 ) ) ;
#158 = EDGE_CURVE ( 'NONE', #2447, #1228, #1350, .T. ) ;
#159 = CARTESIAN_POINT ( 'NONE',  ( -2.857613679284123354, -4.606052369457100504, 1.390628337083684052 ) ) ;
#160 = CARTESIAN_POINT ( 'NONE',  ( 7.537231960752860159E-06, -1.249999993946490973, -9.499868044455633154 ) ) ;
#161 = CARTESIAN_POINT ( 'NONE',  ( -2.999928158958163227, -0.7711339934192532608, -0.1969639550194189348 ) ) ;
#162 = LINE ( 'NONE', #6084, #2484 ) ;
#163 = CARTESIAN_POINT ( 'NONE',  ( 8.537447379971132122, 1.395941577189951932, -4.212736544123946381 ) ) ;
#164 = CARTESIAN_POINT ( 'NONE',  ( -8.658952450053282845, 2.385327921583688227, 3.920245946791639291 ) ) ;
#165 = CARTESIAN_POINT ( 'NONE',  ( -2.976569655945367820, -2.405015503117651221, 5.622305611586486229 ) ) ;
#166 = CARTESIAN_POINT ( 'NONE',  ( -7.728218108940047237, 0.4477971081608209669, 5.533572686402345120 ) ) ;
#167 = CARTESIAN_POINT ( 'NONE',  ( 0.003991709507789361309, 1.494997485760495959, 0.004361509345612076677 ) ) ;
#168 = CARTESIAN_POINT ( 'NONE',  ( 7.617062362796911401E-13, 2.750000349221283003, 9.500000000000001776 ) ) ;
#169 = EDGE_LOOP ( 'NONE', ( #2889, #2362 ) ) ;
#170 = CARTESIAN_POINT ( 'NONE',  ( 3.583220676847582276, 1.872402214976929713, 8.846694131012576179 ) ) ;
#171 = CARTESIAN_POINT ( 'NONE',  ( 0.000000000000000000, -9.093185465551448132, -3.000000000000000444 ) ) ;
#172 = CARTESIAN_POINT ( 'NONE',  ( 2.710968456410630889, 0.8414573275285696097, 9.184117396873801908 ) ) ;
#173 = CARTESIAN_POINT ( 'NONE',  ( -8.162615075597155823, 2.428386500016910254, 5.125481910822896836 ) ) ;
#174 = CARTESIAN_POINT ( 'NONE',  ( 8.658472678485994223, 5.114625064742318372, 3.921568029397816790 ) ) ;
#175 = CARTESIAN_POINT ( 'NONE',  ( 4.754056661909761949, -3.083606310455849986, 8.248767278962070293 ) ) ;
#176 = EDGE_CURVE ( 'NONE', #3205, #712, #4022, .T. ) ;
#177 = CARTESIAN_POINT ( 'NONE',  ( -0.002098079931937019398, 1.149644743162363092, 0.006812093311070555567 ) ) ;
#178 = CARTESIAN_POINT ( 'NONE',  ( -0.2930501539293809965, 3.729134078869123847, 4.500000000000003553 ) ) ;
#179 = DIRECTION ( 'NONE',  ( 0.000000000000000000, 0.000000000000000000, 1.000000000000000000 ) ) ;
#180 = CARTESIAN_POINT ( 'NONE',  ( -1.378099528912657634, 2.703776175585527852, 9.443252630627956279 ) ) ;
#181 = CARTESIAN_POINT ( 'NONE',  ( -1.958397586400772328, -5.349156183439350620, 6.138832778796100342 ) ) ;
#182 = CARTESIAN_POINT ( 'NONE',  ( -3.097515267612514389, -3.677597310728251134, 0.7205382612016273391 ) ) ;
#183 = CARTESIAN_POINT ( 'NONE',  ( 6.267958418942525256, 5.523437160009287972, -7.268969138721251610 ) ) ;
#184 = CARTESIAN_POINT ( 'NONE',  ( 0.0002479722559966924893, -4.688021391375121638, -0.002086978215925502488 ) ) ;
#185 = CARTESIAN_POINT ( 'NONE',  ( 4.270879556830152524, 2.353907173946205411, -1.448240280568466654 ) ) ;
#186 = CARTESIAN_POINT ( 'NONE',  ( -2.484625809555164988, -6.166739788806396838, -9.252695054436514965 ) ) ;
#187 = CARTESIAN_POINT ( 'NONE',  ( 3.985447496616153273, 0.9654222737967403933, 4.959815445177408577 ) ) ;
#188 = CARTESIAN_POINT ( 'NONE',  ( -6.896383088419693053, -1.505217301995261048, 6.671581312611252201 ) ) ;
#189 = CARTESIAN_POINT ( 'NONE',  ( 0.5524157706532198953, -1.305917687894308843, -3.132205832425833947 ) ) ;
#190 = CARTESIAN_POINT ( 'NONE',  ( -0.6151769818781894772, 10.89228612791395001, -4.458729517436939460 ) ) ;
#191 = CARTESIAN_POINT ( 'NONE',  ( 3.794707603699265026E-16, -1.250270640369035124, -2.999999999999999112 ) ) ;
#192 = CARTESIAN_POINT ( 'NONE',  ( -1.078212935503004293E-06, 1.749971495167208513, 9.499814023387953554 ) ) ;
#193 = CARTESIAN_POINT ( 'NONE',  ( -4.556456840330761260, 6.906230470762778850, -8.492558098659472421 ) ) ;
#194 = CARTESIAN_POINT ( 'NONE',  ( -3.924976533841908477, 1.885500160355293886, -8.656923855542624224 ) ) ;
#195 = CARTESIAN_POINT ( 'NONE',  ( -6.197200131883221275, -2.677673533784068916, 1.435314139637379860 ) ) ;
#196 = CARTESIAN_POINT ( 'NONE',  ( -1.239081497212858096, -0.2084805025986763982, -9.439285052469779558 ) ) ;
#197 = CARTESIAN_POINT ( 'NONE',  ( 0.005505240523773683066, 1.841652009869879425, -0.001662223297309138245 ) ) ;
#198 = LINE ( 'NONE', #4732, #1 ) ;
#199 = CIRCLE ( 'NONE', #722, 4.500000000000000000 ) ;
#200 = ORIENTED_EDGE ( 'NONE', *, *, #2933, .T. ) ;
#201 = ORIENTED_EDGE ( 'NONE', *, *, #6152, .F. ) ;
#202 = CARTESIAN_POINT ( 'NONE',  ( 0.002884869817192754413, 0.7500027455220490413, -9.545832309163603924 ) ) ;
#203 = CARTESIAN_POINT ( 'NONE',  ( 0.000000000000000000, 11.50000000000000000, 0.000000000000000000 ) ) ;
#204 = CARTESIAN_POINT ( 'NONE',  ( -8.108734261854690928, 2.428383926446663565, 5.091648016987938341 ) ) ;
#205 = CARTESIAN_POINT ( 'NONE',  ( -8.176678400765931443, -4.578121264019403114, 4.903300380586039786 ) ) ;
#206 = CARTESIAN_POINT ( 'NONE',  ( 9.499691968337081960, 5.270982280561490541, -0.6261605882061613837 ) ) ;
#207 = CARTESIAN_POINT ( 'NONE',  ( 9.196758696994766780, -2.833240689627972042, 2.460548846041532567 ) ) ;
#208 = CARTESIAN_POINT ( 'NONE',  ( 0.004011426984455893768, 0.4949974859219253842, 0.004350728673043324085 ) ) ;
#209 = CARTESIAN_POINT ( 'NONE',  ( -4.500031767541849526, 3.229041535121166095, -0.2933992609633597759 ) ) ;
#210 = LINE ( 'NONE', #5687, #5910 ) ;
#211 = CARTESIAN_POINT ( 'NONE',  ( 4.885707416925892055, -5.079421801224563993, 8.232678881039117158 ) ) ;
#212 = CARTESIAN_POINT ( 'NONE',  ( 4.239615063005420126, -4.480198896969876721, -4.825721259068490809 ) ) ;
#213 = CARTESIAN_POINT ( 'NONE',  ( -0.1777438334964495381, -3.268011481967502352, 3.172785561163663726 ) ) ;
#214 = CARTESIAN_POINT ( 'NONE',  ( 6.419979591525120100, -4.479821846762105153, -7.313184235416335888 ) ) ;
#215 = CARTESIAN_POINT ( 'NONE',  ( 0.001334049621596426153, -3.989764641247135923, -0.001430218995811076638 ) ) ;
#216 = PERSON_AND_ORGANIZATION ( #5275, #5284 ) ;
#217 = EDGE_CURVE ( 'NONE', #4458, #4102, #199, .T. ) ;
#218 = VECTOR ( 'NONE', #1040, 1000.000000000000000 ) ;
#219 = CARTESIAN_POINT ( 'NONE',  ( -0.4469827895900993497, -2.264978603102051125, 9.499630179264061169 ) ) ;
#220 = CARTESIAN_POINT ( 'NONE',  ( 4.549250279373045380, 5.496161412726044304, -4.439889703044226366 ) ) ;
#221 = CARTESIAN_POINT ( 'NONE',  ( 4.507654334529738627, 1.498759984318493110, -4.479845919142097621 ) ) ;
#222 = CARTESIAN_POINT ( 'NONE',  ( 6.565565991623333986, -2.489581147580173681, -7.013837845408578353 ) ) ;
#223 = CARTESIAN_POINT ( 'NONE',  ( -2.775136161783491318, -0.5834421685792015033, 1.609155250748012023 ) ) ;
#224 = FACE_OUTER_BOUND ( 'NONE', #5963, .T. ) ;
#225 = CARTESIAN_POINT ( 'NONE',  ( -2.696668289158779874, -2.604444159885519028, 1.329284004178261869 ) ) ;
#226 = CARTESIAN_POINT ( 'NONE',  ( 0.000000000000000000, 0.000000000000000000, 0.000000000000000000 ) ) ;
#227 = DIRECTION ( 'NONE',  ( -0.000000000000000000, -1.000000000000000000, -0.000000000000000000 ) ) ;
#228 = CARTESIAN_POINT ( 'NONE',  ( 4.505399074613910315, 0.2503916729644191652, -0.007793068974674731766 ) ) ;
#229 = CARTESIAN_POINT ( 'NONE',  ( -5.699509519383879841, 1.104264620345830394, -2.809515241908172811 ) ) ;
#230 = FACE_OUTER_BOUND ( 'NONE', #3865, .T. ) ;
#231 = CARTESIAN_POINT ( 'NONE',  ( -0.005794009020011413671, 3.519058095925803098, -0.005032170612658444682 ) ) ;
#232 = CARTESIAN_POINT ( 'NONE',  ( 0.000000000000000000, -6.250000000000000000, -3.000000000000000000 ) ) ;
#233 = ORIENTED_EDGE ( 'NONE', *, *, #4278, .T. ) ;
#234 = CARTESIAN_POINT ( 'NONE',  ( 0.007210414226436490277, -1.975330617456572790, -0.007209021196656513475 ) ) ;
#235 = ORIENTED_EDGE ( 'NONE', *, *, #4091, .T. ) ;
#236 = CARTESIAN_POINT ( 'NONE',  ( 6.524907838302500096, 5.989584147457446051, 6.962638744800936585 ) ) ;
#237 = LINE ( 'NONE', #4187, #1559 ) ;
#238 = CARTESIAN_POINT ( 'NONE',  ( -9.487720177724687787, 4.290696579653094922, 1.217527505012455435 ) ) ;
#239 = EDGE_CURVE ( 'NONE', #2973, #1758, #2407, .T. ) ;
#240 = CARTESIAN_POINT ( 'NONE',  ( 0.000000000000000000, 11.50000000000000000, 0.000000000000000000 ) ) ;
#241 = CARTESIAN_POINT ( 'NONE',  ( 3.062599325470435119, 5.645780478056627416, -9.014184433395808327 ) ) ;
#242 = CARTESIAN_POINT ( 'NONE',  ( 9.423503274713290523, -2.708256159108071603, -1.242768592860242993 ) ) ;
#243 = CARTESIAN_POINT ( 'NONE',  ( 0.001355533112311822297, 1.419216047106113043, 0.002928263137594129192 ) ) ;
#244 = CARTESIAN_POINT ( 'NONE',  ( -4.471420060160767207, 3.291191738964807101, 0.5859369642213854146 ) ) ;
#245 = DIRECTION ( 'NONE',  ( -0.000000000000000000, -1.000000000000000000, -0.000000000000000000 ) ) ;
#246 = CARTESIAN_POINT ( 'NONE',  ( -2.492829103352677489, -6.166745248674443403, -9.283569946430588971 ) ) ;
#247 = CARTESIAN_POINT ( 'NONE',  ( -5.713828757611076448, -5.605761857302391959, 2.785493697897699406 ) ) ;
#248 = CARTESIAN_POINT ( 'NONE',  ( -3.175581123751781476, -3.768633949333406896, -0.1826578983499107245 ) ) ;
#249 = CARTESIAN_POINT ( 'NONE',  ( -2.146092110423629240, -3.321610630475436032, 9.385642967847367402 ) ) ;
#250 = CARTESIAN_POINT ( 'NONE',  ( -0.006273002979839489672, -3.398455649023544023, -0.003238266909706218836 ) ) ;
#251 = PERSON_AND_ORGANIZATION ( #5275, #5284 ) ;
#252 = CARTESIAN_POINT ( 'NONE',  ( -4.500000867647290015, 6.228558178078841046, -0.2970878867974159898 ) ) ;
#253 = VERTEX_POINT ( 'NONE', #3312 ) ;
#254 = CARTESIAN_POINT ( 'NONE',  ( -6.662736479217750585, -3.496099082509561473, 6.831893272689510077 ) ) ;
#255 = CARTESIAN_POINT ( 'NONE',  ( -5.699481068137708384, 0.1042646199918190186, -2.809495658275791286 ) ) ;
#256 = CARTESIAN_POINT ( 'NONE',  ( 6.804936166800992225, 1.499034421083031532, -6.766117814411192199 ) ) ;
#257 = CARTESIAN_POINT ( 'NONE',  ( -1.677106817643892356, -0.4272308964073309734, 2.697885387837506421 ) ) ;
#258 = CARTESIAN_POINT ( 'NONE',  ( -0.9656397372117078159, -4.146187159307453740, -2.847040899707624195 ) ) ;
#259 = CARTESIAN_POINT ( 'NONE',  ( -2.386098381622407505, -2.542086571320436139, 1.828848993365942421 ) ) ;
#260 = CARTESIAN_POINT ( 'NONE',  ( -9.257675134662402883, 4.322778774520207534, 2.154283749297032813 ) ) ;
#261 = B_SPLINE_CURVE_WITH_KNOTS ( 'NONE', 3,
 ( #1838, #3935, #6393, #5789, #2389, #3335, #2361 ),
 .UNSPECIFIED., .F., .F.,
 ( 4, 3, 4 ),
 ( 0.001939657315264456698, 0.003219773359103958368, 0.003439658481041519503 ),
 .UNSPECIFIED. ) ;
#262 = EDGE_CURVE ( 'NONE', #4182, #2471, #4331, .T. ) ;
#263 = CARTESIAN_POINT ( 'NONE',  ( 0.8939435412502425571, 5.779957045809366534, 9.499840207213861021 ) ) ;
#264 = CARTESIAN_POINT ( 'NONE',  ( 9.447221813844652871, -10.09318546555156182, -1.000000000008866907 ) ) ;
#265 = CARTESIAN_POINT ( 'NONE',  ( -4.565756335790335463, 1.494858122196510708, 4.419817215291807599 ) ) ;
#266 = CARTESIAN_POINT ( 'NONE',  ( 0.000000000000000000, -6.249999999999999112, -9.500000000000000000 ) ) ;
#267 = CARTESIAN_POINT ( 'NONE',  ( -0.001729627210108458917, 4.435407513410865477, -0.001507211925065355751 ) ) ;
#268 = CARTESIAN_POINT ( 'NONE',  ( 8.756202094893858145, 2.119795445133286105, 3.798932622948332671 ) ) ;
#269 = ORIENTED_EDGE ( 'NONE', *, *, #342, .T. ) ;
#270 = CARTESIAN_POINT ( 'NONE',  ( 0.002417506864787264190, -3.860523642661557897, -0.007398596630760099005 ) ) ;
#271 = EDGE_LOOP ( 'NONE', ( #776, #5839, #3770, #50 ) ) ;
#272 = CARTESIAN_POINT ( 'NONE',  ( -1.612558520894733283, 5.695961533076227212, 9.395952905019168355 ) ) ;
#273 = CARTESIAN_POINT ( 'NONE',  ( 0.000000000000000000, 12.50000000000000000, -9.500000000000000000 ) ) ;
#274 = CARTESIAN_POINT ( 'NONE',  ( -1.617941811902766425, 4.695962587167442415, 9.427306982588062212 ) ) ;
#275 = CARTESIAN_POINT ( 'NONE',  ( 9.059917533862909877, 5.139321788743642649, 3.286607297253267834 ) ) ;
#276 = CARTESIAN_POINT ( 'NONE',  ( 1.680513367352531478E-15, 0.7500000410275236007, 9.499999999999994671 ) ) ;
#277 = DIRECTION ( 'NONE',  ( -1.000000000000000000, 0.000000000000000000, 0.000000000000000000 ) ) ;
#278 = B_SPLINE_CURVE_WITH_KNOTS ( 'NONE', 3,
 ( #1524, #3922, #4441, #1492, #41, #5964, #3506, #5471, #1072, #3538, #3051, #3147, #1101, #5536, #5994, #4110, #6086, #1200 ),
 .UNSPECIFIED., .F., .F.,
 ( 4, 2, 2, 2, 2, 2, 2, 2, 4 ),
 ( 0.000000000000000000, 0.0003920316537108865166, 0.0007840633074217730333, 0.001176094961132659496, 0.001568126614843545633, 0.001960158268554432204, 0.002352189922265318124, 0.002744221575976204912, 0.003136253229687091266 ),
 .UNSPECIFIED. ) ;
#279 = CARTESIAN_POINT ( 'NONE',  ( 6.962661743452544627, -3.989584148749649728, 6.524942182064648932 ) ) ;
#280 = CARTESIAN_POINT ( 'NONE',  ( 3.673940397442060361E-16, 0.000000000000000000, 3.000000000000000444 ) ) ;
#281 = CARTESIAN_POINT ( 'NONE',  ( 9.427306996707184084, -4.695960103079814374, -1.617941729576544807 ) ) ;
#282 = CARTESIAN_POINT ( 'NONE',  ( -2.953773315364431440, -1.870425056990199453, -1.170834513479262151 ) ) ;
#283 = CARTESIAN_POINT ( 'NONE',  ( 0.2580185707054550859, -3.241521377063098175, 9.625205386992419676 ) ) ;
#284 = CARTESIAN_POINT ( 'NONE',  ( -2.354076233484220015, 7.014931278622874800, -2.135465992727576090 ) ) ;
#285 = CARTESIAN_POINT ( 'NONE',  ( -6.662665589245391651, -2.496099088182554659, 6.831810268634595396 ) ) ;
#286 = ORIENTED_EDGE ( 'NONE', *, *, #4072, .F. ) ;
#287 = CARTESIAN_POINT ( 'NONE',  ( -7.267073601324643306, -1.973955587002541145, -6.167954885835225554 ) ) ;
#288 = CARTESIAN_POINT ( 'NONE',  ( 0.8958216793064817107, 0.7796345639710956510, 9.565909400593424650 ) ) ;
#289 = CARTESIAN_POINT ( 'NONE',  ( -1.775540459719132436, -1.061623994957902273, -2.638778240501749028 ) ) ;
#290 = CARTESIAN_POINT ( 'NONE',  ( 2.971822348257390889, 3.520795154208590905, -3.391801356197675865 ) ) ;
#291 = VERTEX_POINT ( 'NONE', #264 ) ;
#292 = CARTESIAN_POINT ( 'NONE',  ( -2.695123374353096679, -2.896462518220209503, -1.332444100215445904 ) ) ;
#293 = CARTESIAN_POINT ( 'NONE',  ( -7.155220493233602319, 4.020739806500390756, -6.279963468883792643 ) ) ;
#294 = CARTESIAN_POINT ( 'NONE',  ( -0.9740361254246608924, 9.831588518174216418, -9.450068443316924416 ) ) ;
#295 = CARTESIAN_POINT ( 'NONE',  ( 2.838172711246891300, -9.829651053446896825, -0.9734177377973982637 ) ) ;
#296 = CARTESIAN_POINT ( 'NONE',  ( -4.905882381638254408, 3.030085129153496037, -4.050573056034149744 ) ) ;
#297 = CARTESIAN_POINT ( 'NONE',  ( -5.533840328442260592, -0.05219139609671252789, -7.728137958667533169 ) ) ;
#298 = CARTESIAN_POINT ( 'NONE',  ( -0.0006565654873111753664, 4.321322930859171407, -0.0007000964003035947290 ) ) ;
#299 = CARTESIAN_POINT ( 'NONE',  ( 0.6148662817375771805, -10.89255517826559050, -2.937850434422041079 ) ) ;
#300 = EDGE_CURVE ( 'NONE', #2409, #969, #6188, .T. ) ;
#301 = ORIENTED_EDGE ( 'NONE', *, *, #823, .F. ) ;
#302 = CARTESIAN_POINT ( 'NONE',  ( -0.002684391760111855783, -2.672815264691748904, -0.007228659056111171391 ) ) ;
#303 = ORIENTED_EDGE ( 'NONE', *, *, #1126, .F. ) ;
#304 = CARTESIAN_POINT ( 'NONE',  ( 9.529938475873169779, 4.241531621529807339, 0.2554055306061294717 ) ) ;
#305 = CYLINDRICAL_SURFACE ( 'NONE', #3842, 3.000000000000000444 ) ;
#306 = CARTESIAN_POINT ( 'NONE',  ( 6.184608515196243772, 3.526369666455515972, -7.308579316806299353 ) ) ;
#307 = CARTESIAN_POINT ( 'NONE',  ( -2.123020830892590638, -7.538130009420243322E-16, -2.119618491992792730 ) ) ;
#308 = CARTESIAN_POINT ( 'NONE',  ( -4.500190919426747982, 2.229276187413792965, -0.2900670063844256186 ) ) ;
#309 = CARTESIAN_POINT ( 'NONE',  ( 0.6213879680288501017, -3.229177453874414461, 9.500000000001808331 ) ) ;
#310 = CIRCLE ( 'NONE', #833, 5.500000000000000000 ) ;
#311 = CARTESIAN_POINT ( 'NONE',  ( 6.356406485902086345, -3.479832830524633103, -7.240639841127045173 ) ) ;
#312 = DIRECTION ( 'NONE',  ( -0.000000000000000000, -1.000000000000000000, -0.000000000000000000 ) ) ;
#313 = CARTESIAN_POINT ( 'NONE',  ( -2.946045806961337554, -5.348936310661517979, 9.239339277695412633 ) ) ;
#314 = CARTESIAN_POINT ( 'NONE',  ( -2.417533145843264286, 0.02512518859628640189, -2.060808869977611035 ) ) ;
#315 = CARTESIAN_POINT ( 'NONE',  ( -8.633024711778013227, -1.895850172463989125, -4.259712683951217826 ) ) ;
#316 = CYLINDRICAL_SURFACE ( 'NONE', #1769, 4.500000000000000000 ) ;
#317 = ORIENTED_EDGE ( 'NONE', *, *, #3691, .F. ) ;
#318 = CARTESIAN_POINT ( 'NONE',  ( 2.631209349643688800, -3.161433668493206284, 9.265250638388970117 ) ) ;
#319 = CIRCLE ( 'NONE', #2596, 1.000000000000000888 ) ;
#320 = CARTESIAN_POINT ( 'NONE',  ( 0.004320677311341320978, 4.480185806687051908, 0.005916544122552069331 ) ) ;
#321 = CARTESIAN_POINT ( 'NONE',  ( 4.011798133802543909, -1.114569902152726888, 8.820443999991580242 ) ) ;
#322 = CARTESIAN_POINT ( 'NONE',  ( -1.752688468849276981, -2.435956268552083692, 2.653655915057421488 ) ) ;
#323 = CARTESIAN_POINT ( 'NONE',  ( 3.794707603699265026E-16, -1.250270640369035124, -2.999999999999999112 ) ) ;
#324 = FACE_OUTER_BOUND ( 'NONE', #1593, .T. ) ;
#325 = EDGE_CURVE ( 'NONE', #3211, #3058, #448, .T. ) ;
#326 = CARTESIAN_POINT ( 'NONE',  ( -8.078879978793903405, 5.071289145171487434, -5.077938833762266846 ) ) ;
#327 = CARTESIAN_POINT ( 'NONE',  ( 2.657658607430715136, 6.660154456550626101, -9.156687646212883891 ) ) ;
#328 = DIRECTION ( 'NONE',  ( 0.000000000000000000, 0.000000000000000000, 1.000000000000000000 ) ) ;
#329 = CARTESIAN_POINT ( 'NONE',  ( -2.899176990576875390, 1.599168379970497211, 5.654343742244081206 ) ) ;
#330 = CARTESIAN_POINT ( 'NONE',  ( -4.746755103336337100, -5.416438631296874640, 8.234996049604655255 ) ) ;
#331 = CARTESIAN_POINT ( 'NONE',  ( -0.0007751298195134090092, 3.611513010459385331, -0.0004722634050017570132 ) ) ;
#332 = CARTESIAN_POINT ( 'NONE',  ( 9.084512976693197572, 2.150721949746970729, 2.926053457872541674 ) ) ;
#333 = ORIENTED_EDGE ( 'NONE', *, *, #2439, .F. ) ;
#334 = CARTESIAN_POINT ( 'NONE',  ( -1.188975951560698832E-06, -0.7203288746943654619, 0.01223508159263533325 ) ) ;
#335 = EDGE_LOOP ( 'NONE', ( #1238, #3594, #1349, #5790 ) ) ;
#336 = CARTESIAN_POINT ( 'NONE',  ( 0.8939435412502425571, 5.779957045809366534, 9.499840207213861021 ) ) ;
#337 = CARTESIAN_POINT ( 'NONE',  ( 3.389039101393410469, 4.479182869639227071, -2.975251794216694723 ) ) ;
#338 = CARTESIAN_POINT ( 'NONE',  ( 5.572493283366003247, 2.947909948931079605, 7.773438456426068122 ) ) ;
#339 = CARTESIAN_POINT ( 'NONE',  ( -9.594999999707344074, 6.250007452264189745, -2.496969952495757408E-07 ) ) ;
#340 = CARTESIAN_POINT ( 'NONE',  ( 0.6239786460144508551, 5.729091278016350763, -9.500000000000007105 ) ) ;
#341 = CARTESIAN_POINT ( 'NONE',  ( -1.505364917425758842, -2.083328225199408745, -2.602372655363455856 ) ) ;
#342 = EDGE_CURVE ( 'NONE', #3289, #1845, #6344, .T. ) ;
#343 = CARTESIAN_POINT ( 'NONE',  ( -6.402269884553386525, -5.015605789878108567, -7.065932196695034584 ) ) ;
#344 = CARTESIAN_POINT ( 'NONE',  ( 0.7988092666387499596, 9.477704198514672385, -4.429512574985435158 ) ) ;
#345 = CARTESIAN_POINT ( 'NONE',  ( 8.970214049011445923, 5.139317997152908823, 3.254066734682169670 ) ) ;
#346 = CARTESIAN_POINT ( 'NONE',  ( -0.003145741707727758851, -0.2498414490629466134, -3.182112174983131592 ) ) ;
#347 = CARTESIAN_POINT ( 'NONE',  ( -6.729313993448204911, -3.496088721868422233, 6.900257239420826139 ) ) ;
#348 = CARTESIAN_POINT ( 'NONE',  ( -1.167659730714243116, 5.833286346920622201, -4.355780932492825386 ) ) ;
#349 = VERTEX_POINT ( 'NONE', #1912 ) ;
#350 = CARTESIAN_POINT ( 'NONE',  ( -9.620140956232566154, -1.739597930238486301, 0.3281487941630976124 ) ) ;
#351 = CARTESIAN_POINT ( 'NONE',  ( -0.006371061898118970598, 4.898651642811281626, 0.003336380615546035485 ) ) ;
#352 = CARTESIAN_POINT ( 'NONE',  ( -2.801409615815485754, 0.6559343912082555850, 9.190895800441776231 ) ) ;
#353 = CARTESIAN_POINT ( 'NONE',  ( 2.427491633043227015, 2.026202185932308719, 2.055621564412920321 ) ) ;
#354 = CARTESIAN_POINT ( 'NONE',  ( 9.447221813844652871, 10.09318546555156182, -1.000000000008866907 ) ) ;
#355 = ORIENTED_EDGE ( 'NONE', *, *, #4726, .F. ) ;
#356 = CARTESIAN_POINT ( 'NONE',  ( -2.981141153780699327, -0.7089470279208698322, 0.3891153492619839338 ) ) ;
#357 = DIRECTION ( 'NONE',  ( -0.000000000000000000, -1.000000000000000000, -0.000000000000000000 ) ) ;
#358 = CARTESIAN_POINT ( 'NONE',  ( -1.998020930812165252, 0.8958614178953080431, -4.042863488444143449 ) ) ;
#359 = CARTESIAN_POINT ( 'NONE',  ( -2.696320568543731699, -4.604378522644552163, 1.329965347530154718 ) ) ;
#360 = CARTESIAN_POINT ( 'NONE',  ( 8.504021125804076320, -3.899734958708463761, 4.326934537667045610 ) ) ;
#361 = CARTESIAN_POINT ( 'NONE',  ( 1.826484275189332873, 2.656921723508895550, -6.086377521603806073 ) ) ;
#362 = CARTESIAN_POINT ( 'NONE',  ( -7.150601809785996466, -5.520506508953936908, 6.285162189339095207 ) ) ;
#363 = CARTESIAN_POINT ( 'NONE',  ( -0.0004993153722916157883, 3.214321008718220796, 0.005223210524734275828 ) ) ;
#364 = CARTESIAN_POINT ( 'NONE',  ( -3.975084684279586167, 0.4058697711946203657, 2.120801303615849509 ) ) ;
#365 = EDGE_LOOP ( 'NONE', ( #5728, #5712, #4115, #4935 ) ) ;
#366 = CARTESIAN_POINT ( 'NONE',  ( -0.009656404400735235302, -3.349701769549342067, -0.004000906119215387816 ) ) ;
#367 = ORIENTED_EDGE ( 'NONE', *, *, #1923, .F. ) ;
#368 = CARTESIAN_POINT ( 'NONE',  ( -6.039738132743305954, 5.533830169474142302, 7.506725279362225223 ) ) ;
#369 = CARTESIAN_POINT ( 'NONE',  ( 8.524459484832862088, -4.895861809134816944, 4.204813068455321101 ) ) ;
#370 = CARTESIAN_POINT ( 'NONE',  ( 8.504885037754771560, 5.408854982497640407, -4.659709014206506517 ) ) ;
#371 = CARTESIAN_POINT ( 'NONE',  ( -8.786231152758853469, 3.122403632465897250, -3.726632522389385027 ) ) ;
#372 = CARTESIAN_POINT ( 'NONE',  ( 9.497182326825903687, -9.119039275441684467, 0.2612014266199358392 ) ) ;
#373 = CARTESIAN_POINT ( 'NONE',  ( 2.991001468700684285, -11.06704487620625166, -0.2625604317520198738 ) ) ;
#374 = CARTESIAN_POINT ( 'NONE',  ( -0.2958713452341122374, 3.770713743042545474, -4.499999999999995559 ) ) ;
#375 = CARTESIAN_POINT ( 'NONE',  ( 2.639980144690752262, -3.161432448773419335, 9.296136152803196495 ) ) ;
#376 = CARTESIAN_POINT ( 'NONE',  ( -2.448764818873863991, 2.029568319997068215, -2.029577168141287746 ) ) ;
#377 = CARTESIAN_POINT ( 'NONE',  ( -5.884600034000727398, -4.041039710225103221, -7.632946684730602449 ) ) ;
#378 = FACE_OUTER_BOUND ( 'NONE', #1461, .T. ) ;
#379 = ADVANCED_FACE ( 'NONE', ( #3887 ), #2433, .T. ) ;
#380 = VERTEX_POINT ( 'NONE', #389 ) ;
#381 = CARTESIAN_POINT ( 'NONE',  ( 9.567287600262854852, -2.787760536129248568, 1.125106533037829371 ) ) ;
#382 = CARTESIAN_POINT ( 'NONE',  ( 0.001685753980227865361, 3.798294444055879460, 0.0001173302169574043564 ) ) ;
#383 = CARTESIAN_POINT ( 'NONE',  ( -6.324778858945175664, 0.5208562720277796210, 7.215315440314955531 ) ) ;
#384 = CARTESIAN_POINT ( 'NONE',  ( -3.179657540414139394, 1.207949330500756258, -0.4246008001636167872 ) ) ;
#385 = CARTESIAN_POINT ( 'NONE',  ( 9.466776620907440432, 10.70825343176156430, 0.7991812746535084111 ) ) ;
#386 = CARTESIAN_POINT ( 'NONE',  ( 9.026184392175274240, 0.1458501271478055417, 3.061725476496715892 ) ) ;
#387 = CARTESIAN_POINT ( 'NONE',  ( 4.180324505909136512, 6.605471349267478587, -8.569973083668655178 ) ) ;
#388 = CARTESIAN_POINT ( 'NONE',  ( 2.828427124746193844, -10.09318546555144991, -0.9999999999999902300 ) ) ;
#389 = CARTESIAN_POINT ( 'NONE',  ( 1.680513367352531478E-15, 0.7500000410275236007, 9.499999999999994671 ) ) ;
#390 = CARTESIAN_POINT ( 'NONE',  ( 4.349456474602638956, 5.989395902884052880, 4.642190465086566853 ) ) ;
#391 = CARTESIAN_POINT ( 'NONE',  ( -8.898676470669984795, -5.864315058374629963, -3.340693507670693396 ) ) ;
#392 = CARTESIAN_POINT ( 'NONE',  ( 1.437618323225585693, 3.798178384872195945, 9.499201491155774946 ) ) ;
#393 = CARTESIAN_POINT ( 'NONE',  ( -0.3921641744217213565, -0.2086197686742689295, -2.980654325291256512 ) ) ;
#394 = VERTEX_POINT ( 'NONE', #5863 ) ;
#395 = CARTESIAN_POINT ( 'NONE',  ( 0.004524828391797935945, -0.5009717845209117337, 0.004150839566808301601 ) ) ;
#396 = ORIENTED_EDGE ( 'NONE', *, *, #2439, .T. ) ;
#397 = CARTESIAN_POINT ( 'NONE',  ( -6.344646506427626065, -4.769423299928866378, -0.3889633296905835036 ) ) ;
#398 = CARTESIAN_POINT ( 'NONE',  ( 9.500291169372960809, -4.770646910059126000, 0.6161267172899643763 ) ) ;
#399 = CARTESIAN_POINT ( 'NONE',  ( 0.6305254526442125584, -5.229168299131222497, 9.584497102651621248 ) ) ;
#400 = CARTESIAN_POINT ( 'NONE',  ( -0.0001493526627379925529, -3.724386325324545943, 0.01058890440081616986 ) ) ;
#401 = CARTESIAN_POINT ( 'NONE',  ( 0.000000000000000000, 12.50000000000000000, -9.500000000000000000 ) ) ;
#402 = CYLINDRICAL_SURFACE ( 'NONE', #1657, 4.500000000000000000 ) ;
#403 = CARTESIAN_POINT ( 'NONE',  ( -2.484686790500647557, -5.166739775551896230, -9.252854977785851531 ) ) ;
#404 = CARTESIAN_POINT ( 'NONE',  ( -0.2965708053611163519, 4.728943071451282343, 4.500000000000000888 ) ) ;
#405 = CARTESIAN_POINT ( 'NONE',  ( -9.573047330007073086, -1.791640700465496616, -1.273523279941052966 ) ) ;
#406 = CARTESIAN_POINT ( 'NONE',  ( -2.775282517420132322, 0.4165364580653827531, 1.608993205062335008 ) ) ;
#407 = CARTESIAN_POINT ( 'NONE',  ( -1.204006279227254339, 1.789041596767195985, -9.649903491820065682 ) ) ;
#408 = CARTESIAN_POINT ( 'NONE',  ( 4.458773849448178339, 10.89248267954691940, 0.6148119687066703198 ) ) ;
#409 = ORIENTED_EDGE ( 'NONE', *, *, #5844, .F. ) ;
#410 = CLOSED_SHELL ( 'NONE', ( #3863, #5243, #2539, #5203, #4547, #6386, #3106, #5727, #3583, #4690, #3884, #4358, #3822, #3607, #2873, #2668, #4628, #5924, #379, #5600, #2818, #2203, #3411, #1468, #2792, #48, #6112, #609, #1439, #5309, #5638, #2756, #1107, #2003, #2956, #5226, #4886, #1326, #2243, #65, #1684, #5705, #2714, #412, #1963, #541, #4049, #2462, #1051, #4459, #5160 ) ) ;
#411 = CARTESIAN_POINT ( 'NONE',  ( -7.747909738360898579, 0.05206616862587402916, -5.550618924961145062 ) ) ;
#412 = ADVANCED_FACE ( 'NONE', ( #1420 ), #4211, .T. ) ;
#413 = CARTESIAN_POINT ( 'NONE',  ( -0.002426231337338327892, 4.071487048024102329, 0.005319393765047955927 ) ) ;
#414 = CARTESIAN_POINT ( 'NONE',  ( -9.545630441813194977, 2.214175895810856165, -1.081619786696568886 ) ) ;
#415 = CARTESIAN_POINT ( 'NONE',  ( -1.444880890445144672, 1.599378277598070719, 2.829158039254505486 ) ) ;
#416 = CARTESIAN_POINT ( 'NONE',  ( 2.263291532721980914, -1.521612134280284634, -1.978872072848130825 ) ) ;
#417 = CIRCLE ( 'NONE', #4652, 8.500000000000000000 ) ;
#418 = CARTESIAN_POINT ( 'NONE',  ( 9.843087985161272294E-13, -11.09318546556015583, -9.500000000000916600 ) ) ;
#419 = B_SPLINE_CURVE_WITH_KNOTS ( 'NONE', 3,
 ( #3176, #5767, #5241, #3761, #5179, #1324, #3309, #2241, #784, #849, #5143, #4791, #292, #713, #752, #3277, #2685, #6276, #5734, #2722, #4659, #225, #2209, #259, #6185, #2754, #814, #4724, #2784, #2272, #4241, #6214, #1783, #4758 ),
 .UNSPECIFIED., .F., .F.,
 ( 4, 2, 2, 2, 2, 2, 2, 2, 2, 2, 2, 2, 2, 2, 2, 2, 4 ),
 ( 0.01884398625112523179, 0.01943311568400615114, 0.02002224511688707395, 0.02061137454976799330, 0.02120050398264891611, 0.02178963341552983546, 0.02237876284841075480, 0.02296789228129167415, 0.02355702171417259697, 0.02414615114705351631, 0.02473528057993443913, 0.02532441001281535847, 0.02591353944569627782, 0.02650266887857720063, 0.02709179831145811998, 0.02768092774433904280, 0.02827005717721996214 ),
 .UNSPECIFIED. ) ;
#420 = VECTOR ( 'NONE', #3718, 1000.000000000000000 ) ;
#421 = CARTESIAN_POINT ( 'NONE',  ( -4.499872665371649205, 1.270712719184859729, 0.2967371138765622085 ) ) ;
#422 = CARTESIAN_POINT ( 'NONE',  ( -2.695821438945238846, -4.896278402652762374, -1.331040570448257299 ) ) ;
#423 = CARTESIAN_POINT ( 'NONE',  ( 0.2721177249039960500, -3.259118762033064609, -9.497029132676518159 ) ) ;
#424 = CARTESIAN_POINT ( 'NONE',  ( -5.387718469348562245, 3.428253961141168205, 3.383014898280258365 ) ) ;
#425 = CARTESIAN_POINT ( 'NONE',  ( -9.184810476936720036, -5.832869336426608875, -2.446766978557223915 ) ) ;
#426 = CARTESIAN_POINT ( 'NONE',  ( 1.252384827492731612, 4.708008763323750401, -9.459972895022273676 ) ) ;
#427 = CARTESIAN_POINT ( 'NONE',  ( 1.823636791461759943, 2.841027695989164936, 6.157734951663548451 ) ) ;
#428 = CARTESIAN_POINT ( 'NONE',  ( 0.000000000000000000, 0.000000000000000000, 4.500000000000000000 ) ) ;
#429 = ORIENTED_EDGE ( 'NONE', *, *, #1189, .F. ) ;
#430 = ORIENTED_EDGE ( 'NONE', *, *, #2517, .T. ) ;
#431 = CARTESIAN_POINT ( 'NONE',  ( 3.243760288568235506, -4.079817794722366386, 5.471248216526145569 ) ) ;
#432 = CARTESIAN_POINT ( 'NONE',  ( 6.268444924375136118, -4.479229400259796101, -7.145210249107803335 ) ) ;
#433 = CARTESIAN_POINT ( 'NONE',  ( -2.501032397150189546, -6.166750708542489967, -9.314444838424662976 ) ) ;
#434 = CARTESIAN_POINT ( 'NONE',  ( 0.001150261194296327153, -2.950691780363868144, -0.0008221403885692520367 ) ) ;
#435 = CARTESIAN_POINT ( 'NONE',  ( 9.447221813845589011, 10.09318546555144991, 1.000000000000033307 ) ) ;
#436 = CARTESIAN_POINT ( 'NONE',  ( -2.905673031842787690, -1.667638148630601336, 0.7715164572152322098 ) ) ;
#437 = CC_DESIGN_PERSON_AND_ORGANIZATION_ASSIGNMENT ( #1707, #2581, ( #4254 ) ) ;
#438 = CARTESIAN_POINT ( 'NONE',  ( 6.120939890567861141, -2.028010699398010264, 7.308252518993993085 ) ) ;
#439 = CARTESIAN_POINT ( 'NONE',  ( 2.252910776815996829, 1.583378565054205156, -3.906545921592017301 ) ) ;
#440 = CARTESIAN_POINT ( 'NONE',  ( -6.684928983961235360, -3.496095628962515356, 6.854681261599949060 ) ) ;
#441 = CARTESIAN_POINT ( 'NONE',  ( 1.737089344569089144, 0.9337434363904668633, 2.664654965405207410 ) ) ;
#442 = CARTESIAN_POINT ( 'NONE',  ( 7.720713983927191215, -0.9583507837561087150, 5.907528530952846246 ) ) ;
#443 = ORIENTED_EDGE ( 'NONE', *, *, #3152, .F. ) ;
#444 = CARTESIAN_POINT ( 'NONE',  ( 8.756173657327831705, 1.119795445307738779, 3.798912211881547041 ) ) ;
#445 = CARTESIAN_POINT ( 'NONE',  ( 3.179596727597664874, 5.258384926976773954, -0.08705365533240425058 ) ) ;
#446 = CARTESIAN_POINT ( 'NONE',  ( -0.002434178771519504483, 5.578026317691188396, -0.001058908498544742279 ) ) ;
#447 = CARTESIAN_POINT ( 'NONE',  ( -9.380333109700798033, 4.317700427222126436, 2.027719331278746928 ) ) ;
#448 = B_SPLINE_CURVE_WITH_KNOTS ( 'NONE', 3,
 ( #5707, #1820, #6218, #1267, #1787, #1297, #3281, #5770, #5278, #360, #2401, #5834, #4373, #1884, #5435, #4435, #1976, #4890, #4952, #3858, #518, #1486, #1453, #423, #3469, #1009 ),
 .UNSPECIFIED., .F., .F.,
 ( 4, 2, 2, 2, 2, 2, 2, 2, 2, 2, 2, 2, 4 ),
 ( 0.08000046528855095374, 0.08406248631234686242, 0.09124998174979580268, 0.09843747718724474294, 0.1056249726246936971, 0.1128124680621426512, 0.1199999634995916054, 0.1264843430621426790, 0.1329687226246937248, 0.1459374817497958166, 0.1524218613123468624, 0.1589062408748979083, 0.1599998896179084529 ),
 .UNSPECIFIED. ) ;
#449 = CARTESIAN_POINT ( 'NONE',  ( -0.9266083197299934682, 0.8439061310174693631, -3.043792700279400965 ) ) ;
#450 = CARTESIAN_POINT ( 'NONE',  ( 3.578989417287292696, 3.041548060951200227, 2.743472467774007217 ) ) ;
#451 = CARTESIAN_POINT ( 'NONE',  ( -3.740959290025862138, 3.950105989765043013, -5.144932928261722438 ) ) ;
#452 = CARTESIAN_POINT ( 'NONE',  ( 1.166641698233180646, 1.833178049188420200, 4.356011453291322333 ) ) ;
#453 = CARTESIAN_POINT ( 'NONE',  ( -0.3936229648699532957, -6.208038353053908054, -2.980606785019533245 ) ) ;
#454 = CARTESIAN_POINT ( 'NONE',  ( -2.163073274894004694, -0.3229331147616967268, 9.282215744397337431 ) ) ;
#455 = CARTESIAN_POINT ( 'NONE',  ( -3.576421839886331888, 5.458358135878569328, 2.747079880169341681 ) ) ;
#456 = DIRECTION ( 'NONE',  ( -0.000000000000000000, -1.000000000000000000, -0.000000000000000000 ) ) ;
#457 = CARTESIAN_POINT ( 'NONE',  ( -5.690578497241773448, 3.397481936069950414, 2.845550478054287513 ) ) ;
#458 = CARTESIAN_POINT ( 'NONE',  ( -9.004407581246917758, -5.853785597207082247, -3.044348248047134220 ) ) ;
#459 = CARTESIAN_POINT ( 'NONE',  ( 3.864659474118316229, 4.617190268713470047, -8.725483088079878158 ) ) ;
#460 = CARTESIAN_POINT ( 'NONE',  ( -2.786455455143768134, 1.894184324397977459, -5.711385180986146004 ) ) ;
#461 = CARTESIAN_POINT ( 'NONE',  ( -1.983217200158606142, -0.02104293896673370759, -2.259646530719133128 ) ) ;
#462 = EDGE_CURVE ( 'NONE', #1845, #1500, #2383, .T. ) ;
#463 = EDGE_LOOP ( 'NONE', ( #2208, #1725, #526, #3122, #1258, #5777, #5222, #4705, #4815, #824, #3475, #233, #1397, #1594, #2568, #2133, #3088, #6193, #3259, #2747, #200, #1643, #760, #3642, #3022, #2567, #3892, #1222, #2314, #2730 ) ) ;
#464 = CARTESIAN_POINT ( 'NONE',  ( -9.500134715215054371, 7.208474370929820907, -1.239332968924908407 ) ) ;
#465 = CARTESIAN_POINT ( 'NONE',  ( 6.275187786258090483, -5.020963080068563400, 7.159877957734676279 ) ) ;
#466 = CARTESIAN_POINT ( 'NONE',  ( 9.050317526320462491, -4.641936836990226745, -3.194300711400619441 ) ) ;
#467 = CARTESIAN_POINT ( 'NONE',  ( -0.0002833041386571440450, -1.787808928114243745, -0.003325510203598253979 ) ) ;
#468 = CARTESIAN_POINT ( 'NONE',  ( -8.081759156471351346, 3.428382639653506647, 5.074709590027796757 ) ) ;
#469 = CARTESIAN_POINT ( 'NONE',  ( 9.450093924816533431, -9.831011646601647058, -0.9737715635676190695 ) ) ;
#470 = CARTESIAN_POINT ( 'NONE',  ( -9.013833583949912409, -0.6354339628819042352, 3.377403862130860190 ) ) ;
#471 = CARTESIAN_POINT ( 'NONE',  ( -4.355708793060451889, 4.166418582310780216, -1.168274129786623705 ) ) ;
#472 = CARTESIAN_POINT ( 'NONE',  ( 6.141310836736408874, -3.028011623859706791, 7.332602816682919133 ) ) ;
#473 = CARTESIAN_POINT ( 'NONE',  ( 7.367963398662767283, 1.472641670537503611, -6.196805022638247173 ) ) ;
#474 = CARTESIAN_POINT ( 'NONE',  ( -9.456076672801390970, 5.290692632738042356, 1.213442939353483574 ) ) ;
#475 = CARTESIAN_POINT ( 'NONE',  ( 4.458702443910588009, 10.89213433078824345, -0.6153663951148046207 ) ) ;
#476 = ORIENTED_EDGE ( 'NONE', *, *, #496, .T. ) ;
#477 = CARTESIAN_POINT ( 'NONE',  ( 4.898922503504883785, 1.578120329427551205, -8.176741566393284089 ) ) ;
#478 = CARTESIAN_POINT ( 'NONE',  ( -2.167089643146271616, 5.988262609621060939, -2.324973550204024964 ) ) ;
#479 = CARTESIAN_POINT ( 'NONE',  ( -2.222135233222666262, -5.496726384328625592, 2.272608425037498048 ) ) ;
#480 = CARTESIAN_POINT ( 'NONE',  ( 4.915113879789211992, 2.921234589002979387, 8.242061418750701307 ) ) ;
#481 = CARTESIAN_POINT ( 'NONE',  ( -2.775265719466214254, 1.416536458266099974, 1.608986480686616760 ) ) ;
#482 = CARTESIAN_POINT ( 'NONE',  ( 0.9739203954107507055, 9.831141741201395945, -9.450080755128915655 ) ) ;
#483 = CARTESIAN_POINT ( 'NONE',  ( 2.255302625922035009, 1.916428676093529404, 3.905046858500264229 ) ) ;
#484 = CARTESIAN_POINT ( 'NONE',  ( -1.995515147447122883, 1.603985941622231515, 4.044206008944740027 ) ) ;
#485 = CARTESIAN_POINT ( 'NONE',  ( 3.383029297180667250, -2.428502369992256771, -5.387757613989200500 ) ) ;
#486 = CARTESIAN_POINT ( 'NONE',  ( -0.002197603268743873739, -6.015339254536986147, 0.001738782294066872547 ) ) ;
#487 = CARTESIAN_POINT ( 'NONE',  ( -3.740943960390340273, 4.950105990571361581, -5.144912655378607980 ) ) ;
#488 = CARTESIAN_POINT ( 'NONE',  ( 0.7752753571050897685, -5.167215514409591925, 2.904692423115855071 ) ) ;
#489 = CARTESIAN_POINT ( 'NONE',  ( 0.006769473555860859755, 6.768447340192996542, -0.0004060023240135859066 ) ) ;
#490 = FACE_OUTER_BOUND ( 'NONE', #5027, .T. ) ;
#491 = ORIENTED_EDGE ( 'NONE', *, *, #100, .F. ) ;
#492 = ORIENTED_EDGE ( 'NONE', *, *, #1287, .F. ) ;
#493 = CARTESIAN_POINT ( 'NONE',  ( 2.372677907014379972, -3.372050653301078338, -5.896654104078428382 ) ) ;
#494 = CARTESIAN_POINT ( 'NONE',  ( 0.2934453067688609917, 5.729072152059726086, -4.500000000001003642 ) ) ;
#495 = CARTESIAN_POINT ( 'NONE',  ( 9.552762466793842222, 5.229174511476289311, 0.6284127710974550807 ) ) ;
#496 = EDGE_CURVE ( 'NONE', #4083, #3211, #6169, .T. ) ;
#497 = CARTESIAN_POINT ( 'NONE',  ( 0.001311901120047817906, -1.582059212392851855, 0.002910123693124801614 ) ) ;
#498 = CARTESIAN_POINT ( 'NONE',  ( 4.387482193696063959, 10.09318546555144991, -0.9999999999999847899 ) ) ;
#499 = CARTESIAN_POINT ( 'NONE',  ( 1.330412346106820465, -2.396220083662018219, -2.696100623487272419 ) ) ;
#500 = CARTESIAN_POINT ( 'NONE',  ( -9.619995599572325418, -0.7395979352354805636, 0.3281282185624719294 ) ) ;
#501 = CARTESIAN_POINT ( 'NONE',  ( -3.905694002520975872, 4.083236518642061164, -2.254742051294806870 ) ) ;
#502 = CARTESIAN_POINT ( 'NONE',  ( -4.367895408314495853, -1.401040209391841929, 8.507760137442369697 ) ) ;
#503 = CARTESIAN_POINT ( 'NONE',  ( 9.638466690588987973, 1.243497329563301612, 0.1941818457053133551 ) ) ;
#504 = CARTESIAN_POINT ( 'NONE',  ( -3.062262844704616516, 4.645790469236071196, 9.014217570208325370 ) ) ;
#505 = CARTESIAN_POINT ( 'NONE',  ( 2.999818840751194315, -3.729198979248983026, -0.1979982183289937803 ) ) ;
#506 = ORIENTED_EDGE ( 'NONE', *, *, #2083, .F. ) ;
#507 = CARTESIAN_POINT ( 'NONE',  ( 2.736932413734279201, 1.657241771185237855, -9.130621493091657825 ) ) ;
#508 = CARTESIAN_POINT ( 'NONE',  ( -2.838930791000141785, 4.398066325474148996, 1.428234751620077958 ) ) ;
#509 = CARTESIAN_POINT ( 'NONE',  ( -1.548859262131472070, -5.409217187018875883, 2.824598921300499832 ) ) ;
#510 = CARTESIAN_POINT ( 'NONE',  ( 4.711801169924072497, 3.586895471932975532, -8.370751342793079530 ) ) ;
#511 = CARTESIAN_POINT ( 'NONE',  ( -2.105476308599072865, 3.519434911987150194, 2.384664295710677173 ) ) ;
#512 = CARTESIAN_POINT ( 'NONE',  ( -2.379823768605682233E-14, -2.249999939743879462, -9.499999999999998224 ) ) ;
#513 = CARTESIAN_POINT ( 'NONE',  ( 3.985096381002620536, -0.1145792064523677434, 8.761938609024204183 ) ) ;
#514 = CARTESIAN_POINT ( 'NONE',  ( -6.071846497723465852, -1.030601945510415840, -7.363302010466488134 ) ) ;
#515 = AXIS2_PLACEMENT_3D ( 'NONE', #3666, #2210, #6151 ) ;
#516 = CARTESIAN_POINT ( 'NONE',  ( 6.157737348574060299, -2.841276104727327834, 1.823628698108998858 ) ) ;
#517 = EDGE_CURVE ( 'NONE', #4903, #3205, #935, .T. ) ;
#518 = CARTESIAN_POINT ( 'NONE',  ( 3.556348150045427925, -3.371738080109535129, -8.846020929693523271 ) ) ;
#519 = CARTESIAN_POINT ( 'NONE',  ( -0.3678348842851222877, 4.768343218470617373, -6.351258842396776849 ) ) ;
#520 = CARTESIAN_POINT ( 'NONE',  ( 9.489479514679377559E-14, 1.749873339771101488, -4.500000000000000888 ) ) ;
#521 = CYLINDRICAL_SURFACE ( 'NONE', #624, 3.000000000000000444 ) ;
#522 = CARTESIAN_POINT ( 'NONE',  ( 6.353384849902488973, 3.241624700715708851, 0.1680589488661238251 ) ) ;
#523 = CARTESIAN_POINT ( 'NONE',  ( 9.484923168429446605, -0.7707342323952909302, 0.6187444246584019591 ) ) ;
#524 = EDGE_LOOP ( 'NONE', ( #3724, #3005, #2182, #3676, #3626, #2148, #301, #4084, #333 ) ) ;
#525 = AXIS2_PLACEMENT_3D ( 'NONE', #2637, #277, #3682 ) ;
#526 = ORIENTED_EDGE ( 'NONE', *, *, #4299, .T. ) ;
#527 = CARTESIAN_POINT ( 'NONE',  ( -3.383471399038345595, -3.071603526562206365, -5.386625723474148586 ) ) ;
#528 = CARTESIAN_POINT ( 'NONE',  ( -3.093439056629474493, 3.926791803911732978E-16, -3.089498922249131585 ) ) ;
#529 = CARTESIAN_POINT ( 'NONE',  ( -5.865201912554317332, -4.041037818138573989, -7.607733686106220361 ) ) ;
#530 = CIRCLE ( 'NONE', #4457, 9.500000000000000000 ) ;
#531 = CARTESIAN_POINT ( 'NONE',  ( 0.002848374123303155751, -1.920937641815270602, -0.006147778736971862452 ) ) ;
#532 = CARTESIAN_POINT ( 'NONE',  ( 9.017051345647738358, 3.353944916129846909, -3.054910254926707758 ) ) ;
#533 = CARTESIAN_POINT ( 'NONE',  ( 2.847314593344902001, -2.646266728253530154, -0.9653443028104572443 ) ) ;
#534 = CARTESIAN_POINT ( 'NONE',  ( -7.266966034798983287, -0.9739555919210347579, -6.167858287000095530 ) ) ;
#535 = CARTESIAN_POINT ( 'NONE',  ( 4.381357815703351477, 6.333459674471756173, -1.181936541510701266 ) ) ;
#536 = CARTESIAN_POINT ( 'NONE',  ( 9.056388000869921129, -0.8541462893509229604, 3.071940370089158989 ) ) ;
#537 = CARTESIAN_POINT ( 'NONE',  ( -5.353910762597965167, -0.06247226093123441765, -8.016983797897250241 ) ) ;
#538 = CARTESIAN_POINT ( 'NONE',  ( -6.275446267187622773, -2.020947127888573114, -7.159450829385042070 ) ) ;
#539 = CARTESIAN_POINT ( 'NONE',  ( 0.9737435171590035354, -9.830892035508455251, -9.450096975683507594 ) ) ;
#540 = ORIENTED_EDGE ( 'NONE', *, *, #3628, .F. ) ;
#541 = ADVANCED_FACE ( 'NONE', ( #2223 ), #3713, .F. ) ;
#542 = CARTESIAN_POINT ( 'NONE',  ( -8.078860853462870750, 4.071289145317919633, -5.077930952979107460 ) ) ;
#543 = CARTESIAN_POINT ( 'NONE',  ( -0.2617630199855856543, 4.723418560505431074, 3.166667251998497079 ) ) ;
#544 = CARTESIAN_POINT ( 'NONE',  ( -1.700814134916203590, -6.070855049728979935, -2.684913924431537868 ) ) ;
#545 = CARTESIAN_POINT ( 'NONE',  ( -0.8119484396326672737, 4.722969042919341831, 9.563332990420621016 ) ) ;
#546 = CARTESIAN_POINT ( 'NONE',  ( 2.274310350665603053, 4.496292974213655036, -2.224263402789509847 ) ) ;
#547 = CARTESIAN_POINT ( 'NONE',  ( 0.7987007726872452640, 10.70876481106255085, -4.429528987060033174 ) ) ;
#548 = CARTESIAN_POINT ( 'NONE',  ( 4.470954438376851137, 2.208200442636826910, 0.5886230721436659374 ) ) ;
#549 = CARTESIAN_POINT ( 'NONE',  ( -4.356788143926050516, 1.166640909520477720, -1.163666580588977206 ) ) ;
#550 = CARTESIAN_POINT ( 'NONE',  ( -0.006292416996785169490, -4.398455649691283220, -0.003210492954176800192 ) ) ;
#551 = CARTESIAN_POINT ( 'NONE',  ( -2.726218010805281367, -4.578554784824867774, 1.632800949604174878 ) ) ;
#552 = FACE_OUTER_BOUND ( 'NONE', #365, .T. ) ;
#553 = CARTESIAN_POINT ( 'NONE',  ( -6.263745150477374679, 5.979018328448022501, -7.149331625911963251 ) ) ;
#554 = CARTESIAN_POINT ( 'NONE',  ( -6.068895328637642805, 2.152649831719380735, -1.909398460872643533 ) ) ;
#555 = CARTESIAN_POINT ( 'NONE',  ( 2.463748793492221978, -0.3333517117914843730, -9.195813107948035636 ) ) ;
#556 = VERTEX_POINT ( 'NONE', #307 ) ;
#557 = CARTESIAN_POINT ( 'NONE',  ( 1.651346572313783012, -0.1668522018241631322, 6.200395739723878918 ) ) ;
#558 = CYLINDRICAL_SURFACE ( 'NONE', #2908, 9.500000000000000000 ) ;
#559 = CARTESIAN_POINT ( 'NONE',  ( -6.707121488704720136, -3.496092175415468795, 6.877469250510387155 ) ) ;
#560 = CARTESIAN_POINT ( 'NONE',  ( 0.002445550516675819210, -1.061830618638825552, -0.0008273479688228634922 ) ) ;
#561 = CARTESIAN_POINT ( 'NONE',  ( -7.779150587583494314E-15, 3.750000000377063269, -9.500000000000000000 ) ) ;
#562 = CARTESIAN_POINT ( 'NONE',  ( 4.166485972270706384, -2.108089213660887307, 8.683929573642524602 ) ) ;
#563 = CARTESIAN_POINT ( 'NONE',  ( -0.8724601781792759025, -10.59932050594565389, -2.870827094560681747 ) ) ;
#564 = CARTESIAN_POINT ( 'NONE',  ( 7.319374249806170241, 1.027016175263532061, 6.175669418073073125 ) ) ;
#565 = CARTESIAN_POINT ( 'NONE',  ( -0.5585603763064549421, 3.768555488251276842, -9.622339738336840753 ) ) ;
#566 = CARTESIAN_POINT ( 'NONE',  ( -3.062580630878358967, -1.354219458009335408, 9.014161032842382681 ) ) ;
#567 = CARTESIAN_POINT ( 'NONE',  ( 1.979748752665543066, -3.479030032521937876, -2.262511868931990300 ) ) ;
#568 = B_SPLINE_CURVE_WITH_KNOTS ( 'NONE', 3,
 ( #3945, #909, #3855, #4466, #1909, #2880, #5925, #1481 ),
 .UNSPECIFIED., .F., .F.,
 ( 4, 2, 2, 4 ),
 ( 0.004693310342365659277, 0.005084109443144326640, 0.005474908543922994003, 0.006256506745480329597 ),
 .UNSPECIFIED. ) ;
#569 = CARTESIAN_POINT ( 'NONE',  ( -1.513468509892431868, -4.417204360945294894, 2.620207953036726156 ) ) ;
#570 = CARTESIAN_POINT ( 'NONE',  ( -4.355495815278747074, 5.333390420634032125, 1.169491847461944456 ) ) ;
#571 = CARTESIAN_POINT ( 'NONE',  ( 9.517340001468586053, 3.268239588118247774, -0.5477263921133241897 ) ) ;
#572 = CARTESIAN_POINT ( 'NONE',  ( -4.268900543633951550, -6.015516945735178034, -4.710027775301664832 ) ) ;
#573 = CARTESIAN_POINT ( 'NONE',  ( -2.993598714705083097, -3.860143148368460508, -1.075783509198619425 ) ) ;
#574 = CARTESIAN_POINT ( 'NONE',  ( -7.293053909571708182, -5.523433285703500673, 6.288695245232044151 ) ) ;
#575 = CARTESIAN_POINT ( 'NONE',  ( -0.2617641508425710417, 5.723418564020795962, 3.166737138300132592 ) ) ;
#576 = CARTESIAN_POINT ( 'NONE',  ( 1.454632603660146017, 2.854287056521788823, 4.268441642540093284 ) ) ;
#577 = EDGE_CURVE ( 'NONE', #4102, #4458, #6000, .T. ) ;
#578 = CARTESIAN_POINT ( 'NONE',  ( 0.9661082745892852763, -0.3543129133692199395, -2.846983554698627739 ) ) ;
#579 = CARTESIAN_POINT ( 'NONE',  ( -0.2759248304954146080, -5.259120706040787852, 9.537867956904117150 ) ) ;
#580 = CARTESIAN_POINT ( 'NONE',  ( -5.165055146955883636, -1.948086668972399016, -3.700446096568367871 ) ) ;
#581 = CARTESIAN_POINT ( 'NONE',  ( 0.000000000000000000, -5.250000000000000888, -3.166666666666668295 ) ) ;
#582 = CARTESIAN_POINT ( 'NONE',  ( -5.792096523464313584, -4.041784357101579239, -7.555511144919091038 ) ) ;
#583 = CARTESIAN_POINT ( 'NONE',  ( -1.245065874830417529, 5.791819892317714213, -9.423191878586129278 ) ) ;
#584 = CARTESIAN_POINT ( 'NONE',  ( -6.058177289713935210, 0.9687501705835276367, -7.376974499925121442 ) ) ;
#585 = CARTESIAN_POINT ( 'NONE',  ( 5.797418549604392624, 0.9584367324684850420, 7.551603942122885549 ) ) ;
#586 = CARTESIAN_POINT ( 'NONE',  ( -8.526449057073074655, 2.395713220146905797, 4.200824376591338449 ) ) ;
#587 = CARTESIAN_POINT ( 'NONE',  ( 4.774482749648556457, -1.520060141555788169, -4.205260360330126623 ) ) ;
#588 = CARTESIAN_POINT ( 'NONE',  ( 4.354875848041070974, 5.333481373475039256, -1.171380924921816780 ) ) ;
#589 = CARTESIAN_POINT ( 'NONE',  ( 0.003678332522502299109, 2.550887563557292737, 0.003591013990136168038 ) ) ;
#590 = CARTESIAN_POINT ( 'NONE',  ( 6.498355568567357743, 2.989614353663300417, 6.936657518717742832 ) ) ;
#591 = VERTEX_POINT ( 'NONE', #4385 ) ;
#592 = ORIENTED_EDGE ( 'NONE', *, *, #3130, .F. ) ;
#593 = CARTESIAN_POINT ( 'NONE',  ( -1.877982084196794466, 1.686856463863966260, 9.357322925813244652 ) ) ;
#594 = CARTESIAN_POINT ( 'NONE',  ( 3.389616655731388484, 6.479117584967823085, -2.974614632291847194 ) ) ;
#595 = CARTESIAN_POINT ( 'NONE',  ( 8.444562166879407528, -0.5937396122512226260, -4.517256168768480684 ) ) ;
#596 = CARTESIAN_POINT ( 'NONE',  ( -6.222622567948098649, 1.973623585295025462, -7.346756185188440647 ) ) ;
#597 = CARTESIAN_POINT ( 'NONE',  ( -3.718813451625280209E-14, -1.249999990533657623, 9.500000000000001776 ) ) ;
#598 = CARTESIAN_POINT ( 'NONE',  ( 0.9647932215682217816, -4.146304255104482195, 2.847474524882291025 ) ) ;
#599 = CARTESIAN_POINT ( 'NONE',  ( 0.005503376698834837148, 0.8416520080533058668, -0.001682489109041991485 ) ) ;
#600 = CARTESIAN_POINT ( 'NONE',  ( -4.267796496183247079, 3.145130608945586381, -1.456635752398734551 ) ) ;
#601 = CARTESIAN_POINT ( 'NONE',  ( 9.877432417281920343E-07, -0.2499709934161651048, 9.499837964138377444 ) ) ;
#602 = CARTESIAN_POINT ( 'NONE',  ( -6.161084902275305808, 1.973630008647476952, -7.273943580440900725 ) ) ;
#603 = CARTESIAN_POINT ( 'NONE',  ( -6.197177954920507048, -3.677673533613422752, 1.435305249521831694 ) ) ;
#604 = CARTESIAN_POINT ( 'NONE',  ( -0.002101859737141927552, 5.687276163583425692, 0.0001876328041192147861 ) ) ;
#605 = CARTESIAN_POINT ( 'NONE',  ( 9.465838854962443705, -4.809908432760531483, 1.805749429657702798 ) ) ;
#606 = CARTESIAN_POINT ( 'NONE',  ( -0.4538408828106435533, 3.704069352302292284, 3.147992516286798548 ) ) ;
#607 = SECURITY_CLASSIFICATION_LEVEL ( 'unclassified' ) ;
#608 = CARTESIAN_POINT ( 'NONE',  ( 3.580629492174137063, 2.041746316508998405, 2.741466940664897489 ) ) ;
#609 = ADVANCED_FACE ( 'NONE', ( #894 ), #962, .F. ) ;
#610 = CARTESIAN_POINT ( 'NONE',  ( 9.372108548311473442, -4.809914027822268068, 1.787887939040697427 ) ) ;
#611 = CARTESIAN_POINT ( 'NONE',  ( -0.7145469634898391487, -2.214473315652047525, -6.321772455465195506 ) ) ;
#612 = CARTESIAN_POINT ( 'NONE',  ( 2.514020090658984685, -3.960136721834103479, 1.947629794515505441 ) ) ;
#613 = CARTESIAN_POINT ( 'NONE',  ( 2.400866911593325437, -4.958282218160975141, 1.841659834001710960 ) ) ;
#614 = DIRECTION ( 'NONE',  ( 0.000000000000000000, 0.000000000000000000, 1.000000000000000000 ) ) ;
#615 = CARTESIAN_POINT ( 'NONE',  ( 3.058156800015572774, -0.3540568291607571472, -9.016162531838020300 ) ) ;
#616 = VECTOR ( 'NONE', #4933, 1000.000000000000000 ) ;
#617 = CARTESIAN_POINT ( 'NONE',  ( 5.021922059353433276, 0.9271830569341931172, 8.070129789184003144 ) ) ;
#618 = CARTESIAN_POINT ( 'NONE',  ( -6.266361870695340563, 1.979133136067183996, -7.146987565252662655 ) ) ;
#619 = CARTESIAN_POINT ( 'NONE',  ( -4.842204696281942944, -0.9744139354057115288, -4.114276332120739177 ) ) ;
#620 = CARTESIAN_POINT ( 'NONE',  ( 4.470648712184991602, 5.208048474659645599, 0.5907969351607048614 ) ) ;
#621 = CARTESIAN_POINT ( 'NONE',  ( 0.004457191882200351937, 0.4990282102847694023, 0.004228790370376032427 ) ) ;
#622 = CARTESIAN_POINT ( 'NONE',  ( 5.023468142628160216, 3.572755369442694562, -8.069120644975486201 ) ) ;
#623 = ORIENTED_EDGE ( 'NONE', *, *, #4910, .F. ) ;
#624 = AXIS2_PLACEMENT_3D ( 'NONE', #2499, #3444, #4438 ) ;
#625 = CARTESIAN_POINT ( 'NONE',  ( 9.195347208912220793, 2.336263186940351400, -2.557966434592760407 ) ) ;
#626 = CARTESIAN_POINT ( 'NONE',  ( 3.580318372410423944, 1.041717290389750250, 2.741759133082133815 ) ) ;
#627 = CARTESIAN_POINT ( 'NONE',  ( 7.405065779715354957, -0.5312616367658407057, -6.072992086616516794 ) ) ;
#628 = CARTESIAN_POINT ( 'NONE',  ( 1.136390571726154430, 2.787767504443246835, 9.662963280647391073 ) ) ;
#629 = CARTESIAN_POINT ( 'NONE',  ( 0.3095230219077572675, 4.760372368189946357, 9.499999999999271694 ) ) ;
#630 = CARTESIAN_POINT ( 'NONE',  ( 9.843087985161272294E-13, -11.09318546556015583, -9.500000000000916600 ) ) ;
#631 = VECTOR ( 'NONE', #6048, 1000.000000000000000 ) ;
#632 = CC_DESIGN_PERSON_AND_ORGANIZATION_ASSIGNMENT ( #216, #3657, ( #4870 ) ) ;
#633 = CARTESIAN_POINT ( 'NONE',  ( 0.0009665323275060457020, 0.2077549897281864288, -0.001989262016722513886 ) ) ;
#634 = CARTESIAN_POINT ( 'NONE',  ( 9.487418799417811854, -10.96703059778568523, -0.5035683886763347994 ) ) ;
#635 = CARTESIAN_POINT ( 'NONE',  ( -0.5919160416367422739, 6.791658704256890111, -4.470505901602784604 ) ) ;
#636 = CARTESIAN_POINT ( 'NONE',  ( -4.056064388915410213, 3.889654762527848142, -8.637725812271956016 ) ) ;
#637 = B_SPLINE_CURVE_WITH_KNOTS ( 'NONE', 3,
 ( #1832, #1897, #2866, #5818, #1926, #5325, #3928, #3900, #3418, #4777, #1311, #5386, #436, #6328, #4386, #1374, #4324, #832, #5292, #3295, #866, #3871, #5258, #341, #3806, #963, #895, #2803, #5847, #3360 ),
 .UNSPECIFIED., .F., .F.,
 ( 4, 2, 2, 2, 2, 2, 2, 2, 2, 2, 2, 2, 2, 2, 4 ),
 ( 0.01194440876041094786, 0.01313830231798935287, 0.01373524909677855538, 0.01433219587556775962, 0.01492914265435696212, 0.01552608943314616463, 0.01612303621193536887, 0.01671998299072456964, 0.01791387654830297466, 0.01851082332709217890, 0.01910777010588138314, 0.01970471688467058391, 0.02030166366345978815, 0.02089861044224899239, 0.02149555722103819316 ),
 .UNSPECIFIED. ) ;
#638 = CARTESIAN_POINT ( 'NONE',  ( 6.333333962495404812, -4.779696918432594366, 0.5920496248638856818 ) ) ;
#639 = CARTESIAN_POINT ( 'NONE',  ( 2.043665981089932693, -3.027825999153805459, 2.433228631955302923 ) ) ;
#640 = CARTESIAN_POINT ( 'NONE',  ( 2.415132461964591304, -5.169277947303920762, 9.329045693081827295 ) ) ;
#641 = CARTESIAN_POINT ( 'NONE',  ( 0.3728309954189560349, 3.787295982061480437, 3.188835711925751770 ) ) ;
#642 = APPROVAL_DATE_TIME ( #2613, #4749 ) ;
#643 = CARTESIAN_POINT ( 'NONE',  ( 1.448492171241139381, 2.645737264008657164, -4.270785589475940114 ) ) ;
#644 = CARTESIAN_POINT ( 'NONE',  ( 9.500000369909944453, -4.779957051348160846, 0.8939517848620680551 ) ) ;
#645 = B_SPLINE_CURVE_WITH_KNOTS ( 'NONE', 3,
 ( #6367, #5923, #1480, #6399, #2001, #3012, #1034, #2460, #5889, #2524 ),
 .UNSPECIFIED., .F., .F.,
 ( 4, 2, 2, 2, 4 ),
 ( 0.001568522807752150468, 0.001960455413235885451, 0.002352388018719620867, 0.002744320624203355850, 0.003136253229687091266 ),
 .UNSPECIFIED. ) ;
#646 = CARTESIAN_POINT ( 'NONE',  ( 1.651359933555755610, -1.166852200287529451, 6.200455921336105014 ) ) ;
#647 = CARTESIAN_POINT ( 'NONE',  ( 6.138821428572415861, 6.348907777027163135, -1.958397325345574869 ) ) ;
#648 = CARTESIAN_POINT ( 'NONE',  ( -2.846188780512223460, -3.854573725411787333, -0.9681841566130851007 ) ) ;
#649 = CARTESIAN_POINT ( 'NONE',  ( -2.846978216743263346, -0.8543353826053579070, -0.9661862537391395778 ) ) ;
#650 = CARTESIAN_POINT ( 'NONE',  ( 9.014902016327456025, -0.8541400776361220970, 3.060306787103962645 ) ) ;
#651 = CARTESIAN_POINT ( 'NONE',  ( 7.146811913868765131, 1.020855851013027893, 6.266640760291713796 ) ) ;
#652 = CARTESIAN_POINT ( 'NONE',  ( 1.040949779275250140E-15, 11.50000000000000000, -8.500000000000000000 ) ) ;
#653 = CARTESIAN_POINT ( 'NONE',  ( -4.443415114896887452, -2.496444442887203685, 4.553011377590692632 ) ) ;
#654 = CARTESIAN_POINT ( 'NONE',  ( -9.484825458218580252, 0.2708054356546326091, 0.6209722834410773551 ) ) ;
#655 = CARTESIAN_POINT ( 'NONE',  ( 0.002187551945204037254, 0.5618399641236571096, 0.002334514702253309530 ) ) ;
#656 = CARTESIAN_POINT ( 'NONE',  ( 0.000000000000000000, -11.50000000000000000, 0.000000000000000000 ) ) ;
#657 = EDGE_LOOP ( 'NONE', ( #4480, #5665, #3819, #1743 ) ) ;
#658 = EDGE_LOOP ( 'NONE', ( #4379, #6256 ) ) ;
#659 = CARTESIAN_POINT ( 'NONE',  ( -6.161131587868704962, 2.973630012058658068, -7.273991981225372605 ) ) ;
#660 = CARTESIAN_POINT ( 'NONE',  ( 0.9733470793118941256, -9.829359076901081238, -2.838198244316235463 ) ) ;
#661 = CARTESIAN_POINT ( 'NONE',  ( -9.652192943468230979, 0.2604325566077039245, 0.3300634931912682091 ) ) ;
#662 = CARTESIAN_POINT ( 'NONE',  ( 1.805749183331307073, 4.809915885025495719, 9.465838902049032555 ) ) ;
#663 = CARTESIAN_POINT ( 'NONE',  ( -4.754741827586107306, -1.416426498533212008, 8.248171007043731962 ) ) ;
#664 = CARTESIAN_POINT ( 'NONE',  ( 9.438609092758362351, -2.791683840940565542, 1.243917018375547690 ) ) ;
#665 = CARTESIAN_POINT ( 'NONE',  ( 0.0003814215903628524144, 1.057707150971949561, -0.001539033000322387714 ) ) ;
#666 = CARTESIAN_POINT ( 'NONE',  ( 9.499994995549140953, -11.09313792326521053, 0.1309115457685813555 ) ) ;
#667 = CARTESIAN_POINT ( 'NONE',  ( -4.268851800171008293, 7.145493869572516310, -1.453590017835274084 ) ) ;
#668 = CARTESIAN_POINT ( 'NONE',  ( -3.173192304434738542, 4.641934525431499203, 8.990366238859273551 ) ) ;
#669 = CARTESIAN_POINT ( 'NONE',  ( 1.595136685527063447, -5.169301885645411154, 6.157429883162845563 ) ) ;
#670 = CARTESIAN_POINT ( 'NONE',  ( -0.7217911817067329538, -1.323266157352160466, 3.093613511238638036 ) ) ;
#671 = CARTESIAN_POINT ( 'NONE',  ( 9.298253264572958088, 5.169283147891814423, 2.407171499749251709 ) ) ;
#672 = CARTESIAN_POINT ( 'NONE',  ( -3.166804082385495267, 7.209223911017764941, -0.3926489818803669540 ) ) ;
#673 = DATE_AND_TIME ( #5169, #1459 ) ;
#674 = CARTESIAN_POINT ( 'NONE',  ( 3.907078497199500067, 2.083453357165883091, 2.251951634406715197 ) ) ;
#675 = CARTESIAN_POINT ( 'NONE',  ( 2.785486185112899804, 5.605513448558605560, -5.713832412111855774 ) ) ;
#676 = CARTESIAN_POINT ( 'NONE',  ( -1.948225916413649950, -1.349420071764805940, 6.048168646613031996 ) ) ;
#677 = CARTESIAN_POINT ( 'NONE',  ( -4.500169126724796520, -3.405285065313109705, 8.487246694514011480 ) ) ;
#678 = CARTESIAN_POINT ( 'NONE',  ( -3.036299893405454586, 6.905959365504632963, -5.662429117683444701 ) ) ;
#679 = CARTESIAN_POINT ( 'NONE',  ( -3.000367471808345954, -3.709092631371090132, 0.3875279945076951504 ) ) ;
#680 = DIRECTION ( 'NONE',  ( -0.000000000000000000, -1.000000000000000000, -0.000000000000000000 ) ) ;
#681 = CARTESIAN_POINT ( 'NONE',  ( -9.619985242900552791, 1.260427902429586799, 0.3289124223161581928 ) ) ;
#682 = CARTESIAN_POINT ( 'NONE',  ( -3.899067826259657568E-06, 6.750000185039183975, -9.499818541888451762 ) ) ;
#683 = CARTESIAN_POINT ( 'NONE',  ( -7.158852607192238260, 2.479077735555105910, 6.275853978854033954 ) ) ;
#684 = CARTESIAN_POINT ( 'NONE',  ( -1.442426277668456436, -0.3230996362754467999, 6.187888973210522003 ) ) ;
#685 = CARTESIAN_POINT ( 'NONE',  ( -9.499698657710126781, 0.2290002455324423314, -0.6267944642013830725 ) ) ;
#686 = CARTESIAN_POINT ( 'NONE',  ( -0.0009525299539557529607, 2.788767872723557861, 0.0007007394383311899488 ) ) ;
#687 = CARTESIAN_POINT ( 'NONE',  ( 9.288811411479561153E-07, 2.749999973412673882, -9.498942373661140692 ) ) ;
#688 = ORIENTED_EDGE ( 'NONE', *, *, #3490, .T. ) ;
#689 = EDGE_CURVE ( 'NONE', #1240, #6335, #4356, .T. ) ;
#690 = VERTEX_POINT ( 'NONE', #6327 ) ;
#691 = CARTESIAN_POINT ( 'NONE',  ( 5.304784978298443754, 0.5625216555266058238, -7.934913151665900166 ) ) ;
#692 = CYLINDRICAL_SURFACE ( 'NONE', #5073, 9.500000000000000000 ) ;
#693 = CARTESIAN_POINT ( 'NONE',  ( -7.582520636314856510, 4.041038410140698645, -5.845803857213083710 ) ) ;
#694 = CARTESIAN_POINT ( 'NONE',  ( 5.609494847731102851, 2.947909080718065677, 7.825112700498414675 ) ) ;
#695 = CARTESIAN_POINT ( 'NONE',  ( 7.149131394850138044, 5.020975660376850946, 6.263921018791412720 ) ) ;
#696 = CARTESIAN_POINT ( 'NONE',  ( 7.538477163227569555, -2.958460991649426663, 5.789514364333026464 ) ) ;
#697 = CARTESIAN_POINT ( 'NONE',  ( 0.009441590784983517129, 0.5995881718667709359, 0.003911923035190966770 ) ) ;
#698 = CARTESIAN_POINT ( 'NONE',  ( -1.162955708957692957, 2.832909198165181497, -4.357025592151763327 ) ) ;
#699 = CYLINDRICAL_SURFACE ( 'NONE', #4035, 4.500000000000000000 ) ;
#700 = CARTESIAN_POINT ( 'NONE',  ( -7.010638824392178670, -5.988263734870215238, -6.509143308634150138 ) ) ;
#701 = CARTESIAN_POINT ( 'NONE',  ( -5.144937846370027046, -3.950354398602841322, -3.740952529036307261 ) ) ;
#702 = CARTESIAN_POINT ( 'NONE',  ( -2.417550924290569725, -1.974872273971895797, -2.060790976076012804 ) ) ;
#703 = CARTESIAN_POINT ( 'NONE',  ( -1.252003907542896588, -6.208455997434818130, -9.594999998451614331 ) ) ;
#704 = CARTESIAN_POINT ( 'NONE',  ( -0.02369865124674550017, -5.165101815137366437, 0.009612620435213789158 ) ) ;
#705 = PERSON_AND_ORGANIZATION ( #5275, #5284 ) ;
#706 = FACE_OUTER_BOUND ( 'NONE', #4863, .T. ) ;
#707 = CARTESIAN_POINT ( 'NONE',  ( -9.156717974027857920, -5.851565135552193375, -3.008468992298199751 ) ) ;
#708 = CARTESIAN_POINT ( 'NONE',  ( 5.720766823343119256, 1.393291578348806237, -2.767483142037418187 ) ) ;
#709 = CARTESIAN_POINT ( 'NONE',  ( -2.177498116102297043, -1.322929783894723377, 9.344153589035649077 ) ) ;
#710 = CARTESIAN_POINT ( 'NONE',  ( -2.029649183553056790, -1.030065133440916769, -2.448814257424315688 ) ) ;
#711 = CARTESIAN_POINT ( 'NONE',  ( -0.7908090235549798397, -3.334114722481776205, 2.920101265104599886 ) ) ;
#712 = VERTEX_POINT ( 'NONE', #1402 ) ;
#713 = CARTESIAN_POINT ( 'NONE',  ( -2.846692012121960325, -2.854453990848334843, -0.9671824395140772301 ) ) ;
#714 = CARTESIAN_POINT ( 'NONE',  ( -7.556766903799417179, 4.041851047331649127, -5.790543083337445829 ) ) ;
#715 = EDGE_CURVE ( 'NONE', #5172, #2811, #107, .T. ) ;
#716 = CARTESIAN_POINT ( 'NONE',  ( 4.206802652199547410, 1.604278679576250699, -8.540277350232125642 ) ) ;
#717 = CARTESIAN_POINT ( 'NONE',  ( 2.828427124746187182, -10.09318546555144991, 1.000000000000010214 ) ) ;
#718 = CARTESIAN_POINT ( 'NONE',  ( 4.507598109751495663, 2.498759980705964612, -4.479781997358934120 ) ) ;
#719 = CARTESIAN_POINT ( 'NONE',  ( -9.257089425071500344, 0.1771291404989837892, -2.157049462407792273 ) ) ;
#720 = CARTESIAN_POINT ( 'NONE',  ( -0.008732024314062551695, 0.9695803251427873581, 0.008607377428619280083 ) ) ;
#721 = DIRECTION ( 'NONE',  ( -0.000000000000000000, -1.000000000000000000, -0.000000000000000000 ) ) ;
#722 = AXIS2_PLACEMENT_3D ( 'NONE', #2143, #2176, #328 ) ;
#723 = VERTEX_POINT ( 'NONE', #435 ) ;
#724 = CARTESIAN_POINT ( 'NONE',  ( -0.0006824279884126573754, -3.322068156952655116, -0.0006207964636170704717 ) ) ;
#725 = ORIENTED_EDGE ( 'NONE', *, *, #325, .F. ) ;
#726 = CARTESIAN_POINT ( 'NONE',  ( 6.747586904110462136, 0.5000073699984306508, -6.752075018123006700 ) ) ;
#727 = FACE_OUTER_BOUND ( 'NONE', #6126, .T. ) ;
#728 = CARTESIAN_POINT ( 'NONE',  ( -0.5548570681063313970, 3.768551366513250400, -9.558824865674230509 ) ) ;
#729 = CARTESIAN_POINT ( 'NONE',  ( -7.136587383873932211, 6.015615908967951952, -6.466252743349631515 ) ) ;
#730 = CARTESIAN_POINT ( 'NONE',  ( -3.391093916120143437, 2.020603420272366613, -2.972895614402971454 ) ) ;
#731 = CARTESIAN_POINT ( 'NONE',  ( 4.206750691686094612, -3.104285059147207093, 8.540301182910766897 ) ) ;
#732 = B_SPLINE_CURVE_WITH_KNOTS ( 'NONE', 3,
 ( #6007, #2090, #3582, #6202, #768, #5684, #3160, #3747, #3264, #4159 ),
 .UNSPECIFIED., .F., .F.,
 ( 4, 2, 2, 2, 4 ),
 ( 0.003128621738758172090, 0.003519793889660043779, 0.003910966040561915900, 0.004302138191463788022, 0.004693310342365659277 ),
 .UNSPECIFIED. ) ;
#733 = VECTOR ( 'NONE', #3162, 1000.000000000000000 ) ;
#734 = CARTESIAN_POINT ( 'NONE',  ( -3.904505276028348515, 3.083069506250629477, -2.256778576290402683 ) ) ;
#735 = CARTESIAN_POINT ( 'NONE',  ( 0.8731354020280649442, 9.588396120130729727, -4.414779222682029491 ) ) ;
#736 = CARTESIAN_POINT ( 'NONE',  ( 6.985883410889788259, -4.989583547254817120, 6.546706530106895627 ) ) ;
#737 = CARTESIAN_POINT ( 'NONE',  ( 6.263870052819016543, -4.696104504833164661, -1.074833090175702166 ) ) ;
#738 = CARTESIAN_POINT ( 'NONE',  ( -0.9579534501975734972, -2.152799189432111682, -3.033448051264775458 ) ) ;
#739 = CARTESIAN_POINT ( 'NONE',  ( -7.218907511155982171, -3.980453924592484150, -6.386667887183568482 ) ) ;
#740 = CARTESIAN_POINT ( 'NONE',  ( -0.002642640826670937786, -4.349591574923731940, -0.0008513235135848797779 ) ) ;
#741 = APPROVAL_STATUS ( 'not_yet_approved' ) ;
#742 = VECTOR ( 'NONE', #1234, 1000.000000000000227 ) ;
#743 = CARTESIAN_POINT ( 'NONE',  ( -4.499999999980809129, 6.249607775568220447, 1.314199136891960053E-05 ) ) ;
#744 = EDGE_CURVE ( 'NONE', #2250, #5694, #2834, .T. ) ;
#745 = ORIENTED_EDGE ( 'NONE', *, *, #864, .T. ) ;
#746 = CARTESIAN_POINT ( 'NONE',  ( -8.725551853385752565, -3.617190271260399381, 3.864683887002702711 ) ) ;
#747 = CARTESIAN_POINT ( 'NONE',  ( -1.442438178932280435, -1.323099635838748345, 6.187940282425445027 ) ) ;
#748 = CARTESIAN_POINT ( 'NONE',  ( 9.256610342981966610, 1.336258817383331632, -2.574929882453349084 ) ) ;
#749 = CARTESIAN_POINT ( 'NONE',  ( -2.881620443292667755, -2.889391130539872066, -1.347402887751387057 ) ) ;
#750 = CARTESIAN_POINT ( 'NONE',  ( -1.000000000000000222, 10.09318546555144991, -4.387482193696060406 ) ) ;
#751 = ORIENTED_EDGE ( 'NONE', *, *, #4604, .F. ) ;
#752 = CARTESIAN_POINT ( 'NONE',  ( -2.903422066869884244, -2.833802219998519778, -0.7799543743831535147 ) ) ;
#753 = CARTESIAN_POINT ( 'NONE',  ( -9.500062009077705483, 4.270984241322633324, 0.6261789700874027531 ) ) ;
#754 = CARTESIAN_POINT ( 'NONE',  ( 0.000000000000000000, 12.50000000000000000, 0.000000000000000000 ) ) ;
#755 = CARTESIAN_POINT ( 'NONE',  ( 2.893306029817591885, -9.477472227838861230, 0.7985329920381734059 ) ) ;
#756 = CARTESIAN_POINT ( 'NONE',  ( 2.994171856238523333, 0.5940329087450518797, -5.615018585154252229 ) ) ;
#757 = CARTESIAN_POINT ( 'NONE',  ( -9.196624547169589547, 0.3332501017974913160, 2.460818618301904070 ) ) ;
#758 = CARTESIAN_POINT ( 'NONE',  ( 0.001761224740956205065, 5.809728307652755497, -0.0009465542737382034956 ) ) ;
#759 = CARTESIAN_POINT ( 'NONE',  ( 8.233479333022772906, -1.581372384864139669, -4.824641515613437903 ) ) ;
#760 = ORIENTED_EDGE ( 'NONE', *, *, #3628, .T. ) ;
#761 = CARTESIAN_POINT ( 'NONE',  ( 0.009666350391082762297, -2.337983945106271833, 0.003763852989321437095 ) ) ;
#762 = EDGE_LOOP ( 'NONE', ( #5190, #4977 ) ) ;
#763 = CARTESIAN_POINT ( 'NONE',  ( -6.967389218575433141, 3.489588668806872018, 6.522145483113873432 ) ) ;
#764 = CARTESIAN_POINT ( 'NONE',  ( 9.620639399716669260, 10.09318546555144991, 3.359028293184975563E-14 ) ) ;
#765 = CARTESIAN_POINT ( 'NONE',  ( -3.183746586655929800, 4.641938165299128727, 9.020341854667742965 ) ) ;
#766 = DIRECTION ( 'NONE',  ( 0.000000000000000000, 0.000000000000000000, 1.000000000000000000 ) ) ;
#767 = CARTESIAN_POINT ( 'NONE',  ( -2.743102304356925369, 2.541605105111083951, 3.579581022707943649 ) ) ;
#768 = CARTESIAN_POINT ( 'NONE',  ( -0.6146349891462056236, -10.89270683592813604, -9.480547546329388453 ) ) ;
#769 = CARTESIAN_POINT ( 'NONE',  ( -9.516691042750212048, -4.769538664350931434, -0.5868332393346396003 ) ) ;
#770 = CARTESIAN_POINT ( 'NONE',  ( 4.347860775837791847E-12, -1.250248446342874464, 3.000000000000000000 ) ) ;
#771 = CARTESIAN_POINT ( 'NONE',  ( 9.531666335235630783, -4.722968784167202116, -0.8092246662038898863 ) ) ;
#772 = CARTESIAN_POINT ( 'NONE',  ( 2.580186673225534300, -2.948494021965080591, 1.853822498923947792 ) ) ;
#773 = CARTESIAN_POINT ( 'NONE',  ( 6.587287199358501155, -2.489577386970521555, -7.037079139204059253 ) ) ;
#774 = CARTESIAN_POINT ( 'NONE',  ( 0.002568316603696399036, -3.156244888205855137, -0.0009688934269860736363 ) ) ;
#775 = CARTESIAN_POINT ( 'NONE',  ( -2.743207488609639366, 5.957864996071005059, -3.579194433163804145 ) ) ;
#776 = ORIENTED_EDGE ( 'NONE', *, *, #137, .F. ) ;
#777 = CARTESIAN_POINT ( 'NONE',  ( -2.831067752971931029, -4.155598974439057791, -9.211221018914168113 ) ) ;
#778 = EDGE_CURVE ( 'NONE', #3610, #3184, #2584, .T. ) ;
#779 = CARTESIAN_POINT ( 'NONE',  ( -3.355718392172390541, 0.5728420873749172637, 5.395393081085130049 ) ) ;
#780 = CARTESIAN_POINT ( 'NONE',  ( -9.604701549235292291, 0.2083419035028270527, -1.278308389188366645 ) ) ;
#781 = CARTESIAN_POINT ( 'NONE',  ( 1.383914239952244607, -2.108902614730937319, 2.897516296152459869 ) ) ;
#782 = CARTESIAN_POINT ( 'NONE',  ( 2.847246580452622577, -1.646292456750357402, -0.9650502391303071859 ) ) ;
#783 = ORIENTED_EDGE ( 'NONE', *, *, #5105, .T. ) ;
#784 = CARTESIAN_POINT ( 'NONE',  ( -1.980497232631119209, -3.021398775501802803, -2.261942121963139041 ) ) ;
#785 = CARTESIAN_POINT ( 'NONE',  ( -9.438319017374794839, 4.291721068945808071, 1.245023538728445622 ) ) ;
#786 = CARTESIAN_POINT ( 'NONE',  ( -0.1305448282319916775, 9.093185465551643532, -9.499999999999980460 ) ) ;
#787 = CARTESIAN_POINT ( 'NONE',  ( 3.180222734063066881, 0.5002973887328093783, -3.191323027557768643 ) ) ;
#788 = CARTESIAN_POINT ( 'NONE',  ( 6.333167661464758069, 0.2807212846080348045, -0.6175309513582974974 ) ) ;
#789 = CARTESIAN_POINT ( 'NONE',  ( -8.537991137188639001, 0.1041046476432760798, -4.211486330344030193 ) ) ;
#790 = CARTESIAN_POINT ( 'NONE',  ( -6.544062319635402902E-05, 3.305127437867250162, -0.005197319981880554017 ) ) ;
#791 = CARTESIAN_POINT ( 'NONE',  ( 8.661980221323963391, -1.611975347931924540, -4.007393160337583637 ) ) ;
#792 = VERTEX_POINT ( 'NONE', #2445 ) ;
#793 = CARTESIAN_POINT ( 'NONE',  ( -0.001411191709426849305, -1.740993194370412223, -0.01022003143436150778 ) ) ;
#794 = ORIENTED_EDGE ( 'NONE', *, *, #5761, .F. ) ;
#795 = CARTESIAN_POINT ( 'NONE',  ( -1.378101315539277838, 3.703776175472212717, 9.443298571069981051 ) ) ;
#796 = DIRECTION ( 'NONE',  ( -0.000000000000000000, -1.000000000000000000, -0.000000000000000000 ) ) ;
#797 = CARTESIAN_POINT ( 'NONE',  ( -4.020764734152959541, 2.611976889205807062, 8.690880567738686224 ) ) ;
#798 = DIRECTION ( 'NONE',  ( -0.000000000000000000, -0.000000000000000000, 1.000000000000000000 ) ) ;
#799 = CARTESIAN_POINT ( 'NONE',  ( -0.2939408280801413809, 2.729070879808728201, 4.500000000001890932 ) ) ;
#800 = CARTESIAN_POINT ( 'NONE',  ( 8.537427271737634271, -2.895943262538509977, 4.212785463608383019 ) ) ;
#801 = CARTESIAN_POINT ( 'NONE',  ( 8.687373107977643727, -3.614904212522623173, -3.927685942509122174 ) ) ;
#802 = CARTESIAN_POINT ( 'NONE',  ( 0.000000000000000000, -9.093185465551448132, -3.000000000000000444 ) ) ;
#803 = CARTESIAN_POINT ( 'NONE',  ( 6.377642416214057697, -4.479829168125362138, -7.264883983448416238 ) ) ;
#804 = CARTESIAN_POINT ( 'NONE',  ( -1.390018152223200909, 1.893823930363935260, -2.857298184886483128 ) ) ;
#805 = CARTESIAN_POINT ( 'NONE',  ( -9.103929729302777218, -1.635440460450239497, 3.411069031532619977 ) ) ;
#806 = CARTESIAN_POINT ( 'NONE',  ( -4.043894122063144358, 6.104417561616622301, -1.995925942081614002 ) ) ;
#807 = PRODUCT ( '6mmX9mmCoupler', '6mmX9mmCoupler', '', ( #5135 ) ) ;
#808 = EDGE_LOOP ( 'NONE', ( #49, #4703, #751, #5678, #5409 ) ) ;
#809 = CARTESIAN_POINT ( 'NONE',  ( 9.443252630627915423, -2.703776175585706376, -1.378099528913788951 ) ) ;
#810 = CARTESIAN_POINT ( 'NONE',  ( 0.0003154335700176181764, 4.209779755848654936, 0.005224799758186714389 ) ) ;
#811 = CARTESIAN_POINT ( 'NONE',  ( 0.4300089409524652240, 1.736340941000690918, -9.683423724038874525 ) ) ;
#812 = CARTESIAN_POINT ( 'NONE',  ( 1.322383371876753255, -0.1155091375530545306, 2.924037561420350873 ) ) ;
#813 = CARTESIAN_POINT ( 'NONE',  ( 2.386869595217509854, -1.542212776678503872, -1.827912773300776283 ) ) ;
#814 = CARTESIAN_POINT ( 'NONE',  ( -1.830678565199036267, -2.458662631235815077, 2.384698737383276868 ) ) ;
#815 = CARTESIAN_POINT ( 'NONE',  ( -5.034230445899932072, 1.572924036889973953, 8.092909047407784939 ) ) ;
#816 = EDGE_CURVE ( 'NONE', #2447, #2219, #5939, .T. ) ;
#817 = CARTESIAN_POINT ( 'NONE',  ( 5.836756972887264361, 5.959616046762430841, 7.547640916630661501 ) ) ;
#818 = CARTESIAN_POINT ( 'NONE',  ( 2.937707111285228656, -9.294432637317653345, 0.6154280216698500006 ) ) ;
#819 = CARTESIAN_POINT ( 'NONE',  ( -6.413745433970087007, 1.259962983428613681, 0.2158631447624545785 ) ) ;
#820 = CARTESIAN_POINT ( 'NONE',  ( 2.905162523176824330, -4.833108557438356101, 0.7736946151224727286 ) ) ;
#821 = CARTESIAN_POINT ( 'NONE',  ( -0.01173796559294644493, 5.778431420734595036, -0.0001613054252956448806 ) ) ;
#822 = CARTESIAN_POINT ( 'NONE',  ( 7.860236281014034709, 2.057934467174408866, 5.413182300265945379 ) ) ;
#823 = EDGE_CURVE ( 'NONE', #6335, #5055, #2414, .T. ) ;
#824 = ORIENTED_EDGE ( 'NONE', *, *, #5498, .T. ) ;
#825 = CARTESIAN_POINT ( 'NONE',  ( 1.004237145894291262E-06, -0.7754093564895716550, -0.01021891347626788932 ) ) ;
#826 = VERTEX_POINT ( 'NONE', #4416 ) ;
#827 = CARTESIAN_POINT ( 'NONE',  ( 2.735447362700466734, 3.841150970116292473, 9.236654530383763273 ) ) ;
#828 = CARTESIAN_POINT ( 'NONE',  ( 9.439185816661144202, -4.708413859704203119, -1.241087503350785104 ) ) ;
#829 = CARTESIAN_POINT ( 'NONE',  ( 9.549062778347147784, 3.268243212736953840, -0.5495762215020612018 ) ) ;
#830 = CARTESIAN_POINT ( 'NONE',  ( 2.684188055767034342, 5.660167730117706242, -9.248423817282496628 ) ) ;
#831 = CARTESIAN_POINT ( 'NONE',  ( 4.209136414440081353, 5.604192304114445911, -8.539215787897729726 ) ) ;
#832 = CARTESIAN_POINT ( 'NONE',  ( -2.695109508700309409, -1.896451723612242901, -1.332383486913628623 ) ) ;
#833 = AXIS2_PLACEMENT_3D ( 'NONE', #6247, #2821, #2368 ) ;
#834 = CARTESIAN_POINT ( 'NONE',  ( 8.990402152212515929, -3.641934525261663946, -3.173198974258508276 ) ) ;
#835 = DIRECTION ( 'NONE',  ( 0.000000000000000000, 1.000000000000000000, 0.000000000000000000 ) ) ;
#836 = CARTESIAN_POINT ( 'NONE',  ( -5.120931165211914937, -6.070257571103580219, -8.080593897317509544 ) ) ;
#837 = CARTESIAN_POINT ( 'NONE',  ( 2.775267228775807560, -3.108495911461887307, 5.790832420231203592 ) ) ;
#838 = CARTESIAN_POINT ( 'NONE',  ( -2.280862595664521653, 0.4949278041401014572, 2.212078581646008235 ) ) ;
#839 = CARTESIAN_POINT ( 'NONE',  ( 4.208291670920528027, -3.108077009910456212, 8.770835258139300095 ) ) ;
#840 = CARTESIAN_POINT ( 'NONE',  ( 2.395159094289220469, -0.9592340632424504188, 1.848156720337722492 ) ) ;
#841 = VECTOR ( 'NONE', #1716, 1000.000000000000000 ) ;
#842 = ORIENTED_EDGE ( 'NONE', *, *, #6027, .F. ) ;
#843 = CARTESIAN_POINT ( 'NONE',  ( -8.547580833558837909, -1.895846890661358142, -4.217474257062245435 ) ) ;
#844 = CARTESIAN_POINT ( 'NONE',  ( 3.176860062803989582, 3.241717779735548532, 0.08071926695442166455 ) ) ;
#845 = CARTESIAN_POINT ( 'NONE',  ( -0.009330573774833570561, 3.708550942981133414, -0.0002764636300560873935 ) ) ;
#846 = CARTESIAN_POINT ( 'NONE',  ( 9.540910663292359928, 1.212558388158952560, 1.130320765519541526 ) ) ;
#847 = CARTESIAN_POINT ( 'NONE',  ( 2.580113274360942288, -1.948494026198986262, 1.853766797434909019 ) ) ;
#848 = CARTESIAN_POINT ( 'NONE',  ( 1.832729467247204980, -1.458941156136842610, -2.383114139079257843 ) ) ;
#849 = CARTESIAN_POINT ( 'NONE',  ( -2.259090828024858499, -2.979584108760997108, -1.983748996799893582 ) ) ;
#850 = CARTESIAN_POINT ( 'NONE',  ( -5.610986896087774234, 4.950185708677754981, -7.717939894134183021 ) ) ;
#851 = CARTESIAN_POINT ( 'NONE',  ( -0.6137361695813112750, 9.292715288718650157, -9.480616510488687254 ) ) ;
#852 = CARTESIAN_POINT ( 'NONE',  ( 1.102182119232617911E-15, -12.50000000000000000, -8.500000000000000000 ) ) ;
#853 = CARTESIAN_POINT ( 'NONE',  ( 4.457590544658525999, 0.2034152069533612661, 0.6550648329454373808 ) ) ;
#854 = CARTESIAN_POINT ( 'NONE',  ( -5.164864693621730396, 1.051899644989359839, -3.700643380090467893 ) ) ;
#855 = CARTESIAN_POINT ( 'NONE',  ( -7.552181465993522025, -5.541600057802812174, 5.796475401226267365 ) ) ;
#856 = CARTESIAN_POINT ( 'NONE',  ( 0.002095201478771244966, 3.151954907768434566, -0.006448486723705685458 ) ) ;
#857 = CARTESIAN_POINT ( 'NONE',  ( 5.784888982160571125, -1.041732217559340423, 7.542041191597856908 ) ) ;
#858 = ORIENTED_EDGE ( 'NONE', *, *, #896, .F. ) ;
#859 = CARTESIAN_POINT ( 'NONE',  ( 0.009440357970855184355, -1.400408549102086120, 0.003911409587704123454 ) ) ;
#860 = ORIENTED_EDGE ( 'NONE', *, *, #2166, .T. ) ;
#861 = CARTESIAN_POINT ( 'NONE',  ( -8.510295895256922094, 5.398778124719004090, 4.297189363118788741 ) ) ;
#862 = CARTESIAN_POINT ( 'NONE',  ( 6.939097889911955086, -4.989498489139746695, 6.495912484388463248 ) ) ;
#863 = CARTESIAN_POINT ( 'NONE',  ( -9.531666666569096336, 6.250002484088069465, -8.323178219814037275E-08 ) ) ;
#864 = EDGE_CURVE ( 'NONE', #1206, #5172, #1431, .T. ) ;
#865 = CARTESIAN_POINT ( 'NONE',  ( 0.000000000000000000, -12.50000000000000000, 0.000000000000000000 ) ) ;
#866 = CARTESIAN_POINT ( 'NONE',  ( -2.259286996313855322, -1.979511569953688710, -1.983431764825641874 ) ) ;
#867 = CARTESIAN_POINT ( 'NONE',  ( -5.103865544994365067, -5.070260546195546780, -8.053670410481274189 ) ) ;
#868 = CARTESIAN_POINT ( 'NONE',  ( 9.480491640359396399, 9.294321964634892907, -0.6154760669264864870 ) ) ;
#869 = CARTESIAN_POINT ( 'NONE',  ( 2.021016487293816777, -4.317697897613194336, -9.349267760996012200 ) ) ;
#870 = CARTESIAN_POINT ( 'NONE',  ( 0.9160876481555689788, 1.656601683148765547, -3.042328965570061605 ) ) ;
#871 = CARTESIAN_POINT ( 'NONE',  ( -2.859403846216828970, -4.155592515322704017, -9.303322909465725488 ) ) ;
#872 = CARTESIAN_POINT ( 'NONE',  ( 4.393787144546357659, 10.35723206602697211, 0.9732684391803150259 ) ) ;
#873 = EDGE_LOOP ( 'NONE', ( #4351, #4185, #6254, #5220 ) ) ;
#874 = CARTESIAN_POINT ( 'NONE',  ( 7.747601334391406525, -2.947910383037768423, 5.553992501182307251 ) ) ;
#875 = CARTESIAN_POINT ( 'NONE',  ( 0.001763509617320147818, 4.809728307507969092, -0.0009268256040676429563 ) ) ;
#876 = CARTESIAN_POINT ( 'NONE',  ( -3.680260785930850265, -0.1249901151493238993, -8.876776876914210135 ) ) ;
#877 = CARTESIAN_POINT ( 'NONE',  ( 0.2922827323068368788, 1.778950441798841098, 3.167833363047654505 ) ) ;
#878 = CARTESIAN_POINT ( 'NONE',  ( 2.263373912573628299, -1.978871435651351929, 1.978804649774632773 ) ) ;
#879 = CARTESIAN_POINT ( 'NONE',  ( 0.6219159551533283148, -0.2291587876287757564, 9.484434647110639105 ) ) ;
#880 = CARTESIAN_POINT ( 'NONE',  ( -4.751873759756516158, 4.583353675016617501, 8.232077248030062577 ) ) ;
#881 = CARTESIAN_POINT ( 'NONE',  ( -9.843087985161272294E-13, 9.093185465542742207, -9.500000000000916600 ) ) ;
#882 = CYLINDRICAL_SURFACE ( 'NONE', #4348, 1.000000000000000222 ) ;
#883 = CARTESIAN_POINT ( 'NONE',  ( -1.021479761864964892E-06, -4.724386320250465232, 0.01058102650306290242 ) ) ;
#884 = CARTESIAN_POINT ( 'NONE',  ( -0.5341331704698387695, 5.723196030561984671, 6.333403345439353238 ) ) ;
#885 = CARTESIAN_POINT ( 'NONE',  ( 2.903361175597218402, -4.666686260189984559, -0.7802173670546231898 ) ) ;
#886 = CARTESIAN_POINT ( 'NONE',  ( 0.003767717557728835192, 3.948040614908308044, -0.003525881432459889754 ) ) ;
#887 = CARTESIAN_POINT ( 'NONE',  ( -0.2209643043889125968, 0.7342405880800234597, 4.500000000000000888 ) ) ;
#888 = EDGE_LOOP ( 'NONE', ( #2217, #6224, #2732 ) ) ;
#889 = EDGE_LOOP ( 'NONE', ( #842, #4332, #3772, #4668, #1368 ) ) ;
#890 = CARTESIAN_POINT ( 'NONE',  ( -5.451448205785426104, -4.578338024422135000, 3.268050665094971663 ) ) ;
#891 = CARTESIAN_POINT ( 'NONE',  ( 2.467851852515772659, -5.166507202620019612, 9.194916628272350678 ) ) ;
#892 = CARTESIAN_POINT ( 'NONE',  ( 1.864646733554225166, 5.687488130811560794, -9.382475382985745682 ) ) ;
#893 = CARTESIAN_POINT ( 'NONE',  ( -0.002754987090579480088, -3.960397059408235165, 0.003090479609542101831 ) ) ;
#894 = FACE_OUTER_BOUND ( 'NONE', #889, .T. ) ;
#895 = CARTESIAN_POINT ( 'NONE',  ( -0.7822225805005006416, -2.166465961030309639, -2.902951011343690269 ) ) ;
#896 = EDGE_CURVE ( 'NONE', #6195, #712, #1037, .T. ) ;
#897 = B_SPLINE_CURVE_WITH_KNOTS ( 'NONE', 3,
 ( #276, #2258, #5719, #1799, #1310, #6201, #5257, #2108, #1100, #101, #617, #585, #6153, #4077, #651, #3081, #1651, #1718, #1134, #4629, #3115, #3146, #6051, #5114, #4145, #1231, #5566, #2175, #2623, #4566, #163, #5081, #5632, #4597, #5019, #1199, #5145, #2076, #3701, #716, #6120, #2142, #2688, #2561, #1685, #4109, #4532 ),
 .UNSPECIFIED., .F., .F.,
 ( 4, 2, 2, 2, 2, 2, 2, 2, 2, 2, 2, 1, 2, 2, 2, 2, 2, 2, 2, 2, 2, 2, 2, 4 ),
 ( 0.2110181914042037754, 0.2119604241762328423, 0.2129026569482619091, 0.2147871224923200428, 0.2157293552643491097, 0.2166715880363781765, 0.2185560535804363103, 0.2194982863524653771, 0.2204405191244944717, 0.2223249846685526054, 0.2232672174405816723, 0.2242094502126107392, 0.2251516829846398060, 0.2260939157566688729, 0.2279783813007270066, 0.2298628468447851403, 0.2317473123888433018, 0.2326895451608723686, 0.2336317779329014355, 0.2355162434769595692, 0.2374007090210177029, 0.2383429417930467697, 0.2392851745650758366, 0.2411696401091339703 ),
 .UNSPECIFIED. ) ;
#898 = CARTESIAN_POINT ( 'NONE',  ( -4.644202418662209730, -4.408854313985281159, 8.476575436611046399 ) ) ;
#899 = CARTESIAN_POINT ( 'NONE',  ( 9.499989452018811065, 9.093285671401055481, -0.1329052721276206828 ) ) ;
#900 = CARTESIAN_POINT ( 'NONE',  ( -8.666506510598134483, -3.889656080687565076, -4.069607814547450353 ) ) ;
#901 = CARTESIAN_POINT ( 'NONE',  ( -0.9266054014523383842, -0.1560938707441023865, -3.043767623822833279 ) ) ;
#902 = CARTESIAN_POINT ( 'NONE',  ( 3.521925057285140159, 1.630858535439179358, -8.960778149974142792 ) ) ;
#903 = DIRECTION ( 'NONE',  ( 0.000000000000000000, 0.000000000000000000, 1.000000000000000000 ) ) ;
#904 = CARTESIAN_POINT ( 'NONE',  ( -6.058116243028842440, -0.03124983360254300971, -7.376912599515941693 ) ) ;
#905 = CARTESIAN_POINT ( 'NONE',  ( -0.004185444056030480572, 3.586987372815761077, -0.002175608995734983932 ) ) ;
#906 = CARTESIAN_POINT ( 'NONE',  ( 1.260794119004129188, 3.708005148549152974, -9.522980489990223063 ) ) ;
#907 = CARTESIAN_POINT ( 'NONE',  ( 0.6177028092339902354, 0.6874446088574867053, -3.120642635191368530 ) ) ;
#908 = CARTESIAN_POINT ( 'NONE',  ( 0.000000000000000000, 0.000000000000000000, 4.500000000000000000 ) ) ;
#909 = CARTESIAN_POINT ( 'NONE',  ( 1.000000000000001998, 10.22528836366333849, -9.447221813845592564 ) ) ;
#910 = CARTESIAN_POINT ( 'NONE',  ( -0.3938675794301365052, -5.292069496415735763, 2.980426013491833004 ) ) ;
#911 = CARTESIAN_POINT ( 'NONE',  ( -2.386481951254822764, -4.958137470840706662, -1.828348336292035192 ) ) ;
#912 = CARTESIAN_POINT ( 'NONE',  ( -0.002658535786511274143, -5.349591575079401196, -0.0007840507096214974171 ) ) ;
#913 = CARTESIAN_POINT ( 'NONE',  ( 4.512617427255496416, 4.001318707406634090, 4.475629488765999753 ) ) ;
#914 = CARTESIAN_POINT ( 'NONE',  ( -1.235630692993159307, -5.291399798865285220, 9.440080566736346768 ) ) ;
#915 = DIRECTION ( 'NONE',  ( -0.000000000000000000, -1.000000000000000000, -0.000000000000000000 ) ) ;
#916 = CARTESIAN_POINT ( 'NONE',  ( -0.9159693125483342468, 2.703922764000964207, 6.295599603236463615 ) ) ;
#917 = CARTESIAN_POINT ( 'NONE',  ( -3.203829228525128858, 0.4993141207267179360, 3.190319280928391787 ) ) ;
#918 = APPROVAL ( #125, 'UNSPECIFIED' ) ;
#919 = EDGE_LOOP ( 'NONE', ( #5714, #1918, #858, #1692 ) ) ;
#920 = CYLINDRICAL_SURFACE ( 'NONE', #4641, 9.500000000000000000 ) ;
#921 = CARTESIAN_POINT ( 'NONE',  ( -4.656097309417498664, -4.988512816733384980, -4.327257968960884327 ) ) ;
#922 = CARTESIAN_POINT ( 'NONE',  ( 9.499706724292122928, -4.729053283824921294, -0.6250732653564536889 ) ) ;
#923 = CARTESIAN_POINT ( 'NONE',  ( -9.595566107735923111, -5.742167384448639389, 0.2379902022561663499 ) ) ;
#924 = CARTESIAN_POINT ( 'NONE',  ( -4.032438458134645297E-05, -2.161799584099446392, -0.0004411338052395454186 ) ) ;
#925 = CARTESIAN_POINT ( 'NONE',  ( -4.182838136685425923, 2.894544712872487491, -8.565372333658308079 ) ) ;
#926 = CARTESIAN_POINT ( 'NONE',  ( -2.379823768605682233E-14, -2.249999939743879462, -9.499999999999998224 ) ) ;
#927 = CARTESIAN_POINT ( 'NONE',  ( -6.071846497723465852, -1.030601945510415840, -7.363302010466488134 ) ) ;
#928 = CARTESIAN_POINT ( 'NONE',  ( 0.2964642239398697088, 1.728903300861037273, -4.499999999999995559 ) ) ;
#929 = CARTESIAN_POINT ( 'NONE',  ( -3.739056619539875115, -2.122400235377503108, -8.815485913489093051 ) ) ;
#930 = CARTESIAN_POINT ( 'NONE',  ( -3.002733764871850841, 0.3650324286369007187, 1.132781981705757390 ) ) ;
#931 = CARTESIAN_POINT ( 'NONE',  ( 8.500652804021623155, -0.5937330396340522176, -4.547307506516032660 ) ) ;
#932 = DIRECTION ( 'NONE',  ( -0.000000000000000000, 1.000000000000000000, -0.000000000000000000 ) ) ;
#933 = CARTESIAN_POINT ( 'NONE',  ( -2.701729400667181480, 3.889274537876827864, -5.759652437102994682 ) ) ;
#934 = ORIENTED_EDGE ( 'NONE', *, *, #3490, .F. ) ;
#935 = CIRCLE ( 'NONE', #4543, 9.500000000000000000 ) ;
#936 = CARTESIAN_POINT ( 'NONE',  ( 0.002877655052070074611, -0.2499972542923498964, -9.545808207752759955 ) ) ;
#937 = CARTESIAN_POINT ( 'NONE',  ( 2.566334380911250879, 5.048783460154031566, 1.877699071876164139 ) ) ;
#938 = CARTESIAN_POINT ( 'NONE',  ( -0.006907638077209303853, 4.640842565143398879, -0.002318503681004131095 ) ) ;
#939 = CARTESIAN_POINT ( 'NONE',  ( 7.356977705188664451, 3.028017515542200222, 6.161697257481930201 ) ) ;
#940 = CARTESIAN_POINT ( 'NONE',  ( 2.735835726602910523, 2.419446129347431640, -1.615065014994096826 ) ) ;
#941 = CARTESIAN_POINT ( 'NONE',  ( 1.994936590752780514, 2.895641260858266008, 4.044227746588605399 ) ) ;
#942 = EDGE_CURVE ( 'NONE', #1758, #5871, #5416, .T. ) ;
#943 = TOROIDAL_SURFACE ( 'NONE', #5059, 8.500000000000000000, 1.000000000000000000 ) ;
#944 = CARTESIAN_POINT ( 'NONE',  ( 0.000000000000000000, 0.000000000000000000, -3.000000000000000444 ) ) ;
#945 = AXIS2_PLACEMENT_3D ( 'NONE', #4626, #6019, #614 ) ;
#946 = CARTESIAN_POINT ( 'NONE',  ( -1.982548990682194923, -6.020872435250584687, -2.260012019920004445 ) ) ;
#947 = DIRECTION ( 'NONE',  ( -3.469446951953613400E-15, 0.000000000000000000, 1.000000000000000000 ) ) ;
#948 = CARTESIAN_POINT ( 'NONE',  ( -0.2962600467251000347, 4.770741475454032710, -4.500000000000000888 ) ) ;
#949 = CARTESIAN_POINT ( 'NONE',  ( 0.001324111860774743795, -5.852734348229181371, -0.005645356469041836432 ) ) ;
#950 = CARTESIAN_POINT ( 'NONE',  ( 6.157362708195706524, 6.169053475785035268, 1.595112340383612271 ) ) ;
#951 = CARTESIAN_POINT ( 'NONE',  ( -5.794773212760771841, -5.458321538460534583, 7.553768904308728160 ) ) ;
#952 = CARTESIAN_POINT ( 'NONE',  ( 9.529938475873169779, 4.241531621529807339, 0.2554055306061294717 ) ) ;
#953 = CARTESIAN_POINT ( 'NONE',  ( 4.870733598322396496, 3.027669940956336792, 4.082288865875399964 ) ) ;
#954 = CARTESIAN_POINT ( 'NONE',  ( -2.133562952498120779, 0.5935837799547646343, 3.986887635061229229 ) ) ;
#955 = AXIS2_PLACEMENT_3D ( 'NONE', #5260, #1669, #1252 ) ;
#956 = CARTESIAN_POINT ( 'NONE',  ( 0.01130235628556421415, -0.3453313495565368818, 0.004682872800230157562 ) ) ;
#957 = ORIENTED_EDGE ( 'NONE', *, *, #6027, .T. ) ;
#958 = CARTESIAN_POINT ( 'NONE',  ( -6.234082864763861309, -4.687665415754115550, 1.238261148297691294 ) ) ;
#959 = CARTESIAN_POINT ( 'NONE',  ( 4.356395721806299193, 4.166558660868656006, 1.166124598922385847 ) ) ;
#960 = CARTESIAN_POINT ( 'NONE',  ( 9.458628154567463753, -4.695958673359484692, -1.623319042837939152 ) ) ;
#961 = CARTESIAN_POINT ( 'NONE',  ( 0.002532753041464807717, -2.860523648673156671, -0.007364594935890546833 ) ) ;
#962 = CYLINDRICAL_SURFACE ( 'NONE', #3105, 3.000000000000000444 ) ;
#963 = CARTESIAN_POINT ( 'NONE',  ( -0.9691166181195892682, -2.145816976061475145, -2.845862162265572426 ) ) ;
#964 = CARTESIAN_POINT ( 'NONE',  ( -7.748087541086665198, -0.9479202420643554339, -5.550247664628593647 ) ) ;
#965 = CARTESIAN_POINT ( 'NONE',  ( 4.044343408798091843, 1.395640562903369020, -1.994788544193153212 ) ) ;
#966 = CARTESIAN_POINT ( 'NONE',  ( -9.491448368269319147, -3.708004471726569662, 1.256588325209246237 ) ) ;
#967 = CARTESIAN_POINT ( 'NONE',  ( 5.271200653628874022, 0.9342729476962265966, 8.070506411268162594 ) ) ;
#968 = CARTESIAN_POINT ( 'NONE',  ( 4.387482193696063959, 10.22391172461853870, -0.9999999999999846789 ) ) ;
#969 = VERTEX_POINT ( 'NONE', #498 ) ;
#970 = CARTESIAN_POINT ( 'NONE',  ( 9.084622441515280755, 1.150721954242397871, 2.926082919150895023 ) ) ;
#971 = CARTESIAN_POINT ( 'NONE',  ( 2.989981725581257965, 5.139065224436543566, 1.084695896609317423 ) ) ;
#972 = CARTESIAN_POINT ( 'NONE',  ( 1.877712564949504337, -5.049280277810233919, 2.566324509486894723 ) ) ;
#973 = CARTESIAN_POINT ( 'NONE',  ( 3.890428583378138683, 3.617194877873249226, -8.783730293014791357 ) ) ;
#974 = CARTESIAN_POINT ( 'NONE',  ( 0.1360692424844052173, 2.736727586914549537, -3.207413390388717200 ) ) ;
#975 = CARTESIAN_POINT ( 'NONE',  ( 0.1319386117052123442, 11.09318546555144991, -4.499999999999999112 ) ) ;
#976 = CARTESIAN_POINT ( 'NONE',  ( 0.3108781159481035505, 0.7395824373921640049, -9.499741674663161106 ) ) ;
#977 = EDGE_CURVE ( 'NONE', #3799, #2347, #1964, .T. ) ;
#978 = CARTESIAN_POINT ( 'NONE',  ( -2.971647520697725309, 1.520803152515640688, 3.392250412691051764 ) ) ;
#979 = FACE_OUTER_BOUND ( 'NONE', #4958, .T. ) ;
#980 = CARTESIAN_POINT ( 'NONE',  ( 0.005171305113061751974, -5.049174601732231871, -0.004795501736256140013 ) ) ;
#981 = CARTESIAN_POINT ( 'NONE',  ( 5.790873873453332266, 4.108247506861788523, 2.775292269429614045 ) ) ;
#982 = CARTESIAN_POINT ( 'NONE',  ( -1.554194932623880865, -3.302279937556781952, 9.377123043774375333 ) ) ;
#983 = CARTESIAN_POINT ( 'NONE',  ( 8.430923876225834945, 4.405279774269007298, -4.470224547768852474 ) ) ;
#984 = DIRECTION ( 'NONE',  ( -0.000000000000000000, 1.000000000000000000, -0.000000000000000000 ) ) ;
#985 = CARTESIAN_POINT ( 'NONE',  ( 0.001096847147953351146, 0.05156659902579800031, -0.0007841827920810071420 ) ) ;
#986 = ORIENTED_EDGE ( 'NONE', *, *, #3357, .T. ) ;
#987 = CARTESIAN_POINT ( 'NONE',  ( -6.487538704128953171, 6.988266201402784539, -6.987328073185014254 ) ) ;
#988 = CARTESIAN_POINT ( 'NONE',  ( 4.269551210840923261, 5.354112940765994644, -1.451578656741473017 ) ) ;
#989 = CARTESIAN_POINT ( 'NONE',  ( -7.033950535354790645, -5.988261268739195842, -6.530745626583594365 ) ) ;
#990 = CARTESIAN_POINT ( 'NONE',  ( 0.009413981766581204849, -0.4004085457438148477, 0.003971809956174391157 ) ) ;
#991 = CARTESIAN_POINT ( 'NONE',  ( 5.510910596163088569E-16, 0.000000000000000000, -4.500000000000000000 ) ) ;
#992 = CARTESIAN_POINT ( 'NONE',  ( 2.260545774157369792, -2.521165632493842512, -1.982083395827323624 ) ) ;
#993 = CARTESIAN_POINT ( 'NONE',  ( 3.985096381002620536, -0.1145792064523677434, 8.761938609024204183 ) ) ;
#994 = CARTESIAN_POINT ( 'NONE',  ( 9.489479514679377559E-14, 1.749873339771101488, -4.500000000000000888 ) ) ;
#995 = CARTESIAN_POINT ( 'NONE',  ( -8.576062126298563015, -1.895847984595568470, -4.231553732691902603 ) ) ;
#996 = CARTESIAN_POINT ( 'NONE',  ( -1.606297444518056006, 2.581333451173568161, 2.745437646645234597 ) ) ;
#997 = CARTESIAN_POINT ( 'NONE',  ( 9.497471862740411552, -0.8020700086731000766, 1.569454422307864139 ) ) ;
#998 = CARTESIAN_POINT ( 'NONE',  ( -1.612558520894733283, 5.695961533076227212, 9.395952905019168355 ) ) ;
#999 = CARTESIAN_POINT ( 'NONE',  ( -3.183955991137271013, 1.325871260248996999E-16, -3.180003812340651326 ) ) ;
#1000 = EDGE_CURVE ( 'NONE', #1228, #690, #6368, .T. ) ;
#1001 = CARTESIAN_POINT ( 'NONE',  ( 8.820200380079686653, -0.6249914968146444982, -3.650520010936630921 ) ) ;
#1002 = CARTESIAN_POINT ( 'NONE',  ( 2.824590778277117131, 5.408720369302504771, -1.548874112632351530 ) ) ;
#1003 = CARTESIAN_POINT ( 'NONE',  ( -3.177570351389626513, -5.742805471259153194, 0.07421575224865316345 ) ) ;
#1004 = CARTESIAN_POINT ( 'NONE',  ( -7.607733583767595675, 4.041042786315165891, -5.865202044769065814 ) ) ;
#1005 = CARTESIAN_POINT ( 'NONE',  ( -3.105134135311684584, 5.317691231899165594, 0.6737300292973521509 ) ) ;
#1006 = CARTESIAN_POINT ( 'NONE',  ( 0.2935381233548151614, 2.770571928754221869, 4.499999999998112621 ) ) ;
#1007 = CARTESIAN_POINT ( 'NONE',  ( -0.2638598729160062106, -9.119764418088552205, -2.990861195098940328 ) ) ;
#1008 = CARTESIAN_POINT ( 'NONE',  ( -1.505258248773323038, -5.417121331927349459, 2.602470878388646547 ) ) ;
#1009 = CARTESIAN_POINT ( 'NONE',  ( 0.0001714072336758901279, -3.250005222285457851, -9.499937700572418819 ) ) ;
#1010 = CARTESIAN_POINT ( 'NONE',  ( 2.882429039595582498, 5.899373849377832713, 5.670341297480523401 ) ) ;
#1011 = CARTESIAN_POINT ( 'NONE',  ( 2.620879019831773515, -4.917124650341324177, 1.512373349116969967 ) ) ;
#1012 = CARTESIAN_POINT ( 'NONE',  ( -1.000000000002353895, -10.09318546554881912, -2.828427124745545029 ) ) ;
#1013 = CARTESIAN_POINT ( 'NONE',  ( 7.160426388153508626, -0.9790049986753820432, 6.274209328137561492 ) ) ;
#1014 = CARTESIAN_POINT ( 'NONE',  ( -8.547609275978494736, -0.8958468903076360901, -4.217493834194094404 ) ) ;
#1015 = CARTESIAN_POINT ( 'NONE',  ( -5.662507196624532391, -4.906207774842912706, -3.036347777727993691 ) ) ;
#1016 = CARTESIAN_POINT ( 'NONE',  ( 1.448354396411429601, 4.853921338256449225, 4.270833123482320026 ) ) ;
#1017 = CARTESIAN_POINT ( 'NONE',  ( -5.290208452172226572, -3.435559391638440818, 8.017630761321285604 ) ) ;
#1018 = CARTESIAN_POINT ( 'NONE',  ( 0.001227560273887768087, -2.617244505586216352, 0.002994887768170095138 ) ) ;
#1019 = CARTESIAN_POINT ( 'NONE',  ( 1.204503633010614694, 1.790364333566139443, 9.441883176513174547 ) ) ;
#1020 = EDGE_CURVE ( 'NONE', #394, #5271, #3574, .T. ) ;
#1021 = CARTESIAN_POINT ( 'NONE',  ( 2.695998056851579783, -2.604280043448698123, -1.330670693258088511 ) ) ;
#1022 = CARTESIAN_POINT ( 'NONE',  ( 9.236652417651312064, -1.841150969527449055, 2.735452455650078107 ) ) ;
#1023 = CARTESIAN_POINT ( 'NONE',  ( 2.743319790661193025, 6.541565201879127933, -3.579096033907748886 ) ) ;
#1024 = CARTESIAN_POINT ( 'NONE',  ( 9.392092854638727673, -0.6874988727697546320, -1.871306981724568885 ) ) ;
#1025 = CARTESIAN_POINT ( 'NONE',  ( 2.502946815748575027, -1.166652058035494433, 9.393758598225680601 ) ) ;
#1026 = CARTESIAN_POINT ( 'NONE',  ( -4.765213006445994104, -2.083163674076975447, -8.241827426013584201 ) ) ;
#1027 = CARTESIAN_POINT ( 'NONE',  ( 1.326513362708966470, -3.395758323628667252, -2.697868549299847096 ) ) ;
#1028 = CARTESIAN_POINT ( 'NONE',  ( -6.850610640962619513, 0.4947884405761154292, 6.627534287592167672 ) ) ;
#1029 = B_SPLINE_CURVE_WITH_KNOTS ( 'NONE', 3,
 ( #6024, #494, #5413, #4080, #1047, #3478, #5445, #5022, #3024, #2015, #2046, #4475, #1556, #988, #588, #12, #2960, #5052, #620, #2595, #74, #3540, #43, #3985, #2473, #3084, #1103, #1985, #4443, #1016, #2991, #1526, #3508, #2535 ),
 .UNSPECIFIED., .F., .F.,
 ( 4, 2, 2, 2, 2, 2, 2, 2, 2, 2, 2, 2, 2, 2, 2, 2, 4 ),
 ( 0.007147823091071352913, 0.008041003785041302490, 0.008934184479011253802, 0.009827365172981203378, 0.01072054586695115469, 0.01161372656092110600, 0.01250690725489105731, 0.01340008794886100862, 0.01429326864283095994, 0.01518644933680091125, 0.01607963003077086256, 0.01697281072474081387, 0.01786599141871076518, 0.01875917211268071649, 0.01965235280665066780, 0.02054553350062061912, 0.02143871419459057043 ),
 .UNSPECIFIED. ) ;
#1030 = CARTESIAN_POINT ( 'NONE',  ( -3.071099934953087196, 4.155532764731884932, -0.9419787238225303394 ) ) ;
#1031 = CARTESIAN_POINT ( 'NONE',  ( 3.166667555080288743, -4.779436785517416020, 0.2901474648657045852 ) ) ;
#1032 = CARTESIAN_POINT ( 'NONE',  ( -8.567108547353758041, 4.398785247833586709, 4.325934408491193039 ) ) ;
#1033 = CARTESIAN_POINT ( 'NONE',  ( 1.557406580711061528, 4.586956943862103842, -2.773233783364308369 ) ) ;
#1034 = CARTESIAN_POINT ( 'NONE',  ( -0.8736325309969829034, 9.589337433361428964, -4.414678395806256539 ) ) ;
#1035 = CARTESIAN_POINT ( 'NONE',  ( 1.827409014730278836, -0.4582243478355568223, -2.387233423760745765 ) ) ;
#1036 = CARTESIAN_POINT ( 'NONE',  ( -2.980991231570510713, -5.708733792166774457, 0.3907205546526502649 ) ) ;
#1037 = CIRCLE ( 'NONE', #4135, 8.500000000000000000 ) ;
#1038 = CARTESIAN_POINT ( 'NONE',  ( 0.005298144141754061037, -4.072232274481879521, -0.002412909657668143876 ) ) ;
#1039 = CARTESIAN_POINT ( 'NONE',  ( -4.709953892479068038, 7.015268533067630763, -4.268823644095490977 ) ) ;
#1040 = DIRECTION ( 'NONE',  ( -1.000000000000000000, -0.000000000000000000, -3.491481338843132961E-15 ) ) ;
#1041 = CARTESIAN_POINT ( 'NONE',  ( -0.004037370455332543566, 6.496297720700254352, -0.004415042362000652643 ) ) ;
#1042 = CARTESIAN_POINT ( 'NONE',  ( -0.3678400040000959770, 3.768343218742896461, -6.351323796212414940 ) ) ;
#1043 = CARTESIAN_POINT ( 'NONE',  ( 6.267189757813810047, -0.4791691527360484315, -7.146301757007728739 ) ) ;
#1044 = VECTOR ( 'NONE', #2093, 1000.000000000000000 ) ;
#1045 = VERTEX_POINT ( 'NONE', #139 ) ;
#1046 = CARTESIAN_POINT ( 'NONE',  ( -1.936121459473842066, -2.348768306016347118, 6.053023129977654015 ) ) ;
#1047 = CARTESIAN_POINT ( 'NONE',  ( 1.448717945247131711, 5.645668317683380621, -4.270475267237975103 ) ) ;
#1048 = CARTESIAN_POINT ( 'NONE',  ( -7.315568828094977327, -1.973946420132847157, -6.209026524932819591 ) ) ;
#1049 = CARTESIAN_POINT ( 'NONE',  ( 0.007317980752047684515, -0.9753306223750670689, -0.007112422361810049991 ) ) ;
#1050 = CARTESIAN_POINT ( 'NONE',  ( 8.659083734099418450, 3.385323747822501783, -3.920164766279706559 ) ) ;
#1051 = ADVANCED_FACE ( 'NONE', ( #1077 ), #943, .T. ) ;
#1052 = CARTESIAN_POINT ( 'NONE',  ( -8.985515911668695566, -2.859382165793078912, -3.212519332639609981 ) ) ;
#1053 = CARTESIAN_POINT ( 'NONE',  ( 3.907274500189001021, 6.083465639571107531, 2.251906765517126097 ) ) ;
#1054 = CARTESIAN_POINT ( 'NONE',  ( 9.114911509920098354, 1.150725544946000767, 2.935813821903693110 ) ) ;
#1055 = CARTESIAN_POINT ( 'NONE',  ( -6.367905124903109559, 2.520199854077465940, 7.235841482370354960 ) ) ;
#1056 = CARTESIAN_POINT ( 'NONE',  ( -7.143156963953099847, -1.520672705388836032, 6.270713209539937161 ) ) ;
#1057 = CARTESIAN_POINT ( 'NONE',  ( -5.192461044467577835E-12, -4.250261309702172419, 3.000000000000000000 ) ) ;
#1058 = CARTESIAN_POINT ( 'NONE',  ( -1.996058367441768233, 5.603892612707922716, 4.043882238440139609 ) ) ;
#1059 = CARTESIAN_POINT ( 'NONE',  ( -7.914735195590112404, 2.061210745691534729, -5.331547480671759764 ) ) ;
#1060 = CARTESIAN_POINT ( 'NONE',  ( 3.078195433244381274, 5.168828309050124581, 0.7990080974717543860 ) ) ;
#1061 = CARTESIAN_POINT ( 'NONE',  ( 0.2037469239528168496, -5.229921407042922965, 3.174101742176518304 ) ) ;
#1062 = CARTESIAN_POINT ( 'NONE',  ( 0.2379903693064050474, 5.742172352624221432, -9.595566103774734401 ) ) ;
#1063 = CARTESIAN_POINT ( 'NONE',  ( -2.693677782224989325, 3.428125282628431858, 1.691320206532527015 ) ) ;
#1064 = CARTESIAN_POINT ( 'NONE',  ( 1.170700210947580810, 2.833393078261682962, 4.355103718688877912 ) ) ;
#1065 = CARTESIAN_POINT ( 'NONE',  ( 4.500026654293714401, 2.270664565076263131, -0.2959452001429995205 ) ) ;
#1066 = CARTESIAN_POINT ( 'NONE',  ( 6.962678985243683449, -4.989584148896476279, 6.524951955436693929 ) ) ;
#1067 = CARTESIAN_POINT ( 'NONE',  ( 6.176521420021686914, -2.673069941313314324, -1.524521167005968625 ) ) ;
#1068 = CARTESIAN_POINT ( 'NONE',  ( 0.1552896978667937244, 6.742241177915766492, -6.354816973094835397 ) ) ;
#1069 = CARTESIAN_POINT ( 'NONE',  ( -0.6264316977233298500, -4.229006408860743527, -9.484416080398842652 ) ) ;
#1070 = CARTESIAN_POINT ( 'NONE',  ( -7.548202276804645727, 6.041372749952772736, -5.801761448721373782 ) ) ;
#1071 = CARTESIAN_POINT ( 'NONE',  ( -0.6217706213596497777, 0.7708364538862712001, -9.499436522486359280 ) ) ;
#1072 = CARTESIAN_POINT ( 'NONE',  ( 4.499988435857126490, 9.093237504198270926, 0.1313083967357830395 ) ) ;
#1073 = CARTESIAN_POINT ( 'NONE',  ( -4.764104976528164670, -2.980688234998759789, -4.216290751111514190 ) ) ;
#1074 = CARTESIAN_POINT ( 'NONE',  ( 3.349578492329836621, -4.364629132791208121, -8.895326102914529187 ) ) ;
#1075 = CARTESIAN_POINT ( 'NONE',  ( 5.108565105520257887, -2.428380245054467590, -8.135674579808457096 ) ) ;
#1076 = CARTESIAN_POINT ( 'NONE',  ( -0.003222070997463818628, 1.104483476984969625, 0.006349716783185715974 ) ) ;
#1077 = FACE_OUTER_BOUND ( 'NONE', #335, .T. ) ;
#1078 = ORIENTED_EDGE ( 'NONE', *, *, #4808, .T. ) ;
#1079 = CARTESIAN_POINT ( 'NONE',  ( 5.218929651280685533, 1.934265119037409830, 7.990546541956016213 ) ) ;
#1080 = DIRECTION ( 'NONE',  ( 0.000000000000000000, 0.000000000000000000, 1.000000000000000000 ) ) ;
#1081 = CARTESIAN_POINT ( 'NONE',  ( -7.291266257821831687, 0.02604639195755232076, -6.188546018855823228 ) ) ;
#1082 = CARTESIAN_POINT ( 'NONE',  ( 6.225666457258983044, 3.526376765487933440, -7.357171035324733488 ) ) ;
#1083 = CARTESIAN_POINT ( 'NONE',  ( -9.438868422246843082, -1.708361377559656669, 1.242623542560134631 ) ) ;
#1084 = CARTESIAN_POINT ( 'NONE',  ( 0.3904453313644777879, -3.291728031348987837, -2.999999999999983569 ) ) ;
#1085 = EDGE_CURVE ( 'NONE', #2267, #3610, #4448, .T. ) ;
#1086 = CARTESIAN_POINT ( 'NONE',  ( 0.000000000000000000, -11.50000000000000000, 0.000000000000000000 ) ) ;
#1087 = CARTESIAN_POINT ( 'NONE',  ( 0.9667814451234385542, -3.146061788224384870, 2.846741174746968195 ) ) ;
#1088 = CARTESIAN_POINT ( 'NONE',  ( -5.611002225723492387, 3.950185707871435969, -7.717960167017688278 ) ) ;
#1089 = CARTESIAN_POINT ( 'NONE',  ( -3.383521253941983442, -4.071603521705191575, -5.386711538857814396 ) ) ;
#1090 = CARTESIAN_POINT ( 'NONE',  ( -1.946781380379879911, -4.040655616659707405, -2.514707963980979954 ) ) ;
#1091 = CARTESIAN_POINT ( 'NONE',  ( -9.314444794315001275, 6.166755676715414580, -2.501032559105313524 ) ) ;
#1092 = CARTESIAN_POINT ( 'NONE',  ( -2.410731692351106403, 5.480068151665587806, 2.122783876030013506 ) ) ;
#1093 = CALENDAR_DATE ( 2025, 17, 10 ) ;
#1094 = DIRECTION ( 'NONE',  ( -0.000000000000000000, -1.000000000000000000, -0.000000000000000000 ) ) ;
#1095 = CARTESIAN_POINT ( 'NONE',  ( -6.333333343087515388, 6.249751591193976274, 8.323261476899343174E-06 ) ) ;
#1096 = CARTESIAN_POINT ( 'NONE',  ( 2.956734949554957748, -3.870494312668074421, 1.172443872942618981 ) ) ;
#1097 = CARTESIAN_POINT ( 'NONE',  ( -7.161715028840106356, -3.521058960557835515, 6.272955721280835562 ) ) ;
#1098 = CARTESIAN_POINT ( 'NONE',  ( -9.192528158500856250, 6.166176089414864059, -2.477605197968248074 ) ) ;
#1099 = CARTESIAN_POINT ( 'NONE',  ( 0.3114633551621928675, -0.2604369779321066836, -9.499999999999202416 ) ) ;
#1100 = CARTESIAN_POINT ( 'NONE',  ( 4.200866461958040254, 0.8957145428158842515, 8.526452193346274910 ) ) ;
#1101 = CARTESIAN_POINT ( 'NONE',  ( 4.458844672534286069, 9.293374818840089091, -0.6144387982247170310 ) ) ;
#1102 = CARTESIAN_POINT ( 'NONE',  ( -3.503918383559670779, -2.435759795647702841, 5.309063778663566602 ) ) ;
#1103 = CARTESIAN_POINT ( 'NONE',  ( 2.741709930612653778, 4.957883386884064159, 3.580350470373327987 ) ) ;
#1104 = B_SPLINE_CURVE_WITH_KNOTS ( 'NONE', 3,
 ( #3453, #5970, #2996, #4934, #5449, #499, #4965, #1499, #1467, #992, #2964, #2477, #1021, #533, #5417, #4447, #17, #1989, #2019, #5940, #2509, #4479, #47, #3482, #3961, #1530, #3512, #5478, #5549, #1087, #4518, #2157, #149, #1117 ),
 .UNSPECIFIED., .F., .F.,
 ( 4, 2, 2, 2, 2, 2, 2, 2, 2, 2, 2, 2, 2, 2, 2, 2, 4 ),
 ( 0.02149555722103819316, 0.02209292776260921715, 0.02269029830418024113, 0.02328766884575126511, 0.02388503938732228563, 0.02448240992889330961, 0.02507978047046433359, 0.02567715101203535757, 0.02627452155360638503, 0.02687189209517740901, 0.02746926263674842952, 0.02806663317831945351, 0.02866400371989047749, 0.02926137426146150147, 0.02985874480303252199, 0.03045611534460354944, 0.03105348588617457342 ),
 .UNSPECIFIED. ) ;
#1105 = CARTESIAN_POINT ( 'NONE',  ( -0.004882371971562953286, 1.871504360671590650, 0.002112531325695261083 ) ) ;
#1106 = CARTESIAN_POINT ( 'NONE',  ( 2.153402864603181310, 2.822748907923414929, 9.257907946227481588 ) ) ;
#1107 = ADVANCED_FACE ( 'NONE', ( #5637 ), #4634, .F. ) ;
#1108 = EDGE_LOOP ( 'NONE', ( #430, #5701, #5443, #5287, #2926, #2630, #5639, #4539, #5205, #1794, #4052, #2860, #2305, #5393, #3154, #2765, #506, #4202, #4768, #4878, #3608, #3319, #1624, #4909, #4538, #2408, #934, #725, #4234, #5285 ) ) ;
#1109 = CARTESIAN_POINT ( 'NONE',  ( -6.058177289713935210, 0.9687501705835276367, -7.376974499925121442 ) ) ;
#1110 = CARTESIAN_POINT ( 'NONE',  ( -0.2634952329068945276, -11.06661891362116457, -2.990870817832895767 ) ) ;
#1111 = CARTESIAN_POINT ( 'NONE',  ( 2.746036637562172533, 1.657244971625418506, -9.161062955729265767 ) ) ;
#1112 = CARTESIAN_POINT ( 'NONE',  ( -1.628696603078268801, 4.695964695903438901, 9.489949270070091814 ) ) ;
#1113 = CARTESIAN_POINT ( 'NONE',  ( 9.377843560593353445, 5.197867694051208076, 1.549846852669943154 ) ) ;
#1114 = CARTESIAN_POINT ( 'NONE',  ( 2.980746580925675904, -3.708552212244517587, -0.3928600673675861077 ) ) ;
#1115 = CARTESIAN_POINT ( 'NONE',  ( 0.008473722892362100384, 2.029051505197823513, -0.008472073356117982429 ) ) ;
#1116 = CARTESIAN_POINT ( 'NONE',  ( -3.578268501353520037, 3.458168406038371057, 2.744861991846511362 ) ) ;
#1117 = CARTESIAN_POINT ( 'NONE',  ( -2.168404344971008868E-15, -3.250250886338906575, 3.000000000000000000 ) ) ;
#1118 = CARTESIAN_POINT ( 'NONE',  ( -6.039768842147270611, 4.533830169236295227, 7.506766836079703964 ) ) ;
#1119 = CARTESIAN_POINT ( 'NONE',  ( -1.416794429595766402, -3.321766159277805386, 6.194932843345180018 ) ) ;
#1120 = CARTESIAN_POINT ( 'NONE',  ( -2.851322285613790530, -1.895628103819977373, -1.401579131130969769 ) ) ;
#1121 = CARTESIAN_POINT ( 'NONE',  ( 9.030016372245755818, 5.139320524880065300, 3.275760443062901928 ) ) ;
#1122 = CARTESIAN_POINT ( 'NONE',  ( 3.024639197553789405, 4.348738221196414955, -0.9729544974985652184 ) ) ;
#1123 = DIRECTION ( 'NONE',  ( 0.000000000000000000, 0.000000000000000000, 1.000000000000000000 ) ) ;
#1124 = CARTESIAN_POINT ( 'NONE',  ( 3.575395927139644936, 2.458482721890594025, -2.748298640155490968 ) ) ;
#1125 = CARTESIAN_POINT ( 'NONE',  ( 0.000000000000000000, -6.250000000000000000, -9.500000000000000000 ) ) ;
#1126 = EDGE_CURVE ( 'NONE', #2830, #3428, #198, .T. ) ;
#1127 = CARTESIAN_POINT ( 'NONE',  ( -6.360403058111249841, 0.2081436743466979211, -0.8472337170973383014 ) ) ;
#1128 = CARTESIAN_POINT ( 'NONE',  ( 1.618128659488337950, -4.080209860811275568, 2.737265994417240833 ) ) ;
#1129 = CARTESIAN_POINT ( 'NONE',  ( -0.3947389924219407153, -3.292187008110769586, 3.000000000000000000 ) ) ;
#1130 = CARTESIAN_POINT ( 'NONE',  ( 2.882485531156486314, 4.899373854144391416, 5.670440322592368076 ) ) ;
#1131 = CARTESIAN_POINT ( 'NONE',  ( -2.385700806306904731, -0.9584912553079151243, -1.829357811891799246 ) ) ;
#1132 = CARTESIAN_POINT ( 'NONE',  ( -5.300834418166610718, 0.9375209189691523504, -7.937558568947813420 ) ) ;
#1133 = VECTOR ( 'NONE', #4517, 1000.000000000000000 ) ;
#1134 = CARTESIAN_POINT ( 'NONE',  ( 8.536998246124348100, 1.103999959162821787, 4.214467697240554145 ) ) ;
#1135 = CARTESIAN_POINT ( 'NONE',  ( -4.208828646445526900, 1.896012460730980509, -8.522458582178662923 ) ) ;
#1136 = CARTESIAN_POINT ( 'NONE',  ( 4.475563170855852313, -2.001567119807134532, 4.512554946807694201 ) ) ;
#1137 = CARTESIAN_POINT ( 'NONE',  ( -8.246305679889701423, 0.08344415201690380535, -4.758138467890153045 ) ) ;
#1138 = CARTESIAN_POINT ( 'NONE',  ( -0.0008863435933111693402, 3.061085390352422220, 0.002440404435505971747 ) ) ;
#1139 = CARTESIAN_POINT ( 'NONE',  ( 6.938996408610570654, 3.489503735233822290, -6.496018238552974999 ) ) ;
#1140 = VECTOR ( 'NONE', #1666, 1000.000000000000000 ) ;
#1141 = AXIS2_PLACEMENT_3D ( 'NONE', #3735, #5569, #1688 ) ;
#1142 = ORIENTED_EDGE ( 'NONE', *, *, #823, .T. ) ;
#1143 = CARTESIAN_POINT ( 'NONE',  ( -8.865322181940253898, 1.130215927150024724, -3.501269896481550070 ) ) ;
#1144 = CARTESIAN_POINT ( 'NONE',  ( 1.450246047750266554, 0.8539857946349489470, 4.270012551100249354 ) ) ;
#1145 = CARTESIAN_POINT ( 'NONE',  ( -2.777106301058601456, -0.1562551532117645026, -9.165378078775967552 ) ) ;
#1146 = CARTESIAN_POINT ( 'NONE',  ( 6.834969757558587489, 3.001297586888683089, 6.782139274118672567 ) ) ;
#1147 = CARTESIAN_POINT ( 'NONE',  ( -6.267742401557197418, -1.479194966301220049, 7.145783847576037573 ) ) ;
#1148 = CARTESIAN_POINT ( 'NONE',  ( 1.504618383861946462, -4.083427967143578918, 2.602922865926172502 ) ) ;
#1149 = CARTESIAN_POINT ( 'NONE',  ( 0.005050055160743724229, 2.489971625369084229, 0.005779545462882766486 ) ) ;
#1150 = CARTESIAN_POINT ( 'NONE',  ( -1.449613108238577697, 2.854019353627044620, -4.270240261491181855 ) ) ;
#1151 = CARTESIAN_POINT ( 'NONE',  ( -1.166418039519432126, 6.833196294972863072, -4.356059753228353593 ) ) ;
#1152 = CARTESIAN_POINT ( 'NONE',  ( 9.265250638389932902, 3.161433668494319615, 2.631209349651220997 ) ) ;
#1153 = CARTESIAN_POINT ( 'NONE',  ( -0.3627351128085273824, -3.268125535042988972, 6.345062781315395029 ) ) ;
#1154 = CARTESIAN_POINT ( 'NONE',  ( -2.280887937717397396, -1.505076627588942229, 2.212042325566276890 ) ) ;
#1155 = CARTESIAN_POINT ( 'NONE',  ( 4.936041606108032553, 5.578121895968847888, -8.231241135433757350 ) ) ;
#1156 = CARTESIAN_POINT ( 'NONE',  ( -3.077484659582506055, 7.165150994470311119, -0.8438695528041485483 ) ) ;
#1157 = APPROVAL_DATE_TIME ( #5556, #1785 ) ;
#1158 = CARTESIAN_POINT ( 'NONE',  ( 1.329526600672385594, -0.3961451866270637723, -2.696486524546125807 ) ) ;
#1159 = CARTESIAN_POINT ( 'NONE',  ( 5.137449456423120786, 5.049137545059791066, 3.750247078248716726 ) ) ;
#1160 = CARTESIAN_POINT ( 'NONE',  ( 2.994138038003530067, -0.4059670954399215437, -5.614938520144877820 ) ) ;
#1161 = CARTESIAN_POINT ( 'NONE',  ( -0.08704505722407357426, -4.258881744598537189, 3.179634184688454379 ) ) ;
#1162 = CARTESIAN_POINT ( 'NONE',  ( 0.9701377792211477447, -2.145681782113762814, 2.845503269783313804 ) ) ;
#1163 = CARTESIAN_POINT ( 'NONE',  ( -9.011658329206813534, 6.145531696529236143, -3.069690011398107377 ) ) ;
#1164 = CARTESIAN_POINT ( 'NONE',  ( 7.616520261710668649E-15, 0.7498437636450012711, -4.500000000000000888 ) ) ;
#1165 = EDGE_CURVE ( 'NONE', #5088, #4018, #5606, .T. ) ;
#1166 = DIRECTION ( 'NONE',  ( -0.000000000000000000, -0.000000000000000000, 1.000000000000000000 ) ) ;
#1167 = CARTESIAN_POINT ( 'NONE',  ( -9.014148813446638542, 2.354213912737177505, 3.062395211516403482 ) ) ;
#1168 = CARTESIAN_POINT ( 'NONE',  ( 6.295474495347146870, -1.704171179627378185, -0.9159643532537766752 ) ) ;
#1169 = CARTESIAN_POINT ( 'NONE',  ( -4.208260034693976692, -0.1042255093957729362, -8.539613172440855493 ) ) ;
#1170 = CARTESIAN_POINT ( 'NONE',  ( -0.0001665566051755176314, 0.2796711195615009249, 0.01224348619117676326 ) ) ;
#1171 = CARTESIAN_POINT ( 'NONE',  ( 0.1311436958448602697, -11.09318546555144991, -3.000000000000000444 ) ) ;
#1172 = ORIENTED_EDGE ( 'NONE', *, *, #816, .F. ) ;
#1173 = ORIENTED_EDGE ( 'NONE', *, *, #5003, .F. ) ;
#1174 = CARTESIAN_POINT ( 'NONE',  ( -3.655805206317777056, 0.8750033522661380125, -8.817915124516174430 ) ) ;
#1175 = CARTESIAN_POINT ( 'NONE',  ( 0.2926629799394515619, 3.770510451193036960, 4.499999999999995559 ) ) ;
#1176 = CARTESIAN_POINT ( 'NONE',  ( 9.112029211700383158, 3.348299383460579648, -2.909060002968280045 ) ) ;
#1177 = CARTESIAN_POINT ( 'NONE',  ( -9.303322835164594906, 4.155599967582416454, -2.859404088416534151 ) ) ;
#1178 = CARTESIAN_POINT ( 'NONE',  ( -9.180796070717544666, -1.666609587279594296, 2.461867534179484895 ) ) ;
#1179 = CARTESIAN_POINT ( 'NONE',  ( -0.2642979906746298902, -9.093185465551448132, -9.500000000000000000 ) ) ;
#1180 = CARTESIAN_POINT ( 'NONE',  ( -0.0008965210158660881241, 2.061085390215675162, 0.002431360438274683938 ) ) ;
#1181 = CARTESIAN_POINT ( 'NONE',  ( 2.838160472356106023, -10.35669944054562563, -0.9734612818140514490 ) ) ;
#1182 = CARTESIAN_POINT ( 'NONE',  ( 0.1309480349433684299, 9.093185465551322011, -4.500000000000029310 ) ) ;
#1183 = CARTESIAN_POINT ( 'NONE',  ( 2.150072237837355793, 3.677749756497232347, -9.296840642229527774 ) ) ;
#1184 = CARTESIAN_POINT ( 'NONE',  ( -6.103373074213030769, -5.659960647530674294, 1.774813810896768596 ) ) ;
#1185 = CARTESIAN_POINT ( 'NONE',  ( 2.548584614003816196, -0.9584606659964638453, 1.948266756249305676 ) ) ;
#1186 = CARTESIAN_POINT ( 'NONE',  ( -4.586906472982621885, 5.906235894927835517, -8.549232778610253547 ) ) ;
#1187 = CARTESIAN_POINT ( 'NONE',  ( 0.005193939414846293449, -4.049174601938267948, -0.004771315218674535008 ) ) ;
#1188 = LINE ( 'NONE', #5136, #6311 ) ;
#1189 = EDGE_CURVE ( 'NONE', #6379, #3428, #1971, .T. ) ;
#1190 = ORIENTED_EDGE ( 'NONE', *, *, #896, .T. ) ;
#1191 = CARTESIAN_POINT ( 'NONE',  ( 4.152782799958066207, 5.523072208427977969, -4.812339235404701654 ) ) ;
#1192 = CARTESIAN_POINT ( 'NONE',  ( -4.842275987623559708, 0.02558349872609957595, -4.114409441559317315 ) ) ;
#1193 = CARTESIAN_POINT ( 'NONE',  ( 2.584139936939860771, -2.336582503081626072, -9.253056453836142836 ) ) ;
#1194 = CARTESIAN_POINT ( 'NONE',  ( -0.9728644235635421911, -2.349235040294288535, 3.024441703982961638 ) ) ;
#1195 = DIRECTION ( 'NONE',  ( 0.000000000000000000, 0.000000000000000000, 1.000000000000000000 ) ) ;
#1196 = VERTEX_POINT ( 'NONE', #3737 ) ;
#1197 = CARTESIAN_POINT ( 'NONE',  ( -0.3915133392793579414, -0.2918216734432591553, 2.980764936639710427 ) ) ;
#1198 = CARTESIAN_POINT ( 'NONE',  ( -8.537959284024378093, 4.104082242186491314, -4.212194037094867838 ) ) ;
#1199 = CARTESIAN_POINT ( 'NONE',  ( 6.934384565773404674, 1.489725588598732386, -6.500777335757799591 ) ) ;
#1200 = CARTESIAN_POINT ( 'NONE',  ( 4.387482193696063959, 10.09318546555144991, -0.9999999999999847899 ) ) ;
#1201 = CARTESIAN_POINT ( 'NONE',  ( 6.318641031870437352, 2.212593752857054064, 0.7469316051436258874 ) ) ;
#1202 = CARTESIAN_POINT ( 'NONE',  ( -8.537973879743171679, 0.3959255115001557024, 4.212582439471495910 ) ) ;
#1203 = CARTESIAN_POINT ( 'NONE',  ( 0.002994606557011752178, 0.9368391538604184943, -0.001128009393980165462 ) ) ;
#1204 = CARTESIAN_POINT ( 'NONE',  ( 0.7995191313949012724, -10.70785744356575542, -2.893059777810530697 ) ) ;
#1205 = ORIENTED_EDGE ( 'NONE', *, *, #4910, .T. ) ;
#1206 = VERTEX_POINT ( 'NONE', #5219 ) ;
#1207 = CARTESIAN_POINT ( 'NONE',  ( -0.04164248401119358123, 1.748706849963989951, 9.544755174567917777 ) ) ;
#1208 = DIRECTION ( 'NONE',  ( -1.000000000000000000, -0.000000000000000000, -3.491481338843132961E-15 ) ) ;
#1209 = CARTESIAN_POINT ( 'NONE',  ( -1.465594878496701003, 3.798832603999071633, -9.461023700162444428 ) ) ;
#1210 = CARTESIAN_POINT ( 'NONE',  ( -4.644202418662209730, -4.408854313985281159, 8.476575436611046399 ) ) ;
#1211 = CARTESIAN_POINT ( 'NONE',  ( -4.044767632320460216, 2.395586716506837632, 1.994068255977336834 ) ) ;
#1212 = DIRECTION ( 'NONE',  ( -0.000000000000000000, -1.000000000000000000, -0.000000000000000000 ) ) ;
#1213 = CARTESIAN_POINT ( 'NONE',  ( 9.447221813845608551, -10.22376063668964186, -0.9999999999998846478 ) ) ;
#1214 = CARTESIAN_POINT ( 'NONE',  ( 1.000000000000000222, 10.09318546555144991, -4.387482193696060406 ) ) ;
#1215 = CARTESIAN_POINT ( 'NONE',  ( 6.825903815603172831, 5.496093258665991854, -6.657632223781260628 ) ) ;
#1216 = CARTESIAN_POINT ( 'NONE',  ( -4.439883728501631488, -5.496409821497569403, 4.549256120320607444 ) ) ;
#1217 = CARTESIAN_POINT ( 'NONE',  ( -2.097946580017018725, -1.479873723487597381, 2.386027957275306921 ) ) ;
#1218 = CARTESIAN_POINT ( 'NONE',  ( -9.523888386302006737, -3.798828727547357342, -1.475344499353210548 ) ) ;
#1219 = CARTESIAN_POINT ( 'NONE',  ( -0.002257207438833938162, -4.906162382044075621, 0.003981007260252971032 ) ) ;
#1220 = CALENDAR_DATE ( 2025, 17, 10 ) ;
#1221 = CARTESIAN_POINT ( 'NONE',  ( 9.288811411479561153E-07, 2.749999973412673882, -9.498942373661140692 ) ) ;
#1222 = ORIENTED_EDGE ( 'NONE', *, *, #5025, .T. ) ;
#1223 = CARTESIAN_POINT ( 'NONE',  ( -5.077930952984604396, -4.071289145316651314, -8.078860853457232594 ) ) ;
#1224 = CARTESIAN_POINT ( 'NONE',  ( 4.499944636544299215, -0.5003190113780672243, -4.500051699429168828 ) ) ;
#1225 = CARTESIAN_POINT ( 'NONE',  ( -8.384330076907787088, -1.583333010756501569, 4.856658281857318293 ) ) ;
#1226 = CARTESIAN_POINT ( 'NONE',  ( 2.043681327735199726, -2.027825998198110380, 2.433253330209947052 ) ) ;
#1227 = CARTESIAN_POINT ( 'NONE',  ( 0.000000000000000000, -6.250000000000000000, -9.500000000000000000 ) ) ;
#1228 = VERTEX_POINT ( 'NONE', #3673 ) ;
#1229 = CARTESIAN_POINT ( 'NONE',  ( -1.512731997296398845, -0.4172347880581944168, 2.620578721318918003 ) ) ;
#1230 = DIRECTION ( 'NONE',  ( 0.000000000000000000, 0.000000000000000000, -1.000000000000000000 ) ) ;
#1231 = CARTESIAN_POINT ( 'NONE',  ( 9.500116746808828339, 1.239662595478597806, 0.3084854975098663132 ) ) ;
#1232 = CARTESIAN_POINT ( 'NONE',  ( 1.094777319608276178, 0.6716332156408610921, -4.370321133513422218 ) ) ;
#1233 = CARTESIAN_POINT ( 'NONE',  ( -2.435332761164041404, 0.8746769827246079210, -5.879443206219887585 ) ) ;
#1234 = DIRECTION ( 'NONE',  ( 7.844488611562882685E-05, 0.9999999969231998520, 1.030935614654306945E-10 ) ) ;
#1235 = CARTESIAN_POINT ( 'NONE',  ( 0.006682483008849913336, 5.039721174245741508, -0.006860909257449719634 ) ) ;
#1236 = CARTESIAN_POINT ( 'NONE',  ( 9.195347208912220793, 2.336263186940351400, -2.557966434592760407 ) ) ;
#1237 = AXIS2_PLACEMENT_3D ( 'NONE', #1391, #3948, #5928 ) ;
#1238 = ORIENTED_EDGE ( 'NONE', *, *, #3272, .F. ) ;
#1239 = CARTESIAN_POINT ( 'NONE',  ( -0.003037164398658009565, -3.002104944496567285, 0.003176690434351038018 ) ) ;
#1240 = VERTEX_POINT ( 'NONE', #232 ) ;
#1241 = CARTESIAN_POINT ( 'NONE',  ( 4.326857336122491127, 5.899734955044000806, 8.503893268468530664 ) ) ;
#1242 = DIRECTION ( 'NONE',  ( -3.469446951953613400E-15, 0.000000000000000000, 1.000000000000000000 ) ) ;
#1243 = CARTESIAN_POINT ( 'NONE',  ( -6.059898958055184970, 4.533831791825061686, 7.531792389364365015 ) ) ;
#1244 = AXIS2_PLACEMENT_3D ( 'NONE', #4709, #798, #2769 ) ;
#1245 = CARTESIAN_POINT ( 'NONE',  ( -8.134282121425870926, 6.070259078307339351, -5.154962392333450438 ) ) ;
#1246 = CARTESIAN_POINT ( 'NONE',  ( -4.269854471840536014, 2.354097491306253342, 1.450791576439274477 ) ) ;
#1247 = CARTESIAN_POINT ( 'NONE',  ( 5.797044115974397727, -3.041585284153121460, 7.552317252643095280 ) ) ;
#1248 = EDGE_CURVE ( 'NONE', #591, #6159, #5371, .T. ) ;
#1249 = VECTOR ( 'NONE', #245, 1000.000000000000000 ) ;
#1250 = CARTESIAN_POINT ( 'NONE',  ( -0.009470964333578336947, 1.736918989853130979, -0.001381148256414715210 ) ) ;
#1251 = DIRECTION ( 'NONE',  ( -0.000000000000000000, -1.000000000000000000, -0.000000000000000000 ) ) ;
#1252 = DIRECTION ( 'NONE',  ( 0.000000000000000000, -0.000000000000000000, 1.000000000000000000 ) ) ;
#1253 = CARTESIAN_POINT ( 'NONE',  ( -8.598522823786217018, -5.605468441343508523, 4.194266966694367937 ) ) ;
#1254 = CARTESIAN_POINT ( 'NONE',  ( 2.938659087691305682, -0.6248358695123148454, -1.220698147741367201 ) ) ;
#1255 = CARTESIAN_POINT ( 'NONE',  ( 5.125482123249077482, -2.428379047751155984, -8.162614942218448633 ) ) ;
#1256 = CARTESIAN_POINT ( 'NONE',  ( 0.003393032073456290782, -3.318431909050806095, 0.001466380215508405159 ) ) ;
#1257 = CARTESIAN_POINT ( 'NONE',  ( 4.347860775837791847E-12, -1.250248446342874464, 3.000000000000000000 ) ) ;
#1258 = ORIENTED_EDGE ( 'NONE', *, *, #6066, .T. ) ;
#1259 = CARTESIAN_POINT ( 'NONE',  ( 0.2553986307826848767, -3.241531621696761345, 9.529909637001024336 ) ) ;
#1260 = CARTESIAN_POINT ( 'NONE',  ( 6.240171643238030086, -0.6875200356345174679, -1.244387149792364200 ) ) ;
#1261 = CARTESIAN_POINT ( 'NONE',  ( 6.013873684566541478, 0.9651694343779330110, 7.493377342962725507 ) ) ;
#1262 = CARTESIAN_POINT ( 'NONE',  ( 0.04869073584516533937, -0.2454201649264839136, 3.176883126404201896 ) ) ;
#1263 = DIRECTION ( 'NONE',  ( 0.000000000000000000, 0.000000000000000000, -1.000000000000000000 ) ) ;
#1264 = LINE ( 'NONE', #4307, #841 ) ;
#1265 = CARTESIAN_POINT ( 'NONE',  ( -3.062493587732582956, 3.854218264809635475, -9.014124638859037475 ) ) ;
#1266 = CARTESIAN_POINT ( 'NONE',  ( 0.000000000000000000, 12.50000000000000000, 0.000000000000000000 ) ) ;
#1267 = CARTESIAN_POINT ( 'NONE',  ( 2.391245621647146713, -4.169278643044665777, 9.236661529689547123 ) ) ;
#1268 = CARTESIAN_POINT ( 'NONE',  ( -6.360342335634119770, 1.208143672809337987, -0.8472230277037549051 ) ) ;
#1269 = CARTESIAN_POINT ( 'NONE',  ( -4.754691295682853536, -0.08357555282199567726, -8.248207747039684179 ) ) ;
#1270 = CARTESIAN_POINT ( 'NONE',  ( -1.035523726008194073E-05, 3.243994494785796601, -0.004346920025837617413 ) ) ;
#1271 = CARTESIAN_POINT ( 'NONE',  ( 6.714895270017225748, -2.001298205658237794, 6.767272188882964556 ) ) ;
#1272 = ORIENTED_EDGE ( 'NONE', *, *, #1366, .F. ) ;
#1273 = CARTESIAN_POINT ( 'NONE',  ( -0.005000807482503550477, -2.397629711715954404, -0.001893600698362894914 ) ) ;
#1274 = ORIENTED_EDGE ( 'NONE', *, *, #3215, .T. ) ;
#1275 = CARTESIAN_POINT ( 'NONE',  ( -9.191816301975610060, 3.336591785137013932, 2.567114456908870856 ) ) ;
#1276 = CARTESIAN_POINT ( 'NONE',  ( 0.000000000000000000, 12.50000000000000000, 0.000000000000000000 ) ) ;
#1277 = CARTESIAN_POINT ( 'NONE',  ( -9.241921624325083684, 4.155599305485360162, -2.840513198124974270 ) ) ;
#1278 = CARTESIAN_POINT ( 'NONE',  ( -9.351248283274612660, -4.687487427943082707, 1.858435211554535060 ) ) ;
#1279 = CARTESIAN_POINT ( 'NONE',  ( -0.5853770658755361733, 2.708454532736999987, 4.471472167980784285 ) ) ;
#1280 = CARTESIAN_POINT ( 'NONE',  ( 2.828427124746187182, -10.09318546555144991, 1.000000000000010214 ) ) ;
#1281 = B_SPLINE_CURVE_WITH_KNOTS ( 'NONE', 3,
 ( #1961, #2336, #3458, #5486, #3934, #5454, #2970, #3310, #1026, #4973, #538, #2515, #2785, #4485, #55, #2307, #4308, #6246, #1817, #3792, #5061, #4120, #5093, #3615, #1083, #1665, #1178, #2089, #1599, #3159, #3681, #2153, #145, #1056, #5032, #1147, #82, #1567, #663, #2545, #566, #6098, #2603, #6032, #597 ),
 .UNSPECIFIED., .F., .F.,
 ( 4, 2, 2, 2, 2, 2, 2, 2, 2, 2, 2, 2, 2, 2, 2, 2, 2, 1, 2, 2, 2, 2, 4 ),
 ( 0.1205756492648857453, 0.1215178381913446792, 0.1224600271178036132, 0.1243444049707214810, 0.1262287828236393628, 0.1281131606765572306, 0.1290553496030161507, 0.1299975385294750985, 0.1318819163823929663, 0.1337662942353108342, 0.1347084831617697542, 0.1356506720882287020, 0.1375350499411465699, 0.1384772388676054899, 0.1394194277940644378, 0.1413038056469823056, 0.1422459945734412257, 0.1431881834999001735, 0.1441303724263590935, 0.1450725613528180413, 0.1469569392057359092, 0.1488413170586537770, 0.1507256949115716449 ),
 .UNSPECIFIED. ) ;
#1282 = CARTESIAN_POINT ( 'NONE',  ( 9.500082087712833356, -3.779957047367064060, 0.8939525498254515812 ) ) ;
#1283 = CYLINDRICAL_SURFACE ( 'NONE', #5800, 1.000000000000000222 ) ;
#1284 = CARTESIAN_POINT ( 'NONE',  ( -1.243537166051225107, -6.208469006262702372, -9.531666665151732332 ) ) ;
#1285 = CARTESIAN_POINT ( 'NONE',  ( 2.457516160127585003, -0.5311004395708788239, -2.020818042405724491 ) ) ;
#1286 = CARTESIAN_POINT ( 'NONE',  ( 6.782139096060938677, -3.001290134625410388, 6.834969933922889318 ) ) ;
#1287 = EDGE_CURVE ( 'NONE', #4053, #6302, #4347, .T. ) ;
#1288 = CARTESIAN_POINT ( 'NONE',  ( -4.470196778714089270, 6.207520389776103542, -0.5947955231009210975 ) ) ;
#1289 = ORIENTED_EDGE ( 'NONE', *, *, #3769, .T. ) ;
#1290 = CARTESIAN_POINT ( 'NONE',  ( -9.429591337933105777, -3.798830816092548357, -1.460720192018352348 ) ) ;
#1291 = CARTESIAN_POINT ( 'NONE',  ( 9.606656792893973673, 1.243494777588520561, 0.1935540951664717346 ) ) ;
#1292 = CARTESIAN_POINT ( 'NONE',  ( 2.731073679559298473, -1.921034323668465937, 1.623413351765964796 ) ) ;
#1293 = CARTESIAN_POINT ( 'NONE',  ( 2.904015056917669924, -1.833620802118439030, 0.7781143938622578915 ) ) ;
#1294 = CARTESIAN_POINT ( 'NONE',  ( 0.000000000000000000, 10.09318546555144991, -9.672884214303364203 ) ) ;
#1295 = CARTESIAN_POINT ( 'NONE',  ( -9.013501340471972156, 1.364599058882336458, 3.378342682008335540 ) ) ;
#1296 = CARTESIAN_POINT ( 'NONE',  ( -1.453740894666585293, 0.8542485642467035900, -4.268895669530031967 ) ) ;
#1297 = CARTESIAN_POINT ( 'NONE',  ( 4.869391917647940993, -4.079425728633457204, 8.205230438634282919 ) ) ;
#1298 = CARTESIAN_POINT ( 'NONE',  ( -1.858961333505933622, 1.655403020350427301, 6.084965755641023932 ) ) ;
#1299 = CARTESIAN_POINT ( 'NONE',  ( 2.980081236513713705, -4.708139976908462643, -0.3966876347931768687 ) ) ;
#1300 = CARTESIAN_POINT ( 'NONE',  ( -0.009328443479761455021, 4.708550943223072771, -0.0003331337375961094041 ) ) ;
#1301 = CARTESIAN_POINT ( 'NONE',  ( 4.270882614153422629, -1.397780659983365759, -8.535068043962715123 ) ) ;
#1302 = ORIENTED_EDGE ( 'NONE', *, *, #6310, .T. ) ;
#1303 = CARTESIAN_POINT ( 'NONE',  ( -0.005208986894222619214, -2.305872668628514255, -0.0001615306092997288690 ) ) ;
#1304 = ORIENTED_EDGE ( 'NONE', *, *, #4091, .F. ) ;
#1305 = CARTESIAN_POINT ( 'NONE',  ( -9.396160266788978532, 3.306007721893267970, 1.667654588717282449 ) ) ;
#1306 = CARTESIAN_POINT ( 'NONE',  ( 4.323717591435053572E-20, -11.09318546555144991, -3.000000000000000444 ) ) ;
#1307 = CARTESIAN_POINT ( 'NONE',  ( -3.467755939419719269, 1.868159266558860221, -8.913536983600163666 ) ) ;
#1308 = EDGE_CURVE ( 'NONE', #556, #5088, #6223, .T. ) ;
#1309 = CARTESIAN_POINT ( 'NONE',  ( 9.300735523316957298, 5.348939409008767853, -2.965602955417238729 ) ) ;
#1310 = CARTESIAN_POINT ( 'NONE',  ( 1.547018964361320137, 0.8020356287415729701, 9.378421849871410032 ) ) ;
#1311 = CARTESIAN_POINT ( 'NONE',  ( -2.697970269882624894, -1.604782013936643770, 1.326593822056014949 ) ) ;
#1312 = CARTESIAN_POINT ( 'NONE',  ( 1.213457386778399316, -3.290692639377908346, -9.456246013530931194 ) ) ;
#1313 = CARTESIAN_POINT ( 'NONE',  ( 0.2628864628644708157, 9.119606302040237367, -4.493937124980997844 ) ) ;
#1314 = CARTESIAN_POINT ( 'NONE',  ( 0.000000000000000000, -6.250000000000000000, -9.531666666666666288 ) ) ;
#1315 = CARTESIAN_POINT ( 'NONE',  ( -0.6240617212507257872, 0.6867935480187047359, 3.119068059972920359 ) ) ;
#1316 = CARTESIAN_POINT ( 'NONE',  ( -0.5532761304998793372, -3.268243009710384950, 9.612508318070975832 ) ) ;
#1317 = CARTESIAN_POINT ( 'NONE',  ( -2.124839647154112665, -2.321615160704684655, 9.292663104679006025 ) ) ;
#1318 = CARTESIAN_POINT ( 'NONE',  ( -7.147409991644321003, -3.980460749154740796, -6.323454388437827589 ) ) ;
#1319 = CARTESIAN_POINT ( 'NONE',  ( 2.897633058614954127, 3.108405794269341715, 1.383966128850561805 ) ) ;
#1320 = CARTESIAN_POINT ( 'NONE',  ( -0.0007340697718992668982, 4.533343392606370870, -0.0008991493184212044631 ) ) ;
#1321 = CARTESIAN_POINT ( 'NONE',  ( 7.343711502076806674, 1.027020224947367444, 6.196166743391433585 ) ) ;
#1322 = CARTESIAN_POINT ( 'NONE',  ( -2.097875950133767375, -0.4798737289213699242, 2.385939752621911936 ) ) ;
#1323 = CARTESIAN_POINT ( 'NONE',  ( 9.487425826920974359, 10.96709218983072631, 0.5032430802820712090 ) ) ;
#1324 = CARTESIAN_POINT ( 'NONE',  ( -1.327705843696708188, -3.104599282952551054, -2.697320831922985551 ) ) ;
#1325 = CARTESIAN_POINT ( 'NONE',  ( -3.173159489568147862, 5.641934519660429359, 8.990256069667092120 ) ) ;
#1326 = ADVANCED_FACE ( 'NONE', ( #490 ), #4315, .F. ) ;
#1327 = CARTESIAN_POINT ( 'NONE',  ( 9.208632420810674901, 6.348938490088603892, -2.936258782897901654 ) ) ;
#1328 = CARTESIAN_POINT ( 'NONE',  ( 2.828427124746193400, -9.962013246694219504, -0.9999999999999902300 ) ) ;
#1329 = CARTESIAN_POINT ( 'NONE',  ( 1.238622658691168388, 0.6874656826572894674, -6.241319551839184854 ) ) ;
#1330 = CARTESIAN_POINT ( 'NONE',  ( -3.054439425901303906, -5.354144080099866976, 9.000928813339022838 ) ) ;
#1331 = CARTESIAN_POINT ( 'NONE',  ( 0.0003629048980827798490, 3.427996604116093415, -0.0003744852153352651661 ) ) ;
#1332 = CARTESIAN_POINT ( 'NONE',  ( 3.058343081314541578, -1.145931881479077763, 9.016090777904592457 ) ) ;
#1333 = VERTEX_POINT ( 'NONE', #6378 ) ;
#1334 = CARTESIAN_POINT ( 'NONE',  ( 0.007106399238410538062, -1.270518279573644937, 0.0005130692931117248907 ) ) ;
#1335 = VERTEX_POINT ( 'NONE', #1395 ) ;
#1336 = CARTESIAN_POINT ( 'NONE',  ( -7.240768048864619111, 5.479832833077024290, 6.356488732326068813 ) ) ;
#1337 = CARTESIAN_POINT ( 'NONE',  ( 2.254341399006127844, 4.583234616642304360, -3.905574974317599590 ) ) ;
#1338 = CARTESIAN_POINT ( 'NONE',  ( 5.856202110752905199, 4.959615925750959775, 7.572804556270543053 ) ) ;
#1339 = CARTESIAN_POINT ( 'NONE',  ( -9.156877645321991110, -4.660154462328822689, 2.657721909010513084 ) ) ;
#1340 = CARTESIAN_POINT ( 'NONE',  ( 1.546832984458553106, -2.302029357097073348, -9.378454473141037084 ) ) ;
#1341 = AXIS2_PLACEMENT_3D ( 'NONE', #1618, #1166, #5668 ) ;
#1342 = CARTESIAN_POINT ( 'NONE',  ( -8.569879156858659641, -4.605471347756693312, 4.180278374304984723 ) ) ;
#1343 = CARTESIAN_POINT ( 'NONE',  ( 9.500010487801191061, 9.093085831411887199, 0.1313930420351519524 ) ) ;
#1344 = CARTESIAN_POINT ( 'NONE',  ( -3.008468992289997423, 5.851565135551778596, -9.156717974032675400 ) ) ;
#1345 = CARTESIAN_POINT ( 'NONE',  ( -1.764986455868616799, -0.06293358865454866391, -2.646665785931622938 ) ) ;
#1346 = CARTESIAN_POINT ( 'NONE',  ( 7.825112554308889301, -2.947901628453859058, 5.609495051216179640 ) ) ;
#1347 = CARTESIAN_POINT ( 'NONE',  ( 4.387482193696057742, 10.22574250807184093, 1.000000000000015765 ) ) ;
#1348 = AXIS2_PLACEMENT_3D ( 'NONE', #5367, #4851, #4917 ) ;
#1349 = ORIENTED_EDGE ( 'NONE', *, *, #4218, .T. ) ;
#1350 = B_SPLINE_CURVE_WITH_KNOTS ( 'NONE', 3,
 ( #5115, #134, #3602, #5050, #6121, #5146, #3669, #194, #1135, #1554, #5602, #2593, #618, #2044, #3179, #1619, #1652, #5504, #4146, #5633, #5020, #4012, #4503, #72, #6052, #1686, #3636, #1167, #164, #586, #3116, #2562, #4567, #683, #4078, #2109, #2077, #4533, #5567, #102, #4046, #4630, #6022, #1588, #5082, #2656 ),
 .UNSPECIFIED., .F., .F.,
 ( 4, 2, 2, 2, 2, 1, 2, 2, 2, 2, 2, 2, 2, 2, 2, 2, 2, 2, 2, 2, 2, 1, 2, 4 ),
 ( 0.2411696401091339703, 0.2421116136124382701, 0.2430535871157425698, 0.2449375341223511693, 0.2458795076256554690, 0.2468214811289597688, 0.2477634546322640685, 0.2487054281355683683, 0.2505893751421769955, 0.2524733221487855950, 0.2543572691553941945, 0.2552992426586984664, 0.2562412161620027939, 0.2581251631686113934, 0.2600091101752199929, 0.2609510836785242649, 0.2618930571818285924, 0.2637770041884371919, 0.2656609511950457914, 0.2675448982016543908, 0.2684868717049586628, 0.2694288452082629903, 0.2703708187115673178, 0.2713127922148715898 ),
 .UNSPECIFIED. ) ;
#1351 = CARTESIAN_POINT ( 'NONE',  ( 8.187496827287025880, -2.921227687188024280, 4.882522800752943759 ) ) ;
#1352 = VECTOR ( 'NONE', #2767, 1000.000000000000000 ) ;
#1353 = CARTESIAN_POINT ( 'NONE',  ( -0.0006263856949867527453, 3.321322930459309486, -0.0007068530659590207058 ) ) ;
#1354 = CARTESIAN_POINT ( 'NONE',  ( 1.871964441484889718, -0.3125128221714663646, -9.424416438716288980 ) ) ;
#1355 = CARTESIAN_POINT ( 'NONE',  ( -2.638832568451585203, 3.061127175511173970, -1.775552542601315231 ) ) ;
#1356 = CARTESIAN_POINT ( 'NONE',  ( 2.980802555365585249, -1.791842375112894903, 0.3918948668535642277 ) ) ;
#1357 = CARTESIAN_POINT ( 'NONE',  ( 9.360878455170469792, 0.3125009178010158539, -1.865100669289337043 ) ) ;
#1358 = CARTESIAN_POINT ( 'NONE',  ( -5.798760586231523462, 4.541500687261081914, 7.550649001159499996 ) ) ;
#1359 = CARTESIAN_POINT ( 'NONE',  ( -9.278997832305892592E-07, 5.749972560483449513, 9.499980388457208491 ) ) ;
#1360 = CARTESIAN_POINT ( 'NONE',  ( -9.619995599572325418, -0.7395979352354805636, 0.3281282185624719294 ) ) ;
#1361 = CARTESIAN_POINT ( 'NONE',  ( 7.616520261710668649E-15, 0.7498437636450012711, -4.500000000000000888 ) ) ;
#1362 = CARTESIAN_POINT ( 'NONE',  ( -5.386735104751585013, 5.071355112740345561, -3.383522051513798701 ) ) ;
#1363 = CARTESIAN_POINT ( 'NONE',  ( 1.504020557786807766, -4.417013447033847129, -2.603104741237816544 ) ) ;
#1364 = CARTESIAN_POINT ( 'NONE',  ( -0.002118105599683151562, 4.980397981241631022, 0.002363266430896234210 ) ) ;
#1365 = CARTESIAN_POINT ( 'NONE',  ( -3.498598495658378660, 0.03131987284000455063, -2.864970263183034493 ) ) ;
#1366 = EDGE_CURVE ( 'NONE', #1839, #3675, #3296, .T. ) ;
#1367 = VERTEX_POINT ( 'NONE', #2406 ) ;
#1368 = ORIENTED_EDGE ( 'NONE', *, *, #1308, .F. ) ;
#1369 = CARTESIAN_POINT ( 'NONE',  ( 2.150045641363449889, 4.677749751361115038, -9.296741680230431015 ) ) ;
#1370 = CARTESIAN_POINT ( 'NONE',  ( 8.538809996874599406, -4.604169602261759309, -4.209731168834776049 ) ) ;
#1371 = CARTESIAN_POINT ( 'NONE',  ( -1.247770536797060847, -6.208462501848759807, -9.563333331801672443 ) ) ;
#1372 = CARTESIAN_POINT ( 'NONE',  ( 0.0007867390291861973538, -5.071152305338113564, -0.0004167196060959922621 ) ) ;
#1373 = CARTESIAN_POINT ( 'NONE',  ( -6.161131587868704962, 2.973630012058658068, -7.273991981225372605 ) ) ;
#1374 = CARTESIAN_POINT ( 'NONE',  ( -2.999570466844489580, -1.792394835859747682, -0.3973185352975335261 ) ) ;
#1375 = CARTESIAN_POINT ( 'NONE',  ( -6.987268405678403127, -4.988266203631366302, -6.487489763905432305 ) ) ;
#1376 = CARTESIAN_POINT ( 'NONE',  ( -0.5942119779727452755, 4.707824806018876984, 4.470309029224000419 ) ) ;
#1377 = CARTESIAN_POINT ( 'NONE',  ( 7.188047608384929177, -2.520189833668053492, -6.325911416228683137 ) ) ;
#1378 = CARTESIAN_POINT ( 'NONE',  ( 0.6177063455814151283, -0.3125553912466526030, -3.120649067088314244 ) ) ;
#1379 = CARTESIAN_POINT ( 'NONE',  ( 5.617001236347865856, 1.551771352305024720, -7.818723840646203627 ) ) ;
#1380 = DIRECTION ( 'NONE',  ( -0.000000000000000000, 1.000000000000000000, -0.000000000000000000 ) ) ;
#1381 = ORIENTED_EDGE ( 'NONE', *, *, #3436, .T. ) ;
#1382 = CARTESIAN_POINT ( 'NONE',  ( 9.026292900379276674, -0.8541498674197924856, 3.061756971521100379 ) ) ;
#1383 = CARTESIAN_POINT ( 'NONE',  ( -0.001041116918394027844, 5.168603141307101190, 0.002887601294833000085 ) ) ;
#1384 = CARTESIAN_POINT ( 'NONE',  ( -6.098445878131504294, -0.03125536796627410158, -7.426149812031643371 ) ) ;
#1385 = CARTESIAN_POINT ( 'NONE',  ( 1.491440137339433925, 0.5943095486856858622, -2.809895541866104907 ) ) ;
#1386 = CARTESIAN_POINT ( 'NONE',  ( 2.980920902650708193, -1.708726546803959856, -0.3911824375940024523 ) ) ;
#1387 = CARTESIAN_POINT ( 'NONE',  ( 9.403409634881858992, 0.1979275343070091842, 1.553897661844076739 ) ) ;
#1388 = EDGE_CURVE ( 'NONE', #1333, #3287, #3129, .T. ) ;
#1389 = CARTESIAN_POINT ( 'NONE',  ( -1.982817503838131268, -5.479434394939968200, 2.259798332072710192 ) ) ;
#1390 = LINE ( 'NONE', #5833, #6308 ) ;
#1391 = CARTESIAN_POINT ( 'NONE',  ( 0.000000000000000000, 12.50000000000000000, 0.000000000000000000 ) ) ;
#1392 = CARTESIAN_POINT ( 'NONE',  ( 6.053223180528378933, 4.348519895687952719, -1.936203582297201686 ) ) ;
#1393 = CARTESIAN_POINT ( 'NONE',  ( -9.259721242700409860, -5.822479924527350192, -2.145538973462975285 ) ) ;
#1394 = CARTESIAN_POINT ( 'NONE',  ( -0.004173088252896334227, 6.605597655585593309, -0.001585830802446428845 ) ) ;
#1395 = CARTESIAN_POINT ( 'NONE',  ( -9.278997832305892592E-07, 5.749972560483449513, 9.499980388457208491 ) ) ;
#1396 = ORIENTED_EDGE ( 'NONE', *, *, #1866, .F. ) ;
#1397 = ORIENTED_EDGE ( 'NONE', *, *, #1866, .T. ) ;
#1398 = CARTESIAN_POINT ( 'NONE',  ( -5.713746418071742106, -4.605761858607073655, 2.785453355694244681 ) ) ;
#1399 = CARTESIAN_POINT ( 'NONE',  ( 2.741001013036510781, 4.541774682078780323, -3.580849685454788212 ) ) ;
#1400 = CARTESIAN_POINT ( 'NONE',  ( -8.080593852705158397, 6.070260055191371684, -5.120931235848047436 ) ) ;
#1401 = CARTESIAN_POINT ( 'NONE',  ( -0.005894989298822402371, -0.2457382367036802795, 0.0001392219191964814908 ) ) ;
#1402 = CARTESIAN_POINT ( 'NONE',  ( 1.102182119232617911E-15, 12.50000000000000000, -8.500000000000000000 ) ) ;
#1403 = CARTESIAN_POINT ( 'NONE',  ( 9.487423669759976974, -9.219288137341203893, 0.5034783458309455284 ) ) ;
#1404 = EDGE_CURVE ( 'NONE', #2347, #3799, #417, .T. ) ;
#1405 = CARTESIAN_POINT ( 'NONE',  ( 8.661980221323963391, -1.611975347931924540, -4.007393160337583637 ) ) ;
#1406 = CARTESIAN_POINT ( 'NONE',  ( -4.499748921814942904, 4.228750268484696484, -0.2977999429122491493 ) ) ;
#1407 = CARTESIAN_POINT ( 'NONE',  ( 9.474729172837385249, -2.703772225613504165, -1.382720748325934723 ) ) ;
#1408 = CARTESIAN_POINT ( 'NONE',  ( -2.025152732762417696, -0.03069639722983782959, -2.453191347947060841 ) ) ;
#1409 = CARTESIAN_POINT ( 'NONE',  ( -8.954092230305262134, 0.1302254739247935278, -3.536258881486875172 ) ) ;
#1410 = CARTESIAN_POINT ( 'NONE',  ( 0.8737179296864371336, -10.59696747778870218, -9.459870873133048974 ) ) ;
#1411 = CARTESIAN_POINT ( 'NONE',  ( -2.782931317294013773, 0.6559239722834641073, 9.129998246194061196 ) ) ;
#1412 = CARTESIAN_POINT ( 'NONE',  ( -0.006139053573728493751, 2.920192415207945924, 0.002808107255742420955 ) ) ;
#1413 = CARTESIAN_POINT ( 'NONE',  ( 9.580785555225709516, 3.268246837355660350, -0.5514260508907982139 ) ) ;
#1414 = CARTESIAN_POINT ( 'NONE',  ( 1.737046588168196237, 1.933743433021888114, 2.664584526327686831 ) ) ;
#1415 = CARTESIAN_POINT ( 'NONE',  ( 2.847298675901539511, -1.854236411050980804, 0.9649236225469670636 ) ) ;
#1416 = CARTESIAN_POINT ( 'NONE',  ( 6.747586904110462136, 0.5000073699984306508, -6.752075018123006700 ) ) ;
#1417 = CARTESIAN_POINT ( 'NONE',  ( -2.397754618650834502, -5.541769411554819946, 1.844935719584962497 ) ) ;
#1418 = CARTESIAN_POINT ( 'NONE',  ( -1.842364585466614857, -4.458322459736548282, 2.400380191389616336 ) ) ;
#1419 = CARTESIAN_POINT ( 'NONE',  ( -1.996623025047143063, 4.895772835966326397, -4.043637119458514562 ) ) ;
#1420 = FACE_OUTER_BOUND ( 'NONE', #463, .T. ) ;
#1421 = CARTESIAN_POINT ( 'NONE',  ( 4.111114135647837564, 4.526011160887765783, -4.854608695011812358 ) ) ;
#1422 = CARTESIAN_POINT ( 'NONE',  ( -3.637176251284839346, -5.374851953244813352, 8.792466674751752365 ) ) ;
#1423 = CARTESIAN_POINT ( 'NONE',  ( -0.001446841775548348124, 6.408653397778193650, -0.001186522807777177580 ) ) ;
#1424 = CARTESIAN_POINT ( 'NONE',  ( 2.323862867842400259, 1.630820499147932923, -5.915049127721177413 ) ) ;
#1425 = CARTESIAN_POINT ( 'NONE',  ( 4.217099510492512415, -1.103906225456875445, 8.535773370764042411 ) ) ;
#1426 = ORIENTED_EDGE ( 'NONE', *, *, #6370, .F. ) ;
#1427 = CARTESIAN_POINT ( 'NONE',  ( -9.499921555113855831, 7.249999996923185641, 1.039178890430571850E-10 ) ) ;
#1428 = CARTESIAN_POINT ( 'NONE',  ( 2.973005583084534109, 3.978975845121869970, 3.390971430696424704 ) ) ;
#1429 = CARTESIAN_POINT ( 'NONE',  ( -3.018478324208437424, 5.851563722264487843, -9.187244807498634813 ) ) ;
#1430 = CARTESIAN_POINT ( 'NONE',  ( 0.001684206424856978749, -0.5834962072049821868, 0.001483802851791604259 ) ) ;
#1431 = LINE ( 'NONE', #1988, #5576 ) ;
#1432 = CARTESIAN_POINT ( 'NONE',  ( 4.200820821521308090, -2.395712723082542794, -8.526472793782669868 ) ) ;
#1433 = ORIENTED_EDGE ( 'NONE', *, *, #1287, .T. ) ;
#1434 = CARTESIAN_POINT ( 'NONE',  ( -9.541179279653912104, -0.7916426445837368986, -1.269288226660579832 ) ) ;
#1435 = CARTESIAN_POINT ( 'NONE',  ( 9.487423669759976974, 9.219288137341203893, 0.5034783458309455284 ) ) ;
#1436 = CARTESIAN_POINT ( 'NONE',  ( -6.873534102525129086, -1.505216605587312406, 6.649504386932810540 ) ) ;
#1437 = CARTESIAN_POINT ( 'NONE',  ( 0.8988094229809123759, 0.7796379506962463068, 9.597582520068959511 ) ) ;
#1438 = DIRECTION ( 'NONE',  ( 0.000000000000000000, 0.000000000000000000, 1.000000000000000000 ) ) ;
#1439 = ADVANCED_FACE ( 'NONE', ( #6020 ), #132, .F. ) ;
#1440 = ORIENTED_EDGE ( 'NONE', *, *, #715, .F. ) ;
#1441 = AXIS2_PLACEMENT_3D ( 'NONE', #1266, #4697, #3311 ) ;
#1442 = CARTESIAN_POINT ( 'NONE',  ( 7.644278574519447922, -0.9583524076315718121, 5.849017273198611200 ) ) ;
#1443 = CARTESIAN_POINT ( 'NONE',  ( 2.079081212718846938, 5.522714412759672342, -2.403878545879030160 ) ) ;
#1444 = CARTESIAN_POINT ( 'NONE',  ( -7.412386673242558288, 2.030612285891144619, -6.112209459607642614 ) ) ;
#1445 = CARTESIAN_POINT ( 'NONE',  ( 3.119450313781941819, 0.3124590111381183033, -0.6236752595228495233 ) ) ;
#1446 = CARTESIAN_POINT ( 'NONE',  ( -9.843087985161272294E-13, 9.093185465542742207, -9.500000000000916600 ) ) ;
#1447 = VECTOR ( 'NONE', #2122, 1000.000000000000000 ) ;
#1448 = CARTESIAN_POINT ( 'NONE',  ( 2.478129953083425985, -0.1666578889581097345, 9.300689600783067945 ) ) ;
#1449 = TOROIDAL_SURFACE ( 'NONE', #2491, 5.500000000000000000, 1.000000000000000000 ) ;
#1450 = CARTESIAN_POINT ( 'NONE',  ( 5.197109561282109436E-12, -5.250262212998620726, 3.000000000000000444 ) ) ;
#1451 = CARTESIAN_POINT ( 'NONE',  ( -2.904010395766012387, -4.833652073754387324, -0.7777181304042254384 ) ) ;
#1452 = CARTESIAN_POINT ( 'NONE',  ( 5.163894003808641386, -2.948202202501424729, 3.703907500053211344 ) ) ;
#1453 = CARTESIAN_POINT ( 'NONE',  ( 1.213457386778399316, -3.290692639377908346, -9.456246013530931194 ) ) ;
#1454 = CARTESIAN_POINT ( 'NONE',  ( 0.7489656183231524489, 3.787528259181209833, 6.378025058075285969 ) ) ;
#1455 = CARTESIAN_POINT ( 'NONE',  ( -7.554091284275193274, -3.541706001943235815, 5.793949149697337653 ) ) ;
#1456 = CARTESIAN_POINT ( 'NONE',  ( 1.000000000000000222, -10.09318546555144991, -9.447221813845592564 ) ) ;
#1457 = CARTESIAN_POINT ( 'NONE',  ( 2.577449068383109054, 3.616959940648277083, -5.816629871905589333 ) ) ;
#1458 = CARTESIAN_POINT ( 'NONE',  ( 1.553240256255635554, -1.197749769685768406, 9.377270315285752389 ) ) ;
#1459 = LOCAL_TIME ( 21, 9, 25.00000000000000000, #2099 ) ;
#1460 = CARTESIAN_POINT ( 'NONE',  ( 0.002956552372625877514, -0.06316084369106274299, -0.001188932746967860145 ) ) ;
#1461 = EDGE_LOOP ( 'NONE', ( #3187, #2423, #2540, #3785 ) ) ;
#1462 = CARTESIAN_POINT ( 'NONE',  ( 2.862751483605203706, -3.398670635755126845, -5.674693882341392381 ) ) ;
#1463 = CARTESIAN_POINT ( 'NONE',  ( 2.742294961830928024, 3.957961068007303407, 3.579892805075745699 ) ) ;
#1464 = CARTESIAN_POINT ( 'NONE',  ( 7.734275682689918163, 5.049495170813823819, 5.641520564684999961 ) ) ;
#1465 = CARTESIAN_POINT ( 'NONE',  ( -0.002088074505066457066, -2.587732601348396333, -0.004209310939333903157 ) ) ;
#1466 = CARTESIAN_POINT ( 'NONE',  ( 8.837528639976107538E-07, 3.750028942977245094, 9.499924767882959031 ) ) ;
#1467 = CARTESIAN_POINT ( 'NONE',  ( 1.982270439215438218, -2.479361094908116403, -2.260381757776273481 ) ) ;
#1468 = ADVANCED_FACE ( 'NONE', ( #3080 ), #2043, .T. ) ;
#1469 = CARTESIAN_POINT ( 'NONE',  ( 4.270882614153422629, -1.397780659983365759, -8.535068043962715123 ) ) ;
#1470 = CARTESIAN_POINT ( 'NONE',  ( 4.355605639723989064, 1.333339704041487384, -1.168784833803867107 ) ) ;
#1471 = CARTESIAN_POINT ( 'NONE',  ( -1.078020868961988787, -2.214173892223907814, -9.514024009434852047 ) ) ;
#1472 = CARTESIAN_POINT ( 'NONE',  ( 8.832067690467740206, -0.8802144683286861060, 3.830895295144827184 ) ) ;
#1473 = CARTESIAN_POINT ( 'NONE',  ( -8.846135516247343844, 5.371738075141105462, 3.556380912361949864 ) ) ;
#1474 = CARTESIAN_POINT ( 'NONE',  ( 0.000000000000000000, 11.50000000000000000, 0.000000000000000000 ) ) ;
#1475 = CARTESIAN_POINT ( 'NONE',  ( 8.744646073484265258, -0.8802123780138453313, 3.792912461485177023 ) ) ;
#1476 = CARTESIAN_POINT ( 'NONE',  ( -2.410697500945837568, 4.480068147392770150, 2.122768972270511423 ) ) ;
#1477 = CARTESIAN_POINT ( 'NONE',  ( -0.005669416758139558983, 5.851989121737672050, 0.001332065755542928033 ) ) ;
#1478 = CARTESIAN_POINT ( 'NONE',  ( -7.289034221024825122, 4.479830475618320484, 6.398810877128640051 ) ) ;
#1479 = CARTESIAN_POINT ( 'NONE',  ( 3.159543265080161145, 2.212628422296601283, 0.3710556146335772243 ) ) ;
#1480 = CARTESIAN_POINT ( 'NONE',  ( -0.2620783982013321078, 9.119243057934598440, -4.494011144182753270 ) ) ;
#1481 = CARTESIAN_POINT ( 'NONE',  ( 0.000000000000000000, 11.09318546555144991, -9.500000000000000000 ) ) ;
#1482 = B_SPLINE_CURVE_WITH_KNOTS ( 'NONE', 3,
 ( #3778, #4611, #5751, #4261, #5159, #5614, #1179, #2739 ),
 .UNSPECIFIED., .F., .F.,
 ( 4, 2, 2, 4 ),
 ( 0.004693310342365659277, 0.005084109443144326640, 0.005474908543922994003, 0.006256506745480329597 ),
 .UNSPECIFIED. ) ;
#1483 = CARTESIAN_POINT ( 'NONE',  ( -3.726566327945463275, -1.122403638202082110, -8.786112056361414346 ) ) ;
#1484 = EDGE_CURVE ( 'NONE', #1792, #3709, #4076, .T. ) ;
#1485 = CARTESIAN_POINT ( 'NONE',  ( -4.565786527174146237, -1.505146268384490504, 4.419734893410236509 ) ) ;
#1486 = CARTESIAN_POINT ( 'NONE',  ( 2.014295203814442381, -3.317700339082044536, -9.318127605830991200 ) ) ;
#1487 = CARTESIAN_POINT ( 'NONE',  ( -5.896765565254323604, 5.371802239565969472, 2.372718417369778177 ) ) ;
#1488 = CARTESIAN_POINT ( 'NONE',  ( -1.857524779741192900, -4.187455913643516325, -9.332001904134289205 ) ) ;
#1489 = DIRECTION ( 'NONE',  ( 0.000000000000000000, 0.000000000000000000, -1.000000000000000000 ) ) ;
#1490 = CARTESIAN_POINT ( 'NONE',  ( -2.671870239077124953, 2.611821235737806113, 5.774528426939772530 ) ) ;
#1491 = CARTESIAN_POINT ( 'NONE',  ( 9.484928147980433266, -0.7292677250409544953, -0.6186860074789570785 ) ) ;
#1492 = CARTESIAN_POINT ( 'NONE',  ( 4.414766626967797869, 9.588511986709280066, 0.8731976413409850979 ) ) ;
#1493 = CARTESIAN_POINT ( 'NONE',  ( 1.343994479900705752, -3.317944195738063762, -6.211596277148696998 ) ) ;
#1494 = CARTESIAN_POINT ( 'NONE',  ( -2.649305995355064169, -7.533563972438950609E-16, -2.645503315773690467 ) ) ;
#1495 = CARTESIAN_POINT ( 'NONE',  ( 4.299382562139813402, -2.397781669479312150, -8.591941455908990832 ) ) ;
#1496 = B_SPLINE_CURVE_WITH_KNOTS ( 'NONE', 3,
 ( #3633, #1648, #5597, #2653 ),
 .UNSPECIFIED., .F., .F.,
 ( 4, 4 ),
 ( 5.059231827788876479E-05, 0.001050592321354618629 ),
 .UNSPECIFIED. ) ;
#1497 = CARTESIAN_POINT ( 'NONE',  ( 0.001138116284342310111, -0.9484195240948404271, -0.0007511207831732690529 ) ) ;
#1498 = CARTESIAN_POINT ( 'NONE',  ( -9.104231523777601254, 3.152997287590442177, -2.860831364633125595 ) ) ;
#1499 = CARTESIAN_POINT ( 'NONE',  ( 1.831271438490753134, -2.458744409229072225, -2.384269732703675704 ) ) ;
#1500 = VERTEX_POINT ( 'NONE', #6050 ) ;
#1501 = CARTESIAN_POINT ( 'NONE',  ( 2.478129953083425985, -0.1666578889581097345, 9.300689600783067945 ) ) ;
#1502 = CARTESIAN_POINT ( 'NONE',  ( 4.356528252437351867, 1.166564095855391114, 1.164921762748355016 ) ) ;
#1503 = CARTESIAN_POINT ( 'NONE',  ( -8.894975901147423869, 0.1302191127171831442, -3.512953743547970742 ) ) ;
#1504 = CARTESIAN_POINT ( 'NONE',  ( -0.4538390961840234050, 2.704069352415607419, 3.147946575844578376 ) ) ;
#1505 = CARTESIAN_POINT ( 'NONE',  ( 8.666193250746637489, 1.393562695006268948, -4.194779343609854827 ) ) ;
#1506 = CARTESIAN_POINT ( 'NONE',  ( -3.997995511040297600E-15, 6.749787647118780320, -4.500000000000000888 ) ) ;
#1507 = CARTESIAN_POINT ( 'NONE',  ( 0.1960593694404476617, -4.229434917261335691, 3.000000000000324185 ) ) ;
#1508 = CARTESIAN_POINT ( 'NONE',  ( -3.655851337027771208, -0.1249966425401544817, -8.818007438548301380 ) ) ;
#1509 = CARTESIAN_POINT ( 'NONE',  ( -3.166668815443036689, 6.209227612428882104, -0.3926180275244083306 ) ) ;
#1510 = CARTESIAN_POINT ( 'NONE',  ( 2.321793856022934754, -4.989704477228003476, 2.174037021396122871 ) ) ;
#1511 = CARTESIAN_POINT ( 'NONE',  ( 9.593440132742612647, 3.241529760115823944, 0.2571454244160171765 ) ) ;
#1512 = CARTESIAN_POINT ( 'NONE',  ( -1.606295704013423142, 3.581333452742343049, 2.745431160145621163 ) ) ;
#1513 = DIRECTION ( 'NONE',  ( 1.000000000000000000, 0.000000000000000000, 0.000000000000000000 ) ) ;
#1514 = CYLINDRICAL_SURFACE ( 'NONE', #4968, 9.500000000000000000 ) ;
#1515 = CARTESIAN_POINT ( 'NONE',  ( -4.356758596689543239, 1.332989529923228833, 1.163970662241543552 ) ) ;
#1516 = CARTESIAN_POINT ( 'NONE',  ( -0.0009221167855721762712, -4.810473533995833328, 0.001738877339713846030 ) ) ;
#1517 = CARTESIAN_POINT ( 'NONE',  ( 0.3989812287010961467, -3.290401406294275688, -3.152289304304188633 ) ) ;
#1518 = CARTESIAN_POINT ( 'NONE',  ( -9.500057918296009873, -3.739688825410580009, 0.3076983197135676473 ) ) ;
#1519 = CARTESIAN_POINT ( 'NONE',  ( 8.837528639976107538E-07, 3.750028942977245094, 9.499924767882959031 ) ) ;
#1520 = CARTESIAN_POINT ( 'NONE',  ( 1.435297106781200371, 3.677425124787301769, -6.197179848668613822 ) ) ;
#1521 = CARTESIAN_POINT ( 'NONE',  ( 0.000000000000000000, -12.50000000000000000, 0.000000000000000000 ) ) ;
#1522 = ORIENTED_EDGE ( 'NONE', *, *, #1558, .F. ) ;
#1523 = EDGE_CURVE ( 'NONE', #2219, #2267, #3830, .T. ) ;
#1524 = CARTESIAN_POINT ( 'NONE',  ( 4.387482193696056854, 10.09318546555144991, 1.000000000000015543 ) ) ;
#1525 = CARTESIAN_POINT ( 'NONE',  ( -0.5868152364860783621, 6.769538659920162793, -9.516541115635909875 ) ) ;
#1526 = CARTESIAN_POINT ( 'NONE',  ( 0.5913258498503608518, 4.791578029221719603, 4.470577862043479733 ) ) ;
#1527 = CARTESIAN_POINT ( 'NONE',  ( -8.695287208926142597, -3.889657398846203318, -4.083151240177489427 ) ) ;
#1528 = CARTESIAN_POINT ( 'NONE',  ( -0.004361016468902756578, -1.244739724630341549, -0.0001000806833705985026 ) ) ;
#1529 = CARTESIAN_POINT ( 'NONE',  ( 7.549159004765330749, 3.041411767889493412, 5.801164303798910460 ) ) ;
#1530 = CARTESIAN_POINT ( 'NONE',  ( 1.986004837595016781, -3.020594903388805097, 2.256966736710676269 ) ) ;
#1531 = ORIENTED_EDGE ( 'NONE', *, *, #1404, .T. ) ;
#1532 = ORIENTED_EDGE ( 'NONE', *, *, #744, .T. ) ;
#1533 = CARTESIAN_POINT ( 'NONE',  ( -9.296862819190831573, -2.677749756668457604, 2.150081127957391036 ) ) ;
#1534 = CARTESIAN_POINT ( 'NONE',  ( -3.997995511040297600E-15, 6.749787647118780320, -4.500000000000000888 ) ) ;
#1535 = CARTESIAN_POINT ( 'NONE',  ( -6.303853658335699883, 0.5208526939986369841, 7.191408285911196074 ) ) ;
#1536 = CARTESIAN_POINT ( 'NONE',  ( 3.539463873854249432, 4.869790745293264500, 8.963870841760130048 ) ) ;
#1537 = CARTESIAN_POINT ( 'NONE',  ( -8.510295895256922094, 5.398778124719004090, 4.297189363118788741 ) ) ;
#1538 = CARTESIAN_POINT ( 'NONE',  ( 1.828766255700141841, -3.458416972624644536, -2.386248001916544403 ) ) ;
#1539 = CARTESIAN_POINT ( 'NONE',  ( -4.500127719566734186, 5.229209282019782634, -0.2913086518740936603 ) ) ;
#1540 = CARTESIAN_POINT ( 'NONE',  ( 4.326913827683780411, 4.899734959810558621, 8.503992293580372674 ) ) ;
#1541 = CARTESIAN_POINT ( 'NONE',  ( 2.274283797244846639, 3.496292974408379273, -2.224247488168194842 ) ) ;
#1542 = CARTESIAN_POINT ( 'NONE',  ( -2.380908690866483379, -3.980915719971891864, -2.109221138721895539 ) ) ;
#1543 = CARTESIAN_POINT ( 'NONE',  ( -9.253056499151172787, 2.336587471258963600, 2.584139775982778886 ) ) ;
#1544 = CARTESIAN_POINT ( 'NONE',  ( -1.075806784025554963, 4.859646331153007814, -2.993634088247441039 ) ) ;
#1545 = CARTESIAN_POINT ( 'NONE',  ( -1.549176938413812351E-16, 4.749803424434003496, 4.500000000000000888 ) ) ;
#1546 = CARTESIAN_POINT ( 'NONE',  ( 2.999961661040286831, -0.7082127430253065681, -0.3953301400635484963 ) ) ;
#1547 = CARTESIAN_POINT ( 'NONE',  ( -6.657632223781132730, -5.496093258665804449, 6.825903815603899361 ) ) ;
#1548 = VECTOR ( 'NONE', #721, 1000.000000000000000 ) ;
#1549 = CARTESIAN_POINT ( 'NONE',  ( 5.459271521851442266, -2.921131005334483444, 3.252961670249896020 ) ) ;
#1550 = CARTESIAN_POINT ( 'NONE',  ( -2.832382202031724194, -4.906185078443494163, -1.516183385233775827 ) ) ;
#1551 = CARTESIAN_POINT ( 'NONE',  ( -6.266335441736575085, -3.479132140942400309, 7.147009145357602122 ) ) ;
#1552 = CARTESIAN_POINT ( 'NONE',  ( -0.9673058142230840373, -1.146021248100798084, -2.846541866898204098 ) ) ;
#1553 = CARTESIAN_POINT ( 'NONE',  ( 5.535581447951962275, -0.4478822930004519032, -7.726779956793154547 ) ) ;
#1554 = CARTESIAN_POINT ( 'NONE',  ( -4.756709484988766334, 1.916834019339103357, -8.229231661310130619 ) ) ;
#1555 = CARTESIAN_POINT ( 'NONE',  ( -6.306567107776443137, -2.708437905829241377, 0.8318073479908035806 ) ) ;
#1556 = CARTESIAN_POINT ( 'NONE',  ( 4.044823114524416674, 5.395646602360204547, -1.993879161561592284 ) ) ;
#1557 = CARTESIAN_POINT ( 'NONE',  ( -3.751498403427850903, -2.122396838090080173, -8.844763958550462490 ) ) ;
#1558 = EDGE_CURVE ( 'NONE', #3675, #4605, #5693, .T. ) ;
#1559 = VECTOR ( 'NONE', #6197, 1000.000000000000000 ) ;
#1560 = CARTESIAN_POINT ( 'NONE',  ( 0.003123928826729385246, 2.498221869403630890, 0.003104071795352265298 ) ) ;
#1561 = CARTESIAN_POINT ( 'NONE',  ( 7.543486541401324352, 3.458183980480884046, -5.782932482981077094 ) ) ;
#1562 = ORIENTED_EDGE ( 'NONE', *, *, #4434, .F. ) ;
#1563 = CARTESIAN_POINT ( 'NONE',  ( 2.774058188518237600, 0.6562437932796452156, -9.133494294699339378 ) ) ;
#1564 = CARTESIAN_POINT ( 'NONE',  ( 1.163467968512046591, 0.8329458630201376224, 4.356920237446836985 ) ) ;
#1565 = CARTESIAN_POINT ( 'NONE',  ( 9.531666547826343816, -0.7760410491235452124, 0.7796554566888029836 ) ) ;
#1566 = CARTESIAN_POINT ( 'NONE',  ( -7.436959058660225885, 2.030617454039137293, -6.132420510555495419 ) ) ;
#1567 = CARTESIAN_POINT ( 'NONE',  ( -5.533767531904124404, -1.447805572767897120, 7.728188054450549238 ) ) ;
#1568 = CARTESIAN_POINT ( 'NONE',  ( 1.833182705385451250, -4.041527535451441722, 2.382965609422914355 ) ) ;
#1569 = CARTESIAN_POINT ( 'NONE',  ( -6.211669348186791062, 4.317695784007884008, 1.344020918873383819 ) ) ;
#1570 = CARTESIAN_POINT ( 'NONE',  ( 0.000000000000000000, 0.000000000000000000, -3.000000000000000444 ) ) ;
#1571 = CARTESIAN_POINT ( 'NONE',  ( -3.393284232050203464, 5.020892705374954801, -2.970416771368018960 ) ) ;
#1572 = CARTESIAN_POINT ( 'NONE',  ( 8.431069880654902704, 3.405279779860356015, -4.470293991230960273 ) ) ;
#1573 = CARTESIAN_POINT ( 'NONE',  ( -2.109233656607708340, 3.980418902463950026, -2.380897601857000279 ) ) ;
#1574 = CARTESIAN_POINT ( 'NONE',  ( 0.3989790489955890584, -4.290401406316248334, -3.152243674460218248 ) ) ;
#1575 = CARTESIAN_POINT ( 'NONE',  ( -9.611816704342992068, -5.769542126035516638, -0.5927627859693774814 ) ) ;
#1576 = CARTESIAN_POINT ( 'NONE',  ( 0.5971360345475530407, 5.809790214424088717, 3.123398570364476434 ) ) ;
#1577 = CARTESIAN_POINT ( 'NONE',  ( -3.959383237034205114E-15, 5.749803742024721664, 4.499999999999999112 ) ) ;
#1578 = B_SPLINE_CURVE_WITH_KNOTS ( 'NONE', 3,
 ( #1057, #1507, #5033, #2026, #598, #4059, #1148, #1568, #5580, #5455, #5518, #83, #3033, #5546, #4516, #505, #1114, #5062, #3968, #4456, #4579, #3552, #1600, #567, #1538, #23, #1027, #5946, #1084, #4546 ),
 .UNSPECIFIED., .F., .F.,
 ( 4, 2, 2, 2, 2, 2, 2, 2, 2, 2, 2, 2, 2, 2, 4 ),
 ( 0.009422767218907173933, 0.01001159340842080331, 0.01060041959793443095, 0.01118924578744805859, 0.01177807197696168796, 0.01236689816647531734, 0.01295572435598894498, 0.01413337673501620199, 0.01472220292452983137, 0.01531102911404345901, 0.01589985530355708665, 0.01648868149307071429, 0.01707750768258434540, 0.01766633387209797304, 0.01884398625112523179 ),
 .UNSPECIFIED. ) ;
#1579 = CARTESIAN_POINT ( 'NONE',  ( 3.902868822649280922, 2.416762808923061279, -2.259251292902030528 ) ) ;
#1580 = CARTESIAN_POINT ( 'NONE',  ( 8.875096900471802996, -4.869793800623938296, 3.504484013920494245 ) ) ;
#1581 = CARTESIAN_POINT ( 'NONE',  ( -6.008305966532263120, -1.635217495815756372, 2.254929988047924105 ) ) ;
#1582 = CC_DESIGN_PERSON_AND_ORGANIZATION_ASSIGNMENT ( #251, #3073, ( #4870 ) ) ;
#1583 = CARTESIAN_POINT ( 'NONE',  ( 2.836924745141090831, -3.899509564942646556, 1.438063030059187453 ) ) ;
#1584 = CARTESIAN_POINT ( 'NONE',  ( -9.485030433327068522, -3.729304478988547888, 0.6175938142698874644 ) ) ;
#1585 = CARTESIAN_POINT ( 'NONE',  ( -1.830361367255860072, -1.041888603495723320, -2.384945832921923969 ) ) ;
#1586 = CARTESIAN_POINT ( 'NONE',  ( 0.6261732782149865839, -0.2709834733558439401, -9.484463940848266716 ) ) ;
#1587 = FACE_BOUND ( 'NONE', #169, .T. ) ;
#1588 = CARTESIAN_POINT ( 'NONE',  ( -0.6264609312272553243, 2.729006779277446615, 9.484415256366897751 ) ) ;
#1589 = CARTESIAN_POINT ( 'NONE',  ( -5.759690276094362460, -2.889522946402925729, -2.701745450755220546 ) ) ;
#1590 = CARTESIAN_POINT ( 'NONE',  ( -2.123020830892590638, -7.538130009420243322E-16, -2.119618491992792730 ) ) ;
#1591 = CARTESIAN_POINT ( 'NONE',  ( 0.001417644890606408522, 2.392765137213793469, 0.004002500346349712780 ) ) ;
#1592 = CARTESIAN_POINT ( 'NONE',  ( 9.256881471111144677, 3.177086098137061221, 2.158066375847411233 ) ) ;
#1593 = EDGE_LOOP ( 'NONE', ( #5775, #5379, #5592, #623, #2283, #1426 ) ) ;
#1594 = ORIENTED_EDGE ( 'NONE', *, *, #1388, .T. ) ;
#1595 = CARTESIAN_POINT ( 'NONE',  ( 6.759835200213510475, 2.499029036357472755, -6.721225031936820749 ) ) ;
#1596 = CARTESIAN_POINT ( 'NONE',  ( 0.000000000000000000, 11.50000000000000000, 0.000000000000000000 ) ) ;
#1597 = CARTESIAN_POINT ( 'NONE',  ( 9.509319685624443963, 1.212558734853355968, 1.126562005614439643 ) ) ;
#1598 = CARTESIAN_POINT ( 'NONE',  ( -7.632946531220335729, 4.041047162489633138, -5.884600232325047919 ) ) ;
#1599 = CARTESIAN_POINT ( 'NONE',  ( -8.894022526064540912, -1.635247528045149945, 3.352958326119761967 ) ) ;
#1600 = CARTESIAN_POINT ( 'NONE',  ( 2.257126747560546320, -3.520596239740618305, -1.985886181578807141 ) ) ;
#1601 = EDGE_CURVE ( 'NONE', #1240, #4658, #1751, .T. ) ;
#1602 = CARTESIAN_POINT ( 'NONE',  ( 0.003180153605057864721, 1.498221873016160499, 0.003040150012413034286 ) ) ;
#1603 = CARTESIAN_POINT ( 'NONE',  ( 9.480623866510134334, -10.89374450023732166, -0.6136278050134024165 ) ) ;
#1604 = LINE ( 'NONE', #2518, #1044 ) ;
#1605 = CARTESIAN_POINT ( 'NONE',  ( -8.846114753948937093, 4.371738075292730841, 3.556379192137181899 ) ) ;
#1606 = CARTESIAN_POINT ( 'NONE',  ( 1.192513129230512448, 4.809852121051021889, 6.247763423672257233 ) ) ;
#1607 = CARTESIAN_POINT ( 'NONE',  ( 3.243819471554801215, -5.079817787974361565, 5.471356836709901472 ) ) ;
#1608 = CARTESIAN_POINT ( 'NONE',  ( -3.051356583436014347, -5.852344610669949709, -1.006586568412085825 ) ) ;
#1609 = CARTESIAN_POINT ( 'NONE',  ( -8.655645478561961426, -5.605462631126501449, 4.222163467066580189 ) ) ;
#1610 = CARTESIAN_POINT ( 'NONE',  ( 1.853845935813413170, 3.947997204257612580, 2.580186322185149983 ) ) ;
#1611 = CARTESIAN_POINT ( 'NONE',  ( 1.165572368090066258, 2.666503056912383318, -4.356283873718059141 ) ) ;
#1612 = CARTESIAN_POINT ( 'NONE',  ( 9.395985838846904414, -4.695961532800144944, -1.612564416315150240 ) ) ;
#1613 = CARTESIAN_POINT ( 'NONE',  ( 6.333333029094207589, -0.7192787096478325815, -0.6175393559568392865 ) ) ;
#1614 = CARTESIAN_POINT ( 'NONE',  ( 3.268075165317235076, 6.578089615835893689, -5.451501421482597642 ) ) ;
#1615 = CARTESIAN_POINT ( 'NONE',  ( 1.088266575379609469E-11, -2.250250062667548789, 3.000000000000000444 ) ) ;
#1616 = CARTESIAN_POINT ( 'NONE',  ( -2.260861641114739751, -0.9792691482544795267, -1.981791313017831735 ) ) ;
#1617 = DIRECTION ( 'NONE',  ( -0.000000000000000000, 1.000000000000000000, -0.000000000000000000 ) ) ;
#1618 = CARTESIAN_POINT ( 'NONE',  ( 0.000000000000000000, 10.09318546555144991, -9.672884214303364203 ) ) ;
#1619 = CARTESIAN_POINT ( 'NONE',  ( -7.554039269211407337, 2.041703370254128291, -5.794021386121940509 ) ) ;
#1620 = CARTESIAN_POINT ( 'NONE',  ( -3.355561749534519134, -0.4271489980041908718, 5.395475145925568761 ) ) ;
#1621 = CARTESIAN_POINT ( 'NONE',  ( -3.062577389907858105, -0.1457799032924758376, -9.014159161305791201 ) ) ;
#1622 = CARTESIAN_POINT ( 'NONE',  ( -0.003929272785217432021, 0.4689797597990414402, -0.004823340578051829239 ) ) ;
#1623 = CARTESIAN_POINT ( 'NONE',  ( 9.180247631930555485, 3.166538754882677775, 2.463773053206110397 ) ) ;
#1624 = ORIENTED_EDGE ( 'NONE', *, *, #1523, .F. ) ;
#1625 = EDGE_LOOP ( 'NONE', ( #3756, #2502, #6059, #3351 ) ) ;
#1626 = CARTESIAN_POINT ( 'NONE',  ( 7.294995678404643691, 2.472644497582921375, -6.135516505785211017 ) ) ;
#1627 = CARTESIAN_POINT ( 'NONE',  ( 2.743479651348068149, 0.9580581685981702789, 3.579208278865666948 ) ) ;
#1628 = CARTESIAN_POINT ( 'NONE',  ( 2.486411148133180760, -1.166655944292815494, 9.331752721004523465 ) ) ;
#1629 = CARTESIAN_POINT ( 'NONE',  ( -2.305927052056321536, 2.673208552038928598, 9.358812352701070481 ) ) ;
#1630 = CARTESIAN_POINT ( 'NONE',  ( 8.231090518305341774, 5.083290387979403135, 4.753494075774387539 ) ) ;
#1631 = LINE ( 'NONE', #2516, #1447 ) ;
#1632 = CARTESIAN_POINT ( 'NONE',  ( -0.005867757178541325308, 2.519058101411583817, -0.004938810589495189717 ) ) ;
#1633 = CARTESIAN_POINT ( 'NONE',  ( -0.5871753925318579093, 2.791390941427881245, -4.471170210366382847 ) ) ;
#1634 = CARTESIAN_POINT ( 'NONE',  ( -3.575808255346060616, 7.041199378535798026, -2.747722266092017307 ) ) ;
#1635 = CARTESIAN_POINT ( 'NONE',  ( -9.542781654493730059, 2.244796431519164859, -0.1532035537577900453 ) ) ;
#1636 = CARTESIAN_POINT ( 'NONE',  ( -0.8002734369895717625, -4.209935713631855592, -6.373914413004339252 ) ) ;
#1637 = CARTESIAN_POINT ( 'NONE',  ( 1.691327524298916307, -2.428622100323819311, -2.693721372990329321 ) ) ;
#1638 = CARTESIAN_POINT ( 'NONE',  ( 9.080293170051131568, -4.641937992769939569, -3.204854914882966366 ) ) ;
#1639 = CARTESIAN_POINT ( 'NONE',  ( 2.058217032510606170, 4.525656209266885277, -2.425022769089884456 ) ) ;
#1640 =( NAMED_UNIT ( * ) PLANE_ANGLE_UNIT ( ) SI_UNIT ( $, .RADIAN. ) );
#1641 = EDGE_CURVE ( 'NONE', #5745, #5319, #162, .T. ) ;
#1642 = CARTESIAN_POINT ( 'NONE',  ( -1.000000000000000444, 10.22376607961228956, -9.447221813845596117 ) ) ;
#1643 = ORIENTED_EDGE ( 'NONE', *, *, #1020, .F. ) ;
#1644 = CARTESIAN_POINT ( 'NONE',  ( 7.506766836075970062, -4.533830169234604135, -6.039768842152530404 ) ) ;
#1645 = CARTESIAN_POINT ( 'NONE',  ( 2.387228090660087787, 0.8721029346639000979, 5.898585233623674817 ) ) ;
#1646 = CARTESIAN_POINT ( 'NONE',  ( -4.327313030360618207, 6.988264405712996563, -4.656151291571095641 ) ) ;
#1647 = CARTESIAN_POINT ( 'NONE',  ( 0.7817514343107403452, -2.166484638271357621, 2.903082014106425301 ) ) ;
#1648 = CARTESIAN_POINT ( 'NONE',  ( -4.499999999980809129, 6.916274444286336198, 1.314192265048415314E-05 ) ) ;
#1649 = CARTESIAN_POINT ( 'NONE',  ( -9.541027130853098726, 1.208338015119268416, -1.269845255243979620 ) ) ;
#1650 = VECTOR ( 'NONE', #1617, 1000.000000000000000 ) ;
#1651 = CARTESIAN_POINT ( 'NONE',  ( 7.728246192590513708, 1.052201539876018055, 5.533547879973091277 ) ) ;
#1652 = CARTESIAN_POINT ( 'NONE',  ( -8.242860779143718730, 2.083235037671897771, -4.763343287994331376 ) ) ;
#1653 = CARTESIAN_POINT ( 'NONE',  ( -5.989499690097829898, -2.859762660086176300, -2.144134420071447611 ) ) ;
#1654 = CARTESIAN_POINT ( 'NONE',  ( -7.148582767274171523, 0.4790527899017705815, 6.264567863227225253 ) ) ;
#1655 = CARTESIAN_POINT ( 'NONE',  ( -0.006150225322522620205, 0.7502364533659513501, -0.0002882600088183003462 ) ) ;
#1656 = CARTESIAN_POINT ( 'NONE',  ( 1.552909185487724830, 3.697764005633640494, -9.377376648220993260 ) ) ;
#1657 = AXIS2_PLACEMENT_3D ( 'NONE', #2382, #3989, #5909 ) ;
#1658 = AXIS2_PLACEMENT_3D ( 'NONE', #3560, #1123, #5623 ) ;
#1659 = EDGE_LOOP ( 'NONE', ( #5607, #794, #1078, #6179 ) ) ;
#1660 = CARTESIAN_POINT ( 'NONE',  ( 9.403409634881858992, 0.1979275343070091842, 1.553897661844076739 ) ) ;
#1661 = CARTESIAN_POINT ( 'NONE',  ( -2.764628803664238113E-11, -3.250000022104830855, 9.500000000000005329 ) ) ;
#1662 = CARTESIAN_POINT ( 'NONE',  ( 6.854681320067029127, 3.496098113049955547, -6.684928924174517562 ) ) ;
#1663 = EDGE_CURVE ( 'NONE', #2811, #5172, #1765, .T. ) ;
#1664 = CARTESIAN_POINT ( 'NONE',  ( -3.244604645634648676, 3.859378197216265072, -9.075511729315277165 ) ) ;
#1665 = CARTESIAN_POINT ( 'NONE',  ( -9.257081970398862936, -1.677125263776839459, 2.157086225344193142 ) ) ;
#1666 = DIRECTION ( 'NONE',  ( -0.000000000000000000, 1.000000000000000000, -0.000000000000000000 ) ) ;
#1667 = CARTESIAN_POINT ( 'NONE',  ( -0.0009550825817008721510, 1.788767872465433673, 0.0006716280222997893625 ) ) ;
#1668 = CARTESIAN_POINT ( 'NONE',  ( -2.255672085653612324, 3.583121412167528774, 3.905085796191736680 ) ) ;
#1669 = DIRECTION ( 'NONE',  ( 0.000000000000000000, 1.000000000000000000, 0.000000000000000000 ) ) ;
#1670 = CARTESIAN_POINT ( 'NONE',  ( 0.8939517848513536258, 4.779957051349176034, 9.500000369908372377 ) ) ;
#1671 = CARTESIAN_POINT ( 'NONE',  ( 6.247764993279152357, -4.810100529880123155, 1.192504918473838327 ) ) ;
#1672 = CARTESIAN_POINT ( 'NONE',  ( -1.444824016210269457, -1.400618403018949909, 2.829110322496358076 ) ) ;
#1673 = CARTESIAN_POINT ( 'NONE',  ( 9.595000362132381611, -4.779964855335626872, 0.9030088496620135574 ) ) ;
#1674 = CARTESIAN_POINT ( 'NONE',  ( 2.272616165775060093, 6.496229566640201902, -2.222157563098653199 ) ) ;
#1675 = CALENDAR_DATE ( 2025, 17, 10 ) ;
#1676 = CARTESIAN_POINT ( 'NONE',  ( -8.315255059825123141, -2.586896082577985201, 4.680523733638815465 ) ) ;
#1677 = CARTESIAN_POINT ( 'NONE',  ( 5.650607822793165980, 5.408787341042158303, -3.096553168142464063 ) ) ;
#1678 = CARTESIAN_POINT ( 'NONE',  ( -2.899088390391390657, -1.400828256936149874, 5.654309235404650025 ) ) ;
#1679 = CARTESIAN_POINT ( 'NONE',  ( -0.5514262177067594806, -3.268241869179633330, 9.580785545869465736 ) ) ;
#1680 = CARTESIAN_POINT ( 'NONE',  ( -3.179708745891405286, -0.7920311613759930536, -0.4244135078421633067 ) ) ;
#1681 = CARTESIAN_POINT ( 'NONE',  ( -2.921750614603916052, -3.666910568532143699, 0.7857699209824241526 ) ) ;
#1682 = CARTESIAN_POINT ( 'NONE',  ( -0.7805061066705413220, -1.166652354103658640, -2.903322863164402357 ) ) ;
#1683 = CARTESIAN_POINT ( 'NONE',  ( -5.798954663262406939, 3.958498500283818444, -7.550592069694450181 ) ) ;
#1684 = ADVANCED_FACE ( 'NONE', ( #5599 ), #6186, .F. ) ;
#1685 = CARTESIAN_POINT ( 'NONE',  ( 1.237418964991852777, 1.708538632291042969, -9.439602099671024149 ) ) ;
#1686 = CARTESIAN_POINT ( 'NONE',  ( -9.439830503275654650, 2.291489885684416361, 1.238288022155668910 ) ) ;
#1687 = CARTESIAN_POINT ( 'NONE',  ( -0.1035853017540563220, -1.244777529235841174, -6.361891580856814166 ) ) ;
#1688 = DIRECTION ( 'NONE',  ( -0.9999999969197456151, 7.844488611562825764E-05, -2.628398100812197017E-06 ) ) ;
#1689 = CARTESIAN_POINT ( 'NONE',  ( -0.002207544754776727316, 2.149644738666935062, 0.006782632032828196135 ) ) ;
#1690 = CARTESIAN_POINT ( 'NONE',  ( 4.323717591435053572E-20, -11.09318546555144991, -3.000000000000000444 ) ) ;
#1691 = VERTEX_POINT ( 'NONE', #5242 ) ;
#1692 = ORIENTED_EDGE ( 'NONE', *, *, #5557, .F. ) ;
#1693 = CARTESIAN_POINT ( 'NONE',  ( 2.701982064156822183, 1.841457976124294627, 9.153620055090966545 ) ) ;
#1694 = DIRECTION ( 'NONE',  ( 0.000000000000000000, 0.000000000000000000, -1.000000000000000000 ) ) ;
#1695 = CARTESIAN_POINT ( 'NONE',  ( 3.877556235191913281, 3.617192574567122065, -8.754641073199994850 ) ) ;
#1696 = CARTESIAN_POINT ( 'NONE',  ( -8.492632191217701632, -4.906230471242333024, -4.556512170222924318 ) ) ;
#1697 = CARTESIAN_POINT ( 'NONE',  ( 8.538308583536936780, 5.395862653782431018, -4.210794260751651308 ) ) ;
#1698 = CARTESIAN_POINT ( 'NONE',  ( 1.163414459189985485E-15, 12.50000000000000000, 9.500000000000000000 ) ) ;
#1699 = CARTESIAN_POINT ( 'NONE',  ( -0.005924467547856253520, 1.868406845289105389, 0.002142456061732784297 ) ) ;
#1700 = CARTESIAN_POINT ( 'NONE',  ( 9.466776620907440432, -10.70825343176156430, 0.7991812746535084111 ) ) ;
#1701 = LINE ( 'NONE', #280, #1249 ) ;
#1702 = CARTESIAN_POINT ( 'NONE',  ( 7.708564531934801067, 5.049491629964774297, 5.622795084621274420 ) ) ;
#1703 = CARTESIAN_POINT ( 'NONE',  ( 5.915968606006647867, -4.870144053753911351, 2.338480910045409811 ) ) ;
#1704 = CARTESIAN_POINT ( 'NONE',  ( 3.134333603877240026, -0.8022363083416711449, 0.5170647767081832935 ) ) ;
#1705 = CARTESIAN_POINT ( 'NONE',  ( 2.657521734784878742, -3.161430009333845437, 9.357907181631652804 ) ) ;
#1706 = CARTESIAN_POINT ( 'NONE',  ( -0.002290966987078851130, -3.641587791347618008, -0.006937929555453828563 ) ) ;
#1707 = PERSON_AND_ORGANIZATION ( #5275, #5284 ) ;
#1708 = DIRECTION ( 'NONE',  ( 0.000000000000000000, 0.000000000000000000, 1.000000000000000000 ) ) ;
#1709 = ORIENTED_EDGE ( 'NONE', *, *, #6349, .T. ) ;
#1710 = CARTESIAN_POINT ( 'NONE',  ( -1.074422117422660472, -2.214176856812305250, -9.482417558405447977 ) ) ;
#1711 = CARTESIAN_POINT ( 'NONE',  ( 5.240297473806664996, 1.057858695010053474, 3.608285008656000326 ) ) ;
#1712 = CARTESIAN_POINT ( 'NONE',  ( -1.211064720441800580, -4.209635186762298531, -9.624773234095815866 ) ) ;
#1713 = CARTESIAN_POINT ( 'NONE',  ( -2.993483468528344016, -2.860143154380059283, -1.075749507503776403 ) ) ;
#1714 = CARTESIAN_POINT ( 'NONE',  ( -1.833310483225686127, -3.459004706779439164, 2.382824078326725381 ) ) ;
#1715 = ORIENTED_EDGE ( 'NONE', *, *, #3215, .F. ) ;
#1716 = DIRECTION ( 'NONE',  ( -0.000000000000000000, -0.000000000000000000, 1.000000000000000000 ) ) ;
#1717 = CARTESIAN_POINT ( 'NONE',  ( -9.257726470808519181, 4.177226804143188588, -2.154074783375486302 ) ) ;
#1718 = CARTESIAN_POINT ( 'NONE',  ( 8.244308661191814380, 1.083333062832779303, 4.760791962686015566 ) ) ;
#1719 = CARTESIAN_POINT ( 'NONE',  ( 3.757429594763963543, 0.4375540509945818335, -2.515744502716535269 ) ) ;
#1720 = CARTESIAN_POINT ( 'NONE',  ( 4.919005672078027303, 0.4688193645805794341, -4.036837314917127273 ) ) ;
#1721 = CARTESIAN_POINT ( 'NONE',  ( -5.786736312841606278, -0.04165575408911977029, -7.540588908234487242 ) ) ;
#1722 = CARTESIAN_POINT ( 'NONE',  ( -0.006192233103428011927, 3.920192409549580148, 0.002713060274591610945 ) ) ;
#1723 = CARTESIAN_POINT ( 'NONE',  ( 9.567281793489657460, -1.787760533279253439, 1.125103507113490053 ) ) ;
#1724 = EDGE_CURVE ( 'NONE', #2345, #4458, #2585, .T. ) ;
#1725 = ORIENTED_EDGE ( 'NONE', *, *, #3467, .T. ) ;
#1726 = CARTESIAN_POINT ( 'NONE',  ( -0.001494109746777165038, -3.436152739810460766, -0.001700986768587339640 ) ) ;
#1727 = ORIENTED_EDGE ( 'NONE', *, *, #4526, .F. ) ;
#1728 = CARTESIAN_POINT ( 'NONE',  ( -3.173159489568147862, 5.641934519660429359, 8.990256069667092120 ) ) ;
#1729 = CARTESIAN_POINT ( 'NONE',  ( 1.166261724959214652, 3.833068263971086687, 4.356349519936191683 ) ) ;
#1730 = CARTESIAN_POINT ( 'NONE',  ( -8.875608453458855962, 4.371737433648481108, 3.568215817087103225 ) ) ;
#1731 = CARTESIAN_POINT ( 'NONE',  ( 8.287358397855141945, 5.079421412166917449, 4.918220265374633193 ) ) ;
#1732 = CARTESIAN_POINT ( 'NONE',  ( -4.499807150761363062, 2.270664085882898586, 0.2959607836195356501 ) ) ;
#1733 = CARTESIAN_POINT ( 'NONE',  ( 8.536991667701542497, -2.603999196109310521, -4.214464309424448274 ) ) ;
#1734 = CARTESIAN_POINT ( 'NONE',  ( 0.001492207026176450933, 1.392765138235863009, 0.003965793054376390118 ) ) ;
#1735 = CYLINDRICAL_SURFACE ( 'NONE', #2800, 9.500000000000000000 ) ;
#1736 = CARTESIAN_POINT ( 'NONE',  ( -4.499999999980808241, 7.249607778645121847, 1.314188828218642175E-05 ) ) ;
#1737 = CARTESIAN_POINT ( 'NONE',  ( 2.399210213878425257, -5.169278412126086408, 9.267460920073689934 ) ) ;
#1738 = CARTESIAN_POINT ( 'NONE',  ( 5.992801865792300120, -4.641818947459451117, -2.117771956201263350 ) ) ;
#1739 = CARTESIAN_POINT ( 'NONE',  ( 3.166665920058871819, -0.7198037921710990217, -0.3026521371821022655 ) ) ;
#1740 = CARTESIAN_POINT ( 'NONE',  ( 9.358812413089047766, -2.673201099773215628, -2.305926808600125000 ) ) ;
#1741 = CARTESIAN_POINT ( 'NONE',  ( 0.03178117241718436681, -5.210993717344948095, 0.0002104905118180977496 ) ) ;
#1742 = CARTESIAN_POINT ( 'NONE',  ( -3.902831975477878856, 6.083195962605017826, -2.259152902993733392 ) ) ;
#1743 = ORIENTED_EDGE ( 'NONE', *, *, #262, .T. ) ;
#1744 = CARTESIAN_POINT ( 'NONE',  ( -0.1532035537586117491, -2.244796431518998769, -9.542781654491495402 ) ) ;
#1745 = CARTESIAN_POINT ( 'NONE',  ( -6.413890736448463414, 0.2599629884167212190, 0.2158837228618578630 ) ) ;
#1746 = CARTESIAN_POINT ( 'NONE',  ( 3.510293385542977429, 1.630858166154798283, -8.931207965292076167 ) ) ;
#1747 = CARTESIAN_POINT ( 'NONE',  ( -2.953677750511896072, -0.8704250619548697943, -1.170803231812535872 ) ) ;
#1748 = DIRECTION ( 'NONE',  ( -0.000000000000000000, -1.000000000000000000, -0.000000000000000000 ) ) ;
#1749 = ORIENTED_EDGE ( 'NONE', *, *, #462, .T. ) ;
#1750 = CARTESIAN_POINT ( 'NONE',  ( -4.030196315563117082E-12, -0.2502476719341145683, 3.000000000000000444 ) ) ;
#1751 = LINE ( 'NONE', #6118, #1865 ) ;
#1752 = CARTESIAN_POINT ( 'NONE',  ( -3.390301242601699627, 1.020533325916786582, -2.973527984842511795 ) ) ;
#1753 = CARTESIAN_POINT ( 'NONE',  ( 9.620639399716672813, 10.09318546555144991, -0.9999999999999665823 ) ) ;
#1754 = CARTESIAN_POINT ( 'NONE',  ( 5.720692261207870111, 2.393291577326737585, -2.767446434745563177 ) ) ;
#1755 = CARTESIAN_POINT ( 'NONE',  ( -7.537642693487394574, 0.04149437586791975691, -5.790552588883150165 ) ) ;
#1756 = CARTESIAN_POINT ( 'NONE',  ( 0.005720248195206114987, 4.676775856231322415, 0.002240700448477204142 ) ) ;
#1757 = CARTESIAN_POINT ( 'NONE',  ( 8.204919999552462428, 2.419906296494920728, -4.851127638651866469 ) ) ;
#1758 = VERTEX_POINT ( 'NONE', #1164 ) ;
#1759 = CARTESIAN_POINT ( 'NONE',  ( -0.0002732187164883037849, -3.709296169391353537, -0.009305704608156530055 ) ) ;
#1760 = EDGE_CURVE ( 'NONE', #690, #5026, #4674, .T. ) ;
#1761 = ORIENTED_EDGE ( 'NONE', *, *, #4967, .F. ) ;
#1762 = CARTESIAN_POINT ( 'NONE',  ( 7.708476653512777332, 6.049491624064628148, 5.622726063512502037 ) ) ;
#1763 = CARTESIAN_POINT ( 'NONE',  ( -6.134475498557924659E-13, 9.093185465545886359, -4.500000000001235456 ) ) ;
#1764 = CARTESIAN_POINT ( 'NONE',  ( -3.223237104774581141, 3.859380838926600887, -9.015591348333092725 ) ) ;
#1765 = CIRCLE ( 'NONE', #4243, 3.000000000000000444 ) ;
#1766 = CARTESIAN_POINT ( 'NONE',  ( 6.590215496347031632, 4.989589796234775498, 7.032292433634854234 ) ) ;
#1767 = CARTESIAN_POINT ( 'NONE',  ( -3.903598932214073169, 2.416671906582323004, 2.257845663701377958 ) ) ;
#1768 = DIRECTION ( 'NONE',  ( -0.000000000000000000, -1.000000000000000000, -0.000000000000000000 ) ) ;
#1769 = AXIS2_PLACEMENT_3D ( 'NONE', #3755, #3690, #5656 ) ;
#1770 = CARTESIAN_POINT ( 'NONE',  ( -7.220828910411921875, -4.523430003366274654, 6.226503035251502283 ) ) ;
#1771 = LINE ( 'NONE', #4713, #4138 ) ;
#1772 = CARTESIAN_POINT ( 'NONE',  ( 9.537867956903019362, 5.259120706042185844, -0.2759248305053159656 ) ) ;
#1773 = CARTESIAN_POINT ( 'NONE',  ( 1.754129844937364346, -3.161555640471889639, 6.176699196966268346 ) ) ;
#1774 = CARTESIAN_POINT ( 'NONE',  ( 2.861129515184708705, 1.393028358292334623, -1.381758674491620598 ) ) ;
#1775 = CARTESIAN_POINT ( 'NONE',  ( -9.554512654977317609, -3.707995889017830837, 1.264999581221322167 ) ) ;
#1776 = LOCAL_TIME ( 21, 9, 25.00000000000000000, #2233 ) ;
#1777 = CARTESIAN_POINT ( 'NONE',  ( -1.000000000000000222, -10.09318546555145879, -9.447221813845830596 ) ) ;
#1778 = ORIENTED_EDGE ( 'NONE', *, *, #5283, .F. ) ;
#1779 = CARTESIAN_POINT ( 'NONE',  ( 6.522123576153001423, -2.489588668799477933, -6.967355257817615666 ) ) ;
#1780 = CARTESIAN_POINT ( 'NONE',  ( -1.890525317022766716, 0.6868570928982404844, 9.419715229054844485 ) ) ;
#1781 = CARTESIAN_POINT ( 'NONE',  ( 0.08072690595533357771, -2.242214602823915826, 3.176752109608615537 ) ) ;
#1782 = CARTESIAN_POINT ( 'NONE',  ( 4.045235049039479946, 3.395424046329395651, -1.992904274559516908 ) ) ;
#1783 = CARTESIAN_POINT ( 'NONE',  ( -0.1965436954387977941, -2.271130279772691996, 3.000000000000712319 ) ) ;
#1784 = CARTESIAN_POINT ( 'NONE',  ( -2.782876259579325051, 1.655923966590004737, 9.129843468026258790 ) ) ;
#1785 = APPROVAL ( #6042, 'UNSPECIFIED' ) ;
#1786 = CARTESIAN_POINT ( 'NONE',  ( -1.000000000000000222, 10.09318546555144991, -9.447221813845592564 ) ) ;
#1787 = CARTESIAN_POINT ( 'NONE',  ( 3.254050478877966501, -4.139317997004121175, 8.970178766345284771 ) ) ;
#1788 = CARTESIAN_POINT ( 'NONE',  ( -1.251019908071995923, 1.686825006003008331, 6.238190663891390209 ) ) ;
#1789 = CARTESIAN_POINT ( 'NONE',  ( -4.197639091949897150, -5.395586965072492802, 8.527993316237283850 ) ) ;
#1790 = CARTESIAN_POINT ( 'NONE',  ( 0.005319929373449459875, 4.525301257646004771, 0.004563156831869889449 ) ) ;
#1791 = CARTESIAN_POINT ( 'NONE',  ( 0.6603159693010050013, 2.727872384000153971, -9.498175007925858893 ) ) ;
#1792 = VERTEX_POINT ( 'NONE', #2482 ) ;
#1793 = CARTESIAN_POINT ( 'NONE',  ( -0.009417320768219512167, -1.350336599217702993, -0.003901851432426170843 ) ) ;
#1794 = ORIENTED_EDGE ( 'NONE', *, *, #3317, .T. ) ;
#1795 = CARTESIAN_POINT ( 'NONE',  ( 8.970175260280749185, 6.139317997247249359, 3.254056120680666631 ) ) ;
#1796 = DIRECTION ( 'NONE',  ( 0.000000000000000000, 0.000000000000000000, 1.000000000000000000 ) ) ;
#1797 = CARTESIAN_POINT ( 'NONE',  ( 3.516143967235261236, 4.869792782180335067, 8.904688214235271460 ) ) ;
#1798 = CARTESIAN_POINT ( 'NONE',  ( -6.987268405678403127, -4.988266203631366302, -6.487489763905432305 ) ) ;
#1799 = CARTESIAN_POINT ( 'NONE',  ( 1.236928705593617339, 0.7915461230838006790, 9.424248562990888090 ) ) ;
#1800 = CARTESIAN_POINT ( 'NONE',  ( 9.182064883634632579, -2.666784759547698780, -2.456864348629960837 ) ) ;
#1801 = B_SPLINE_CURVE_WITH_KNOTS ( 'NONE', 3,
 ( #3035, #4550, #635, #1151, #2576, #4062, #6069, #3586, #2607, #4582, #1634, #5583, #5097, #667, #6235, #3750, #1803, #3651 ),
 .UNSPECIFIED., .F., .F.,
 ( 4, 2, 2, 2, 2, 2, 2, 2, 4 ),
 ( 0.09612860926782285098, 0.09701889581126453554, 0.09790918235470620623, 0.09879946889814789079, 0.09968975544158957536, 0.1005800419850312460, 0.1014703285284729306, 0.1023606150719146013, 0.1032509016153562859 ),
 .UNSPECIFIED. ) ;
#1802 = CARTESIAN_POINT ( 'NONE',  ( -8.492632191217701632, -4.906230471242333024, -4.556512170222924318 ) ) ;
#1803 = CARTESIAN_POINT ( 'NONE',  ( -4.500000867479452715, 7.228562074977419094, -0.2970327465612992435 ) ) ;
#1804 = CARTESIAN_POINT ( 'NONE',  ( -9.187244780980815761, -5.851561238176600455, -3.018478404417629601 ) ) ;
#1805 = CARTESIAN_POINT ( 'NONE',  ( 0.9043289845765685175, 0.8415873301382437166, 3.050078270353937970 ) ) ;
#1806 = CARTESIAN_POINT ( 'NONE',  ( -5.084384044242849399, -1.427064643260348653, 8.174014728119329831 ) ) ;
#1807 = CARTESIAN_POINT ( 'NONE',  ( -5.826446110024433800, -3.041034033581677232, -7.557351167155719196 ) ) ;
#1808 = EDGE_CURVE ( 'NONE', #5319, #1335, #6057, .T. ) ;
#1809 = ORIENTED_EDGE ( 'NONE', *, *, #3467, .F. ) ;
#1810 = CARTESIAN_POINT ( 'NONE',  ( -4.470293991217214824, -3.405279779858936262, 8.431069880660823301 ) ) ;
#1811 = B_SPLINE_CURVE_WITH_KNOTS ( 'NONE', 3,
 ( #6208, #4718, #2200, #2777, #1807, #5170, #4687, #3784, #4133, #5235, #3240, #6110, #6143, #2265, #1676, #5757, #285, #4651, #3658, #4233, #1317, #4168, #219, #5264 ),
 .UNSPECIFIED., .F., .F.,
 ( 4, 2, 2, 2, 2, 2, 2, 2, 2, 2, 2, 4 ),
 ( 0.1599998896179084529, 0.1718750000000000000, 0.1791406080707018400, 0.1864062161414036800, 0.1936718242121054923, 0.2009374322828073323, 0.2082030403535091723, 0.2154686484242109845, 0.2227342564949128245, 0.2299998645656146645, 0.2364061314949128523, 0.2399998943492271664 ),
 .UNSPECIFIED. ) ;
#1812 = CARTESIAN_POINT ( 'NONE',  ( 0.005388234753475821225, 3.525301262076666831, 0.004474320218137974210 ) ) ;
#1813 = CARTESIAN_POINT ( 'NONE',  ( 9.563333480310051371, -0.7187431254741015740, -0.9387243191070713255 ) ) ;
#1814 = CARTESIAN_POINT ( 'NONE',  ( -1.238209550350187760, -1.123083095686602695, -2.930503044088828002 ) ) ;
#1815 = CARTESIAN_POINT ( 'NONE',  ( 3.905320691423273427, 3.416411167580216901, -2.255192512756727385 ) ) ;
#1816 = CARTESIAN_POINT ( 'NONE',  ( -2.847261508812785724, -0.6462914554103861287, 0.9650111911569781986 ) ) ;
#1817 = CARTESIAN_POINT ( 'NONE',  ( -9.196612789319384973, -1.833250931636302816, -2.460868996934489683 ) ) ;
#1818 = CARTESIAN_POINT ( 'NONE',  ( -1.000000000000000000, 9.962665510329550500, -9.447221813845590788 ) ) ;
#1819 = CARTESIAN_POINT ( 'NONE',  ( 1.853836064672208739, 2.947997204338630883, 2.580176927154860245 ) ) ;
#1820 = CARTESIAN_POINT ( 'NONE',  ( 0.5049924292134720938, -4.233076970493373281, 9.499463886011264790 ) ) ;
#1821 = CARTESIAN_POINT ( 'NONE',  ( 5.879454735108158303, 0.3750863166508843771, -2.435611628696187747 ) ) ;
#1822 = CARTESIAN_POINT ( 'NONE',  ( -1.252331788790724154, -6.208039777857013775, -9.437872639153543020 ) ) ;
#1823 = CARTESIAN_POINT ( 'NONE',  ( 0.0003015910785632550020, 5.209779760006528093, 0.005228550392738345529 ) ) ;
#1824 = CARTESIAN_POINT ( 'NONE',  ( -2.123020830892590638, -7.538130009420243322E-16, -2.119618491992792730 ) ) ;
#1825 = VERTEX_POINT ( 'NONE', #1506 ) ;
#1826 = CARTESIAN_POINT ( 'NONE',  ( -0.007304503542465502590, -3.109309312531935987, 0.004419142741536796412 ) ) ;
#1827 = ORIENTED_EDGE ( 'NONE', *, *, #4808, .F. ) ;
#1828 = CARTESIAN_POINT ( 'NONE',  ( 6.767328790497294300, 4.001298202025770578, 6.714967523188257736 ) ) ;
#1829 = CARTESIAN_POINT ( 'NONE',  ( 3.921586167640787934, -5.114623491061166760, 8.658393893697491350 ) ) ;
#1830 = CARTESIAN_POINT ( 'NONE',  ( -8.549232698888767246, -5.906230926749455712, -4.586906621889706770 ) ) ;
#1831 = DIRECTION ( 'NONE',  ( 0.000000000000000000, 0.000000000000000000, 1.000000000000000000 ) ) ;
#1832 = CARTESIAN_POINT ( 'NONE',  ( 4.347860775837791847E-12, -1.250248446342874464, 3.000000000000000000 ) ) ;
#1833 = CARTESIAN_POINT ( 'NONE',  ( 3.556348150045427925, -3.371738080109535129, -8.846020929693523271 ) ) ;
#1834 = CARTESIAN_POINT ( 'NONE',  ( -4.271884172031331417, 4.353686164681419335, 1.445142236580224671 ) ) ;
#1835 = CARTESIAN_POINT ( 'NONE',  ( 8.205339058819255627, 5.079425721884914147, 4.869451100631676965 ) ) ;
#1836 = CARTESIAN_POINT ( 'NONE',  ( 1.629037538457184686, 1.578295161374174027, -2.727382275020671987 ) ) ;
#1837 = CARTESIAN_POINT ( 'NONE',  ( -8.724067907254152487, -3.889658717004841559, -4.096694665807527613 ) ) ;
#1838 = CARTESIAN_POINT ( 'NONE',  ( 3.183118286062845304, -2.456395547037470983E-17, 3.180842337641451856 ) ) ;
#1839 = VERTEX_POINT ( 'NONE', #1994 ) ;
#1840 = CARTESIAN_POINT ( 'NONE',  ( -2.163085176157786726, -1.322933114324998272, 9.282267053611919394 ) ) ;
#1841 = EDGE_CURVE ( 'NONE', #5512, #1196, #3488, .T. ) ;
#1842 = CARTESIAN_POINT ( 'NONE',  ( -8.604587666815019631, 0.1041530031056861205, -4.245586787208170065 ) ) ;
#1843 = CARTESIAN_POINT ( 'NONE',  ( -2.058620543015400095, 2.974058235555081975, -2.419818331389649746 ) ) ;
#1844 = CARTESIAN_POINT ( 'NONE',  ( 2.123162121670810976, 2.541098841762901017E-17, 2.119476964985048895 ) ) ;
#1845 = VERTEX_POINT ( 'NONE', #6392 ) ;
#1846 = LINE ( 'NONE', #2817, #2591 ) ;
#1847 = CARTESIAN_POINT ( 'NONE',  ( -4.056007214299433450, 4.889654756446750739, -8.637620219857343073 ) ) ;
#1848 = CARTESIAN_POINT ( 'NONE',  ( -9.499960777556875513, 7.249999996923208734, 8.307764972620881316E-13 ) ) ;
#1849 = DIRECTION ( 'NONE',  ( 0.9999999969197456151, -7.844488611571956102E-05, 2.628398100812196594E-06 ) ) ;
#1850 = CARTESIAN_POINT ( 'NONE',  ( 4.456085930359728664, 0.2968832959704909014, -0.6644986684713716230 ) ) ;
#1851 = CARTESIAN_POINT ( 'NONE',  ( 6.176662440634721918, 4.161307231876381074, 1.754111159661170039 ) ) ;
#1852 = CARTESIAN_POINT ( 'NONE',  ( -1.405532591355895811E-13, -4.250265201186167019, -3.000000000000000000 ) ) ;
#1853 = CARTESIAN_POINT ( 'NONE',  ( 0.003446049065672733384, 6.079856693572928350, -0.007446461028093964360 ) ) ;
#1854 = CARTESIAN_POINT ( 'NONE',  ( -4.074968982354342018, 0.3901653423416180377, 1.921697086069016569 ) ) ;
#1855 = ORIENTED_EDGE ( 'NONE', *, *, #3667, .F. ) ;
#1856 = CARTESIAN_POINT ( 'NONE',  ( -0.004955414494085072334, -2.519803327790731906, -0.005886564856251755642 ) ) ;
#1857 = CARTESIAN_POINT ( 'NONE',  ( -1.909406435187138706, -2.152898240545668695, -6.068892810828368845 ) ) ;
#1858 = ORIENTED_EDGE ( 'NONE', *, *, #1663, .T. ) ;
#1859 = CARTESIAN_POINT ( 'NONE',  ( 3.504489062939816879, 5.869793800439123466, 8.875128958687762193 ) ) ;
#1860 = CARTESIAN_POINT ( 'NONE',  ( 4.355436263967903621, 4.333341185813951668, -1.168766585603977060 ) ) ;
#1861 = CARTESIAN_POINT ( 'NONE',  ( -8.627084151174088333, -5.605465536235004542, 4.208215216880473619 ) ) ;
#1862 = CARTESIAN_POINT ( 'NONE',  ( 0.006239570623899941965, -5.099710768919159420, -0.002337693200680560773 ) ) ;
#1863 = CARTESIAN_POINT ( 'NONE',  ( -0.3108444287773896031, 3.739583474822092413, 9.496130923285575065 ) ) ;
#1864 = CARTESIAN_POINT ( 'NONE',  ( 9.447221813845589011, -10.09318546555144991, 1.000000000000033307 ) ) ;
#1865 = VECTOR ( 'NONE', #3213, 1000.000000000000000 ) ;
#1866 = EDGE_CURVE ( 'NONE', #6289, #1333, #1281, .T. ) ;
#1867 = CARTESIAN_POINT ( 'NONE',  ( 0.000000000000000000, -5.250000000000000000, -9.500000000000000000 ) ) ;
#1868 = CARTESIAN_POINT ( 'NONE',  ( -3.388554117058642845, 4.020402446833252874, -2.975510802364440099 ) ) ;
#1869 = CARTESIAN_POINT ( 'NONE',  ( -7.743690390227206954, -3.950184020962994147, -5.629702722686378280 ) ) ;
#1870 = CARTESIAN_POINT ( 'NONE',  ( 3.026808760550651733, 1.150003813522641360, 0.9799023685909892256 ) ) ;
#1871 = CARTESIAN_POINT ( 'NONE',  ( 9.594999873697368287, -0.7760452464167942876, 0.7849037913742852313 ) ) ;
#1872 = CYLINDRICAL_SURFACE ( 'NONE', #2694, 4.500000000000000000 ) ;
#1873 = VECTOR ( 'NONE', #5666, 1000.000000000000000 ) ;
#1874 = CARTESIAN_POINT ( 'NONE',  ( 3.985171003711280413, -1.114579201463733904, 8.762064989515556235 ) ) ;
#1875 = AXIS2_PLACEMENT_3D ( 'NONE', #2138, #5563, #5177 ) ;
#1876 = CARTESIAN_POINT ( 'NONE',  ( 2.813380698238973299, 3.404254416905055702, -1.482795231288589699 ) ) ;
#1877 = CARTESIAN_POINT ( 'NONE',  ( -0.0001344361332395257070, 5.138938838078361826, 1.047757311250038402E-05 ) ) ;
#1878 = CARTESIAN_POINT ( 'NONE',  ( 7.695235514124609821, -0.9583513250479297474, 5.888024778368101231 ) ) ;
#1879 = CARTESIAN_POINT ( 'NONE',  ( -0.009638345979261860388, 1.748876745634927454, 3.181796251821911614 ) ) ;
#1880 = CARTESIAN_POINT ( 'NONE',  ( 9.459892281778927270, 10.59736866909543629, 0.8734896355622699948 ) ) ;
#1881 = CARTESIAN_POINT ( 'NONE',  ( 0.3109696424491522060, -0.2395788744078480303, 9.499700661468603258 ) ) ;
#1882 = FACE_OUTER_BOUND ( 'NONE', #3057, .T. ) ;
#1883 = CARTESIAN_POINT ( 'NONE',  ( -4.353379140776991285, -0.4010381074944043833, 8.479568548681562845 ) ) ;
#1884 = CARTESIAN_POINT ( 'NONE',  ( 9.499851335093513427, -3.722973498663487035, -0.8064931813536214689 ) ) ;
#1885 = CARTESIAN_POINT ( 'NONE',  ( -5.674564332705275937, 5.398422222560868455, 2.862684582489958718 ) ) ;
#1886 = CARTESIAN_POINT ( 'NONE',  ( -3.363737710962745986, -6.134865238619772398, -8.889933328092361364 ) ) ;
#1887 = CARTESIAN_POINT ( 'NONE',  ( 9.081807163502631397, 4.348301570179146758, -2.899452667095841374 ) ) ;
#1888 = CARTESIAN_POINT ( 'NONE',  ( -0.1976545436430907354, -0.2292805159757887457, -2.999999999999993783 ) ) ;
#1889 = EDGE_CURVE ( 'NONE', #5026, #5745, #5758, .T. ) ;
#1890 = ORIENTED_EDGE ( 'NONE', *, *, #5080, .F. ) ;
#1891 = FACE_OUTER_BOUND ( 'NONE', #6092, .T. ) ;
#1892 = CARTESIAN_POINT ( 'NONE',  ( -4.556456840330761260, 6.906230470762778850, -8.492558098659472421 ) ) ;
#1893 = CARTESIAN_POINT ( 'NONE',  ( 5.023467865262944976, -5.072755143401804112, 8.069120144330923949 ) ) ;
#1894 = CARTESIAN_POINT ( 'NONE',  ( -7.268969248025305419, -5.523432191834801941, 6.267958292553511335 ) ) ;
#1895 = CARTESIAN_POINT ( 'NONE',  ( -1.006604579924464504, 6.851847797656651196, -3.051395742369418240 ) ) ;
#1896 = CARTESIAN_POINT ( 'NONE',  ( 0.000000000000000000, 12.50000000000000000, -9.500000000000000000 ) ) ;
#1897 = CARTESIAN_POINT ( 'NONE',  ( -0.3917030193745775213, -1.291860864411943366, 3.000000000000535127 ) ) ;
#1898 = CARTESIAN_POINT ( 'NONE',  ( 9.266161750460382152, -1.673197279811688976, -2.283181332988306167 ) ) ;
#1899 = CARTESIAN_POINT ( 'NONE',  ( -2.974349344062265477, 4.520623365046971820, 3.389850349666875040 ) ) ;
#1900 = CARTESIAN_POINT ( 'NONE',  ( 7.773438407697233821, -2.947907464843131820, 5.572493351193598343 ) ) ;
#1901 = CARTESIAN_POINT ( 'NONE',  ( 2.735897669587270986, 1.419446130679515639, -1.615103048691233445 ) ) ;
#1902 = CARTESIAN_POINT ( 'NONE',  ( 9.175489646729733551, 1.150732726353206115, 2.955275627409289729 ) ) ;
#1903 = CARTESIAN_POINT ( 'NONE',  ( 1.000000000000000222, -10.09318546555144991, -9.447221813845592564 ) ) ;
#1904 = CARTESIAN_POINT ( 'NONE',  ( 8.580404131501877529, 1.393554798404595063, -4.153207609583473570 ) ) ;
#1905 = CARTESIAN_POINT ( 'NONE',  ( 0.003405155229484736323, 5.079856693685638191, -0.007465373664758708991 ) ) ;
#1906 = CARTESIAN_POINT ( 'NONE',  ( -9.519239971764214658, 4.290700519906568644, 1.221599802938366341 ) ) ;
#1907 = CARTESIAN_POINT ( 'NONE',  ( 3.062624286759592529, 2.336700043359502654, -0.8591849609249863073 ) ) ;
#1908 = CARTESIAN_POINT ( 'NONE',  ( 9.466686552856046433, 10.70704225650601060, -0.8003834651601069439 ) ) ;
#1909 = CARTESIAN_POINT ( 'NONE',  ( 0.7994414660816112628, 10.70789819417603006, -9.466753634221756641 ) ) ;
#1910 = CARTESIAN_POINT ( 'NONE',  ( -0.7766054818018232053, -5.333462908416391812, 2.904299367775355467 ) ) ;
#1911 = CARTESIAN_POINT ( 'NONE',  ( -3.000033641686522756, -4.729344674540041815, 0.1961744308408757964 ) ) ;
#1912 = CARTESIAN_POINT ( 'NONE',  ( 0.000000000000000000, 12.50000000000000000, 5.500000000000000000 ) ) ;
#1913 = CARTESIAN_POINT ( 'NONE',  ( 5.309095314810109656, 4.435511385297456144, -3.503953089295874346 ) ) ;
#1914 = CARTESIAN_POINT ( 'NONE',  ( 1.328051372970537658, -4.395938655452177990, -2.697170039331762581 ) ) ;
#1915 = CYLINDRICAL_SURFACE ( 'NONE', #8, 9.500000000000000000 ) ;
#1916 = CARTESIAN_POINT ( 'NONE',  ( -5.276788970732314787, 2.061168960532782535, -3.553554533635140622 ) ) ;
#1917 = CARTESIAN_POINT ( 'NONE',  ( -1.725255145154858116, 0.6250024378533755032, 4.179373303295045083 ) ) ;
#1918 = ORIENTED_EDGE ( 'NONE', *, *, #176, .T. ) ;
#1919 = FACE_OUTER_BOUND ( 'NONE', #3447, .T. ) ;
#1920 = CARTESIAN_POINT ( 'NONE',  ( 2.657658607430715136, 6.660154456550626101, -9.156687646212883891 ) ) ;
#1921 = CARTESIAN_POINT ( 'NONE',  ( 4.499503845008116620, 4.271178521340935674, -0.3028395760105411227 ) ) ;
#1922 = CARTESIAN_POINT ( 'NONE',  ( -5.137946672825324690, -6.070254598573107785, -8.107438076287088791 ) ) ;
#1923 = EDGE_CURVE ( 'NONE', #3741, #5871, #3520, .T. ) ;
#1924 = CARTESIAN_POINT ( 'NONE',  ( -0.0003946754073112749162, -1.428741830552555658, 0.0003469064046903889628 ) ) ;
#1925 = CARTESIAN_POINT ( 'NONE',  ( 0.000000000000000000, 12.50000000000000000, -9.500000000000000000 ) ) ;
#1926 = CARTESIAN_POINT ( 'NONE',  ( -1.503611099228024495, -1.416957382207070459, 2.603517821044825098 ) ) ;
#1927 = CARTESIAN_POINT ( 'NONE',  ( -8.547609275978494736, -0.8958468903076360901, -4.217493834194094404 ) ) ;
#1928 = CARTESIAN_POINT ( 'NONE',  ( 1.450352842091453764, 1.645595057748128198, -4.270032752045083591 ) ) ;
#1929 = CARTESIAN_POINT ( 'NONE',  ( 0.2562719440902749279, -3.241528206818873770, 9.561674886998156708 ) ) ;
#1930 = CARTESIAN_POINT ( 'NONE',  ( 9.116578201851210039, -0.8541391332131839098, 3.092307167225276654 ) ) ;
#1931 = CARTESIAN_POINT ( 'NONE',  ( 0.8004227343064133082, -10.70698350746468108, -9.466682890601566314 ) ) ;
#1932 = CARTESIAN_POINT ( 'NONE',  ( 2.774113703427577349, -0.3437562009766560456, -9.133650281062847043 ) ) ;
#1933 = CARTESIAN_POINT ( 'NONE',  ( -2.694571105378828602, 4.071421080455244201, -1.689097388482959206 ) ) ;
#1934 = CARTESIAN_POINT ( 'NONE',  ( 0.006576546960114793179, 4.039721181625707480, -0.006949402862309377905 ) ) ;
#1935 = CARTESIAN_POINT ( 'NONE',  ( -4.210821504122314707, 1.894551926313048584, -8.622553917007808266 ) ) ;
#1936 = CARTESIAN_POINT ( 'NONE',  ( 3.133554831006011288, 2.304750881808403484, -0.5458442767561157982 ) ) ;
#1937 = CARTESIAN_POINT ( 'NONE',  ( 4.271206653579850965, 3.145904645760572382, 1.447124917650226328 ) ) ;
#1938 = CARTESIAN_POINT ( 'NONE',  ( 9.877432417281920343E-07, -0.2499709934161651048, 9.499837964138377444 ) ) ;
#1939 = CARTESIAN_POINT ( 'NONE',  ( -0.9695228717733758161, -6.146311402074557506, -2.845714937485552820 ) ) ;
#1940 = CARTESIAN_POINT ( 'NONE',  ( 9.620639399716669260, 10.09318546555144991, 3.359028293184975563E-14 ) ) ;
#1941 = CARTESIAN_POINT ( 'NONE',  ( -0.007529575399403513024, -5.230294232741784732, 0.0006386924363041817515 ) ) ;
#1942 = CARTESIAN_POINT ( 'NONE',  ( 4.870648518228331447, 4.027669936547305873, 4.082223018086633459 ) ) ;
#1943 = CARTESIAN_POINT ( 'NONE',  ( -7.551458090678333512, -3.958447222665940846, -5.797694392626374871 ) ) ;
#1944 = FACE_OUTER_BOUND ( 'NONE', #2510, .T. ) ;
#1945 = CARTESIAN_POINT ( 'NONE',  ( -0.7950482816876300873, 1.788948548572671715, -6.369344952731381682 ) ) ;
#1946 = CARTESIAN_POINT ( 'NONE',  ( -4.456920909989773527, 0.2029884401887740997, -0.6595273181574105026 ) ) ;
#1947 = CARTESIAN_POINT ( 'NONE',  ( -0.001256498150059273157, -0.6875619422974140749, -0.002961740026008055551 ) ) ;
#1948 = DIRECTION ( 'NONE',  ( 0.000000000000000000, 1.000000000000000000, 0.000000000000000000 ) ) ;
#1949 = CARTESIAN_POINT ( 'NONE',  ( 6.263825397675812034, -3.696104505021553521, -1.074825664776572376 ) ) ;
#1950 = CARTESIAN_POINT ( 'NONE',  ( 4.756423678088244067, -4.416492325579999267, -8.247045331359579734 ) ) ;
#1951 = CARTESIAN_POINT ( 'NONE',  ( 6.398811003869588454, -4.479825507443733201, -7.289034109432376063 ) ) ;
#1952 = B_SPLINE_CURVE_WITH_KNOTS ( 'NONE', 3,
 ( #1615, #4106, #3598, #1647, #1162, #3308, #3760, #5307, #4274, #878, #6307, #3400, #3818, #1415, #1293, #1356, #2334, #5270, #1386, #4790, #782, #3790, #2783, #813, #416, #4755, #848, #5766, #3372, #2366, #5796, #323 ),
 .UNSPECIFIED., .F., .F.,
 ( 4, 2, 2, 2, 2, 2, 2, 2, 2, 2, 2, 2, 2, 2, 2, 4 ),
 ( 0.02827005717721996214, 0.02885857668238697368, 0.02944709618755398522, 0.03003561569272099677, 0.03062413519788800831, 0.03121265470305501985, 0.03180117420822203139, 0.03238969371338903946, 0.03297821321855605448, 0.03356673272372306255, 0.03415525222889007062, 0.03474377173405708563, 0.03533229123922409370, 0.03592081074439110178, 0.03650933024955811679, 0.03768636925989213987 ),
 .UNSPECIFIED. ) ;
#1953 = CARTESIAN_POINT ( 'NONE',  ( -0.001458554138867859847, -2.436152741456855786, -0.001751948548200423774 ) ) ;
#1954 = DIRECTION ( 'NONE',  ( 0.000000000000000000, -1.000000000000000000, 0.000000000000000000 ) ) ;
#1955 = CARTESIAN_POINT ( 'NONE',  ( 6.275844598113183181, -2.479075515752608982, -7.158935672313301524 ) ) ;
#1956 = EDGE_CURVE ( 'NONE', #380, #2447, #897, .T. ) ;
#1957 = CARTESIAN_POINT ( 'NONE',  ( -2.917582141332653922, -0.3489618129558551551, 9.074067573846999579 ) ) ;
#1958 = CARTESIAN_POINT ( 'NONE',  ( -4.046055932126195742, 4.395412237416040035, 1.991698234498973319 ) ) ;
#1959 = CARTESIAN_POINT ( 'NONE',  ( 4.285129637074837738, -2.397781166307906719, -8.563497588838760777 ) ) ;
#1960 = CARTESIAN_POINT ( 'NONE',  ( 5.357852670801734440, -0.4374715251116550463, -8.014344094153850406 ) ) ;
#1961 = CARTESIAN_POINT ( 'NONE',  ( -2.379823768605682233E-14, -2.249999939743879462, -9.499999999999998224 ) ) ;
#1962 = CARTESIAN_POINT ( 'NONE',  ( -0.5916009851523882368, 5.791635849111194112, -4.470600077502620451 ) ) ;
#1963 = ADVANCED_FACE ( 'NONE', ( #4045 ), #3635, .F. ) ;
#1964 = CIRCLE ( 'NONE', #6096, 8.500000000000000000 ) ;
#1965 = CARTESIAN_POINT ( 'NONE',  ( 9.195283113760446270, 1.336263185947515364, -2.557942067716672430 ) ) ;
#1966 = CARTESIAN_POINT ( 'NONE',  ( -1.075799248337861558, 3.859646330815709625, -2.993593059623332664 ) ) ;
#1967 = CARTESIAN_POINT ( 'NONE',  ( 0.009014991778158754424, 5.658827789461212454, 0.003514676512677617805 ) ) ;
#1968 = CARTESIAN_POINT ( 'NONE',  ( -5.648403084437444654, 3.950187302233564512, -7.769420711792807133 ) ) ;
#1969 = CARTESIAN_POINT ( 'NONE',  ( -1.845334277766889519, 2.947090358351410089, -2.586037596795260018 ) ) ;
#1970 = CARTESIAN_POINT ( 'NONE',  ( 0.5040167837746331037, 10.96670559701303027, -4.473324862912076760 ) ) ;
#1971 = B_SPLINE_CURVE_WITH_KNOTS ( 'NONE', 3,
 ( #1690, #1171, #5120, #2279, #299, #1204, #2693, #2180, #3256, #2216 ),
 .UNSPECIFIED., .F., .F.,
 ( 4, 2, 2, 2, 4 ),
 ( 0.003149157204913741442, 0.003542671988477197505, 0.003936186772040654001, 0.004329701555604109631, 0.004723216339167566127 ),
 .UNSPECIFIED. ) ;
#1972 = VECTOR ( 'NONE', #1212, 1000.000000000000000 ) ;
#1973 = CARTESIAN_POINT ( 'NONE',  ( 2.972175916173949606, 1.978900953741044466, 3.391748796679809441 ) ) ;
#1974 = CARTESIAN_POINT ( 'NONE',  ( -2.623609692550442407, -5.584117337184427932, 1.506385411499792104 ) ) ;
#1975 = CARTESIAN_POINT ( 'NONE',  ( -5.699451559586310445, -1.895737497240331138, -2.809526694096521560 ) ) ;
#1976 = CARTESIAN_POINT ( 'NONE',  ( 8.687373107977643727, -3.614904212522623173, -3.927685942509122174 ) ) ;
#1977 = CARTESIAN_POINT ( 'NONE',  ( 1.435270510307293135, 4.677425119651184460, -6.197080886670300437 ) ) ;
#1978 = CARTESIAN_POINT ( 'NONE',  ( -1.244908277460109902, -4.208181818558283105, -9.423203724782348800 ) ) ;
#1979 = CARTESIAN_POINT ( 'NONE',  ( -0.0005222195757909471299, 7.070407077963108300, 0.0007498536214554252927 ) ) ;
#1980 = CARTESIAN_POINT ( 'NONE',  ( -2.306144714638817650, 1.868242341149178865, -5.921897038730398855 ) ) ;
#1981 = CARTESIAN_POINT ( 'NONE',  ( 8.659497949861648891, -0.6147158388872692170, -3.919067686894829983 ) ) ;
#1982 = CARTESIAN_POINT ( 'NONE',  ( 0.002921276975143017544, -0.5947287911349475875, 0.005470162238408089912 ) ) ;
#1983 = ORIENTED_EDGE ( 'NONE', *, *, #4072, .T. ) ;
#1984 = CARTESIAN_POINT ( 'NONE',  ( -3.096515937903698390, -4.409035751103623113, 5.650562463606584096 ) ) ;
#1985 = CARTESIAN_POINT ( 'NONE',  ( 2.254188625547575153, 4.916353804507606284, 3.905703070482251515 ) ) ;
#1986 = CARTESIAN_POINT ( 'NONE',  ( -1.081619620501317103, -2.214170927635510822, -9.545630460464254341 ) ) ;
#1987 = CARTESIAN_POINT ( 'NONE',  ( -0.003550610490904765673, -2.889259314676032808, 0.006939675252200015396 ) ) ;
#1988 = CARTESIAN_POINT ( 'NONE',  ( 3.673940397442060361E-16, 0.000000000000000000, 3.000000000000000444 ) ) ;
#1989 = CARTESIAN_POINT ( 'NONE',  ( 3.000028344152035231, -2.771044360404279594, 0.1958908302187480632 ) ) ;
#1990 = CARTESIAN_POINT ( 'NONE',  ( -6.850704823714902858, -0.5052159093411349167, 6.627438234314454668 ) ) ;
#1991 = CARTESIAN_POINT ( 'NONE',  ( 1.993620950888305376, 5.895575993901453593, 4.044933778790344547 ) ) ;
#1992 = CARTESIAN_POINT ( 'NONE',  ( -2.927324257214422687, -1.348957225401604232, 9.104464248125829329 ) ) ;
#1993 = CARTESIAN_POINT ( 'NONE',  ( -0.9480430877788431632, -0.2187351869667807092, -9.593777263175741865 ) ) ;
#1994 = CARTESIAN_POINT ( 'NONE',  ( 2.701018662204512606E-14, 0.7498405783874891872, 4.499999999999999112 ) ) ;
#1995 = CARTESIAN_POINT ( 'NONE',  ( 0.2615695489253753725, -11.06722842339047830, -9.497171584959698265 ) ) ;
#1996 = CARTESIAN_POINT ( 'NONE',  ( 7.380451104991034406, -0.5312608347897462835, -6.052832016744820187 ) ) ;
#1997 = CARTESIAN_POINT ( 'NONE',  ( -2.925059794811680991, -6.098311215236864591, -5.643926763199694108 ) ) ;
#1998 = CARTESIAN_POINT ( 'NONE',  ( -0.08703693865311126765, -5.258881744516922474, 3.179597186102831152 ) ) ;
#1999 = CARTESIAN_POINT ( 'NONE',  ( -6.346908301907317806, 2.520196085916852180, 7.211944517707122415 ) ) ;
#2000 = CARTESIAN_POINT ( 'NONE',  ( -1.336314233854817068, 3.611667122803940533, 2.887005103722128929 ) ) ;
#2001 = CARTESIAN_POINT ( 'NONE',  ( -0.6146240979080276334, 9.293523279200920584, -4.458818191630658845 ) ) ;
#2002 = CARTESIAN_POINT ( 'NONE',  ( -4.216344022520951640, 3.980439825808801402, -4.764153796752075287 ) ) ;
#2003 = ADVANCED_FACE ( 'NONE', ( #4662, #1587 ), #3601, .F. ) ;
#2004 = CARTESIAN_POINT ( 'NONE',  ( 2.460325779912730937E-11, -0.2499999522949063191, -9.500000000000001776 ) ) ;
#2005 = CARTESIAN_POINT ( 'NONE',  ( -1.329949151610594571, -6.105035123744482206, -2.696164564423017218 ) ) ;
#2006 = CARTESIAN_POINT ( 'NONE',  ( -0.002287982923565707021, -4.870844560013858349, 0.006474702295649096065 ) ) ;
#2007 = CARTESIAN_POINT ( 'NONE',  ( 1.428239240312754399, -3.398563142389686043, -2.838966074625574709 ) ) ;
#2008 = CARTESIAN_POINT ( 'NONE',  ( -3.349990779927728646, -4.135357438668459729, -8.895229192966418452 ) ) ;
#2009 = CARTESIAN_POINT ( 'NONE',  ( 0.000000000000000000, -12.50000000000000000, -3.000000000000000444 ) ) ;
#2010 = CARTESIAN_POINT ( 'NONE',  ( 3.703914282928434165, 2.947953793688281365, 5.163889130772547631 ) ) ;
#2011 = CARTESIAN_POINT ( 'NONE',  ( 6.500520678264583907, -0.4897121445584574628, -6.934703170738306000 ) ) ;
#2012 = CARTESIAN_POINT ( 'NONE',  ( 0.002229270185149498373, -0.4381600334286445686, 0.002276048877774966561 ) ) ;
#2013 = ORIENTED_EDGE ( 'NONE', *, *, #3436, .F. ) ;
#2014 = CARTESIAN_POINT ( 'NONE',  ( -1.664357410749424560, -5.166193788747231785, -6.165365778379044315 ) ) ;
#2015 = CARTESIAN_POINT ( 'NONE',  ( 3.391492300038088104, 5.478910269247312392, -2.972345853076777455 ) ) ;
#2016 = CARTESIAN_POINT ( 'NONE',  ( -9.045551482276049882, -3.859374549895619122, -3.233921032585865163 ) ) ;
#2017 = CARTESIAN_POINT ( 'NONE',  ( 0.009621219010114333281, -1.337983952544308908, 0.003903077557431443474 ) ) ;
#2018 = CARTESIAN_POINT ( 'NONE',  ( 9.439170542589467416, 3.208411450159164513, 1.241160617715278081 ) ) ;
#2019 = CARTESIAN_POINT ( 'NONE',  ( 2.980965695650887870, -2.791663475463972865, 0.3902055093249079398 ) ) ;
#2020 = ORIENTED_EDGE ( 'NONE', *, *, #3357, .F. ) ;
#2021 = CARTESIAN_POINT ( 'NONE',  ( -1.074408139228216985, -1.214176859246953288, -9.482324994827475706 ) ) ;
#2022 = CARTESIAN_POINT ( 'NONE',  ( 1.449453333638481389, 6.645617159229917803, -4.270324091365041319 ) ) ;
#2023 = CARTESIAN_POINT ( 'NONE',  ( 2.783323074584717283, -0.3437509504813898165, -9.164111391575723076 ) ) ;
#2024 = CARTESIAN_POINT ( 'NONE',  ( 9.612508332104269471, 3.268250461974366416, -0.5532758802795352260 ) ) ;
#2025 = CARTESIAN_POINT ( 'NONE',  ( -1.573763477790469212, 4.802738392576982207, -9.400891593006226898 ) ) ;
#2026 = CARTESIAN_POINT ( 'NONE',  ( 0.7777233781849752781, -4.166946850222935872, 2.904019145903129484 ) ) ;
#2027 = CARTESIAN_POINT ( 'NONE',  ( -4.045095749877608782, 5.395540827728376954, 1.993266287755476540 ) ) ;
#2028 = CARTESIAN_POINT ( 'NONE',  ( 5.553992501183453001, 2.947910383037586346, 7.747601334389894845 ) ) ;
#2029 = CARTESIAN_POINT ( 'NONE',  ( 0.6180803971702730770, 5.687346584589333176, -3.116976159816942094 ) ) ;
#2030 = CARTESIAN_POINT ( 'NONE',  ( 1.618187842475194982, -5.080209854063269859, 2.737374614600996292 ) ) ;
#2031 = CARTESIAN_POINT ( 'NONE',  ( -4.034120125193314088, 2.611978430329252365, 8.719755341409962668 ) ) ;
#2032 = CARTESIAN_POINT ( 'NONE',  ( -3.071086953500083094, 5.155532764858397954, -0.9419820706805985822 ) ) ;
#2033 = CARTESIAN_POINT ( 'NONE',  ( 0.6146349891462056236, 9.293664095174760220, -9.480547546329388453 ) ) ;
#2034 = CARTESIAN_POINT ( 'NONE',  ( 3.391233870198941514, 2.020658624146895121, 2.972763430560677822 ) ) ;
#2035 = EDGE_CURVE ( 'NONE', #4903, #1335, #2211, .T. ) ;
#2036 = CARTESIAN_POINT ( 'NONE',  ( -1.207530169605730406E-14, 1.749841103870972914, 4.499999999999999112 ) ) ;
#2037 = CARTESIAN_POINT ( 'NONE',  ( -5.909578555925907750, -1.870106962368302206, -2.336137547107129731 ) ) ;
#2038 = CARTESIAN_POINT ( 'NONE',  ( 0.005897531899279316071, -4.480931033294250021, 0.004303937720132886349 ) ) ;
#2039 = CARTESIAN_POINT ( 'NONE',  ( 3.123363770444659515, -3.810287033336646090, 0.5971094340157592217 ) ) ;
#2040 = CARTESIAN_POINT ( 'NONE',  ( 0.3913885614707400262, -5.208709067047196939, 2.980789315968329412 ) ) ;
#2041 = CARTESIAN_POINT ( 'NONE',  ( -1.207530169605730406E-14, 1.749841103870972914, 4.499999999999999112 ) ) ;
#2042 = CARTESIAN_POINT ( 'NONE',  ( -5.858406617706450881, 2.122494952645320954, -2.482428743198332732 ) ) ;
#2043 = CYLINDRICAL_SURFACE ( 'NONE', #4757, 9.500000000000000000 ) ;
#2044 = CARTESIAN_POINT ( 'NONE',  ( -6.499552282566496864, 1.989666209503154093, -6.935655845393488228 ) ) ;
#2045 = CARTESIAN_POINT ( 'NONE',  ( -2.482387939147922218, -1.122743366944341847, -5.858307550226009575 ) ) ;
#2046 = CARTESIAN_POINT ( 'NONE',  ( 3.577208116956310135, 5.458272814977701337, -2.745858962577190976 ) ) ;
#2047 = CARTESIAN_POINT ( 'NONE',  ( 9.631071367580377185, -2.787760213497010753, 1.132629393153276043 ) ) ;
#2048 = CARTESIAN_POINT ( 'NONE',  ( 0.002904444177552418030, 1.686762090280691018, -7.385995222853979211E-05 ) ) ;
#2049 = CARTESIAN_POINT ( 'NONE',  ( 7.149584590787766203, 3.479000873479126899, -6.263380675177798729 ) ) ;
#2050 = B_SPLINE_CURVE_WITH_KNOTS ( 'NONE', 3,
 ( #3251, #5214, #4793, #2786, #1296, #358, #3280, #2337, #4212, #1752, #3732, #5244, #3014, #4985, #549, #4432, #4495, #421, #3885, #1515, #5402, #5955, #4371, #2526, #5861, #978, #3468, #64, #484, #2947, #3499, #4852, #2464, #2036 ),
 .UNSPECIFIED., .F., .F.,
 ( 4, 2, 2, 2, 2, 2, 2, 2, 2, 2, 2, 2, 2, 2, 2, 2, 4 ),
 ( 0.01067618454012184484, 0.01156610392012841389, 0.01245602330013498467, 0.01334594268014155372, 0.01423586206014812450, 0.01512578144015469181, 0.01601570082016126259, 0.01690562020016783337, 0.01779553958017440068, 0.01868545896018097147, 0.01957537834018754225, 0.02046529772019411303, 0.02135521710020068034, 0.02224513648020724765, 0.02313505586021381843, 0.02402497524022038575, 0.02491489462022695306 ),
 .UNSPECIFIED. ) ;
#2051 = CARTESIAN_POINT ( 'NONE',  ( 0.4271155373756639895, 2.736344773104756989, -9.619362116072448288 ) ) ;
#2052 = CARTESIAN_POINT ( 'NONE',  ( -3.959383237034205114E-15, 5.749803742024721664, 4.499999999999999112 ) ) ;
#2053 = CARTESIAN_POINT ( 'NONE',  ( -4.367989670611903463, 0.5989563800077718492, 8.507720889033198119 ) ) ;
#2054 = CARTESIAN_POINT ( 'NONE',  ( -9.490212947531443177, 2.306016529010527005, 1.684396142139509944 ) ) ;
#2055 = CARTESIAN_POINT ( 'NONE',  ( 7.154326330319905836, 5.479302352121035113, -6.280821977769966757 ) ) ;
#2056 = CARTESIAN_POINT ( 'NONE',  ( 1.000000000000000444, -9.962604851490613811, -9.447221813845596117 ) ) ;
#2057 = CC_DESIGN_PERSON_AND_ORGANIZATION_ASSIGNMENT ( #705, #5103, ( #807 ) ) ;
#2058 = CARTESIAN_POINT ( 'NONE',  ( -6.304220979732443553, 4.290298614052218795, 0.8062254144954618118 ) ) ;
#2059 = CARTESIAN_POINT ( 'NONE',  ( -0.7758780088403967046, -5.167284233935569127, -2.904506744198623203 ) ) ;
#2060 = CARTESIAN_POINT ( 'NONE',  ( 5.510910596163088569E-16, 11.50000000000000000, -4.500000000000000000 ) ) ;
#2061 = CARTESIAN_POINT ( 'NONE',  ( 4.680569470493736617, 3.586896080548092947, -8.315330311443426936 ) ) ;
#2062 = CARTESIAN_POINT ( 'NONE',  ( -0.5370852987648623289, 4.695750659199405597, 3.131757090643860764 ) ) ;
#2063 = CARTESIAN_POINT ( 'NONE',  ( 0.001721922879367328600, 6.014594027999624615, -0.002179059704003043479 ) ) ;
#2064 = CARTESIAN_POINT ( 'NONE',  ( 8.533145208199934828, 5.408855652215022403, -4.675185804761595953 ) ) ;
#2065 = CARTESIAN_POINT ( 'NONE',  ( 2.566246502489420322, 6.048783454253883640, 1.877630050767391978 ) ) ;
#2066 =( LENGTH_UNIT ( ) NAMED_UNIT ( * ) SI_UNIT ( .MILLI., .METRE. ) );
#2067 = CARTESIAN_POINT ( 'NONE',  ( 4.356823204707822583, 2.166658803499212915, 1.163616033758977153 ) ) ;
#2068 = CARTESIAN_POINT ( 'NONE',  ( 7.547636754290487637, -4.959616045038059085, 5.836756783705137508 ) ) ;
#2069 = AXIS2_PLACEMENT_3D ( 'NONE', #1086, #6035, #118 ) ;
#2070 = CARTESIAN_POINT ( 'NONE',  ( 6.378099234386700900, -2.787776667741141967, 0.7489635272654976417 ) ) ;
#2071 = CARTESIAN_POINT ( 'NONE',  ( 1.238256990410908642, 6.687417005585539975, -6.234118195612293967 ) ) ;
#2072 = CARTESIAN_POINT ( 'NONE',  ( -9.014114418625096548, -3.854218331017567056, -3.062492660609720474 ) ) ;
#2073 = CARTESIAN_POINT ( 'NONE',  ( -1.505494150766270689, -1.083309604834967965, -2.602244554749406635 ) ) ;
#2074 = DIRECTION ( 'NONE',  ( -0.000000000000000000, -1.000000000000000000, -0.000000000000000000 ) ) ;
#2075 = AXIS2_PLACEMENT_3D ( 'NONE', #4075, #680, #4530 ) ;
#2076 = CARTESIAN_POINT ( 'NONE',  ( 5.796856878616083897, 1.541594777202242250, -7.552450894745865284 ) ) ;
#2077 = CARTESIAN_POINT ( 'NONE',  ( -4.761438666212363557, 2.583308886620905742, 8.243954102119202432 ) ) ;
#2078 = CARTESIAN_POINT ( 'NONE',  ( 6.378093427613503508, -1.787776664891147060, 0.7489605013411589907 ) ) ;
#2079 = DIRECTION ( 'NONE',  ( -0.000000000000000000, -1.000000000000000000, -0.000000000000000000 ) ) ;
#2080 = APPROVAL_PERSON_ORGANIZATION ( #5588, #1785, #4619 ) ;
#2081 = CARTESIAN_POINT ( 'NONE',  ( 0.002127191735910126738, 1.129261746007798939, -0.005499205645825010723 ) ) ;
#2082 = CARTESIAN_POINT ( 'NONE',  ( 7.912164566564529267, 3.437460277393407537, -5.285302778031105042 ) ) ;
#2083 = EDGE_CURVE ( 'NONE', #5694, #1045, #2820, .T. ) ;
#2084 = EDGE_LOOP ( 'NONE', ( #3834, #2958, #5153, #2454 ) ) ;
#2085 = CARTESIAN_POINT ( 'NONE',  ( 9.477738798661123454, 2.212559083416704375, 1.122807595653926294 ) ) ;
#2086 = CARTESIAN_POINT ( 'NONE',  ( 4.499789152303228512, 6.228870089603277371, 0.2964211733858333475 ) ) ;
#2087 = CARTESIAN_POINT ( 'NONE',  ( 6.782413795896372832, 1.499031730526516615, -6.743703384065416806 ) ) ;
#2088 = CARTESIAN_POINT ( 'NONE',  ( -4.047475516233669524, 2.611979971452697669, 8.748630115081239111 ) ) ;
#2089 = CARTESIAN_POINT ( 'NONE',  ( -8.999002785626380785, -1.645650863098304217, 3.060352449022550214 ) ) ;
#2090 = CARTESIAN_POINT ( 'NONE',  ( -0.1306066934199363871, -11.09318546555164353, -9.500000000000017764 ) ) ;
#2091 = CARTESIAN_POINT ( 'NONE',  ( 0.001989154866510944950, 2.151954911838175111, -0.006476542266325269193 ) ) ;
#2092 = CARTESIAN_POINT ( 'NONE',  ( -1.448570479183158843, 3.645676367897392023, 4.270603440717027688 ) ) ;
#2093 = DIRECTION ( 'NONE',  ( -0.000000000000000000, -1.000000000000000000, -0.000000000000000000 ) ) ;
#2094 = CARTESIAN_POINT ( 'NONE',  ( -9.456200383685159139, 4.290692639399620312, 1.213455207086544529 ) ) ;
#2095 = CARTESIAN_POINT ( 'NONE',  ( -6.104037278732110217, -5.851954873111425925, -2.007527780355164548 ) ) ;
#2096 = CARTESIAN_POINT ( 'NONE',  ( -0.3926346596469393324, -6.209724431295453151, -3.166666668520692340 ) ) ;
#2097 = CARTESIAN_POINT ( 'NONE',  ( -5.154962180438735331, -6.070251626042634463, -8.134282255256669814 ) ) ;
#2098 = CARTESIAN_POINT ( 'NONE',  ( -2.013714951159667255, 5.533505651720858509, 2.501614622430235801 ) ) ;
#2099 = COORDINATED_UNIVERSAL_TIME_OFFSET ( 5, 30, .AHEAD. ) ;
#2100 = CARTESIAN_POINT ( 'NONE',  ( 4.499973309253549658, 2.228801700135102593, 0.2967552305305098947 ) ) ;
#2101 = CARTESIAN_POINT ( 'NONE',  ( -2.007535800446019980, 5.851706464280882258, -6.104034627436819349 ) ) ;
#2102 = CARTESIAN_POINT ( 'NONE',  ( -2.899150609478853280, 0.5991683766116220333, 5.654283329014228698 ) ) ;
#2103 = CARTESIAN_POINT ( 'NONE',  ( -2.324926213156424115, -4.988759429835403658, -2.167026174015988627 ) ) ;
#2104 = CARTESIAN_POINT ( 'NONE',  ( -1.405532591355895811E-13, -4.250265201186167019, -3.000000000000000000 ) ) ;
#2105 = CARTESIAN_POINT ( 'NONE',  ( -0.3116800937983140729, 5.760443849507502101, -9.500000000000001776 ) ) ;
#2106 = DIRECTION ( 'NONE',  ( 0.000000000000000000, 0.000000000000000000, -1.000000000000000000 ) ) ;
#2107 = B_SPLINE_CURVE_WITH_KNOTS ( 'NONE', 3,
 ( #2052, #19, #5057, #4575, #5942, #1991, #142, #3578, #3060, #5542, #2542, #1053, #3964, #2999, #3484, #5029, #2086, #4086, #535, #4511, #3090, #2512, #594, #4020, #1023, #4482, #52, #2022, #6003, #2570, #3991, #1534 ),
 .UNSPECIFIED., .F., .F.,
 ( 4, 2, 2, 2, 2, 2, 2, 2, 2, 2, 2, 2, 2, 2, 2, 4 ),
 ( 0.08189467647231477021, 0.08278429727203402699, 0.08367391807175328378, 0.08456353887147254056, 0.08545315967119179734, 0.08634278047091105412, 0.08723240127063031091, 0.08812202207034956769, 0.08901164287006881060, 0.09079088446950732416, 0.09168050526922658094, 0.09257012606894583773, 0.09345974686866509451, 0.09434936766838433742, 0.09523898846810359420, 0.09612860926782285098 ),
 .UNSPECIFIED. ) ;
#2108 = CARTESIAN_POINT ( 'NONE',  ( 3.919886260803130185, 0.8853142630338599606, 8.659123569405753784 ) ) ;
#2109 = CARTESIAN_POINT ( 'NONE',  ( -5.792127147173419921, 2.541782789846578794, 7.555484135442737781 ) ) ;
#2110 = CARTESIAN_POINT ( 'NONE',  ( 2.775200106111473719, -2.108495914196257814, 5.790722934896797902 ) ) ;
#2111 = CARTESIAN_POINT ( 'NONE',  ( -2.912391857258411765, -7.533563972438950609E-16, -2.908502474850201303 ) ) ;
#2112 = CARTESIAN_POINT ( 'NONE',  ( -0.005928108904976993158, 2.868406845113970594, 0.002116387627119613573 ) ) ;
#2113 = CARTESIAN_POINT ( 'NONE',  ( 8.246251633822243576, 3.083437731051706709, 4.758428621991099838 ) ) ;
#2114 = ORIENTED_EDGE ( 'NONE', *, *, #1126, .T. ) ;
#2115 = EDGE_CURVE ( 'NONE', #5559, #2250, #6144, .T. ) ;
#2116 = ORIENTED_EDGE ( 'NONE', *, *, #1165, .T. ) ;
#2117 = CARTESIAN_POINT ( 'NONE',  ( 9.500065784673038749, 0.2239610528810848655, 0.7770325434720080082 ) ) ;
#2118 = CARTESIAN_POINT ( 'NONE',  ( 3.905745628544154080, 1.083272956957055611, 2.254123749213240213 ) ) ;
#2119 = CARTESIAN_POINT ( 'NONE',  ( -0.9417446376680177478, -0.2187417598649817607, -9.530455998675980922 ) ) ;
#2120 = CARTESIAN_POINT ( 'NONE',  ( 7.381352647412843915, 3.028020923136179210, 6.182083614262387172 ) ) ;
#2121 = CARTESIAN_POINT ( 'NONE',  ( 9.423612103070674095, 5.208271399861580164, 1.242328997745898889 ) ) ;
#2122 = DIRECTION ( 'NONE',  ( -0.000000000000000000, -1.000000000000000000, -0.000000000000000000 ) ) ;
#2123 = CARTESIAN_POINT ( 'NONE',  ( 0.008141245732381677952, 0.9659180373630277261, -0.007952981852444390709 ) ) ;
#2124 = CARTESIAN_POINT ( 'NONE',  ( 4.977843224424071602E-14, 3.749835940544091528, 4.499999999999999112 ) ) ;
#2125 = CARTESIAN_POINT ( 'NONE',  ( -3.904810689372464783, 5.416491974792276842, 2.256035133815443849 ) ) ;
#2126 = CARTESIAN_POINT ( 'NONE',  ( -0.5530054140062696799, 3.768549305644237180, -9.527067429342926275 ) ) ;
#2127 = CARTESIAN_POINT ( 'NONE',  ( -5.759655979469209264, -3.889522946665087577, -2.701721825913574460 ) ) ;
#2128 = CARTESIAN_POINT ( 'NONE',  ( 2.384746586462426432, -2.519931735058682065, -2.105562595212569832 ) ) ;
#2129 = CARTESIAN_POINT ( 'NONE',  ( 8.260018618176513172, 5.079422848739582719, 4.901963877126981117 ) ) ;
#2130 = CARTESIAN_POINT ( 'NONE',  ( 1.947691561221899459, 5.959639904199191207, 2.514080521535200230 ) ) ;
#2131 = PERSON_AND_ORGANIZATION ( #5275, #5284 ) ;
#2132 = FACE_OUTER_BOUND ( 'NONE', #5572, .T. ) ;
#2133 = ORIENTED_EDGE ( 'NONE', *, *, #1956, .T. ) ;
#2134 = CARTESIAN_POINT ( 'NONE',  ( -9.532021595296860994, -5.742173702139825586, 0.2363686730481705245 ) ) ;
#2135 = CARTESIAN_POINT ( 'NONE',  ( -0.02563308905002793445, 0.7487917979942314561, 6.363249416393189861 ) ) ;
#2136 = CARTESIAN_POINT ( 'NONE',  ( -0.003297335673598968033, 2.787063704767663186, -0.0002804381853310805475 ) ) ;
#2137 = CARTESIAN_POINT ( 'NONE',  ( 1.084695360650101525, -4.139562041758042987, 2.989940740092729587 ) ) ;
#2138 = CARTESIAN_POINT ( 'NONE',  ( 0.000000000000000000, 0.000000000000000000, 0.000000000000000000 ) ) ;
#2139 = CARTESIAN_POINT ( 'NONE',  ( -3.000071439698771769, -0.7295666206066458992, 0.1947693897683828168 ) ) ;
#2140 = DIRECTION ( 'NONE',  ( -0.000000000000000000, 0.000000000000000000, -1.000000000000000000 ) ) ;
#2141 = EDGE_CURVE ( 'NONE', #1335, #5694, #2753, .T. ) ;
#2142 = CARTESIAN_POINT ( 'NONE',  ( 3.056173774535743792, 1.645801659813988183, -9.000405203221729877 ) ) ;
#2143 = CARTESIAN_POINT ( 'NONE',  ( 0.000000000000000000, 11.50000000000000000, 0.000000000000000000 ) ) ;
#2144 = CARTESIAN_POINT ( 'NONE',  ( -5.551956529991343814, -0.5833881299527463593, 3.216826698644587701 ) ) ;
#2145 = CARTESIAN_POINT ( 'NONE',  ( 0.000000000000000000, 0.000000000000000000, 0.000000000000000000 ) ) ;
#2146 = CARTESIAN_POINT ( 'NONE',  ( 6.690401950066889698E-05, 0.2245906468684329693, -0.01021765935032189349 ) ) ;
#2147 = CARTESIAN_POINT ( 'NONE',  ( 5.785933977803229489, 2.958309482076075358, 7.541244573675381702 ) ) ;
#2148 = ORIENTED_EDGE ( 'NONE', *, *, #4011, .F. ) ;
#2149 = CARTESIAN_POINT ( 'NONE',  ( -7.914725018166976156, 3.061210745828282676, -5.331538436674453152 ) ) ;
#2150 = DIRECTION ( 'NONE',  ( 0.000000000000000000, 1.000000000000000000, 0.000000000000000000 ) ) ;
#2151 = CARTESIAN_POINT ( 'NONE',  ( 8.849608086541632446, -0.6249922749511561682, -3.662669120252605381 ) ) ;
#2152 = CARTESIAN_POINT ( 'NONE',  ( 9.625205380613593320, 3.241528829325629246, 0.2580188212351337551 ) ) ;
#2153 = CARTESIAN_POINT ( 'NONE',  ( -7.724804548739625076, -1.552001352039956705, 5.538527630265757118 ) ) ;
#2154 = CARTESIAN_POINT ( 'NONE',  ( 2.458685428509962634, -3.166715169539088937, 9.181629892201048193 ) ) ;
#2155 = CARTESIAN_POINT ( 'NONE',  ( -0.006138683654676299097, 1.025797220429152112, 0.005974497246510704698 ) ) ;
#2156 = CARTESIAN_POINT ( 'NONE',  ( -4.499968179790798217, 3.270552119802417224, 0.2943729201029641196 ) ) ;
#2157 = CARTESIAN_POINT ( 'NONE',  ( 0.3957554186840067101, -3.208240538407451048, 2.980226482289113132 ) ) ;
#2158 = CARTESIAN_POINT ( 'NONE',  ( 2.735461203109745831, 2.841150969808917903, 9.236691610071453340 ) ) ;
#2159 = CARTESIAN_POINT ( 'NONE',  ( 5.004206213999974118, -4.533916319222560887, -4.026763827643563332 ) ) ;
#2160 = CARTESIAN_POINT ( 'NONE',  ( 3.188910868510901331, -2.787792799352344808, 0.3728205214931232803 ) ) ;
#2161 = CARTESIAN_POINT ( 'NONE',  ( -4.690662818072406814, -5.408848869667087556, 8.561405256499936556 ) ) ;
#2162 = APPLICATION_CONTEXT ( 'configuration controlled 3d designs of mechanical parts and assemblies' ) ;
#2163 = CARTESIAN_POINT ( 'NONE',  ( -0.004321419005633725212, -4.497042952071419464, -0.004115090226837783867 ) ) ;
#2164 = APPLICATION_PROTOCOL_DEFINITION ( 'international standard', 'config_control_design', 1994, #2162 ) ;
#2165 = CARTESIAN_POINT ( 'NONE',  ( 0.3902698851029832716, -1.208824157962486101, 2.980977903739360002 ) ) ;
#2166 = EDGE_CURVE ( 'NONE', #349, #2345, #310, .T. ) ;
#2167 = CARTESIAN_POINT ( 'NONE',  ( 6.138830201309156465, 5.348907774555485162, -1.958405654138342777 ) ) ;
#2168 = CARTESIAN_POINT ( 'NONE',  ( 6.318630941165045201, 1.212593750988109065, 0.7469272551991377185 ) ) ;
#2169 = CARTESIAN_POINT ( 'NONE',  ( -7.332875284271159977, -3.526368247794530841, 6.205137358726242169 ) ) ;
#2170 = CARTESIAN_POINT ( 'NONE',  ( -2.851350728033447801, -0.8956281034662563201, -1.401598708262986381 ) ) ;
#2171 = CARTESIAN_POINT ( 'NONE',  ( -2.980540862661547052, -3.792083786680594315, -0.3941265765380239094 ) ) ;
#2172 = AXIS2_PLACEMENT_3D ( 'NONE', #4959, #1948, #5934 ) ;
#2173 = CARTESIAN_POINT ( 'NONE',  ( -9.437991605644292292, 6.208078935815532162, -1.251165821791146771 ) ) ;
#2174 = CARTESIAN_POINT ( 'NONE',  ( -5.020913591802275810, 3.927142549718609654, -8.070796469434196041 ) ) ;
#2175 = CARTESIAN_POINT ( 'NONE',  ( 9.438618470225293322, 1.291681184759706946, -1.243869258346406603 ) ) ;
#2176 = DIRECTION ( 'NONE',  ( 0.000000000000000000, 1.000000000000000000, 0.000000000000000000 ) ) ;
#2177 = CARTESIAN_POINT ( 'NONE',  ( 3.383008870356354336, -1.428502369889825818, -5.387725575592990701 ) ) ;
#2178 = CARTESIAN_POINT ( 'NONE',  ( -6.497298597518412322, -0.01043423751809999418, -6.937641247009771028 ) ) ;
#2179 = CARTESIAN_POINT ( 'NONE',  ( 0.001027254805286394656, 1.207754988190825607, -0.001978572623314805209 ) ) ;
#2180 = CARTESIAN_POINT ( 'NONE',  ( 0.9738287046578113504, -10.35581633443965188, -2.838041626473176926 ) ) ;
#2181 = VECTOR ( 'NONE', #1768, 1000.000000000000000 ) ;
#2182 = ORIENTED_EDGE ( 'NONE', *, *, #6077, .T. ) ;
#2183 = VECTOR ( 'NONE', #4672, 1000.000000000000000 ) ;
#2184 = ORIENTED_EDGE ( 'NONE', *, *, #2344, .T. ) ;
#2185 = CARTESIAN_POINT ( 'NONE',  ( -5.034230445899932072, 1.572924036889973953, 8.092909047407784939 ) ) ;
#2186 = CARTESIAN_POINT ( 'NONE',  ( -1.000000000000000222, -10.09318546555144991, -9.672884214303364203 ) ) ;
#2187 = CARTESIAN_POINT ( 'NONE',  ( -8.815485880935801433, 2.122402719464490328, -3.739056696576095185 ) ) ;
#2188 = CARTESIAN_POINT ( 'NONE',  ( -4.390564756684369740, -5.097611456832147780, -8.464423862938149412 ) ) ;
#2189 = CARTESIAN_POINT ( 'NONE',  ( 9.180516261931821020, 5.333430691637835785, -2.462849634625491557 ) ) ;
#2190 = CARTESIAN_POINT ( 'NONE',  ( 9.332314762753254556, -2.687510124170076953, -1.856003207746777628 ) ) ;
#2191 = B_SPLINE_CURVE_WITH_KNOTS ( 'NONE', 3,
 ( #4632, #5709, #196, #5604, #1621, #1169, #1269, #297, #1721, #3149, #2178, #3604, #5217, #1755, #4600, #1137, #789, #2760, #4148, #3118, #719, #5117, #685, #5084, #654, #5635, #6088, #757, #4700, #1202, #2626, #166, #4112, #1654, #3638, #4215, #3704, #2658, #6123, #4179, #3671, #5148, #2691, #4665, #6156, #5185 ),
 .UNSPECIFIED., .F., .F.,
 ( 4, 2, 2, 2, 2, 2, 2, 2, 2, 2, 2, 2, 2, 2, 2, 2, 2, 2, 2, 2, 2, 2, 4 ),
 ( 0.1808680695623570422, 0.1827524521774724631, 0.1846368347925878839, 0.1865212174077033047, 0.1874634087152610151, 0.1884056000228187255, 0.1893477913303764359, 0.1902899826379341464, 0.1921743652530495672, 0.1931165565606072776, 0.1940587478681649880, 0.1959431304832804366, 0.1968853217908381192, 0.1978275130983958574, 0.1997118957135112782, 0.2015962783286266991, 0.2025384696361843817, 0.2034806609437420921, 0.2053650435588575129, 0.2072494261739729338, 0.2091338087890883546, 0.2100760000966460650, 0.2110181914042037754 ),
 .UNSPECIFIED. ) ;
#2192 = CARTESIAN_POINT ( 'NONE',  ( 9.447221813845589011, -10.09318546555144991, 1.000000000000033307 ) ) ;
#2193 = LINE ( 'NONE', #4680, #420 ) ;
#2194 = CARTESIAN_POINT ( 'NONE',  ( 5.641520497220765762, -5.049492686726629209, 7.734275732045206020 ) ) ;
#2195 = CARTESIAN_POINT ( 'NONE',  ( 3.750253824786047741, -5.049385953887846945, 5.137444520709835594 ) ) ;
#2196 = CARTESIAN_POINT ( 'NONE',  ( -0.9788216185909361933, -1.349878335491423442, 3.022133397590129888 ) ) ;
#2197 = CARTESIAN_POINT ( 'NONE',  ( -2.965603197467487462, -5.348931956745125227, 9.300735445990449435 ) ) ;
#2198 = CARTESIAN_POINT ( 'NONE',  ( -0.002393344910221734730, -3.870844565798047476, 0.006440769067684573058 ) ) ;
#2199 =( NAMED_UNIT ( * ) SI_UNIT ( $, .STERADIAN. ) SOLID_ANGLE_UNIT ( ) );
#2200 = CARTESIAN_POINT ( 'NONE',  ( -2.952480626761882831, -3.151042108802809771, -9.149953704596788029 ) ) ;
#2201 = ORIENTED_EDGE ( 'NONE', *, *, #1484, .F. ) ;
#2202 = CARTESIAN_POINT ( 'NONE',  ( 6.347565327970323246, 5.229300172560898297, 0.4150150794197359772 ) ) ;
#2203 = ADVANCED_FACE ( 'NONE', ( #1882 ), #5182, .T. ) ;
#2204 = CARTESIAN_POINT ( 'NONE',  ( 3.708860901258671738, 1.551470923904757937, -5.159678045306859140 ) ) ;
#2205 = CARTESIAN_POINT ( 'NONE',  ( -9.073875129664227046, -1.635438295745050397, 3.399844380625001605 ) ) ;
#2206 = CARTESIAN_POINT ( 'NONE',  ( -2.773143736278435245, -2.587453761758128579, 1.557368370586768691 ) ) ;
#2207 = CYLINDRICAL_SURFACE ( 'NONE', #5488, 9.500000000000000000 ) ;
#2208 = ORIENTED_EDGE ( 'NONE', *, *, #1308, .T. ) ;
#2209 = CARTESIAN_POINT ( 'NONE',  ( -2.603101140879816366, -2.583500072958440974, 1.504000856936887898 ) ) ;
#2210 = DIRECTION ( 'NONE',  ( 1.000000000000000000, -0.000000000000000000, 1.224646799147353207E-16 ) ) ;
#2211 = LINE ( 'NONE', #6085, #2687 ) ;
#2212 = CARTESIAN_POINT ( 'NONE',  ( 2.680740311337653115, 0.5468982283915851950, -3.621068416420341052 ) ) ;
#2213 = CARTESIAN_POINT ( 'NONE',  ( -4.190337775282800159, 1.520491307622563903, 4.776697496519394903 ) ) ;
#2214 = DIRECTION ( 'NONE',  ( -0.000000000000000000, 1.000000000000000000, -0.000000000000000000 ) ) ;
#2215 = CARTESIAN_POINT ( 'NONE',  ( 0.003194700772055657657, 4.001359718168707502, -0.003046580078244169511 ) ) ;
#2216 = CARTESIAN_POINT ( 'NONE',  ( 1.000000000000299316, -10.09318546555102536, -2.828427124746122789 ) ) ;
#2217 = ORIENTED_EDGE ( 'NONE', *, *, #1841, .F. ) ;
#2218 = CARTESIAN_POINT ( 'NONE',  ( -0.005369288333745903148, -1.480231567830070372, -0.004645926243778263943 ) ) ;
#2219 = VERTEX_POINT ( 'NONE', #2757 ) ;
#2220 = CARTESIAN_POINT ( 'NONE',  ( -6.323449203339696290, 4.980460751276967635, -7.147405318254882900 ) ) ;
#2221 = DIRECTION ( 'NONE',  ( 0.000000000000000000, -1.000000000000000000, 0.000000000000000000 ) ) ;
#2222 = CARTESIAN_POINT ( 'NONE',  ( -8.105782302203293099, 4.071288485642231336, -5.094875120801590107 ) ) ;
#2223 = FACE_OUTER_BOUND ( 'NONE', #5252, .T. ) ;
#2224 = CARTESIAN_POINT ( 'NONE',  ( -4.470426192458118564, 2.291715323411717353, 0.5932606779992192214 ) ) ;
#2225 = CARTESIAN_POINT ( 'NONE',  ( 6.934368118393200220, -2.989726400061456957, 6.500795243985685978 ) ) ;
#2226 = CARTESIAN_POINT ( 'NONE',  ( -0.0006110242151681694652, 1.947000779135932724, 0.0009809806694678275315 ) ) ;
#2227 = CARTESIAN_POINT ( 'NONE',  ( 9.466686552856046433, -10.70704225650601060, -0.8003834651601069439 ) ) ;
#2228 = DIRECTION ( 'NONE',  ( 0.000000000000000000, 0.000000000000000000, 1.000000000000000000 ) ) ;
#2229 = CARTESIAN_POINT ( 'NONE',  ( -8.464622153113683822, 6.097611444541885639, -4.390661237242857950 ) ) ;
#2230 = CARTESIAN_POINT ( 'NONE',  ( 0.08073596926473505797, -3.242214597274688526, 3.176859637575128570 ) ) ;
#2231 = CARTESIAN_POINT ( 'NONE',  ( -8.812819614574815219, -3.617189728916343050, 3.903300702250170673 ) ) ;
#2232 = CARTESIAN_POINT ( 'NONE',  ( 3.179480975248258900, 6.258384920858521383, -0.08704319729340982692 ) ) ;
#2233 = COORDINATED_UNIVERSAL_TIME_OFFSET ( 5, 30, .AHEAD. ) ;
#2234 = CARTESIAN_POINT ( 'NONE',  ( -4.354803420488989829, 6.166117942230288307, -1.171378727664163177 ) ) ;
#2235 = EDGE_LOOP ( 'NONE', ( #5142, #4300, #3367, #4831 ) ) ;
#2236 = CARTESIAN_POINT ( 'NONE',  ( -5.255183853878019562, -3.435563321096536615, 7.964522604049166787 ) ) ;
#2237 = CARTESIAN_POINT ( 'NONE',  ( 5.879429733885190856, -0.6249136831634796163, -2.435609079339149829 ) ) ;
#2238 = CARTESIAN_POINT ( 'NONE',  ( 5.598475602026611320, 1.551768435524439660, -7.792907862050676648 ) ) ;
#2239 = CARTESIAN_POINT ( 'NONE',  ( -0.1777513115285324352, -2.268011481738117396, 3.172820805667715849 ) ) ;
#2240 = CARTESIAN_POINT ( 'NONE',  ( -0.3899217191439805497, -4.208874637147936859, -2.981108280147768408 ) ) ;
#2241 = CARTESIAN_POINT ( 'NONE',  ( -1.829355369418058874, -3.042026991243994338, -2.385743500452135013 ) ) ;
#2242 = CARTESIAN_POINT ( 'NONE',  ( -9.182679009158309924, 4.333136285755413653, 2.454587896695965554 ) ) ;
#2243 = ADVANCED_FACE ( 'NONE', ( #4279, #2724 ), #2244, .T. ) ;
#2244 = PLANE ( 'NONE',  #1441 ) ;
#2245 = CARTESIAN_POINT ( 'NONE',  ( 2.893034752881655347, -9.478662992111631880, -0.7995703182212358096 ) ) ;
#2246 = CARTESIAN_POINT ( 'NONE',  ( 2.387186327240988337, 1.872102930208616733, 5.898500264449726416 ) ) ;
#2247 = CARTESIAN_POINT ( 'NONE',  ( -0.6274283722293272358, -6.228977194419559993, -9.500000000000001776 ) ) ;
#2248 = CARTESIAN_POINT ( 'NONE',  ( 0.004390102601540488321, 4.403741729835858543, 0.01102359214466539644 ) ) ;
#2249 = CARTESIAN_POINT ( 'NONE',  ( 9.236652417651312064, -1.841150969527449055, 2.735452455650078107 ) ) ;
#2250 = VERTEX_POINT ( 'NONE', #6217 ) ;
#2251 = CARTESIAN_POINT ( 'NONE',  ( 0.005036699673504290049, -3.027733648553681878, -0.004270962436922275812 ) ) ;
#2252 = PRODUCT_DEFINITION_SHAPE ( 'NONE', 'NONE',  #4156 ) ;
#2253 = ORIENTED_EDGE ( 'NONE', *, *, #6233, .F. ) ;
#2254 = CARTESIAN_POINT ( 'NONE',  ( 9.517226173085308716, 4.268239582445233715, -0.5477143315672473589 ) ) ;
#2255 = FACE_OUTER_BOUND ( 'NONE', #6162, .T. ) ;
#2256 = CARTESIAN_POINT ( 'NONE',  ( -0.8092247494363945526, 4.722971268253923327, 9.531666328349221118 ) ) ;
#2257 = CARTESIAN_POINT ( 'NONE',  ( -2.936251216748428927, -4.348938487464043767, 9.208573920744397512 ) ) ;
#2258 = CARTESIAN_POINT ( 'NONE',  ( 0.3094762466457853800, 0.7603704653974461269, 9.499999999999996447 ) ) ;
#2259 = LINE ( 'NONE', #1698, #2181 ) ;
#2260 = CARTESIAN_POINT ( 'NONE',  ( -9.531922087260761955, -4.742173706878828554, 0.2363608265760811511 ) ) ;
#2261 = CARTESIAN_POINT ( 'NONE',  ( 9.447221813844652871, 10.09318546555156182, -1.000000000008866907 ) ) ;
#2262 = CARTESIAN_POINT ( 'NONE',  ( -8.520931448942841158, -5.906230699785461447, -4.571704977964754057 ) ) ;
#2263 = CARTESIAN_POINT ( 'NONE',  ( -1.238258058056427080, -2.123083090149445518, -2.930598856153949328 ) ) ;
#2264 = CARTESIAN_POINT ( 'NONE',  ( -1.085218372040645196, -2.214167963047113385, -9.577236911493658411 ) ) ;
#2265 = CARTESIAN_POINT ( 'NONE',  ( -8.725548558633226648, -2.617190271179397953, 3.864676412514661763 ) ) ;
#2266 = EDGE_CURVE ( 'NONE', #1758, #2890, #2050, .T. ) ;
#2267 = VERTEX_POINT ( 'NONE', #4918 ) ;
#2268 = CARTESIAN_POINT ( 'NONE',  ( -8.865383796487728674, -1.869788867746067229, -3.501440580734830554 ) ) ;
#2269 = CARTESIAN_POINT ( 'NONE',  ( -2.786312773195945613, -0.1562559556120991233, -9.195833852183699975 ) ) ;
#2270 = CARTESIAN_POINT ( 'NONE',  ( 3.078743894668792613, -1.841401239356000197, 0.9117874456234938974 ) ) ;
#2271 = CARTESIAN_POINT ( 'NONE',  ( 3.386993596000074991, 3.479386808362994188, -2.977300604601580414 ) ) ;
#2272 = CARTESIAN_POINT ( 'NONE',  ( -0.9661463546519870604, -2.354314529028731506, 2.847025607338415920 ) ) ;
#2273 = CARTESIAN_POINT ( 'NONE',  ( -8.245633449827320050, 4.416578219395963956, 4.758562606885295310 ) ) ;
#2274 = CARTESIAN_POINT ( 'NONE',  ( 4.326857336122491127, 5.899734955044000806, 8.503893268468530664 ) ) ;
#2275 = CARTESIAN_POINT ( 'NONE',  ( 2.870550443421498787, -9.588917782942177226, -0.8733307408409328731 ) ) ;
#2276 = CARTESIAN_POINT ( 'NONE',  ( -0.0001268285627192269546, 0.7500806481365488443, -6.363984292778077645 ) ) ;
#2277 = FACE_OUTER_BOUND ( 'NONE', #2904, .T. ) ;
#2278 = CARTESIAN_POINT ( 'NONE',  ( -0.0001384609419781182820, 5.289510556695836918, -0.008246438419737680409 ) ) ;
#2279 = CARTESIAN_POINT ( 'NONE',  ( 0.5048468638584912016, -10.96623123758727836, -2.959718017036245374 ) ) ;
#2280 = AXIS2_PLACEMENT_3D ( 'NONE', #754, #5736, #4244 ) ;
#2281 = ORIENTED_EDGE ( 'NONE', *, *, #744, .F. ) ;
#2282 = CARTESIAN_POINT ( 'NONE',  ( 0.0007376337464342625069, -0.9585147951785722986, -0.002108502225568038586 ) ) ;
#2283 = ORIENTED_EDGE ( 'NONE', *, *, #3074, .F. ) ;
#2284 = CARTESIAN_POINT ( 'NONE',  ( 7.964507785820564401, 4.435563321240553414, -5.255176027981360853 ) ) ;
#2285 = CARTESIAN_POINT ( 'NONE',  ( 0.000000000000000000, 0.000000000000000000, 4.500000000000000000 ) ) ;
#2286 = CARTESIAN_POINT ( 'NONE',  ( -7.264884039242262226, 4.479831652211263560, 6.377642352847165519 ) ) ;
#2287 = EDGE_CURVE ( 'NONE', #1206, #1240, #4134, .T. ) ;
#2288 = VECTOR ( 'NONE', #3212, 1000.000000000000000 ) ;
#2289 = CARTESIAN_POINT ( 'NONE',  ( 0.000000000000000000, 11.50000000000000000, 0.000000000000000000 ) ) ;
#2290 = CARTESIAN_POINT ( 'NONE',  ( 2.892921091481732892E-11, 2.749835628340802529, 4.500000000000004441 ) ) ;
#2291 = CARTESIAN_POINT ( 'NONE',  ( 1.030669690219032968E-14, -3.250264714743960948, -3.000000000000002665 ) ) ;
#2292 = FACE_BOUND ( 'NONE', #3938, .T. ) ;
#2293 = LINE ( 'NONE', #3266, #733 ) ;
#2294 = CARTESIAN_POINT ( 'NONE',  ( 8.904688183416455516, -4.869790298092638636, 3.516144044959244930 ) ) ;
#2295 = CARTESIAN_POINT ( 'NONE',  ( -3.207650927517668560, 0.2594980694150738065, 0.1028344453079873128 ) ) ;
#2296 = CARTESIAN_POINT ( 'NONE',  ( -6.919232074314257908, -1.505217998403209911, 6.693658238289693863 ) ) ;
#2297 = APPROVAL_PERSON_ORGANIZATION ( #4068, #4749, #2713 ) ;
#2298 = CARTESIAN_POINT ( 'NONE',  ( 2.846628289595702466, -0.8544485162929242872, 0.9670370424732371850 ) ) ;
#2299 = ORIENTED_EDGE ( 'NONE', *, *, #300, .F. ) ;
#2300 = CARTESIAN_POINT ( 'NONE',  ( 4.270876712009862075, -2.397780663136500845, -8.535053721768528945 ) ) ;
#2301 = CARTESIAN_POINT ( 'NONE',  ( 0.01060599964168268405, 4.723641093963544257, 1.044859251684760953E-06 ) ) ;
#2302 = CARTESIAN_POINT ( 'NONE',  ( 8.472607485450515341, -0.5937363259426374773, -4.532281837642257116 ) ) ;
#2303 = CARTESIAN_POINT ( 'NONE',  ( 2.887018461375224110, -1.612163940716525579, -1.336330130959644258 ) ) ;
#2304 = CARTESIAN_POINT ( 'NONE',  ( 9.480539140591492497, 10.89260488562164930, 0.6147584107836752132 ) ) ;
#2305 = ORIENTED_EDGE ( 'NONE', *, *, #4414, .T. ) ;
#2306 = DIRECTION ( 'NONE',  ( -0.000000000000000000, -0.000000000000000000, 1.000000000000000000 ) ) ;
#2307 = CARTESIAN_POINT ( 'NONE',  ( -8.243856100593140113, -1.916695280373023502, -4.761506755385781275 ) ) ;
#2308 = CARTESIAN_POINT ( 'NONE',  ( 1.787885654160745519, 5.809914027967142403, 9.372088819639570190 ) ) ;
#2309 = CARTESIAN_POINT ( 'NONE',  ( 2.838172840722188006, -9.829434808291011905, 0.9734347988679928898 ) ) ;
#2310 = CARTESIAN_POINT ( 'NONE',  ( 6.267023329346049110, 2.305055231311608388, -1.097216896843989931 ) ) ;
#2311 = CARTESIAN_POINT ( 'NONE',  ( 2.847614437388309661, -4.854140392681251193, 0.9644490717015943293 ) ) ;
#2312 = CARTESIAN_POINT ( 'NONE',  ( 0.01060486878469717349, 5.723641097478909145, 7.093116100303054441E-05 ) ) ;
#2313 = CARTESIAN_POINT ( 'NONE',  ( 6.759835200213510475, 2.499029036357472755, -6.721225031936820749 ) ) ;
#2314 = ORIENTED_EDGE ( 'NONE', *, *, #1366, .T. ) ;
#2315 = CARTESIAN_POINT ( 'NONE',  ( 0.001224265520802958257, -3.617244505667216448, 0.003002362256186123270 ) ) ;
#2316 = ORIENTED_EDGE ( 'NONE', *, *, #5809, .F. ) ;
#2317 = CARTESIAN_POINT ( 'NONE',  ( -2.283134715643130530, 3.673197273205618618, 9.266010365526172521 ) ) ;
#2318 = CARTESIAN_POINT ( 'NONE',  ( 3.936140947019468150, 4.083838191186786482, 2.258172331839975122 ) ) ;
#2319 = CARTESIAN_POINT ( 'NONE',  ( -6.990596608864677819, 2.489587392277158528, 6.543844722915674872 ) ) ;
#2320 = CARTESIAN_POINT ( 'NONE',  ( 0.000000000000000000, -5.249999999999999112, -9.500000000000000000 ) ) ;
#2321 = CARTESIAN_POINT ( 'NONE',  ( 9.447221813844652871, -10.09318546555156182, -1.000000000008866907 ) ) ;
#2322 = EDGE_CURVE ( 'NONE', #6159, #4440, #5294, .T. ) ;
#2323 = CARTESIAN_POINT ( 'NONE',  ( -5.077881098080378131, -3.071289150173666105, -8.078775038073960246 ) ) ;
#2324 = CARTESIAN_POINT ( 'NONE',  ( 0.000000000000000000, 0.000000000000000000, 4.500000000000000000 ) ) ;
#2325 = CARTESIAN_POINT ( 'NONE',  ( 9.236668533569703854, 5.169278644536946743, 2.391249089825712382 ) ) ;
#2326 = CARTESIAN_POINT ( 'NONE',  ( 2.255417244067388083, 1.498490928667668198, -2.238402884565071638 ) ) ;
#2327 = CARTESIAN_POINT ( 'NONE',  ( 7.235841648404065296, -2.520192401813412086, -6.367904936835809160 ) ) ;
#2328 = DIRECTION ( 'NONE',  ( -0.000000000000000000, -1.000000000000000000, -0.000000000000000000 ) ) ;
#2329 = VERTEX_POINT ( 'NONE', #2852 ) ;
#2330 = CARTESIAN_POINT ( 'NONE',  ( -9.013765930387130254, -1.635433966334671974, 3.377395078809764861 ) ) ;
#2331 = CARTESIAN_POINT ( 'NONE',  ( 0.003158666197133386949, 4.959651831193477634, -0.002703838347605572439 ) ) ;
#2332 = CARTESIAN_POINT ( 'NONE',  ( 9.145200578324915952, 1.150729135649603441, 2.945544724656491642 ) ) ;
#2333 = CARTESIAN_POINT ( 'NONE',  ( -2.025213779447306628, 0.9693036069562319668, -2.453253248356037641 ) ) ;
#2334 = CARTESIAN_POINT ( 'NONE',  ( 3.000001671835515804, -1.770955254155360370, 0.1950566323950676528 ) ) ;
#2335 = CARTESIAN_POINT ( 'NONE',  ( -0.7751610612709474157, -0.3332744407166282063, 2.904714724619906985 ) ) ;
#2336 = CARTESIAN_POINT ( 'NONE',  ( -0.3094667150596947525, -2.239629695835649859, -9.500000000000000000 ) ) ;
#2337 = CARTESIAN_POINT ( 'NONE',  ( -2.744385732149010604, 0.9581449178205329043, -3.578347364418227983 ) ) ;
#2338 = CARTESIAN_POINT ( 'NONE',  ( -2.917582141332653922, -0.3489618129558551551, 9.074067573846999579 ) ) ;
#2339 = CARTESIAN_POINT ( 'NONE',  ( 3.183118286062845304, -2.456395547037470983E-17, 3.180842337641451856 ) ) ;
#2340 = CARTESIAN_POINT ( 'NONE',  ( 4.499877000034103069, 0.4996809834276149109, -4.499973748625383685 ) ) ;
#2341 = CARTESIAN_POINT ( 'NONE',  ( -5.030993431771083380, -6.072453973403325378, -8.064542449009017844 ) ) ;
#2342 = CARTESIAN_POINT ( 'NONE',  ( 0.003707356466358886164, 3.337238719722623426, 0.009714508033319699601 ) ) ;
#2343 = CARTESIAN_POINT ( 'NONE',  ( 6.267238822152882527, -1.020825329511098056, 7.146260799731658508 ) ) ;
#2344 = EDGE_CURVE ( 'NONE', #6379, #2811, #4853, .T. ) ;
#2345 = VERTEX_POINT ( 'NONE', #6372 ) ;
#2346 = CARTESIAN_POINT ( 'NONE',  ( -2.916447556095991565E-05, -3.161799584428565790, -0.0004036858807902545150 ) ) ;
#2347 = VERTEX_POINT ( 'NONE', #852 ) ;
#2348 = CARTESIAN_POINT ( 'NONE',  ( -9.456076672801390970, 5.290692632738042356, 1.213442939353483574 ) ) ;
#2349 = CARTESIAN_POINT ( 'NONE',  ( 8.659122318530958040, -4.885320062610349900, 3.920075587251638183 ) ) ;
#2350 = CARTESIAN_POINT ( 'NONE',  ( -6.444919043220518340, -6.015607568245894932, -7.113028719675938305 ) ) ;
#2351 = ADVANCED_BREP_SHAPE_REPRESENTATION ( '6mmX9mmCoupler', ( #6319, #1658 ), #4767 ) ;
#2352 = CARTESIAN_POINT ( 'NONE',  ( -0.001480940496696763614, -4.606342880307480847, -0.004196681526901483231 ) ) ;
#2353 = CARTESIAN_POINT ( 'NONE',  ( -7.914725018166976156, 3.061210745828282676, -5.331538436674453152 ) ) ;
#2354 = CARTESIAN_POINT ( 'NONE',  ( 9.459923330476112113, -9.569827334430016208, 0.8911104104888630806 ) ) ;
#2355 = B_SPLINE_CURVE_WITH_KNOTS ( 'NONE', 3,
 ( #2192, #6136, #6102, #5064, #1700, #5648, #4193, #5162, #666, #4643, #3683, #634, #1603, #2227, #6068, #2606, #1213, #3195 ),
 .UNSPECIFIED., .F., .F.,
 ( 4, 2, 2, 2, 2, 2, 2, 2, 4 ),
 ( 0.000000000000000000, 0.0003910776209224105303, 0.0007821552418448210605, 0.001173232862767231537, 0.001564310483689642121, 0.001955388104612052272, 0.002346465725534462640, 0.002737543346456872573, 0.003128620967379282941 ),
 .UNSPECIFIED. ) ;
#2356 = CARTESIAN_POINT ( 'NONE',  ( 2.999993534875708079, -11.09316607017838940, 0.1319258449039533154 ) ) ;
#2357 = CARTESIAN_POINT ( 'NONE',  ( -8.897234077959169184E-15, 3.749824566600010733, -4.499999999999997335 ) ) ;
#2358 = CARTESIAN_POINT ( 'NONE',  ( -9.461023687389406689, -3.798830119910817871, -1.465594961129971896 ) ) ;
#2359 = CARTESIAN_POINT ( 'NONE',  ( -3.180990437537111859, 2.244261809407081198, -0.05396254442775288984 ) ) ;
#2360 = CARTESIAN_POINT ( 'NONE',  ( -9.389830522847743666, -3.677752043184343123, 2.171515247491441869 ) ) ;
#2361 = CARTESIAN_POINT ( 'NONE',  ( 2.123162121670810976, 2.541098841762901017E-17, 2.119476964985048895 ) ) ;
#2362 = ORIENTED_EDGE ( 'NONE', *, *, #2634, .F. ) ;
#2363 = CARTESIAN_POINT ( 'NONE',  ( -2.767899828921256855, -0.1562543508114298818, -9.134922305368233353 ) ) ;
#2364 = CARTESIAN_POINT ( 'NONE',  ( -7.315513686239635938, 0.02605097505885383205, -6.209082024571630498 ) ) ;
#2365 = CARTESIAN_POINT ( 'NONE',  ( -3.002801484617035221, 1.365032432085542702, 1.132790784120701444 ) ) ;
#2366 = CARTESIAN_POINT ( 'NONE',  ( 0.7899442081591923071, -1.334038110053547221, -2.920910074777408827 ) ) ;
#2367 = CARTESIAN_POINT ( 'NONE',  ( -0.9999999999996799227, -9.961614483378351537, -2.828427124746303978 ) ) ;
#2368 = DIRECTION ( 'NONE',  ( 0.000000000000000000, 0.000000000000000000, 1.000000000000000000 ) ) ;
#2369 = CARTESIAN_POINT ( 'NONE',  ( -2.949523221149052965E-11, 1.749999829729355305, -9.500000000000000000 ) ) ;
#2370 = CARTESIAN_POINT ( 'NONE',  ( 0.0007366264250295755447, -6.071152302776618548, -0.0004960274729927407989 ) ) ;
#2371 = CARTESIAN_POINT ( 'NONE',  ( -6.141147495477424556, 5.155565869710523330, -1.886526585259628908 ) ) ;
#2372 = CARTESIAN_POINT ( 'NONE',  ( -9.439731934827237936, -5.791369517039499648, -1.234731110512055086 ) ) ;
#2373 = CARTESIAN_POINT ( 'NONE',  ( 6.767328790497294300, 4.001298202025770578, 6.714967523188257736 ) ) ;
#2374 = CARTESIAN_POINT ( 'NONE',  ( -1.829631824075007573, -0.04199383680469256919, -2.385657620049046468 ) ) ;
#2375 = EDGE_LOOP ( 'NONE', ( #2752, #2828, #540, #2695, #3546, #2376, #1709, #5480, #1289, #3641, #3243 ) ) ;
#2376 = ORIENTED_EDGE ( 'NONE', *, *, #24, .T. ) ;
#2377 = CARTESIAN_POINT ( 'NONE',  ( 4.642219178842069915, -3.989644312915606950, 4.349484715044455996 ) ) ;
#2378 = CARTESIAN_POINT ( 'NONE',  ( 8.894349535217514813, -4.635281405372212227, -3.352062725326318215 ) ) ;
#2379 = CARTESIAN_POINT ( 'NONE',  ( 2.407171337921508059, -5.169278179715003141, 9.298253306577759503 ) ) ;
#2380 = CARTESIAN_POINT ( 'NONE',  ( 3.069010436332224590, 6.348877063967272250, -0.9805358677932983769 ) ) ;
#2381 = CARTESIAN_POINT ( 'NONE',  ( 0.000000000000000000, 0.000000000000000000, 0.000000000000000000 ) ) ;
#2382 = CARTESIAN_POINT ( 'NONE',  ( 0.000000000000000000, 0.000000000000000000, 0.000000000000000000 ) ) ;
#2383 = CIRCLE ( 'NONE', #4854, 9.500000000000000000 ) ;
#2384 = CARTESIAN_POINT ( 'NONE',  ( 2.838170838068433621, -10.35690488047715085, 0.9734396592854166474 ) ) ;
#2385 = CARTESIAN_POINT ( 'NONE',  ( 9.447221813845589011, 10.09318546555144991, 1.000000000000033307 ) ) ;
#2386 = CARTESIAN_POINT ( 'NONE',  ( -2.170291646130041663, -1.322931449109860935, 9.313210321323783347 ) ) ;
#2387 = CARTESIAN_POINT ( 'NONE',  ( 1.160695693626663028, 1.630783570709147812, -2.958030659513738669 ) ) ;
#2388 = CARTESIAN_POINT ( 'NONE',  ( 0.1595074282860676762, -1.244774474255155639, 9.625773506655137979 ) ) ;
#2389 = CARTESIAN_POINT ( 'NONE',  ( 2.226740498629686371, 3.523657060577889411E-16, 2.223208215614258965 ) ) ;
#2390 = AXIS2_PLACEMENT_3D ( 'NONE', #2810, #4200, #1708 ) ;
#2391 = CARTESIAN_POINT ( 'NONE',  ( 0.8898461919576202694, 0.7796277905207941172, 9.502563161642354927 ) ) ;
#2392 = CIRCLE ( 'NONE', #4559, 9.500000000000000000 ) ;
#2393 = CARTESIAN_POINT ( 'NONE',  ( 0.004430058434441960444, 3.108564085940918265, -0.007327354191506030984 ) ) ;
#2394 = CARTESIAN_POINT ( 'NONE',  ( -1.387342133239944264, 2.703773243817218397, 9.506205691175784622 ) ) ;
#2395 = CARTESIAN_POINT ( 'NONE',  ( 1.996848326444781163, 1.965670157825547326, 2.475987347959096585 ) ) ;
#2396 = CARTESIAN_POINT ( 'NONE',  ( 9.499994995549140953, 11.09313792326521053, 0.1309115457685813555 ) ) ;
#2397 = DIRECTION ( 'NONE',  ( -0.000000000000000000, -1.000000000000000000, -0.000000000000000000 ) ) ;
#2398 = EDGE_CURVE ( 'NONE', #1045, #4635, #3886, .T. ) ;
#2399 = CARTESIAN_POINT ( 'NONE',  ( -0.9646881827925478659, -5.354203006178139823, 2.847535656381423141 ) ) ;
#2400 = CARTESIAN_POINT ( 'NONE',  ( -2.847240254098539758, -4.854371239384379422, -0.9655802226106756647 ) ) ;
#2401 = CARTESIAN_POINT ( 'NONE',  ( 8.874991538485069498, -3.869793806408126535, 3.504450080692641301 ) ) ;
#2402 = CARTESIAN_POINT ( 'NONE',  ( 6.353413688774315560, 4.241624700549302851, 0.1680658486944694163 ) ) ;
#2403 = CARTESIAN_POINT ( 'NONE',  ( -8.533964191181416581, -5.603783067927678552, 4.220178890440332786 ) ) ;
#2404 = CARTESIAN_POINT ( 'NONE',  ( 6.164011238784975255, 4.526366112508646289, -7.284194620933552855 ) ) ;
#2405 = CARTESIAN_POINT ( 'NONE',  ( -5.690663280827851445, 2.397481937240172112, 2.845591687550523385 ) ) ;
#2406 = CARTESIAN_POINT ( 'NONE',  ( -2.168404344971008868E-15, -3.250250886338906575, 3.000000000000000000 ) ) ;
#2407 = B_SPLINE_CURVE_WITH_KNOTS ( 'NONE', 3,
 ( #2339, #4311, #6281, #3764, #3825, #6154, #3217, #853, #4728, #228, #5245, #1850, #3345, #5803, #4795, #5737, #1719, #3794, #787, #3733, #2212, #5669, #4698, #3252, #3702, #1232, #4762, #4177, #5183, #1361 ),
 .UNSPECIFIED., .F., .F.,
 ( 4, 2, 2, 2, 2, 2, 2, 2, 2, 2, 2, 2, 2, 2, 4 ),
 ( 0.000000000000000000, 0.001334523067515233641, 0.002001784601272849594, 0.002669046135030465547, 0.003336307668788081066, 0.004003569202545697453, 0.004670830736303312539, 0.005338092270060928492, 0.006672615337576157796, 0.007339876871333772881, 0.008007138405091387967, 0.008674399938849001318, 0.009341661472606614669, 0.01000892300636423149, 0.01067618454012184484 ),
 .UNSPECIFIED. ) ;
#2408 = ORIENTED_EDGE ( 'NONE', *, *, #1248, .F. ) ;
#2409 = VERTEX_POINT ( 'NONE', #4794 ) ;
#2410 = CARTESIAN_POINT ( 'NONE',  ( 6.333184439174500469, -3.723444440884073448, -0.5341324861021419235 ) ) ;
#2411 = CARTESIAN_POINT ( 'NONE',  ( 5.785893576105072711, -4.458312261268310372, -7.541277531019901836 ) ) ;
#2412 = CARTESIAN_POINT ( 'NONE',  ( -4.675185953264821670, -5.408850684038271517, 8.533145126769891675 ) ) ;
#2413 = CARTESIAN_POINT ( 'NONE',  ( -0.003221454060649140989, -0.8955187100459026661, 0.006348854702515119991 ) ) ;
#2414 = LINE ( 'NONE', #1925, #3318 ) ;
#2415 = CARTESIAN_POINT ( 'NONE',  ( 4.752023391745757053, -2.416651538910633779, -8.232005075432359931 ) ) ;
#2416 = ORIENTED_EDGE ( 'NONE', *, *, #4253, .T. ) ;
#2417 = CARTESIAN_POINT ( 'NONE',  ( -4.470326431324425975, -2.405279775826303368, 8.431146304245432432 ) ) ;
#2418 = CARTESIAN_POINT ( 'NONE',  ( -3.393250153574689065, 4.478699987675282657, 2.970470132643248995 ) ) ;
#2419 = CARTESIAN_POINT ( 'NONE',  ( 9.599179483921615130, -2.787760374813129438, 1.128867963095552707 ) ) ;
#2420 = CARTESIAN_POINT ( 'NONE',  ( -3.132188781826402035, 2.305420870153050306, 0.5524330172530566019 ) ) ;
#2421 = CARTESIAN_POINT ( 'NONE',  ( 9.454507136052601624, -0.6874984537031255671, -1.883721235822236384 ) ) ;
#2422 = DIRECTION ( 'NONE',  ( -0.000000000000000000, 1.000000000000000000, -0.000000000000000000 ) ) ;
#2423 = ORIENTED_EDGE ( 'NONE', *, *, #1724, .T. ) ;
#2424 = CARTESIAN_POINT ( 'NONE',  ( 0.1578698565317486757, -1.244784016408471805, 9.530471189520586250 ) ) ;
#2425 = CARTESIAN_POINT ( 'NONE',  ( 1.390653653725737460, 5.605555550664409026, -2.857703327822761263 ) ) ;
#2426 = CARTESIAN_POINT ( 'NONE',  ( -0.004520940477753969400, 3.496389920357649395, -0.005002992642640035313 ) ) ;
#2427 = CARTESIAN_POINT ( 'NONE',  ( -8.132703750943715448, 4.071287825966543039, -5.111819288624073643 ) ) ;
#2428 = CARTESIAN_POINT ( 'NONE',  ( 2.620320228798271422, 2.057782923136304287, 1.803358258609873754 ) ) ;
#2429 = CARTESIAN_POINT ( 'NONE',  ( 2.892921091481732892E-11, 2.749835628340802529, 4.500000000000004441 ) ) ;
#2430 = CARTESIAN_POINT ( 'NONE',  ( 1.447459652489910820, 1.853773763584442014, 4.271155702284272770 ) ) ;
#2431 = CARTESIAN_POINT ( 'NONE',  ( 7.537231960752860159E-06, -1.249999993946490973, -9.499868044455633154 ) ) ;
#2432 = CARTESIAN_POINT ( 'NONE',  ( -2.980905648528449969, -4.708752788559777969, 0.3905233287282036669 ) ) ;
#2433 = CYLINDRICAL_SURFACE ( 'NONE', #1237, 9.500000000000000000 ) ;
#2434 = CARTESIAN_POINT ( 'NONE',  ( -2.701672226051008430, 4.889274531795730461, -5.759546844687988276 ) ) ;
#2435 = CARTESIAN_POINT ( 'NONE',  ( -3.072329230861497340, -6.145232840316595002, -8.994858084922721986 ) ) ;
#2436 = CARTESIAN_POINT ( 'NONE',  ( -0.006861682823842085721, 6.988260814333419724, 0.006202271657707646678 ) ) ;
#2437 = CARTESIAN_POINT ( 'NONE',  ( 5.790836058796065444, 3.108247502597765166, 2.775259611892884504 ) ) ;
#2438 = CARTESIAN_POINT ( 'NONE',  ( -4.456983737546972080, 0.2964787528848447096, 0.6587132302059174327 ) ) ;
#2439 = EDGE_CURVE ( 'NONE', #1691, #4083, #1390, .T. ) ;
#2440 = ORIENTED_EDGE ( 'NONE', *, *, #3114, .T. ) ;
#2441 = CARTESIAN_POINT ( 'NONE',  ( 5.004185777177606376, -3.533916318042273019, -4.026744670667034676 ) ) ;
#2442 = CARTESIAN_POINT ( 'NONE',  ( 9.256870606083834829, -4.677089937751279791, -2.158119169630980938 ) ) ;
#2443 = CARTESIAN_POINT ( 'NONE',  ( 7.556818048517490283, -4.533828446234845266, -6.080028942442709194 ) ) ;
#2444 = CARTESIAN_POINT ( 'NONE',  ( 0.001348114246942984807, -0.4273127948108074725, 0.0002956297494515875389 ) ) ;
#2445 = CARTESIAN_POINT ( 'NONE',  ( 1.088266575379609469E-11, -2.250250062667548789, 3.000000000000000444 ) ) ;
#2446 = CARTESIAN_POINT ( 'NONE',  ( 9.459831818781976764, -9.590315737760692016, -0.8741213910134575382 ) ) ;
#2447 = VERTEX_POINT ( 'NONE', #2369 ) ;
#2448 = CARTESIAN_POINT ( 'NONE',  ( -6.283030533500072679, -0.4791580402360858248, 7.167287519660260564 ) ) ;
#2449 = CARTESIAN_POINT ( 'NONE',  ( 9.450093924816533431, 9.831011646601647058, -0.9737715635676190695 ) ) ;
#2450 = CARTESIAN_POINT ( 'NONE',  ( -4.485231558971006116, -3.405282422586022761, 8.459158287587417391 ) ) ;
#2451 = CARTESIAN_POINT ( 'NONE',  ( 8.287018206630897055, 1.419913200334205428, -4.899706611703516401 ) ) ;
#2452 = CARTESIAN_POINT ( 'NONE',  ( -3.927755917171248612, 5.614904206646271767, 8.687497823347925419 ) ) ;
#2453 = CARTESIAN_POINT ( 'NONE',  ( -0.2935429463028755848, 5.770509100811437087, -4.499999999998983924 ) ) ;
#2454 = ORIENTED_EDGE ( 'NONE', *, *, #3297, .F. ) ;
#2455 = CARTESIAN_POINT ( 'NONE',  ( 2.701980200331854043, 0.8414579743077201801, 9.153599789279178722 ) ) ;
#2456 = CARTESIAN_POINT ( 'NONE',  ( -2.354155736115284281, 6.014931282444734961, -2.135536711072126614 ) ) ;
#2457 = CARTESIAN_POINT ( 'NONE',  ( 2.995237492726176232, -4.641703369488102027, -1.062351607967038980 ) ) ;
#2458 = CARTESIAN_POINT ( 'NONE',  ( -8.591941530587311249, 2.397786637652865149, 4.299382412499807238 ) ) ;
#2459 = CARTESIAN_POINT ( 'NONE',  ( -0.6240577319472483397, 1.686793548141649168, 3.119058401969746708 ) ) ;
#2460 = CARTESIAN_POINT ( 'NONE',  ( -0.9738079167710316231, 9.830897875315050882, -4.393667861690135901 ) ) ;
#2461 = CARTESIAN_POINT ( 'NONE',  ( -1.207530169605730406E-14, 1.749841103870972914, 4.499999999999999112 ) ) ;
#2462 = ADVANCED_FACE ( 'NONE', ( #979 ), #882, .F. ) ;
#2463 = UNCERTAINTY_MEASURE_WITH_UNIT (LENGTH_MEASURE( 1.000000000000000082E-05 ), #2066, 'distance_accuracy_value', 'NONE');
#2464 = CARTESIAN_POINT ( 'NONE',  ( -0.2942644042293552920, 1.729065986519819464, 4.499999999999995559 ) ) ;
#2465 = CARTESIAN_POINT ( 'NONE',  ( 0.006186175353431870062, -5.989006040307292444, -0.006845605850248563662 ) ) ;
#2466 = CARTESIAN_POINT ( 'NONE',  ( 4.553115088388178577, 4.496196028263994116, -4.443507898315235849 ) ) ;
#2467 = CARTESIAN_POINT ( 'NONE',  ( -4.215492356511034266, -4.103959873391353597, -8.536380185781810681 ) ) ;
#2468 = CARTESIAN_POINT ( 'NONE',  ( -0.002675833979884214859, 7.098965532359563291, 0.006105215661951087468 ) ) ;
#2469 = CARTESIAN_POINT ( 'NONE',  ( -0.4440246176483376161, 0.7184691275216098516, 4.483443260452346202 ) ) ;
#2470 = EDGE_LOOP ( 'NONE', ( #40, #5346, #5608, #1172 ) ) ;
#2471 = VERTEX_POINT ( 'NONE', #388 ) ;
#2472 = CARTESIAN_POINT ( 'NONE',  ( 6.825923238235489521, 6.496093258519390012, -6.657642604572365563 ) ) ;
#2473 = CARTESIAN_POINT ( 'NONE',  ( 3.391060318695587661, 5.020649694488361625, 2.972932572412037455 ) ) ;
#2474 = CARTESIAN_POINT ( 'NONE',  ( 9.506205715046853300, -2.703768275641301955, -1.387341967738080495 ) ) ;
#2475 = CARTESIAN_POINT ( 'NONE',  ( -0.003594056221812070868, -1.948785845662642346, 0.003681796305417721262 ) ) ;
#2476 = CARTESIAN_POINT ( 'NONE',  ( 0.000000000000000000, -12.50000000000000000, 0.000000000000000000 ) ) ;
#2477 = CARTESIAN_POINT ( 'NONE',  ( 2.603183184941836537, -2.583524156273557359, -1.503849401524930185 ) ) ;
#2478 = CARTESIAN_POINT ( 'NONE',  ( -8.637760108895671252, -2.889654762266764987, -4.056088013759058697 ) ) ;
#2479 = CARTESIAN_POINT ( 'NONE',  ( 2.974138573630267235, 0.9790793179764634147, 3.390104069867614811 ) ) ;
#2480 = CARTESIAN_POINT ( 'NONE',  ( -5.272696153025123067, -3.435561356367488717, 7.991076682685226196 ) ) ;
#2481 = CARTESIAN_POINT ( 'NONE',  ( 9.287273957592725893, 1.336256633101239988, -2.583423789821687855 ) ) ;
#2482 = CARTESIAN_POINT ( 'NONE',  ( -1.245477245642723376E-14, 4.749824871469419563, -4.500000000000000888 ) ) ;
#2483 = CARTESIAN_POINT ( 'NONE',  ( 1.983119182298324734, -0.02103403319714757316, 2.259763398475603147 ) ) ;
#2484 = VECTOR ( 'NONE', #3762, 1000.000000000000000 ) ;
#2485 = CARTESIAN_POINT ( 'NONE',  ( 5.304826696538197162, -0.4374783420256965760, -7.934971617490162110 ) ) ;
#2486 = CARTESIAN_POINT ( 'NONE',  ( -2.823238996519473520, 6.098514168442523697, -1.459443485645468108 ) ) ;
#2487 = CARTESIAN_POINT ( 'NONE',  ( -0.0005094102387433228169, 6.070407076237899879, 0.0007578152055610469246 ) ) ;
#2488 = CARTESIAN_POINT ( 'NONE',  ( 2.753697691342705589, 2.841153435285312945, 9.298270743239612557 ) ) ;
#2489 = CARTESIAN_POINT ( 'NONE',  ( 3.174141110728699644, 6.229424590229894143, 0.2037387460329823652 ) ) ;
#2490 = CARTESIAN_POINT ( 'NONE',  ( 0.2626722093157122795, 11.06687620128245797, -4.493959452189915993 ) ) ;
#2491 = AXIS2_PLACEMENT_3D ( 'NONE', #1474, #3877, #1438 ) ;
#2492 = CARTESIAN_POINT ( 'NONE',  ( 8.820225381301847634, 0.3750085029997195507, -3.650522560293770979 ) ) ;
#2493 = APPROVAL_PERSON_ORGANIZATION ( #2131, #918, #2677 ) ;
#2494 = CARTESIAN_POINT ( 'NONE',  ( -7.266966034798983287, -0.9739555919210347579, -6.167858287000095530 ) ) ;
#2495 = CARTESIAN_POINT ( 'NONE',  ( 4.350002802636382171, -2.489964729764714502, -4.643225878269513274 ) ) ;
#2496 = CARTESIAN_POINT ( 'NONE',  ( 0.000000000000000000, 12.50000000000000000, -9.500000000000000000 ) ) ;
#2497 = CARTESIAN_POINT ( 'NONE',  ( 1.192510844354148114, 5.809852121195809183, 6.247743695002309749 ) ) ;
#2498 = CARTESIAN_POINT ( 'NONE',  ( -2.764628803664238113E-11, -3.250000022104830855, 9.500000000000005329 ) ) ;
#2499 = CARTESIAN_POINT ( 'NONE',  ( 0.000000000000000000, 0.000000000000000000, 0.000000000000000000 ) ) ;
#2500 = CARTESIAN_POINT ( 'NONE',  ( 6.053159388895693382, 3.348519892224474770, -1.936178427321655349 ) ) ;
#2501 = CARTESIAN_POINT ( 'NONE',  ( 8.231767134705592071, -0.9166687040068414172, 4.752469903875846668 ) ) ;
#2502 = ORIENTED_EDGE ( 'NONE', *, *, #4434, .T. ) ;
#2503 = DIRECTION ( 'NONE',  ( -0.000000000000000000, 1.000000000000000000, -0.000000000000000000 ) ) ;
#2504 = CARTESIAN_POINT ( 'NONE',  ( -3.008470963612460913, 6.851565140199153525, -9.156762435561836000 ) ) ;
#2505 = CARTESIAN_POINT ( 'NONE',  ( 4.210540528520545500, -4.395858508889951111, -8.538580600519658503 ) ) ;
#2506 = CARTESIAN_POINT ( 'NONE',  ( -9.522980511623318378, -3.708000180372200028, 1.260793953215284091 ) ) ;
#2507 = CARTESIAN_POINT ( 'NONE',  ( -0.005209765995401828553, -1.305872668713676577, -0.0001756762047125760904 ) ) ;
#2508 = CARTESIAN_POINT ( 'NONE',  ( 4.756329378979692102, 2.916490594004750303, 8.247105791352501214 ) ) ;
#2509 = CARTESIAN_POINT ( 'NONE',  ( 2.847038703646725732, -2.854324388310617522, 0.9657082629328458401 ) ) ;
#2510 = EDGE_LOOP ( 'NONE', ( #4208, #1809, #2116, #4871 ) ) ;
#2511 = CARTESIAN_POINT ( 'NONE',  ( 7.644265936627387958, 0.04164759256914083579, 5.849004329217541986 ) ) ;
#2512 = CARTESIAN_POINT ( 'NONE',  ( 3.578519421980511428, 6.458135041152760714, -2.744395978024881000 ) ) ;
#2513 = CARTESIAN_POINT ( 'NONE',  ( 6.770131639661012279, -0.4999893609415432261, -6.774673981621766039 ) ) ;
#2514 = CARTESIAN_POINT ( 'NONE',  ( -9.716317739646838092, 0.2604418549877234312, 0.3323244787423456081 ) ) ;
#2515 = CARTESIAN_POINT ( 'NONE',  ( -6.937044983288426891, -1.989597684493178864, -6.498049507930677926 ) ) ;
#2516 = CARTESIAN_POINT ( 'NONE',  ( 0.000000000000000000, 12.50000000000000000, -9.500000000000000000 ) ) ;
#2517 = EDGE_CURVE ( 'NONE', #6240, #4287, #2972, .T. ) ;
#2518 = CARTESIAN_POINT ( 'NONE',  ( 1.163414459189985485E-15, 12.50000000000000000, 9.500000000000000000 ) ) ;
#2519 = CARTESIAN_POINT ( 'NONE',  ( -3.927737171853954212, 4.614904206779981699, 8.687471321108217737 ) ) ;
#2520 = CARTESIAN_POINT ( 'NONE',  ( 0.7205219757249481383, 3.677100493077371191, -3.097519055109470454 ) ) ;
#2521 = CARTESIAN_POINT ( 'NONE',  ( 0.7990242812188346200, -5.169325126753653521, 3.078191232755494333 ) ) ;
#2522 = CARTESIAN_POINT ( 'NONE',  ( 1.799795435233241259, 4.809915265957782182, 9.434595450802655492 ) ) ;
#2523 = CARTESIAN_POINT ( 'NONE',  ( -1.347337237802684662, 4.888894307144318496, -2.881473469519229003 ) ) ;
#2524 = CARTESIAN_POINT ( 'NONE',  ( -1.000000000000000222, 10.09318546555144991, -4.387482193696060406 ) ) ;
#2525 = CARTESIAN_POINT ( 'NONE',  ( 2.254328927370475633, 2.583258413353701322, -3.905628542395395364 ) ) ;
#2526 = CARTESIAN_POINT ( 'NONE',  ( -3.580218322860569735, 1.457936081122963357, 2.742111428542891360 ) ) ;
#2527 = CARTESIAN_POINT ( 'NONE',  ( -0.008259030043063860307, -4.290255789774431783, -0.0002653198468359364154 ) ) ;
#2528 = CARTESIAN_POINT ( 'NONE',  ( -6.164971653600369805, 7.165945389964586631, -1.664207030030785628 ) ) ;
#2529 = CARTESIAN_POINT ( 'NONE',  ( 1.830998378862266573, -5.041807507586959503, 2.384463216311116796 ) ) ;
#2530 = CARTESIAN_POINT ( 'NONE',  ( -2.157790187555563399, 5.822901351662899572, -9.256863044861614043 ) ) ;
#2531 = CARTESIAN_POINT ( 'NONE',  ( -6.321773388104615421, 2.214224906836543827, -0.7145386536932283317 ) ) ;
#2532 = CARTESIAN_POINT ( 'NONE',  ( 9.378168344057860040, -0.8020833557994172525, 1.548419888943827205 ) ) ;
#2533 = LINE ( 'NONE', #3569, #3001 ) ;
#2534 = CARTESIAN_POINT ( 'NONE',  ( 2.653739876439431544, -0.1150441720027111508, 5.842988085221600514 ) ) ;
#2535 = CARTESIAN_POINT ( 'NONE',  ( -1.549176938413812351E-16, 4.749803424434003496, 4.500000000000000888 ) ) ;
#2536 = CARTESIAN_POINT ( 'NONE',  ( 8.242061333395737321, -2.921229620825094742, 4.915114023363003959 ) ) ;
#2537 = CARTESIAN_POINT ( 'NONE',  ( -0.007371626206717961372, -2.109309315266307383, 0.004309657407621290612 ) ) ;
#2538 = CARTESIAN_POINT ( 'NONE',  ( 9.438339096453670862, 3.291749834710778977, -1.245902313544950957 ) ) ;
#2539 = ADVANCED_FACE ( 'NONE', ( #2575 ), #4026, .T. ) ;
#2540 = ORIENTED_EDGE ( 'NONE', *, *, #577, .F. ) ;
#2541 = CARTESIAN_POINT ( 'NONE',  ( 6.714895270017225748, -2.001298205658237794, 6.767272188882964556 ) ) ;
#2542 = CARTESIAN_POINT ( 'NONE',  ( 3.578096911603443786, 6.041414387869366465, 2.745013768924102315 ) ) ;
#2543 = CARTESIAN_POINT ( 'NONE',  ( 5.236381822997743463, 0.9342677308360675115, 8.017246791111878323 ) ) ;
#2544 = CARTESIAN_POINT ( 'NONE',  ( -3.490758141890628607, 1.868157621517467559, -8.972777378548080662 ) ) ;
#2545 = CARTESIAN_POINT ( 'NONE',  ( -4.208340854914792040, -1.395778230418970756, 8.539576482209197295 ) ) ;
#2546 = CARTESIAN_POINT ( 'NONE',  ( 0.3945118386837117574, -0.2083371959035605903, 3.000000000000530687 ) ) ;
#2547 = CARTESIAN_POINT ( 'NONE',  ( -0.3903860871401859112, -4.291696529841916963, 2.980954233839324452 ) ) ;
#2548 = CARTESIAN_POINT ( 'NONE',  ( 0.000000000000000000, 11.50000000000000000, 0.000000000000000000 ) ) ;
#2549 = CARTESIAN_POINT ( 'NONE',  ( 9.081743371870635073, 3.348301566715667477, -2.899427512120293482 ) ) ;
#2550 = CARTESIAN_POINT ( 'NONE',  ( -2.514718198314068953, 4.040158799072417928, -1.946768158460451037 ) ) ;
#2551 = CARTESIAN_POINT ( 'NONE',  ( -3.143121446672320740, -3.798970052437849798, -0.4857663696940376918 ) ) ;
#2552 = CARTESIAN_POINT ( 'NONE',  ( -9.563333333138221093, 6.250004968176129161, -1.664643887238580303E-07 ) ) ;
#2553 = CARTESIAN_POINT ( 'NONE',  ( 0.2901558700214501019, 5.778939962425926780, 3.166505865454821045 ) ) ;
#2554 = CARTESIAN_POINT ( 'NONE',  ( 5.507873130863458284E-16, 11.09318546555144991, -4.500000000000000000 ) ) ;
#2555 = CARTESIAN_POINT ( 'NONE',  ( 3.000019148302925043, -0.7712309812383411067, 0.1972285011208252392 ) ) ;
#2556 = CARTESIAN_POINT ( 'NONE',  ( 6.157431983407040121, 5.169053476793536106, 1.595128593648732940 ) ) ;
#2557 = CARTESIAN_POINT ( 'NONE',  ( -3.051236500664315177, -4.852344612600752782, -1.006559801805670507 ) ) ;
#2558 = CARTESIAN_POINT ( 'NONE',  ( -8.526426428126558932, -3.895714310965036287, -4.200866921935578091 ) ) ;
#2559 = CARTESIAN_POINT ( 'NONE',  ( -0.1975209538975454260, -1.229296248389174062, -3.000000000000000000 ) ) ;
#2560 = CARTESIAN_POINT ( 'NONE',  ( -7.266911270552983915, 1.026041803938988917, -6.167913421472192681 ) ) ;
#2561 = CARTESIAN_POINT ( 'NONE',  ( 2.153083044587803307, 1.677262523102339253, -9.258026613532029714 ) ) ;
#2562 = CARTESIAN_POINT ( 'NONE',  ( -8.070599573255362813, 2.427153711331456520, 5.021189233047904210 ) ) ;
#2563 = CARTESIAN_POINT ( 'NONE',  ( 5.163820604943875736, -1.948202206735329067, 3.703851798564000042 ) ) ;
#2564 = FACE_OUTER_BOUND ( 'NONE', #4239, .T. ) ;
#2565 = CARTESIAN_POINT ( 'NONE',  ( 0.006473772075658587935, 2.893463530770018277, -0.003111345358391944763 ) ) ;
#2566 = CARTESIAN_POINT ( 'NONE',  ( 7.155107308160153501, 3.020736997907368604, 6.279953018834508960 ) ) ;
#2567 = ORIENTED_EDGE ( 'NONE', *, *, #6274, .T. ) ;
#2568 = ORIENTED_EDGE ( 'NONE', *, *, #5761, .T. ) ;
#2569 = CARTESIAN_POINT ( 'NONE',  ( -9.013501340471972156, 1.364599058882336458, 3.378342682008335540 ) ) ;
#2570 = CARTESIAN_POINT ( 'NONE',  ( 0.5932417340655679050, 6.707861197284033850, -4.470388696921851590 ) ) ;
#2571 = CARTESIAN_POINT ( 'NONE',  ( 3.498661713800815143, 1.630857796870417209, -8.901637780610007766 ) ) ;
#2572 = CARTESIAN_POINT ( 'NONE',  ( 3.903300931564364529, 3.617197181179375942, -8.812819512829587865 ) ) ;
#2573 = CARTESIAN_POINT ( 'NONE',  ( 5.796410102476825088, 4.958397500632363730, 7.552220777954883779 ) ) ;
#2574 = CARTESIAN_POINT ( 'NONE',  ( 4.977843224424071602E-14, 3.749835940544091528, 4.499999999999999112 ) ) ;
#2575 = FACE_OUTER_BOUND ( 'NONE', #2858, .T. ) ;
#2576 = CARTESIAN_POINT ( 'NONE',  ( -1.448051759197720667, 6.853901121935337848, -4.270974096323401525 ) ) ;
#2577 = CARTESIAN_POINT ( 'NONE',  ( -9.211221018905327185, 4.155598974436832016, -2.831067752979194108 ) ) ;
#2578 = CARTESIAN_POINT ( 'NONE',  ( -0.006885766295153796998, 5.742376129439239030, -0.0003453239453612829898 ) ) ;
#2579 = CARTESIAN_POINT ( 'NONE',  ( 3.286607061453454826, -5.139314336481052514, 9.059917619405908340 ) ) ;
#2580 = CARTESIAN_POINT ( 'NONE',  ( -1.870901024692812387, 4.950026272465358979, -2.571885416622452070 ) ) ;
#2581 = PERSON_AND_ORGANIZATION_ROLE ( 'classification_officer' ) ;
#2582 = CARTESIAN_POINT ( 'NONE',  ( 4.044085395321165066, 2.395712866737300661, -1.995791926669914229 ) ) ;
#2583 = CARTESIAN_POINT ( 'NONE',  ( -8.176736617371757276, -5.578121262998621432, 4.903336468462685005 ) ) ;
#2584 = B_SPLINE_CURVE_WITH_KNOTS ( 'NONE', 3,
 ( #3927, #5352, #5817, #4837, #925, #6294, #1373, #4901, #2353, #371, #1498, #4806, #6356, #16, #6384, #5908, #468, #3960, #5876, #4323, #2895, #3359, #5324, #1863, #2865, #1466 ),
 .UNSPECIFIED., .F., .F.,
 ( 4, 2, 2, 2, 2, 2, 2, 2, 2, 2, 2, 2, 4 ),
 ( 0.6399999695253736354, 0.6473439250033361514, 0.6536720791705588063, 0.6600002333377815722, 0.6673439541705588063, 0.6746876750033361514, 0.6820313958361134965, 0.6893751166688908416, 0.6967188375016681867, 0.7040625583344454208, 0.7114062791672226549, 0.7187500000000000000, 0.7200000344613355363 ),
 .UNSPECIFIED. ) ;
#2585 = CIRCLE ( 'NONE', #515, 1.000000000000000000 ) ;
#2586 = CARTESIAN_POINT ( 'NONE',  ( 2.501625155102317422, -3.534002468029531663, -2.013739656157546687 ) ) ;
#2587 = CARTESIAN_POINT ( 'NONE',  ( -2.903208743923309409, -3.833940317946706422, -0.7812416921389042646 ) ) ;
#2588 = CARTESIAN_POINT ( 'NONE',  ( -0.3958265056932542270, -1.208234596484930146, -2.980234018951165798 ) ) ;
#2589 = CARTESIAN_POINT ( 'NONE',  ( -2.767902747198911939, 0.8437456509501427560, -9.134947381824193968 ) ) ;
#2590 = EDGE_CURVE ( 'NONE', #4927, #291, #2355, .T. ) ;
#2591 = VECTOR ( 'NONE', #5273, 1000.000000000000000 ) ;
#2592 = CARTESIAN_POINT ( 'NONE',  ( -8.464750568872082326, 7.097611446508783395, -4.390721411734285873 ) ) ;
#2593 = CARTESIAN_POINT ( 'NONE',  ( -5.785502818373034373, 1.958292216590868051, -7.541530314928013290 ) ) ;
#2594 = CARTESIAN_POINT ( 'NONE',  ( -5.144894380105411891, -2.950354398899606156, -3.740921533755291684 ) ) ;
#2595 = CARTESIAN_POINT ( 'NONE',  ( 4.356387534453409316, 5.166563483165247384, 1.165173195716218357 ) ) ;
#2596 = AXIS2_PLACEMENT_3D ( 'NONE', #5538, #5996, #5936 ) ;
#2597 = CARTESIAN_POINT ( 'NONE',  ( 0.002548443310888024588, 1.365249118686808982, 0.01001483517699029713 ) ) ;
#2598 = CARTESIAN_POINT ( 'NONE',  ( 0.6199197959876389108, 3.729226490883132517, -9.484897410450139787 ) ) ;
#2599 = CARTESIAN_POINT ( 'NONE',  ( 8.820225381301847634, 0.3750085029997195507, -3.650522560293770979 ) ) ;
#2600 = CARTESIAN_POINT ( 'NONE',  ( 0.2950687207712123783, 0.7706723104484496378, 4.499999999999998224 ) ) ;
#2601 = CARTESIAN_POINT ( 'NONE',  ( 9.574846895198959373, 1.243492225613739510, 0.1929263446276301142 ) ) ;
#2602 = CARTESIAN_POINT ( 'NONE',  ( 8.770835148981545260, 3.108084462175329410, 4.208291899426837013 ) ) ;
#2603 = CARTESIAN_POINT ( 'NONE',  ( -1.239175910745226261, -1.291522671987942461, 9.439268792594912583 ) ) ;
#2604 = CARTESIAN_POINT ( 'NONE',  ( 1.829333405278683378, -0.04202853104527137090, 2.385752153596295333 ) ) ;
#2605 = CARTESIAN_POINT ( 'NONE',  ( -9.482905931751548173E-05, 2.243994498351237432, -0.004342039762774604558 ) ) ;
#2606 = CARTESIAN_POINT ( 'NONE',  ( 9.450069041319268948, -10.35481425649364162, -0.9740312324771077668 ) ) ;
#2607 = CARTESIAN_POINT ( 'NONE',  ( -2.973323463722678639, 6.978769835548139788, -3.390593298565242275 ) ) ;
#2608 = CARTESIAN_POINT ( 'NONE',  ( 6.831893272689806729, 3.496099082509448230, -6.662736479219258712 ) ) ;
#2609 = CARTESIAN_POINT ( 'NONE',  ( -1.886531311475340589, -4.155814278317482291, -6.141158000528932348 ) ) ;
#2610 = CARTESIAN_POINT ( 'NONE',  ( -1.752724024456834062, -3.435956266905689116, 2.653706876837261142 ) ) ;
#2611 = CARTESIAN_POINT ( 'NONE',  ( 9.594999673154010367, -4.722959365322791037, -0.8146718801089194439 ) ) ;
#2612 = CARTESIAN_POINT ( 'NONE',  ( 2.897670873272568226, 4.108405798533363296, 1.383998786387119040 ) ) ;
#2613 = DATE_AND_TIME ( #4131, #2915 ) ;
#2614 = CARTESIAN_POINT ( 'NONE',  ( -0.2620654901427595385, 11.06710247707727213, -9.497158202459218046 ) ) ;
#2615 = EDGE_CURVE ( 'NONE', #3381, #4053, #5361, .T. ) ;
#2616 = ORIENTED_EDGE ( 'NONE', *, *, #2035, .F. ) ;
#2617 = CARTESIAN_POINT ( 'NONE',  ( 4.869451100635089347, -5.079425721885452383, 8.205339058818037046 ) ) ;
#2618 = CARTESIAN_POINT ( 'NONE',  ( -1.251023897375523219, 0.6868250058800632329, 6.238200321894964873 ) ) ;
#2619 = CARTESIAN_POINT ( 'NONE',  ( 2.897712777932809569, -3.615605409837131745, -1.305060356843190661 ) ) ;
#2620 = CARTESIAN_POINT ( 'NONE',  ( -2.621768168489291728, -3.916835656434219715, -1.509641087284492977 ) ) ;
#2621 = CARTESIAN_POINT ( 'NONE',  ( -2.903631980209150143, -0.8337165945426648905, -0.7792166702391678523 ) ) ;
#2622 = CARTESIAN_POINT ( 'NONE',  ( 9.378152497764922657, -0.6979137230297968175, -1.548505342015509045 ) ) ;
#2623 = CARTESIAN_POINT ( 'NONE',  ( 9.196750002532636969, 1.333241935711451998, -2.460593170203731361 ) ) ;
#2624 = DIRECTION ( 'NONE',  ( 1.000000000000000000, -0.000000000000000000, 1.224646799147353207E-16 ) ) ;
#2625 = CARTESIAN_POINT ( 'NONE',  ( 6.157698156160393843, -1.841276104442415074, 1.823619950636698128 ) ) ;
#2626 = CARTESIAN_POINT ( 'NONE',  ( -8.243875209775600510, 0.4166866329460580665, 4.761475484115670120 ) ) ;
#2627 = CARTESIAN_POINT ( 'NONE',  ( 0.0004454982895049305631, 2.212663091736950527, -0.004820375876443205344 ) ) ;
#2628 = CARTESIAN_POINT ( 'NONE',  ( 2.701982064156822183, 1.841457976124294627, 9.153620055090966545 ) ) ;
#2629 = ORIENTED_EDGE ( 'NONE', *, *, #3545, .F. ) ;
#2630 = ORIENTED_EDGE ( 'NONE', *, *, #3936, .T. ) ;
#2631 = CARTESIAN_POINT ( 'NONE',  ( 0.8898314671930382946, 1.779627786829384384, 9.502457258153755859 ) ) ;
#2632 = CARTESIAN_POINT ( 'NONE',  ( 0.5055808081335321225, -9.220520062861181643, -2.959603094502366805 ) ) ;
#2633 = CARTESIAN_POINT ( 'NONE',  ( 6.592313221722452710, -1.010404627759417195, 7.058006255176583643 ) ) ;
#2634 = EDGE_CURVE ( 'NONE', #2471, #4182, #6127, .T. ) ;
#2635 = CARTESIAN_POINT ( 'NONE',  ( -7.993873582335846883, 2.061211999246297388, -5.384887269082858197 ) ) ;
#2636 = CARTESIAN_POINT ( 'NONE',  ( 2.114898413937393707E-11, 4.750000000000692779, 9.499999999999966249 ) ) ;
#2637 = CARTESIAN_POINT ( 'NONE',  ( 0.000000000000000000, -11.50000000000000000, 8.500000000000000000 ) ) ;
#2638 = CARTESIAN_POINT ( 'NONE',  ( -3.387079293408282066, 3.020192605136196917, -2.977171297961509921 ) ) ;
#2639 = CARTESIAN_POINT ( 'NONE',  ( -4.471351296030233513, 5.291295780414830396, 0.5874287749841594630 ) ) ;
#2640 = CARTESIAN_POINT ( 'NONE',  ( -1.612564416315015459, 4.695961532799443283, 9.395985838847048299 ) ) ;
#2641 = B_SPLINE_CURVE_WITH_KNOTS ( 'NONE', 3,
 ( #3514, #3029, #4998, #563, #3548, #4541, #4055, #1110, #3678, #1306 ),
 .UNSPECIFIED., .F., .F.,
 ( 4, 2, 2, 2, 4 ),
 ( 0.001575073419477403302, 0.001968594365836487999, 0.002362115312195572480, 0.002755636258554657395, 0.003149157204913741442 ),
 .UNSPECIFIED. ) ;
#2642 = CARTESIAN_POINT ( 'NONE',  ( 2.169389175566602379, -5.139440019529320836, 5.980095035885439891 ) ) ;
#2643 = CARTESIAN_POINT ( 'NONE',  ( -2.581979927832127597, -1.948253096315668786, -1.850613915286581923 ) ) ;
#2644 = CARTESIAN_POINT ( 'NONE',  ( -6.724164678639517057, -5.496083761780851340, 6.894203246462397239 ) ) ;
#2645 = CARTESIAN_POINT ( 'NONE',  ( -0.002215474005284354814, -5.015339253081175563, 0.001717639698760955753 ) ) ;
#2646 = COORDINATED_UNIVERSAL_TIME_OFFSET ( 5, 30, .AHEAD. ) ;
#2647 = CARTESIAN_POINT ( 'NONE',  ( 0.000000000000000000, 11.09318546555144991, -9.500000000000000000 ) ) ;
#2648 = CARTESIAN_POINT ( 'NONE',  ( 6.358732342250629443, 5.258752816509867145, -0.1814892429188841860 ) ) ;
#2649 = CARTESIAN_POINT ( 'NONE',  ( 3.478030876125682624, 0.9340042793980267710, 5.327635973219567944 ) ) ;
#2650 = CARTESIAN_POINT ( 'NONE',  ( -2.139011550415591767, -3.321612140463808593, 9.354665199648316332 ) ) ;
#2651 = CARTESIAN_POINT ( 'NONE',  ( -0.8440280309980700002, -5.165647801942569117, -3.077876578971974642 ) ) ;
#2652 = CARTESIAN_POINT ( 'NONE',  ( -1.326425954609304458, -4.104748945998210274, -2.697905886725683100 ) ) ;
#2653 = CARTESIAN_POINT ( 'NONE',  ( -4.499999999980809129, 6.249607775568220447, 1.314199136891960053E-05 ) ) ;
#2654 = CARTESIAN_POINT ( 'NONE',  ( -1.877982084196794466, 1.686856463863966260, 9.357322925813244652 ) ) ;
#2655 = CARTESIAN_POINT ( 'NONE',  ( -0.4663966179858067274, 6.765628992784732176, -9.499567121937426251 ) ) ;
#2656 = CARTESIAN_POINT ( 'NONE',  ( 7.617062362796911401E-13, 2.750000349221283003, 9.500000000000001776 ) ) ;
#2657 = CARTESIAN_POINT ( 'NONE',  ( -0.4145800992787727068, -0.2707371217003832209, 6.340810853927968616 ) ) ;
#2658 = CARTESIAN_POINT ( 'NONE',  ( -4.765155794473449724, 0.5831659950240395407, 8.241864587061552783 ) ) ;
#2659 = CARTESIAN_POINT ( 'NONE',  ( 0.001682308336370189495, 1.416482317915649380, 0.001481386309810167655 ) ) ;
#2660 = CARTESIAN_POINT ( 'NONE',  ( 9.477738798661123454, 2.212559083416704375, 1.122807595653926294 ) ) ;
#2661 = ORIENTED_EDGE ( 'NONE', *, *, #1601, .F. ) ;
#2662 = CARTESIAN_POINT ( 'NONE',  ( -6.850630358439135925, 1.494788440414686947, 6.627545068264553585 ) ) ;
#2663 = DIRECTION ( 'NONE',  ( 0.000000000000000000, 0.000000000000000000, 1.000000000000000000 ) ) ;
#2664 = CARTESIAN_POINT ( 'NONE',  ( 1.128867879268070196, 2.787762858900824536, 9.599179493724394163 ) ) ;
#2665 = CARTESIAN_POINT ( 'NONE',  ( -5.103865544994365067, -5.070260546195546780, -8.053670410481274189 ) ) ;
#2666 = CARTESIAN_POINT ( 'NONE',  ( 7.543634785995506853, 5.041823459343667047, 5.782764083550985923 ) ) ;
#2667 = CARTESIAN_POINT ( 'NONE',  ( 7.142847991549843734, -2.979344147779042995, 6.271111311795896093 ) ) ;
#2668 = ADVANCED_FACE ( 'NONE', ( #2292, #3329 ), #1735, .T. ) ;
#2669 = CARTESIAN_POINT ( 'NONE',  ( 0.002900454874042465367, 0.6867620901577468073, -6.420194892716726224E-05 ) ) ;
#2670 = CARTESIAN_POINT ( 'NONE',  ( 2.752217399294709331E-11, 2.749873740476498796, -4.499999999999999112 ) ) ;
#2671 = CARTESIAN_POINT ( 'NONE',  ( 0.000000000000000000, 12.50000000000000000, 0.000000000000000000 ) ) ;
#2672 = CARTESIAN_POINT ( 'NONE',  ( -4.556503334044122333, 5.906230472822673327, -8.492630198990731571 ) ) ;
#2673 = CARTESIAN_POINT ( 'NONE',  ( -5.816626480416981160, -3.617208349395612643, 2.577456712087118351 ) ) ;
#2674 = CARTESIAN_POINT ( 'NONE',  ( -2.425100784872611825, -3.526153031309197772, 2.058298088441036899 ) ) ;
#2675 = CARTESIAN_POINT ( 'NONE',  ( -8.577533948834691557, -5.906231153713450865, -4.602108265814659482 ) ) ;
#2676 = CARTESIAN_POINT ( 'NONE',  ( -2.823367412277340449, 7.098514170409421453, -1.459503660136717951 ) ) ;
#2677 = APPROVAL_ROLE ( '' ) ;
#2678 = FACE_BOUND ( 'NONE', #762, .T. ) ;
#2679 = ORIENTED_EDGE ( 'NONE', *, *, #2344, .F. ) ;
#2680 = CARTESIAN_POINT ( 'NONE',  ( 0.6262999226571694944, -5.229175755645200319, 9.521027841656811930 ) ) ;
#2681 = CARTESIAN_POINT ( 'NONE',  ( 5.470439806061786925, 1.419676214253601021, -3.233134360520159234 ) ) ;
#2682 = CARTESIAN_POINT ( 'NONE',  ( 8.719755411663477673, -2.611973462155448900, -4.034119973416915528 ) ) ;
#2683 = CARTESIAN_POINT ( 'NONE',  ( -2.380854326138857946, -2.980915720407335545, -2.109174126253747339 ) ) ;
#2684 = CARTESIAN_POINT ( 'NONE',  ( -0.9736310728930314129, 10.35594017070719985, -4.393705494737790929 ) ) ;
#2685 = CARTESIAN_POINT ( 'NONE',  ( -2.999861622042119702, -2.771323596020105029, -0.1984551452508141745 ) ) ;
#2686 = CARTESIAN_POINT ( 'NONE',  ( -8.896152559558849759, 4.135446222970568186, -3.347506754661370376 ) ) ;
#2687 = VECTOR ( 'NONE', #3668, 1000.000000000000000 ) ;
#2688 = CARTESIAN_POINT ( 'NONE',  ( 2.458582857179244741, 1.666725460725180019, -9.181659016578933574 ) ) ;
#2689 = CARTESIAN_POINT ( 'NONE',  ( 3.000020038047844118, -9.093125351402319367, -0.1310949089373651122 ) ) ;
#2690 = CARTESIAN_POINT ( 'NONE',  ( -0.7950457290598988980, 2.788948548830797236, -6.369315841316115723 ) ) ;
#2691 = CARTESIAN_POINT ( 'NONE',  ( -1.238823090615786215, 0.7083893558889825526, 9.424025283951516840 ) ) ;
#2692 = CARTESIAN_POINT ( 'NONE',  ( 0.001139696717394234234, 1.051566598589420920, -0.0007535519779973673176 ) ) ;
#2693 = CARTESIAN_POINT ( 'NONE',  ( 0.8727293014155240725, -10.59881466344181433, -2.870743141777195806 ) ) ;
#2694 = AXIS2_PLACEMENT_3D ( 'NONE', #6362, #1380, #903 ) ;
#2695 = ORIENTED_EDGE ( 'NONE', *, *, #2907, .F. ) ;
#2696 = CARTESIAN_POINT ( 'NONE',  ( -0.008898509977066131754, -1.115974098115437574, 0.005213418110145659999 ) ) ;
#2697 = AXIS2_PLACEMENT_3D ( 'NONE', #3465, #5952, #1513 ) ;
#2698 = ORIENTED_EDGE ( 'NONE', *, *, #2287, .F. ) ;
#2699 = CARTESIAN_POINT ( 'NONE',  ( 7.308142740645896751, 4.028010695945210884, 6.120858696132252419 ) ) ;
#2700 = CARTESIAN_POINT ( 'NONE',  ( 0.8731251064581248000, -9.588545545781142820, -2.870614282573896503 ) ) ;
#2701 = CARTESIAN_POINT ( 'NONE',  ( -5.629702655080468077, 3.950186505052500241, -7.743690439405247261 ) ) ;
#2702 = CARTESIAN_POINT ( 'NONE',  ( -0.7770935562791673190, -4.276040912393399118, 9.475864355553852647 ) ) ;
#2703 = CARTESIAN_POINT ( 'NONE',  ( -4.357005971439948944, 2.166645971741687493, -1.163792982268753828 ) ) ;
#2704 = CARTESIAN_POINT ( 'NONE',  ( 6.277583331121237009, -3.020842101469442209, 7.157174550287862758 ) ) ;
#2705 = CARTESIAN_POINT ( 'NONE',  ( -0.004840608552325252091, 0.8715043651268749025, 0.002197500499293012985 ) ) ;
#2706 = CARTESIAN_POINT ( 'NONE',  ( -4.042838713725347866, 3.103757199545235768, -1.997831269853344249 ) ) ;
#2707 = DIRECTION ( 'NONE',  ( 0.000000000000000000, 0.000000000000000000, 1.000000000000000000 ) ) ;
#2708 = CARTESIAN_POINT ( 'NONE',  ( -8.053749718344802133, 6.070260543633387407, -5.103915657605345935 ) ) ;
#2709 = CARTESIAN_POINT ( 'NONE',  ( 5.792641156086642873, -4.615254805437888130, -2.616424379019487656 ) ) ;
#2710 = CARTESIAN_POINT ( 'NONE',  ( -2.224235530521139648, -3.496789791919250767, 2.274295490601712100 ) ) ;
#2711 = CARTESIAN_POINT ( 'NONE',  ( 4.313635487204788177, -2.397782172650717580, -8.620385322979222664 ) ) ;
#2712 = CARTESIAN_POINT ( 'NONE',  ( 1.780153622899337257E-05, -4.139684064135003894, -0.0001782730335102485910 ) ) ;
#2713 = APPROVAL_ROLE ( '' ) ;
#2714 = ADVANCED_FACE ( 'NONE', ( #3717 ), #3241, .T. ) ;
#2715 = CARTESIAN_POINT ( 'NONE',  ( 0.9659750700505375098, -1.146142080759015691, 2.846936521076382398 ) ) ;
#2716 = EDGE_LOOP ( 'NONE', ( #860, #4285 ) ) ;
#2717 = CARTESIAN_POINT ( 'NONE',  ( 4.297244312880867945, -4.398778129789008062, -8.510393916101197220 ) ) ;
#2718 = CARTESIAN_POINT ( 'NONE',  ( 6.268884470312638513, -0.8021543873228421662, 1.035483321338460438 ) ) ;
#2719 = CARTESIAN_POINT ( 'NONE',  ( 8.637596877665050243, 1.393560062805710986, -4.180922098934394704 ) ) ;
#2720 = CARTESIAN_POINT ( 'NONE',  ( -0.05397315911145937617, -1.244758626933289536, -3.180995830770272370 ) ) ;
#2721 = CARTESIAN_POINT ( 'NONE',  ( -2.999814255680662178, -3.771277301758777067, -0.1980155537281556577 ) ) ;
#2722 = CARTESIAN_POINT ( 'NONE',  ( -2.905231362334286693, -2.667441267678557715, 0.7733543552258520526 ) ) ;
#2723 = CARTESIAN_POINT ( 'NONE',  ( -8.329161775070478058, 1.416644738967675288, 4.823996669441044993 ) ) ;
#2724 = FACE_BOUND ( 'NONE', #2716, .T. ) ;
#2725 = CARTESIAN_POINT ( 'NONE',  ( 2.937692720978586358, -9.294419973136973212, -0.6155682352679179292 ) ) ;
#2726 = CARTESIAN_POINT ( 'NONE',  ( -1.847255533464477351, 0.8438258909836041655, -6.089370041051590299 ) ) ;
#2727 = CARTESIAN_POINT ( 'NONE',  ( 1.252253509220757621E-14, 5.749999900226232086, -9.499999999999998224 ) ) ;
#2728 = CARTESIAN_POINT ( 'NONE',  ( -2.587224308516264105E-05, 3.840781148655649790, -0.0002154448404694530867 ) ) ;
#2729 = CARTESIAN_POINT ( 'NONE',  ( 2.736906657978667834, 2.657241767526960619, -9.130523785364609068 ) ) ;
#2730 = ORIENTED_EDGE ( 'NONE', *, *, #5519, .F. ) ;
#2731 = CARTESIAN_POINT ( 'NONE',  ( -0.0002774973654348155219, -2.787808930964238208, -0.003322484279250965782 ) ) ;
#2732 = ORIENTED_EDGE ( 'NONE', *, *, #3936, .F. ) ;
#2733 = CARTESIAN_POINT ( 'NONE',  ( -9.318200334357527481, 5.317700336240470449, 2.014315151660938774 ) ) ;
#2734 = FACE_OUTER_BOUND ( 'NONE', #919, .T. ) ;
#2735 = CARTESIAN_POINT ( 'NONE',  ( -6.181597457499569792, 1.973627867529993196, -7.298214448690080403 ) ) ;
#2736 = CC_DESIGN_DATE_AND_TIME_ASSIGNMENT ( #4556, #3103, ( #4156 ) ) ;
#2737 = CARTESIAN_POINT ( 'NONE',  ( -1.239264118949543025, -5.208476664186745708, -9.499786848771160308 ) ) ;
#2738 = CARTESIAN_POINT ( 'NONE',  ( -1.449010550125411356, 1.853971297823444164, -4.270550701732259924 ) ) ;
#2739 = CARTESIAN_POINT ( 'NONE',  ( 0.000000000000000000, -9.093185465551448132, -9.500000000000000000 ) ) ;
#2740 = CARTESIAN_POINT ( 'NONE',  ( -9.351248283274612660, -4.687487427943082707, 1.858435211554535060 ) ) ;
#2741 = DIRECTION ( 'NONE',  ( -1.000000000000000000, -0.000000000000000000, -3.491481338843132961E-15 ) ) ;
#2742 = CARTESIAN_POINT ( 'NONE',  ( 4.903336468459829511, 5.578121263000119789, -8.176736617374588789 ) ) ;
#2743 = CARTESIAN_POINT ( 'NONE',  ( 2.887044034115445079, -2.612163940867895384, -1.336346313745296888 ) ) ;
#2744 = CARTESIAN_POINT ( 'NONE',  ( 1.684396389151120665, -2.306009076745819009, -9.490212903958804347 ) ) ;
#2745 = CARTESIAN_POINT ( 'NONE',  ( 0.005347999045576692576, -3.072232279338895200, -0.002327094273728941461 ) ) ;
#2746 = CARTESIAN_POINT ( 'NONE',  ( -2.256008421767016880, 5.916500541180123030, -3.904644172888366072 ) ) ;
#2747 = ORIENTED_EDGE ( 'NONE', *, *, #1889, .T. ) ;
#2748 = CARTESIAN_POINT ( 'NONE',  ( -1.203009989393717838, -4.209641079446013734, -9.561030904270493735 ) ) ;
#2749 = CARTESIAN_POINT ( 'NONE',  ( 9.463256376797595237, 1.305365672385673470, -1.659630179235651593 ) ) ;
#2750 = CARTESIAN_POINT ( 'NONE',  ( 3.188905061737703495, -1.787792796502350345, 0.3728174955687633130 ) ) ;
#2751 = CARTESIAN_POINT ( 'NONE',  ( 9.497133808523003040, 11.06684593943542083, 0.2625868279033702901 ) ) ;
#2752 = ORIENTED_EDGE ( 'NONE', *, *, #4414, .F. ) ;
#2753 = B_SPLINE_CURVE_WITH_KNOTS ( 'NONE', 3,
 ( #1359, #263, #2308, #6312, #2274, #817, #4761, #5706, #3823, #5801, #5276, #3343, #5311, #1327, #4727, #2851, #4823, #5832, #387, #327, #4309, #3793, #3763, #3216 ),
 .UNSPECIFIED., .F., .F.,
 ( 4, 2, 2, 2, 2, 2, 2, 2, 2, 2, 2, 4 ),
 ( 0.8800000436060586573, 0.8871875319378570435, 0.8943750273753059421, 0.9015625228127549518, 0.9087500182502039614, 0.9159375136876529711, 0.9231250091251019807, 0.9375000000000000000, 0.9440623780537833465, 0.9506247561075666930, 0.9571871341613500395, 0.9600000376845559957 ),
 .UNSPECIFIED. ) ;
#2754 = CARTESIAN_POINT ( 'NONE',  ( -1.982066331199212383, -2.479320231354118498, 2.260662277397012865 ) ) ;
#2755 = CARTESIAN_POINT ( 'NONE',  ( -8.538006504694914511, 4.395919945303024434, 4.212286097687280240 ) ) ;
#2756 = ADVANCED_FACE ( 'NONE', ( #1944 ), #521, .F. ) ;
#2757 = CARTESIAN_POINT ( 'NONE',  ( 1.176714878437574196E-07, 0.7500002782118928568, -9.499819979449000584 ) ) ;
#2758 = CARTESIAN_POINT ( 'NONE',  ( 2.870738384034895674, -9.587736946942927219, 0.8727322108693689184 ) ) ;
#2759 = CARTESIAN_POINT ( 'NONE',  ( -3.690074017956637142, 2.947179937055796728, -5.173079369972133357 ) ) ;
#2760 = CARTESIAN_POINT ( 'NONE',  ( -8.894017051594602208, 0.1352489642167756245, -3.352974519481319415 ) ) ;
#2761 = CARTESIAN_POINT ( 'NONE',  ( 0.002495935727233692010, 4.767931044667151674, 0.0002284238642730254665 ) ) ;
#2762 = DIRECTION ( 'NONE',  ( 0.000000000000000000, 0.000000000000000000, -1.000000000000000000 ) ) ;
#2763 = VERTEX_POINT ( 'NONE', #4376 ) ;
#2764 = CARTESIAN_POINT ( 'NONE',  ( 0.004490551463511557873, -3.526046488494481768, 0.005407360576853060055 ) ) ;
#2765 = ORIENTED_EDGE ( 'NONE', *, *, #2398, .F. ) ;
#2766 = CARTESIAN_POINT ( 'NONE',  ( 9.081807163502631397, 4.348301570179146758, -2.899452667095841374 ) ) ;
#2767 = DIRECTION ( 'NONE',  ( -0.000000000000000000, -0.000000000000000000, 1.000000000000000000 ) ) ;
#2768 = CARTESIAN_POINT ( 'NONE',  ( 7.332602762964484988, 3.028014107948220790, 6.141310900701474118 ) ) ;
#2769 = DIRECTION ( 'NONE',  ( 1.000000000000000000, 0.000000000000000000, 0.000000000000000000 ) ) ;
#2770 = CARTESIAN_POINT ( 'NONE',  ( -4.355030243942549006, 2.333476234074760569, 1.170632371251280723 ) ) ;
#2771 = CARTESIAN_POINT ( 'NONE',  ( 0.000000000000000000, 11.50000000000000000, 4.500000000000000000 ) ) ;
#2772 = CARTESIAN_POINT ( 'NONE',  ( 9.395941183703701682, -3.695961532988534248, -1.612556990916195199 ) ) ;
#2773 = DIRECTION ( 'NONE',  ( 0.000000000000000000, 0.000000000000000000, -1.000000000000000000 ) ) ;
#2774 = CARTESIAN_POINT ( 'NONE',  ( 6.524951955436034901, 4.989584148897573179, 6.962678985243422325 ) ) ;
#2775 = CARTESIAN_POINT ( 'NONE',  ( -2.638842745873930973, 2.061127175374426912, -1.775561586598523922 ) ) ;
#2776 = CARTESIAN_POINT ( 'NONE',  ( -8.412098280589871635, -1.583332470370250267, 4.872734996336280489 ) ) ;
#2777 = CARTESIAN_POINT ( 'NONE',  ( -5.077881098080378131, -3.071289150173666105, -8.078775038073960246 ) ) ;
#2778 = ORIENTED_EDGE ( 'NONE', *, *, #4299, .F. ) ;
#2779 = CARTESIAN_POINT ( 'NONE',  ( -0.5477263921205196562, -3.268239588118130534, 9.517340001466443766 ) ) ;
#2780 = CARTESIAN_POINT ( 'NONE',  ( 0.001396850859567635647, 4.317686679666580929, 0.003435796509736121877 ) ) ;
#2781 = CARTESIAN_POINT ( 'NONE',  ( -1.200035813231723925, 1.789040693386666492, -9.618053408916290792 ) ) ;
#2782 = CARTESIAN_POINT ( 'NONE',  ( -3.143099368202250776, -2.798970051478140153, -0.4857636364867555234 ) ) ;
#2783 = CARTESIAN_POINT ( 'NONE',  ( 2.604400593152409460, -1.583773507388573254, -1.501835251203443189 ) ) ;
#2784 = CARTESIAN_POINT ( 'NONE',  ( -1.330991250204495602, -2.396315596977220519, 2.695821930196256044 ) ) ;
#2785 = CARTESIAN_POINT ( 'NONE',  ( -7.148644490856944422, -1.979049549775964367, -6.264495279728408583 ) ) ;
#2786 = CARTESIAN_POINT ( 'NONE',  ( -1.168197139057438605, 0.8332965188019322289, -4.355822639616754088 ) ) ;
#2787 = CARTESIAN_POINT ( 'NONE',  ( 2.990795343145168150, -9.119984094280452425, 0.2642538397780465620 ) ) ;
#2788 = CARTESIAN_POINT ( 'NONE',  ( 2.323863072588704171, 2.630820499259197920, -5.915036269177782025 ) ) ;
#2789 = CARTESIAN_POINT ( 'NONE',  ( -6.943832995784813278, -5.989263780184074015, -6.490689769175196133 ) ) ;
#2790 = CARTESIAN_POINT ( 'NONE',  ( -0.003303627485250668159, 3.787063704940369480, -0.0003536342232253945179 ) ) ;
#2791 = CARTESIAN_POINT ( 'NONE',  ( 3.487030246804786238, 2.630857427697301354, -8.872054737384885925 ) ) ;
#2792 = ADVANCED_FACE ( 'NONE', ( #37 ), #1915, .T. ) ;
#2793 = AXIS2_PLACEMENT_3D ( 'NONE', #4284, #5741, #2762 ) ;
#2794 = ORIENTED_EDGE ( 'NONE', *, *, #715, .T. ) ;
#2795 = CARTESIAN_POINT ( 'NONE',  ( 0.0001620290439151163926, -3.768676271177368697, 0.002515859480227094266 ) ) ;
#2796 = VERTEX_POINT ( 'NONE', #3472 ) ;
#2797 = CARTESIAN_POINT ( 'NONE',  ( 5.554002372325005155, 3.947910382956568043, 7.747610729419839970 ) ) ;
#2798 = CARTESIAN_POINT ( 'NONE',  ( 8.999046142266688975, -4.645662190167318961, -3.060108622544081669 ) ) ;
#2799 = CARTESIAN_POINT ( 'NONE',  ( -7.387814287824889803, 2.030607117743152390, -6.091998408659789810 ) ) ;
#2800 = AXIS2_PLACEMENT_3D ( 'NONE', #3234, #1251, #6203 ) ;
#2801 = CARTESIAN_POINT ( 'NONE',  ( -8.549242900462591166, 6.097597903683380061, -4.434629503516822169 ) ) ;
#2802 = CARTESIAN_POINT ( 'NONE',  ( -4.043939933596272240, 2.103903170743970374, -1.996047320284483284 ) ) ;
#2803 = CARTESIAN_POINT ( 'NONE',  ( -0.3949466555668691981, -2.208330196189856931, -2.980438538028047812 ) ) ;
#2804 = TOROIDAL_SURFACE ( 'NONE', #4038, 8.500000000000000000, 1.000000000000000000 ) ;
#2805 = CARTESIAN_POINT ( 'NONE',  ( -2.831041007889464556, -3.155598976569881753, -9.211157948579145938 ) ) ;
#2806 = DIRECTION ( 'NONE',  ( -3.469446951953613400E-15, 0.000000000000000000, 1.000000000000000000 ) ) ;
#2807 = CARTESIAN_POINT ( 'NONE',  ( -7.244884586478902655, -5.523431097966103209, 6.247221339874978518 ) ) ;
#2808 = CARTESIAN_POINT ( 'NONE',  ( -0.9351014651472350225, 0.6548820798043089031, 3.040242821423599473 ) ) ;
#2809 = CARTESIAN_POINT ( 'NONE',  ( -5.307720751319330965, -3.435557426909392920, 8.044184839957344124 ) ) ;
#2810 = CARTESIAN_POINT ( 'NONE',  ( 0.000000000000000000, 0.000000000000000000, 0.000000000000000000 ) ) ;
#2811 = VERTEX_POINT ( 'NONE', #2009 ) ;
#2812 = CARTESIAN_POINT ( 'NONE',  ( -3.726614835651899771, -2.122403632664925599, -8.786207868427723611 ) ) ;
#2813 = CARTESIAN_POINT ( 'NONE',  ( 0.006224059004852856500, 4.615210776425085371, 0.002991119556373173210 ) ) ;
#2814 = CARTESIAN_POINT ( 'NONE',  ( 6.614187209054992245, -1.010406794526558460, 7.081475531376995036 ) ) ;
#2815 = CARTESIAN_POINT ( 'NONE',  ( 3.166500552429826865, 0.2801962020847674761, -0.3026437325835606984 ) ) ;
#2816 = CARTESIAN_POINT ( 'NONE',  ( 9.459874649467204577, 10.59704370174612187, -0.8736780550692293534 ) ) ;
#2817 = CARTESIAN_POINT ( 'NONE',  ( 1.000000000000000222, 10.09318546555144991, -9.672884214303364203 ) ) ;
#2818 = ADVANCED_FACE ( 'NONE', ( #5837 ), #3890, .T. ) ;
#2819 = CARTESIAN_POINT ( 'NONE',  ( -9.318200334357527481, 5.317700336240470449, 2.014315151660938774 ) ) ;
#2820 = B_SPLINE_CURVE_WITH_KNOTS ( 'NONE', 3,
 ( #682, #2655, #4176, #6021, #193, #3568, #5535, #5049, #2592, #133, #6279, #1848 ),
 .UNSPECIFIED., .F., .F.,
 ( 4, 2, 2, 2, 2, 4 ),
 ( 0.9600000376845438943, 0.9637495122151332749, 0.9768742683226998569, 0.9834366463764832034, 0.9899990244302665499, 0.9999999999815972762 ),
 .UNSPECIFIED. ) ;
#2821 = DIRECTION ( 'NONE',  ( -0.000000000000000000, -1.000000000000000000, -0.000000000000000000 ) ) ;
#2822 = CARTESIAN_POINT ( 'NONE',  ( -2.260308957424885801, -4.979027326843654677, -1.982312272183901714 ) ) ;
#2823 = CARTESIAN_POINT ( 'NONE',  ( 2.959564436739524407, -9.220636385880936814, -0.5060087542788489490 ) ) ;
#2824 = CARTESIAN_POINT ( 'NONE',  ( 1.803156456279228603, 1.841522654039356777, 6.101859295628642599 ) ) ;
#2825 = CARTESIAN_POINT ( 'NONE',  ( -9.180021519993992740, -5.666518245736478221, 2.464575297842135360 ) ) ;
#2826 = CARTESIAN_POINT ( 'NONE',  ( 0.001695096482971399305, 4.798294443663276176, 0.0001731162005373437166 ) ) ;
#2827 = CARTESIAN_POINT ( 'NONE',  ( -1.093467428653056572, 0.6717298143673638977, 4.370668783323615081 ) ) ;
#2828 = ORIENTED_EDGE ( 'NONE', *, *, #1484, .T. ) ;
#2829 = CARTESIAN_POINT ( 'NONE',  ( -0.004985056172292237631, -3.497135146623898905, -0.004503400442297518340 ) ) ;
#2830 = VERTEX_POINT ( 'NONE', #1456 ) ;
#2831 = CARTESIAN_POINT ( 'NONE',  ( 4.680576523744133688, 4.586896082350325088, -8.315336918329247595 ) ) ;
#2832 = CARTESIAN_POINT ( 'NONE',  ( 7.912131814529342222, -4.937462022543746443, 5.285352253461889305 ) ) ;
#2833 = CARTESIAN_POINT ( 'NONE',  ( 6.848670350965473830, 5.496092577125391010, -6.679809648988631388 ) ) ;
#2834 = LINE ( 'NONE', #1896, #3831 ) ;
#2835 = CARTESIAN_POINT ( 'NONE',  ( 3.919869968202632116, -2.385313996112193191, -8.659130422106171565 ) ) ;
#2836 = EDGE_CURVE ( 'NONE', #3184, #5319, #3203, .T. ) ;
#2837 = CARTESIAN_POINT ( 'NONE',  ( 9.372050880509485538, -3.809914029220935028, 1.787875475149621973 ) ) ;
#2838 = CARTESIAN_POINT ( 'NONE',  ( -4.268790935288469868, 4.145412786473501754, -1.453741606064564262 ) ) ;
#2839 = CARTESIAN_POINT ( 'NONE',  ( -8.754641107115439524, -3.617190090479047271, 3.877556158751858550 ) ) ;
#2840 = CARTESIAN_POINT ( 'NONE',  ( -3.161129217802092217, 2.214272956861330854, -0.3546551899643161643 ) ) ;
#2841 = CARTESIAN_POINT ( 'NONE',  ( 9.329060237911129150, -2.841147215764912470, 2.762816178272422984 ) ) ;
#2842 = CARTESIAN_POINT ( 'NONE',  ( -1.540546932642800071E-11, 5.749787180128888231, -4.499999999999999112 ) ) ;
#2843 = VERTEX_POINT ( 'NONE', #1012 ) ;
#2844 = CARTESIAN_POINT ( 'NONE',  ( -7.717960167020699203, -3.950185707870319973, -5.611002225719546210 ) ) ;
#2845 = CARTESIAN_POINT ( 'NONE',  ( 0.0005069379006583805058, 3.267152202507059400, 0.007222424507816493575 ) ) ;
#2846 = CARTESIAN_POINT ( 'NONE',  ( -5.336231332515555259, -0.06247453348159955067, -7.990529029365398550 ) ) ;
#2847 = CARTESIAN_POINT ( 'NONE',  ( 3.007164294047437902, 0.1451345133735649773, 1.025045762884707612 ) ) ;
#2848 = CARTESIAN_POINT ( 'NONE',  ( 9.447221813845589011, 10.09318546555144991, 1.000000000000033307 ) ) ;
#2849 = CARTESIAN_POINT ( 'NONE',  ( -0.6160865839803378874, -9.294932374238619843, -2.937567765095709493 ) ) ;
#2850 = CARTESIAN_POINT ( 'NONE',  ( -7.240768048864619111, 5.479832833077024290, 6.356488732326068813 ) ) ;
#2851 = CARTESIAN_POINT ( 'NONE',  ( 6.825923238235489521, 6.496093258519390012, -6.657642604572365563 ) ) ;
#2852 = CARTESIAN_POINT ( 'NONE',  ( 1.000000000000000222, 10.09318546555143925, -9.447221813845830596 ) ) ;
#2853 = CARTESIAN_POINT ( 'NONE',  ( -0.0003615192375753935815, -4.696390448899204983, 0.0006295621039616391707 ) ) ;
#2854 = CARTESIAN_POINT ( 'NONE',  ( -6.373929300817065879, 5.209687309071821204, -0.8002613090578674093 ) ) ;
#2855 = CARTESIAN_POINT ( 'NONE',  ( -4.214485176542924982, -6.103772337583694529, -8.519657748406118003 ) ) ;
#2856 = CARTESIAN_POINT ( 'NONE',  ( -0.001797615360870396519, 3.396884484280354499, -0.005019570865882463061 ) ) ;
#2857 = CARTESIAN_POINT ( 'NONE',  ( 4.763502706808263376, -1.083227707581713606, 8.242707775282115179 ) ) ;
#2858 = EDGE_LOOP ( 'NONE', ( #5840, #3222, #6209, #5188 ) ) ;
#2859 = CARTESIAN_POINT ( 'NONE',  ( -0.01132539979474332138, -0.4054138155586525794, -0.004692433568554372179 ) ) ;
#2860 = ORIENTED_EDGE ( 'NONE', *, *, #5475, .T. ) ;
#2861 = CARTESIAN_POINT ( 'NONE',  ( 2.169372919763935315, -4.139440019381082081, 5.980059753218615270 ) ) ;
#2862 = CARTESIAN_POINT ( 'NONE',  ( 0.5923974223575227960, 4.707951500253096278, -4.470443449162826433 ) ) ;
#2863 = CARTESIAN_POINT ( 'NONE',  ( 9.267460899071330971, 5.169280896214380583, 2.399210294787482045 ) ) ;
#2864 = CARTESIAN_POINT ( 'NONE',  ( 0.003376554809056340947, -3.899396868059543220, -0.006372723744819023574 ) ) ;
#2865 = CARTESIAN_POINT ( 'NONE',  ( -0.1554204940001934210, 3.744791996270731005, 9.499919596577798941 ) ) ;
#2866 = CARTESIAN_POINT ( 'NONE',  ( -0.7902949081682795196, -1.334058691634473659, 2.920232325901035431 ) ) ;
#2867 = CARTESIAN_POINT ( 'NONE',  ( -2.936251216748428927, -4.348938487464043767, 9.208573920744397512 ) ) ;
#2868 = CARTESIAN_POINT ( 'NONE',  ( 9.497140476306512369, 9.119439815843216834, -0.2626572939141488261 ) ) ;
#2869 = CARTESIAN_POINT ( 'NONE',  ( 8.214779080341381601, -2.921228654006559733, 4.898818412057973859 ) ) ;
#2870 = CARTESIAN_POINT ( 'NONE',  ( 3.133650010150503373, 1.304750886389202114, -0.5458574866581452634 ) ) ;
#2871 = CARTESIAN_POINT ( 'NONE',  ( -6.919156861642092871, 0.4947863501226605898, 6.693766123181361216 ) ) ;
#2872 = CARTESIAN_POINT ( 'NONE',  ( 0.9740361254246608924, -10.35478241292868340, -9.450068443316924416 ) ) ;
#2873 = ADVANCED_FACE ( 'NONE', ( #6083, #3019 ), #3566, .T. ) ;
#2874 = ORIENTED_EDGE ( 'NONE', *, *, #2266, .F. ) ;
#2875 = CARTESIAN_POINT ( 'NONE',  ( 9.500000138129347960, -0.7187536271245668074, -0.9324265747315765296 ) ) ;
#2876 = CARTESIAN_POINT ( 'NONE',  ( 0.0006403005971317928023, 5.229549006391419397, -0.007554607070854367154 ) ) ;
#2877 = CARTESIAN_POINT ( 'NONE',  ( 4.355802393614327528, 4.899742181923882889, 8.560663333000132269 ) ) ;
#2878 = CARTESIAN_POINT ( 'NONE',  ( -2.953689266156164894, 1.129579806388316010, -1.170756102591027359 ) ) ;
#2879 = CARTESIAN_POINT ( 'NONE',  ( 1.453245892038550702, 3.645318138720557322, -4.268915344043060500 ) ) ;
#2880 = CARTESIAN_POINT ( 'NONE',  ( 0.5231198869857649481, 10.98439765663451162, -9.487384766035694028 ) ) ;
#2881 = CARTESIAN_POINT ( 'NONE',  ( -2.385405557273394983, -5.958329424155040854, -1.829819174172415019 ) ) ;
#2882 = CARTESIAN_POINT ( 'NONE',  ( -2.603415568280252224, -4.916872317051377728, -1.503456391560093364 ) ) ;
#2883 = CARTESIAN_POINT ( 'NONE',  ( 0.003347722590573257422, -4.899396869161709134, -0.006393433739908687720 ) ) ;
#2884 = CARTESIAN_POINT ( 'NONE',  ( 5.980059098565745579, 6.139191610889454864, 2.169370701644626642 ) ) ;
#2885 = CARTESIAN_POINT ( 'NONE',  ( 0.7788060419550811853, -4.333668233472805831, -2.903791977182412776 ) ) ;
#2886 = CARTESIAN_POINT ( 'NONE',  ( -0.002107523403903262867, 6.687276163573369736, 0.0002093896299395457141 ) ) ;
#2887 = CARTESIAN_POINT ( 'NONE',  ( -3.215488541270150602, 2.581352917506002154, 5.489489234526991446 ) ) ;
#2888 = CARTESIAN_POINT ( 'NONE',  ( -4.500028945361100874, 0.2652491091586864358, 0.2198787104718020469 ) ) ;
#2889 = ORIENTED_EDGE ( 'NONE', *, *, #262, .F. ) ;
#2890 = VERTEX_POINT ( 'NONE', #2041 ) ;
#2891 = CARTESIAN_POINT ( 'NONE',  ( 5.915863244019912592, -3.870144059538099590, 2.338446976817459610 ) ) ;
#2892 = CARTESIAN_POINT ( 'NONE',  ( 7.155177382118752760, -4.520735179045337837, -6.279875366464301223 ) ) ;
#2893 = CARTESIAN_POINT ( 'NONE',  ( 0.000000000000000000, -6.250000000000000000, -9.563333333333330799 ) ) ;
#2894 = CARTESIAN_POINT ( 'NONE',  ( -0.006504951191948073891, -1.152700136858517688, 0.001965855907644388761 ) ) ;
#2895 = CARTESIAN_POINT ( 'NONE',  ( -4.007392441925575532, 3.611975347493050936, 8.661959837977198262 ) ) ;
#2896 = CARTESIAN_POINT ( 'NONE',  ( 9.447221813845590788, -9.828761171485417947, 1.000000000000033307 ) ) ;
#2897 = CARTESIAN_POINT ( 'NONE',  ( -9.527053713422283465, -2.768549303889404012, -0.5530059466914236666 ) ) ;
#2898 = CARTESIAN_POINT ( 'NONE',  ( -1.996084439810435818, 4.603888177995276720, 4.043800226045723534 ) ) ;
#2899 = CARTESIAN_POINT ( 'NONE',  ( 4.311589435313793572, -4.398779204722669256, -8.538751194178347603 ) ) ;
#2900 = CARTESIAN_POINT ( 'NONE',  ( -1.845350764404928290, 1.947090357840318253, -2.586060792507070882 ) ) ;
#2901 = CARTESIAN_POINT ( 'NONE',  ( 0.002968006003467434269, -0.2499995913707848960, -9.641263648244313700 ) ) ;
#2902 = CYLINDRICAL_SURFACE ( 'NONE', #3838, 4.500000000000000000 ) ;
#2903 = CIRCLE ( 'NONE', #945, 1.000000000000000000 ) ;
#2904 = EDGE_LOOP ( 'NONE', ( #2874, #6320, #367, #3304 ) ) ;
#2905 = APPLICATION_CONTEXT ( 'configuration controlled 3d designs of mechanical parts and assemblies' ) ;
#2906 = CARTESIAN_POINT ( 'NONE',  ( -8.865417736568504736, 0.1302159321133779801, -3.501301174578518527 ) ) ;
#2907 = EDGE_CURVE ( 'NONE', #4635, #394, #1496, .T. ) ;
#2908 = AXIS2_PLACEMENT_3D ( 'NONE', #4505, #4014, #5506 ) ;
#2909 = CARTESIAN_POINT ( 'NONE',  ( 2.272596743142744291, 5.496229566786803744, -2.222147182307725899 ) ) ;
#2910 = CARTESIAN_POINT ( 'NONE',  ( -0.004056793087800819077, 5.496297720846857970, -0.004404661570884680494 ) ) ;
#2911 = CARTESIAN_POINT ( 'NONE',  ( -6.202110012723834664, 1.973625726412509218, -7.322485316939260969 ) ) ;
#2912 = CARTESIAN_POINT ( 'NONE',  ( -2.097817714334694106, 1.520133504707963601, 2.385982056143181040 ) ) ;
#2913 = CARTESIAN_POINT ( 'NONE',  ( 0.5906403470612565654, 2.791575448357670020, 4.470862485569619516 ) ) ;
#2914 = CARTESIAN_POINT ( 'NONE',  ( 2.774058188518237600, 0.6562437932796452156, -9.133494294699339378 ) ) ;
#2915 = LOCAL_TIME ( 21, 9, 25.00000000000000000, #5071 ) ;
#2916 = CARTESIAN_POINT ( 'NONE',  ( -1.074824857539894429, 4.695856095999599411, 6.263871464745539797 ) ) ;
#2917 = CARTESIAN_POINT ( 'NONE',  ( -1.831694501528439822, -6.041697027667702002, -2.384065101505216777 ) ) ;
#2918 = CARTESIAN_POINT ( 'NONE',  ( -1.506168061653606394, -5.083700050837543394, -2.601891321765069875 ) ) ;
#2919 = CARTESIAN_POINT ( 'NONE',  ( -1.245477245642723376E-14, 4.749824871469419563, -4.500000000000000888 ) ) ;
#2920 = CARTESIAN_POINT ( 'NONE',  ( -0.0005217592841201229396, -5.769192571837014505, 0.006783040252351701764 ) ) ;
#2921 = CARTESIAN_POINT ( 'NONE',  ( 6.347603624414762891, 6.229300173314441302, 0.4150235892782475622 ) ) ;
#2922 = CARTESIAN_POINT ( 'NONE',  ( -4.761933095701155416, -6.082958158547091543, -8.226204874992021132 ) ) ;
#2923 = CARTESIAN_POINT ( 'NONE',  ( 6.831919826110367744, 4.496099082314723994, -6.662752393840770893 ) ) ;
#2924 = CARTESIAN_POINT ( 'NONE',  ( 6.176701502492750961, 3.161307231603130319, 1.754121726927347913 ) ) ;
#2925 = CARTESIAN_POINT ( 'NONE',  ( -0.9652551042014411165, -0.1462490729526947919, -2.847266761246190381 ) ) ;
#2926 = ORIENTED_EDGE ( 'NONE', *, *, #3015, .T. ) ;
#2927 = CARTESIAN_POINT ( 'NONE',  ( 4.180324505909136512, 6.605471349267478587, -8.569973083668655178 ) ) ;
#2928 = CARTESIAN_POINT ( 'NONE',  ( 2.969877405265813231, 4.520990173173570881, -3.393749765002527674 ) ) ;
#2929 = CARTESIAN_POINT ( 'NONE',  ( 4.901963733216694763, -5.079417880563674714, 8.260018703260197270 ) ) ;
#2930 = CARTESIAN_POINT ( 'NONE',  ( 0.003990944655111917580, -0.5050069869555035007, 0.004360530782216234108 ) ) ;
#2931 = DIRECTION ( 'NONE',  ( 0.000000000000000000, 1.000000000000000000, 0.000000000000000000 ) ) ;
#2932 = CARTESIAN_POINT ( 'NONE',  ( 5.797443554268263632, -2.458437590750786050, -7.551590818068398825 ) ) ;
#2933 = EDGE_CURVE ( 'NONE', #5745, #5271, #4975, .T. ) ;
#2934 = CARTESIAN_POINT ( 'NONE',  ( -8.328776898199201639, -0.5833340913276399142, 4.824498146540832089 ) ) ;
#2935 = CARTESIAN_POINT ( 'NONE',  ( 4.471061412026731574, 1.291412980544721867, -0.5890401738513970642 ) ) ;
#2936 = CARTESIAN_POINT ( 'NONE',  ( 1.217527587863267868, -4.290694095565300792, -9.487720167233090862 ) ) ;
#2937 = CARTESIAN_POINT ( 'NONE',  ( -2.693712480737099124, 2.428125282636466320, 1.691341686574693970 ) ) ;
#2938 = CARTESIAN_POINT ( 'NONE',  ( 7.454295129163996947, -0.5312632407180294392, -6.113312226359910895 ) ) ;
#2939 = CARTESIAN_POINT ( 'NONE',  ( 4.429367585898472015, 10.70766818860959013, -0.7996287091912053224 ) ) ;
#2940 = CARTESIAN_POINT ( 'NONE',  ( 5.561424333384102248, 1.551762601963269539, -7.741275904859620915 ) ) ;
#2941 = CARTESIAN_POINT ( 'NONE',  ( 0.07419904681796182788, 5.742308653672794527, -3.177570747730084300 ) ) ;
#2942 = CARTESIAN_POINT ( 'NONE',  ( 0.006758021356588962691, 5.768447345375911972, -0.0005202549387784486919 ) ) ;
#2943 = CARTESIAN_POINT ( 'NONE',  ( -1.470469564983335253, 3.798834391905856922, -9.492456062389617699 ) ) ;
#2944 = CARTESIAN_POINT ( 'NONE',  ( -0.3979991295068674995, 2.788858210776493873, -3.184307550938758613 ) ) ;
#2945 = CARTESIAN_POINT ( 'NONE',  ( 0.2622984049244090343, 9.119439086019019314, -9.497142643988599531 ) ) ;
#2946 = CARTESIAN_POINT ( 'NONE',  ( 1.176714878437574196E-07, 0.7500002782118928568, -9.499819979449000584 ) ) ;
#2947 = CARTESIAN_POINT ( 'NONE',  ( -1.448362091330427814, 1.645642378792293359, 4.270823128961510839 ) ) ;
#2948 = CARTESIAN_POINT ( 'NONE',  ( -2.261391299431937618, -4.521288755532144599, 1.981197232257012830 ) ) ;
#2949 = CARTESIAN_POINT ( 'NONE',  ( 0.007407007268145545005, -5.258762263755182964, 0.0004618007020892164662 ) ) ;
#2950 = CARTESIAN_POINT ( 'NONE',  ( -2.144183827028848466, 4.859514245635843110, -5.989653137356476087 ) ) ;
#2951 = CARTESIAN_POINT ( 'NONE',  ( -8.242861705384024518, -3.583235582303827549, 4.763336308340463177 ) ) ;
#2952 = CARTESIAN_POINT ( 'NONE',  ( 0.2331848426261121654, 4.742185914112705625, -9.497813323976965094 ) ) ;
#2953 = CARTESIAN_POINT ( 'NONE',  ( 0.2815753305577483045, 1.736536176043337987, -6.413329873939995984 ) ) ;
#2954 = CARTESIAN_POINT ( 'NONE',  ( -4.311633709251788460, 0.3435761263692401757, 1.307059901204181473 ) ) ;
#2955 = EDGE_LOOP ( 'NONE', ( #2201, #4473, #1433, #3864 ) ) ;
#2956 = ADVANCED_FACE ( 'NONE', ( #5046 ), #4143, .F. ) ;
#2957 = B_SPLINE_CURVE_WITH_KNOTS ( 'NONE', 3,
 ( #1214, #3196, #5163, #735, #344, #4229, #5753, #1313, #1182, #4194 ),
 .UNSPECIFIED., .F., .F.,
 ( 4, 2, 2, 2, 4 ),
 ( 0.000000000000000000, 0.0003921307019380376171, 0.0007842614038760752342, 0.001176392105814112743, 0.001568522807752150468 ),
 .UNSPECIFIED. ) ;
#2958 = ORIENTED_EDGE ( 'NONE', *, *, #4726, .T. ) ;
#2959 = CARTESIAN_POINT ( 'NONE',  ( 3.750276459088019543, -4.049385954093883022, 5.137468707227707654 ) ) ;
#2960 = CARTESIAN_POINT ( 'NONE',  ( 4.500057624353166474, 5.270660912736805592, -0.2958362236132074941 ) ) ;
#2961 = CARTESIAN_POINT ( 'NONE',  ( -4.571704903513372109, 5.906233183875254866, -8.520931488800492559 ) ) ;
#2962 = CARTESIAN_POINT ( 'NONE',  ( -0.002220189225543283285, -0.1672408275562716484, -0.0001919823920976524345 ) ) ;
#2963 = DIRECTION ( 'NONE',  ( 0.000000000000000000, -0.000000000000000000, -1.000000000000000000 ) ) ;
#2964 = CARTESIAN_POINT ( 'NONE',  ( 2.386287672604075372, -2.542118230604357709, -1.828594230661530373 ) ) ;
#2965 = CARTESIAN_POINT ( 'NONE',  ( -7.284312108221672410, -2.526366115652332489, 6.164096995119598077 ) ) ;
#2966 = CARTESIAN_POINT ( 'NONE',  ( 9.480564642801427411, 9.293470188050896752, 0.6143702867208209462 ) ) ;
#2967 = CARTESIAN_POINT ( 'NONE',  ( -9.043820530025678650, -1.635436131039861074, 3.388619729717383233 ) ) ;
#2968 = CARTESIAN_POINT ( 'NONE',  ( -0.7658586831944830253, 2.672445785354077508, 3.086922539809861199 ) ) ;
#2969 = CARTESIAN_POINT ( 'NONE',  ( 9.572501640960275893, 1.212558041464549152, 1.134079525424643631 ) ) ;
#2970 = CARTESIAN_POINT ( 'NONE',  ( -3.060749981296065236, -2.145844634240825499, -9.014801139587447665 ) ) ;
#2971 = CARTESIAN_POINT ( 'NONE',  ( 4.414646873322126908, 10.59666613060044682, -0.8737824545702379542 ) ) ;
#2972 = B_SPLINE_CURVE_WITH_KNOTS ( 'NONE', 3,
 ( #4919, #4310, #4342, #2059, #3403, #5403, #2918, #6313, #5340, #2822, #911, #2882, #422, #2400, #1451, #4372, #6343, #1911, #2432, #4402, #4027, #359, #3439, #5862, #2948, #1418, #569, #5369, #4888, #2547, #4093, #4581 ),
 .UNSPECIFIED., .F., .F.,
 ( 4, 2, 2, 2, 2, 2, 2, 2, 2, 2, 2, 2, 2, 2, 2, 4 ),
 ( 0.000000000000000000, 0.0005889229511816984793, 0.001177845902363396959, 0.001766768853545095004, 0.002355691804726793483, 0.002944614755908491529, 0.003533537707090189141, 0.004122460658271888054, 0.004711383609453586099, 0.005300306560635284145, 0.005889229511816983058, 0.006478152462998681103, 0.007067075414180379149, 0.008244921316543777842, 0.008833844267725475888, 0.009422767218907173933 ),
 .UNSPECIFIED. ) ;
#2973 = VERTEX_POINT ( 'NONE', #97 ) ;
#2974 = CARTESIAN_POINT ( 'NONE',  ( 8.416516848308299714, -0.5937428985598077746, -4.502230499894705140 ) ) ;
#2975 = CARTESIAN_POINT ( 'NONE',  ( -0.4857828946831653782, 3.798473234734812021, -3.143118892500869954 ) ) ;
#2976 = CARTESIAN_POINT ( 'NONE',  ( -3.116972908040960721, -5.687843402222567235, 0.6180967844692615287 ) ) ;
#2977 = CARTESIAN_POINT ( 'NONE',  ( -9.165046415224626486, 2.153004240858998219, -2.879888639362017777 ) ) ;
#2978 = CARTESIAN_POINT ( 'NONE',  ( 2.737424016929135284, 6.079713036306019447, 1.618192363737493977 ) ) ;
#2979 = CARTESIAN_POINT ( 'NONE',  ( 4.045204860636282262, 3.104090425097700390, 1.993412762162809493 ) ) ;
#2980 = CARTESIAN_POINT ( 'NONE',  ( -0.7991030768142340923, -9.478201767086943619, -2.893147304600301783 ) ) ;
#2981 = CARTESIAN_POINT ( 'NONE',  ( -0.1978695516169585722, -6.228592250967012411, -3.000000000000003553 ) ) ;
#2982 = CARTESIAN_POINT ( 'NONE',  ( 0.03177798363457947500, -6.210991267783194658, -3.479567684396748901E-09 ) ) ;
#2983 = CARTESIAN_POINT ( 'NONE',  ( 3.892224267054385400, 5.959627975480616513, 5.030860719082830279 ) ) ;
#2984 = CARTESIAN_POINT ( 'NONE',  ( -4.756746627969334895, -3.416835479686491261, 8.229211508832568356 ) ) ;
#2985 = CARTESIAN_POINT ( 'NONE',  ( -0.002438599504000983804, 6.578026318963390295, -0.001049615565376713598 ) ) ;
#2986 = CARTESIAN_POINT ( 'NONE',  ( 1.826510030944944463, 1.656921727167172786, -6.086475229330856607 ) ) ;
#2987 = CARTESIAN_POINT ( 'NONE',  ( 8.526728417052797937, -0.6043060483641286007, -4.200345038098436845 ) ) ;
#2988 = CARTESIAN_POINT ( 'NONE',  ( -0.003951312304011751764, -0.5310202419618490488, -0.004811055236154037143 ) ) ;
#2989 = FACE_BOUND ( 'NONE', #6286, .T. ) ;
#2990 = CARTESIAN_POINT ( 'NONE',  ( 5.030795168408597640, -3.959876384259969573, 3.892169109421735662 ) ) ;
#2991 = CARTESIAN_POINT ( 'NONE',  ( 1.165661324606873883, 4.833113562017572917, 4.356256002304070840 ) ) ;
#2992 = CARTESIAN_POINT ( 'NONE',  ( -4.382438052056309097, -1.401042307931007258, 8.536012126571455028 ) ) ;
#2993 = EDGE_CURVE ( 'NONE', #349, #4102, #2903, .T. ) ;
#2994 = CARTESIAN_POINT ( 'NONE',  ( 0.0001757449635360240560, -2.768676269421681990, 0.002515326799011777335 ) ) ;
#2995 = CARTESIAN_POINT ( 'NONE',  ( 5.218929651280685533, 1.934265119037409830, 7.990546541956016213 ) ) ;
#2996 = CARTESIAN_POINT ( 'NONE',  ( 0.3920635357386401121, -2.291883391144553084, -2.980683236958185045 ) ) ;
#2997 = ORIENTED_EDGE ( 'NONE', *, *, #2083, .T. ) ;
#2998 = CARTESIAN_POINT ( 'NONE',  ( 5.074710643238506513, -1.428382639558659628, -8.081761816592266001 ) ) ;
#2999 = CARTESIAN_POINT ( 'NONE',  ( 4.269715735886453700, 6.145560246793141168, 1.450916843605204676 ) ) ;
#3000 = CARTESIAN_POINT ( 'NONE',  ( 7.886455080175021948, 1.057935224749498415, 5.431246149692468883 ) ) ;
#3001 = VECTOR ( 'NONE', #3082, 1000.000000000000000 ) ;
#3002 = CARTESIAN_POINT ( 'NONE',  ( -7.825399804215979138, 0.05207116432187818000, -5.606117272382837413 ) ) ;
#3003 = CARTESIAN_POINT ( 'NONE',  ( -9.278997832305892592E-07, 5.749972560483449513, 9.499980388457208491 ) ) ;
#3004 = CARTESIAN_POINT ( 'NONE',  ( -4.030196315563117082E-12, -0.2502476719341145683, 3.000000000000000444 ) ) ;
#3005 = ORIENTED_EDGE ( 'NONE', *, *, #4572, .T. ) ;
#3006 = VECTOR ( 'NONE', #4868, 1000.000000000000000 ) ;
#3007 = CARTESIAN_POINT ( 'NONE',  ( 6.570439234389913175, -1.010402460992276152, 7.034536978976172250 ) ) ;
#3008 = CARTESIAN_POINT ( 'NONE',  ( -1.006602608602133797, 5.851847793009276266, -3.051351280840261637 ) ) ;
#3009 = CARTESIAN_POINT ( 'NONE',  ( 1.428219826295702877, -4.398563143057424796, -2.838938300669730630 ) ) ;
#3010 = CARTESIAN_POINT ( 'NONE',  ( -3.953963580059682847, 4.614902162982346567, 8.745367855785231015 ) ) ;
#3011 = CARTESIAN_POINT ( 'NONE',  ( 0.7204953792512374111, 4.677100487941252993, -3.097420093110961670 ) ) ;
#3012 = CARTESIAN_POINT ( 'NONE',  ( -0.8001443238767981248, 9.479189166722292725, -4.429287923437974506 ) ) ;
#3013 = CARTESIAN_POINT ( 'NONE',  ( 2.695877523054885039, -0.6042524281079074688, -1.330894921103706441 ) ) ;
#3014 = CARTESIAN_POINT ( 'NONE',  ( -4.045191340939934044, 1.104056864829696449, -1.993622208202922019 ) ) ;
#3015 = EDGE_CURVE ( 'NONE', #4018, #1196, #3286, .T. ) ;
#3016 = CARTESIAN_POINT ( 'NONE',  ( 0.002541571520511899489, -4.156244886075031175, -0.001031963760814913564 ) ) ;
#3017 = CARTESIAN_POINT ( 'NONE',  ( -3.049982862028797648, -4.659766830632642964, 0.8919471433215937495 ) ) ;
#3018 = CARTESIAN_POINT ( 'NONE',  ( -6.499485591705897569, -3.489663489046436862, 6.935720651242629486 ) ) ;
#3019 = FACE_OUTER_BOUND ( 'NONE', #524, .T. ) ;
#3020 = CARTESIAN_POINT ( 'NONE',  ( 4.553088534967618450, 3.496196028458717908, -4.443491983693333758 ) ) ;
#3021 = CARTESIAN_POINT ( 'NONE',  ( 1.553303912753072336, -0.3022497932554024658, -9.377260056277732403 ) ) ;
#3022 = ORIENTED_EDGE ( 'NONE', *, *, #5003, .T. ) ;
#3023 = CARTESIAN_POINT ( 'NONE',  ( 0.1032764609891729662, -0.2451020931492858823, 6.353627030889350991 ) ) ;
#3024 = CARTESIAN_POINT ( 'NONE',  ( 2.974338294397621318, 5.520551294297085576, -3.389745064455466750 ) ) ;
#3025 = CARTESIAN_POINT ( 'NONE',  ( 2.648750939737815280, -3.161431229053632386, 9.327021667217424650 ) ) ;
#3026 = CARTESIAN_POINT ( 'NONE',  ( -0.005298658450565226982, -0.4802315732638428591, -0.004734130897362064452 ) ) ;
#3027 = CARTESIAN_POINT ( 'NONE',  ( 4.205652224426590813, 3.604107409297710340, -8.524097712129202975 ) ) ;
#3028 = CARTESIAN_POINT ( 'NONE',  ( -9.459781443177234905, -2.708008770392305475, 1.252370148594597499 ) ) ;
#3029 = CARTESIAN_POINT ( 'NONE',  ( -1.000000000000320188, -10.22467378038419916, -2.828427124746078380 ) ) ;
#3030 = CARTESIAN_POINT ( 'NONE',  ( 9.431921691814190822, 1.305362628890641696, -1.654116453034772949 ) ) ;
#3031 = CARTESIAN_POINT ( 'NONE',  ( 4.931409419303657948, 2.921238039909587414, 8.269343714484127972 ) ) ;
#3032 = CARTESIAN_POINT ( 'NONE',  ( 9.484923729386688152, 5.229233635420498238, 0.6197324063640861080 ) ) ;
#3033 = CARTESIAN_POINT ( 'NONE',  ( 2.696357735307219450, -3.896127673907973321, 1.329678266759517946 ) ) ;
#3034 = EDGE_CURVE ( 'NONE', #5559, #253, #1264, .T. ) ;
#3035 = CARTESIAN_POINT ( 'NONE',  ( -3.997995511040297600E-15, 6.749787647118780320, -4.500000000000000888 ) ) ;
#3036 = CARTESIAN_POINT ( 'NONE',  ( 6.767328416661312573, 3.001298202050108888, 6.714959133086006560 ) ) ;
#3037 = B_SPLINE_CURVE_WITH_KNOTS ( 'NONE', 3,
 ( #4007, #5015, #1069, #1978, #1488, #6375, #5896, #2008, #2467, #3534, #582, #3980, #4042, #1943, #3078, #96, #2558, #4529, #2072, #5990, #4406, #6018, #1518, #1584, #3565, #5930, #4437, #5045, #5532, #2951, #1455, #1097, #3018, #1551, #3471, #5437, #2984, #4954, #3443, #5406, #5, #982, #4923, #4988, #5959, #2498 ),
 .UNSPECIFIED., .F., .F.,
 ( 4, 2, 1, 2, 2, 2, 2, 2, 2, 2, 2, 2, 2, 2, 2, 2, 2, 2, 1, 2, 2, 2, 2, 4 ),
 ( 0.06028093274087301806, 0.06122290845942212484, 0.06216488417797123162, 0.06310685989652033145, 0.06404883561506943823, 0.06593278705216765179, 0.06781673848926586534, 0.06970068992636406502, 0.07064266564491317180, 0.07158464136346227857, 0.07346859280056049213, 0.07535254423765870568, 0.07629451995620781246, 0.07723649567475691924, 0.07912044711185513279, 0.08100439854895333247, 0.08288834998605154603, 0.08383032570460066668, 0.08477230142314975958, 0.08571427714169888024, 0.08665625286024797314, 0.08854020429734618669, 0.08948218001589529347, 0.09042415573444440025 ),
 .UNSPECIFIED. ) ;
#3038 = CARTESIAN_POINT ( 'NONE',  ( -3.402364896257529470, -6.070557796681339546, -5.369331821389907944 ) ) ;
#3039 = CARTESIAN_POINT ( 'NONE',  ( -2.571915525720144036, -3.950523089334580629, -1.870902832353072975 ) ) ;
#3040 = CARTESIAN_POINT ( 'NONE',  ( -6.466252557922347322, -6.015608456701882822, -7.136587552463921291 ) ) ;
#3041 = CARTESIAN_POINT ( 'NONE',  ( 1.623361718341183701, 3.920537500210416582, 2.730942633617178927 ) ) ;
#3042 = CARTESIAN_POINT ( 'NONE',  ( 1.000000000000000222, 10.09318546555143925, -9.447221813845830596 ) ) ;
#3043 = DIRECTION ( 'NONE',  ( 0.000000000000000000, 1.000000000000000000, 0.000000000000000000 ) ) ;
#3044 = CARTESIAN_POINT ( 'NONE',  ( -8.492630198996916846, -5.906230472821467181, -4.556503334039801345 ) ) ;
#3045 = CARTESIAN_POINT ( 'NONE',  ( -4.842312262807941359, -1.974413930487218138, -4.114372930955531693 ) ) ;
#3046 = CARTESIAN_POINT ( 'NONE',  ( 4.549269702005005911, 6.496161412579442462, -4.439900083835329525 ) ) ;
#3047 = CARTESIAN_POINT ( 'NONE',  ( 0.1969465709942221920, -5.229341718706677078, 2.999999999999660716 ) ) ;
#3048 = CARTESIAN_POINT ( 'NONE',  ( -8.655853787663017940, 6.114419072623597629, -3.927077903315599361 ) ) ;
#3049 = CARTESIAN_POINT ( 'NONE',  ( -1.243462840132860681, 0.7916699005400575917, -9.438069411180755708 ) ) ;
#3050 = B_SPLINE_CURVE_WITH_KNOTS ( 'NONE', 3,
 ( #115, #3995, #4486, #56, #5977, #4090, #6065, #539, #2056, #3519 ),
 .UNSPECIFIED., .F., .F.,
 ( 4, 2, 2, 2, 4 ),
 ( 0.000000000000000000, 0.0003911685724521855412, 0.0007823371449043711907, 0.001173505717356557003, 0.001564674289808742815 ),
 .UNSPECIFIED. ) ;
#3051 = CARTESIAN_POINT ( 'NONE',  ( 4.494030754735109490, 9.119153837010419039, -0.2617609883422823414 ) ) ;
#3052 = CARTESIAN_POINT ( 'NONE',  ( 5.774499341349391912, -1.612069644324225060, -2.671861645648612171 ) ) ;
#3053 = CARTESIAN_POINT ( 'NONE',  ( -1.000000000000000222, 10.09318546555144991, -9.447221813845592564 ) ) ;
#3054 = CARTESIAN_POINT ( 'NONE',  ( -9.684265821329409718, -1.739588628477611421, 0.3304045863337478073 ) ) ;
#3055 = CARTESIAN_POINT ( 'NONE',  ( -0.0002429644234986538700, 0.1976817712498462054, -0.001357972046958606750 ) ) ;
#3056 = CARTESIAN_POINT ( 'NONE',  ( 3.349552629416118865, 2.864627509627471369, 8.895334756498076700 ) ) ;
#3057 = EDGE_LOOP ( 'NONE', ( #2616, #10, #5106, #1381, #3575, #1532, #2997, #5869, #3175, #5810, #3321 ) ) ;
#3058 = VERTEX_POINT ( 'NONE', #5702 ) ;
#3059 = CARTESIAN_POINT ( 'NONE',  ( 8.756202094893858145, 2.119795445133286105, 3.798932622948332671 ) ) ;
#3060 = CARTESIAN_POINT ( 'NONE',  ( 2.971664185644081524, 5.978771742560871516, 3.392064428784371533 ) ) ;
#3061 = CARTESIAN_POINT ( 'NONE',  ( 8.232327363901399409, 1.419908598662737553, -4.867345985466946523 ) ) ;
#3062 = CARTESIAN_POINT ( 'NONE',  ( -2.319085049166892620, 2.489843973179206582, 2.177894222357539711 ) ) ;
#3063 = CARTESIAN_POINT ( 'NONE',  ( -4.224785877151516544, 1.894555530253392517, -8.651094786968803518 ) ) ;
#3064 = CARTESIAN_POINT ( 'NONE',  ( 4.755290802021597152, 5.583550906616386200, -8.247788253059248120 ) ) ;
#3065 = CARTESIAN_POINT ( 'NONE',  ( 0.7841396105710648490, -0.1670371750474067829, 2.922534202291047656 ) ) ;
#3066 = CARTESIAN_POINT ( 'NONE',  ( -3.908087176206999747, 3.416067361193047880, 2.250583800978930515 ) ) ;
#3067 = CARTESIAN_POINT ( 'NONE',  ( -1.165247374501187316, 5.666523381732892162, 4.356386789229564016 ) ) ;
#3068 = CARTESIAN_POINT ( 'NONE',  ( 1.252382697197645944, 3.708008763081809711, -9.459916224914987737 ) ) ;
#3069 = CARTESIAN_POINT ( 'NONE',  ( -3.886593525020491047, -4.040844825312611910, -5.036007826419216293 ) ) ;
#3070 = CARTESIAN_POINT ( 'NONE',  ( -2.881586146667515447, -3.889391130802033025, -1.347379262909740749 ) ) ;
#3071 = CARTESIAN_POINT ( 'NONE',  ( 9.270037413394550896, 5.348939101878153579, -2.955824340841715525 ) ) ;
#3072 = CARTESIAN_POINT ( 'NONE',  ( 2.813234693809707920, 4.404254411313705653, -1.482725787826579822 ) ) ;
#3073 = PERSON_AND_ORGANIZATION_ROLE ( 'creator' ) ;
#3074 = EDGE_CURVE ( 'NONE', #2329, #3739, #1846, .T. ) ;
#3075 = CARTESIAN_POINT ( 'NONE',  ( 0.1977988285898079901, -0.2712762787219549776, -3.000000000000008438 ) ) ;
#3076 = CARTESIAN_POINT ( 'NONE',  ( -3.036346387119171375, 5.905959367564529217, -5.662501218014703852 ) ) ;
#3077 = CARTESIAN_POINT ( 'NONE',  ( 3.166517543256019529, -3.723915383104309473, -0.2617717908506631552 ) ) ;
#3078 = CARTESIAN_POINT ( 'NONE',  ( -8.070610867066571714, -3.927153201526618176, -5.021173679905679421 ) ) ;
#3079 = CARTESIAN_POINT ( 'NONE',  ( -8.066577148514397777, 6.072586321841738410, -5.027601961862374402 ) ) ;
#3080 = FACE_OUTER_BOUND ( 'NONE', #2235, .T. ) ;
#3081 = CARTESIAN_POINT ( 'NONE',  ( 7.543294036816456050, 1.041802542068436255, 5.783288167201704688 ) ) ;
#3082 = DIRECTION ( 'NONE',  ( 0.000000000000000000, -9.130123557772669567E-17, 1.000000000000000000 ) ) ;
#3083 = CARTESIAN_POINT ( 'NONE',  ( 6.176558844569741247, -1.673069941501105218, -1.524535079013395800 ) ) ;
#3084 = CARTESIAN_POINT ( 'NONE',  ( 2.972416054348755221, 4.978836355673765368, 3.391513078994396579 ) ) ;
#3085 = CARTESIAN_POINT ( 'NONE',  ( 0.0003622026902145118461, 2.057707151117051936, -0.001553762218156186673 ) ) ;
#3086 = CARTESIAN_POINT ( 'NONE',  ( 1.623414897870984142, 2.920537505868782358, 2.731037680598331185 ) ) ;
#3087 = CARTESIAN_POINT ( 'NONE',  ( 8.894327240640492960, 3.135276900763583008, 3.352122696199254737 ) ) ;
#3088 = ORIENTED_EDGE ( 'NONE', *, *, #158, .T. ) ;
#3089 = CARTESIAN_POINT ( 'NONE',  ( 9.400491827686096258, 2.305359580814811959, -1.648589516931902477 ) ) ;
#3090 = CARTESIAN_POINT ( 'NONE',  ( 3.906993898112222752, 6.416265145918026214, -2.252311971687033232 ) ) ;
#3091 = CARTESIAN_POINT ( 'NONE',  ( -0.04179517875617910772, 0.7487060006806097734, 9.576543672380228855 ) ) ;
#3092 = CARTESIAN_POINT ( 'NONE',  ( -9.195400837642145220, 2.153007715458406413, -2.889403248955050962 ) ) ;
#3093 = CARTESIAN_POINT ( 'NONE',  ( 8.246564275721825155, 5.416531498872767081, -4.757840033181962802 ) ) ;
#3094 = CYLINDRICAL_SURFACE ( 'NONE', #3929, 1.000000000000000222 ) ;
#3095 = CARTESIAN_POINT ( 'NONE',  ( -0.0004850474998285689483, 2.214321006886514454, 0.005228273764597859280 ) ) ;
#3096 = CARTESIAN_POINT ( 'NONE',  ( -1.992574327551810853, 2.895471280639057010, -4.045488549436129233 ) ) ;
#3097 = CARTESIAN_POINT ( 'NONE',  ( -4.269481311883096986, 5.354179239498270348, 1.451702258406103452 ) ) ;
#3098 = CARTESIAN_POINT ( 'NONE',  ( 3.504484013925767361, 4.869793800623869906, 8.875096900472840389 ) ) ;
#3099 = CARTESIAN_POINT ( 'NONE',  ( -5.989614936274568535, -3.859762654074578414, -2.144168421766339261 ) ) ;
#3100 = CARTESIAN_POINT ( 'NONE',  ( -2.907701107448215527, -3.617226427531610611, 1.290229537171731611 ) ) ;
#3101 = CARTESIAN_POINT ( 'NONE',  ( 2.675359101760471425, 5.660163307871314942, -9.217889366807918705 ) ) ;
#3102 = CARTESIAN_POINT ( 'NONE',  ( -3.180905963715278784, 3.244261805841640367, -0.05396742469082648624 ) ) ;
#3103 = DATE_TIME_ROLE ( 'creation_date' ) ;
#3104 = CARTESIAN_POINT ( 'NONE',  ( 4.356640154454803238, 2.333008769707721530, -1.164242331121514873 ) ) ;
#3105 = AXIS2_PLACEMENT_3D ( 'NONE', #2381, #3870, #3481 ) ;
#3106 = ADVANCED_FACE ( 'NONE', ( #324 ), #4695, .F. ) ;
#3107 = CARTESIAN_POINT ( 'NONE',  ( 3.268079586049703611, 5.578089614563690901, -5.451510714416074599 ) ) ;
#3108 = CARTESIAN_POINT ( 'NONE',  ( -0.4145728946536086923, -1.270737122054710122, 6.340777076265871059 ) ) ;
#3109 = CARTESIAN_POINT ( 'NONE',  ( 1.877735199251281850, -4.049280278016269996, 2.566348696004379537 ) ) ;
#3110 = CARTESIAN_POINT ( 'NONE',  ( -2.604393217007441752, -3.583766380562168674, 1.501845067729102201 ) ) ;
#3111 = CARTESIAN_POINT ( 'NONE',  ( -1.551392322229933285, 5.802182974552374084, -9.377566517352020625 ) ) ;
#3112 = CARTESIAN_POINT ( 'NONE',  ( 7.552853368140212353, -0.5416347655153775920, -5.795688896607492424 ) ) ;
#3113 = CIRCLE ( 'NONE', #5590, 5.500000000000000000 ) ;
#3114 = EDGE_CURVE ( 'NONE', #6240, #1240, #4209, .T. ) ;
#3115 = CARTESIAN_POINT ( 'NONE',  ( 9.001964462824322055, 1.145969077776840761, 3.051411757113018375 ) ) ;
#3116 = CARTESIAN_POINT ( 'NONE',  ( -8.232581203528196667, 2.416611820909471575, 4.750985760149209369 ) ) ;
#3117 = CARTESIAN_POINT ( 'NONE',  ( 4.082310609151527991, -2.027918348797887571, 4.870752924602312461 ) ) ;
#3118 = CARTESIAN_POINT ( 'NONE',  ( -9.180831229501677626, 0.1666163764865963570, -2.461743419606983618 ) ) ;
#3119 = CARTESIAN_POINT ( 'NONE',  ( -0.002827400592754124743, 3.122677592408564351, 0.005925754970200012434 ) ) ;
#3120 = CARTESIAN_POINT ( 'NONE',  ( 6.275196545230538270, 3.520961968358830241, -7.159860667360756992 ) ) ;
#3121 = CARTESIAN_POINT ( 'NONE',  ( -2.616416761567523785, 4.615006396661683219, 5.792644587257666622 ) ) ;
#3122 = ORIENTED_EDGE ( 'NONE', *, *, #4378, .T. ) ;
#3123 = CARTESIAN_POINT ( 'NONE',  ( -2.767902747198911939, 0.8437456509501427560, -9.134947381824193968 ) ) ;
#3124 = CARTESIAN_POINT ( 'NONE',  ( 2.114898413937393707E-11, 4.750000000000692779, 9.499999999999966249 ) ) ;
#3125 = CARTESIAN_POINT ( 'NONE',  ( 5.322502021292709884, -0.4374760697210161031, -7.961429109711391838 ) ) ;
#3126 = CARTESIAN_POINT ( 'NONE',  ( -5.590172436990559213, 1.947272202609868996, -7.837755592056131704 ) ) ;
#3127 = CARTESIAN_POINT ( 'NONE',  ( 8.894106287443468872, 5.364745515146452703, -3.352722593830053555 ) ) ;
#3128 = CARTESIAN_POINT ( 'NONE',  ( 8.896417800379248675, -2.635467983159856420, -3.346899215475383826 ) ) ;
#3129 = B_SPLINE_CURVE_WITH_KNOTS ( 'NONE', 3,
 ( #5899, #4377, #6348, #5282, #1458, #5408, #1332, #1425, #2857, #3316, #857, #2343, #5317, #1013, #98, #5534, #2501, #4472, #5933, #650, #5502, #2532, #5440, #523, #4044, #1491, #3474, #2622, #7, #3536, #1981, #2987, #4957, #39, #3112, #5018, #2011, #1043, #3567, #1553, #4990, #3982, #615, #555, #3021, #5962, #1586, #1099, #5079 ),
 .UNSPECIFIED., .F., .F.,
 ( 4, 2, 2, 2, 2, 2, 2, 2, 2, 2, 2, 2, 1, 2, 2, 2, 2, 2, 2, 2, 2, 2, 2, 2, 4 ),
 ( 0.1507256949115716449, 0.1516676441194086955, 0.1526095933272457461, 0.1544934917429198196, 0.1563773901585939208, 0.1573193393664309714, 0.1582612885742680220, 0.1601451869899420954, 0.1610871361977791461, 0.1620290854056161967, 0.1639129838212902701, 0.1648549330291273207, 0.1657968822369643713, 0.1667388314448014219, 0.1676807806526384448, 0.1695646790683125460, 0.1705066282761495966, 0.1714485774839866195, 0.1733324758996607207, 0.1742744251074977435, 0.1752163743153347941, 0.1771002727310088676, 0.1789841711466829688, 0.1799261203545199916, 0.1808680695623570422 ),
 .UNSPECIFIED. ) ;
#3130 = EDGE_CURVE ( 'NONE', #5347, #3211, #3249, .T. ) ;
#3131 = CARTESIAN_POINT ( 'NONE',  ( 0.001665510382154000105, 0.4164823177149322708, 0.001488110685219806630 ) ) ;
#3132 = CARTESIAN_POINT ( 'NONE',  ( -2.258398416913228512, 4.916693880789624771, -3.903270811773293492 ) ) ;
#3133 = CARTESIAN_POINT ( 'NONE',  ( -7.557307688862116457, 4.041034033966231398, -5.826405669657101605 ) ) ;
#3134 = CARTESIAN_POINT ( 'NONE',  ( -4.812333770292262614, -5.523320617227542861, 4.152789119343190727 ) ) ;
#3135 = CARTESIAN_POINT ( 'NONE',  ( 1.322457994585582997, -1.115509132564419748, 2.924163941912041764 ) ) ;
#3136 = CARTESIAN_POINT ( 'NONE',  ( -0.5907839200856744855, 5.769545940567930131, -9.580096269006066478 ) ) ;
#3137 = CARTESIAN_POINT ( 'NONE',  ( -1.516142946480154352, 6.905688260246487076, -2.832300136709194671 ) ) ;
#3138 = CARTESIAN_POINT ( 'NONE',  ( 1.501749456521675352, -0.4167393168743236398, -2.604430013740969940 ) ) ;
#3139 = ORIENTED_EDGE ( 'NONE', *, *, #3977, .F. ) ;
#3140 = CARTESIAN_POINT ( 'NONE',  ( 4.349500591736175537, 4.989395904324180009, 4.642230705529053481 ) ) ;
#3141 = CARTESIAN_POINT ( 'NONE',  ( -4.190408396778620315, 0.5204913130552333289, 4.776785691131554046 ) ) ;
#3142 = CARTESIAN_POINT ( 'NONE',  ( -2.135566944187833993, -5.015428098680271951, -2.354165639099312202 ) ) ;
#3143 = CARTESIAN_POINT ( 'NONE',  ( -0.8737177507322883008, 10.59678728568281869, -4.414659979278948931 ) ) ;
#3144 = CARTESIAN_POINT ( 'NONE',  ( -9.500000000000000000, 6.250000000000008882, 8.342318532422394526E-13 ) ) ;
#3145 = CARTESIAN_POINT ( 'NONE',  ( -0.6195369152107672583, 3.770761095564481913, -9.500000000000000000 ) ) ;
#3146 = CARTESIAN_POINT ( 'NONE',  ( 9.182061547017301706, 1.166784008583675147, 2.456872737482708402 ) ) ;
#3147 = CARTESIAN_POINT ( 'NONE',  ( 4.473294939448217988, 9.219805362625873357, -0.5044438761942932059 ) ) ;
#3148 = CARTESIAN_POINT ( 'NONE',  ( 4.349927087819356331, -1.489964735995517930, -4.643134343951063947 ) ) ;
#3149 = CARTESIAN_POINT ( 'NONE',  ( -6.267714457290106900, -0.02080667433477375108, -7.145806722772815256 ) ) ;
#3150 = CARTESIAN_POINT ( 'NONE',  ( -0.006491635136219532122, 1.778611769283770405, 0.0005214154947110988085 ) ) ;
#3151 = CARTESIAN_POINT ( 'NONE',  ( 8.580329569366288212, 2.393554797382526189, -4.153170902291620337 ) ) ;
#3152 = EDGE_CURVE ( 'NONE', #4219, #792, #419, .T. ) ;
#3153 = VERTEX_POINT ( 'NONE', #3913 ) ;
#3154 = ORIENTED_EDGE ( 'NONE', *, *, #4493, .T. ) ;
#3155 = CARTESIAN_POINT ( 'NONE',  ( -6.282857836230910209, 1.520849110536824922, 7.167412936895280140 ) ) ;
#3156 = CARTESIAN_POINT ( 'NONE',  ( 0.000000000000000000, 11.50000000000000000, 0.000000000000000000 ) ) ;
#3157 = CARTESIAN_POINT ( 'NONE',  ( 2.157219989147917349, 3.677753002814331484, -9.327837250165137206 ) ) ;
#3158 = CARTESIAN_POINT ( 'NONE',  ( -7.313184402807388018, 4.479829299025377409, 6.419979401410114583 ) ) ;
#3159 = CARTESIAN_POINT ( 'NONE',  ( -8.538020583012958298, -1.604110886728330021, 4.211421309653603728 ) ) ;
#3160 = CARTESIAN_POINT ( 'NONE',  ( -0.8734587753187548209, -10.59742510886298206, -9.459895188789015918 ) ) ;
#3161 = CARTESIAN_POINT ( 'NONE',  ( 2.870624284064664966, -10.59793146943297515, -0.8730967608311928085 ) ) ;
#3162 = DIRECTION ( 'NONE',  ( -0.000000000000000000, -1.000000000000000000, -0.000000000000000000 ) ) ;
#3163 = CARTESIAN_POINT ( 'NONE',  ( -8.786207868428579815, 2.122403632664300321, -3.726614835651562707 ) ) ;
#3164 = CARTESIAN_POINT ( 'NONE',  ( 5.030861676540287597, -4.959876382611803969, 3.892217468799290536 ) ) ;
#3165 = CARTESIAN_POINT ( 'NONE',  ( 2.731046216415344841, -2.921034323481634054, 1.623400539747110516 ) ) ;
#3166 = CARTESIAN_POINT ( 'NONE',  ( 6.568460982710033313, 4.989587913789041096, 7.009087950837710856 ) ) ;
#3167 = CARTESIAN_POINT ( 'NONE',  ( -2.684935655611237593, 7.070358233761486311, -1.700807970648951395 ) ) ;
#3168 = CYLINDRICAL_SURFACE ( 'NONE', #2390, 4.500000000000000000 ) ;
#3169 = EDGE_LOOP ( 'NONE', ( #4756, #4255, #5640, #2281, #4802, #4136, #1727 ) ) ;
#3170 = CARTESIAN_POINT ( 'NONE',  ( -9.516655368253292835, -5.769538665102854402, -0.5868266886800531656 ) ) ;
#3171 = CARTESIAN_POINT ( 'NONE',  ( 5.611984991197592088, -0.5940715294183223083, -2.999663612517093902 ) ) ;
#3172 = CARTESIAN_POINT ( 'NONE',  ( 9.298270695296205091, -2.841148467114062104, 2.753697853222292657 ) ) ;
#3173 = CARTESIAN_POINT ( 'NONE',  ( 2.236231071694311456, -2.001836033956031713, 2.257837704732083228 ) ) ;
#3174 = CARTESIAN_POINT ( 'NONE',  ( -0.7995285705735387660, 10.70780620426564411, -4.429386604659028670 ) ) ;
#3175 = ORIENTED_EDGE ( 'NONE', *, *, #2933, .F. ) ;
#3176 = CARTESIAN_POINT ( 'NONE',  ( 1.030669690219032968E-14, -3.250264714743960948, -3.000000000000002665 ) ) ;
#3177 = CARTESIAN_POINT ( 'NONE',  ( -6.282857836230910209, 1.520849110536824922, 7.167412936895280140 ) ) ;
#3178 = CARTESIAN_POINT ( 'NONE',  ( 0.000000000000000000, 0.000000000000000000, 0.000000000000000000 ) ) ;
#3179 = CARTESIAN_POINT ( 'NONE',  ( -7.161670066893961462, 2.021057757157739942, -6.272996841317538319 ) ) ;
#3180 = CARTESIAN_POINT ( 'NONE',  ( 6.361966545296438902, 2.243234472931921797, 0.1295279759968913091 ) ) ;
#3181 = DIRECTION ( 'NONE',  ( 0.000000000000000000, 0.000000000000000000, 1.000000000000000000 ) ) ;
#3182 = CARTESIAN_POINT ( 'NONE',  ( -0.003217040223157418329, 0.6874235350580902848, 3.428145621853050237E-05 ) ) ;
#3183 = CARTESIAN_POINT ( 'NONE',  ( 0.3498117351970593258, -2.238277250137412189, 9.499652063127909329 ) ) ;
#3184 = VERTEX_POINT ( 'NONE', #5308 ) ;
#3185 = CARTESIAN_POINT ( 'NONE',  ( 0.002410550035095002444, -2.061830616733663746, -0.0008825179912601057710 ) ) ;
#3186 = EDGE_CURVE ( 'NONE', #2329, #2763, #568, .T. ) ;
#3187 = ORIENTED_EDGE ( 'NONE', *, *, #4830, .F. ) ;
#3188 = CARTESIAN_POINT ( 'NONE',  ( 1.859542508148321893, 0.6874867564566858880, -9.361996468485996203 ) ) ;
#3189 = LINE ( 'NONE', #2285, #3937 ) ;
#3190 = CARTESIAN_POINT ( 'NONE',  ( -1.382720831076300838, 2.703774709701373347, 9.474729160901871339 ) ) ;
#3191 = CARTESIAN_POINT ( 'NONE',  ( -9.531922087260761955, -4.742173706878828554, 0.2363608265760811511 ) ) ;
#3192 = CARTESIAN_POINT ( 'NONE',  ( 2.456940962531936279, 5.666885232418365170, -9.197726675422577713 ) ) ;
#3193 = CARTESIAN_POINT ( 'NONE',  ( 0.000000000000000000, -5.249999999999999112, -9.500000000000000000 ) ) ;
#3194 = CARTESIAN_POINT ( 'NONE',  ( 0.003097878906097156597, 1.120125529536453390, -0.006432910021225670544 ) ) ;
#3195 = CARTESIAN_POINT ( 'NONE',  ( 9.447221813844652871, -10.09318546555156182, -1.000000000008866907 ) ) ;
#3196 = CARTESIAN_POINT ( 'NONE',  ( 1.000000000000000444, 9.960559720429207786, -4.387482193696061294 ) ) ;
#3197 = CARTESIAN_POINT ( 'NONE',  ( -9.548375813616525321, -5.769539818747075444, -0.5888053877764946042 ) ) ;
#3198 = CARTESIAN_POINT ( 'NONE',  ( 6.333332770357429808, -4.723444435809993180, -0.5341403639998953956 ) ) ;
#3199 = CARTESIAN_POINT ( 'NONE',  ( 0.8245765527860713373, -1.167046513153583875, 3.100162060277596332 ) ) ;
#3200 = CARTESIAN_POINT ( 'NONE',  ( 9.537682257256323126, -2.703764325669099744, -1.391963187150226267 ) ) ;
#3201 = CARTESIAN_POINT ( 'NONE',  ( 1.632818282906493668, 6.578057967399819184, -2.726275518524088781 ) ) ;
#3202 = PERSON_AND_ORGANIZATION ( #5275, #5284 ) ;
#3203 = B_SPLINE_CURVE_WITH_KNOTS ( 'NONE', 3,
 ( #1519, #392, #3503, #5897, #5931, #2373, #5866, #4858, #4346, #952, #3408, #6317, #1887, #983, #6, #2923, #2404, #4893, #459, #3861, #426, #2952, #3951, #5438 ),
 .UNSPECIFIED., .F., .F.,
 ( 4, 2, 2, 2, 2, 2, 2, 2, 2, 2, 2, 4 ),
 ( 0.7200000344613355363, 0.7315625338585961535, 0.7379688007878941747, 0.7443750677171923069, 0.7571876015757884604, 0.7635938685050864816, 0.7700001354343846138, 0.7772657435050864816, 0.7845313515757884604, 0.7917969596464904392, 0.7990625677171923069, 0.8000003147604271003 ),
 .UNSPECIFIED. ) ;
#3204 = CARTESIAN_POINT ( 'NONE',  ( 1.507497214732109958, -1.083960175325910047, 2.622989460818598406 ) ) ;
#3205 = VERTEX_POINT ( 'NONE', #5831 ) ;
#3206 = CARTESIAN_POINT ( 'NONE',  ( 8.662005794063986741, -2.611975348083295234, -4.007409343123136125 ) ) ;
#3207 = CARTESIAN_POINT ( 'NONE',  ( 5.096431594261291664, -0.9584065368136802654, 3.898642014724126081 ) ) ;
#3208 = CARTESIAN_POINT ( 'NONE',  ( -2.879888479876597795, -2.152999272681498155, -9.165046465582230795 ) ) ;
#3209 = CARTESIAN_POINT ( 'NONE',  ( 2.745367711754258089, -1.581830269883545803, -1.606273756075855985 ) ) ;
#3210 = DIRECTION ( 'NONE',  ( 0.000000000000000000, 1.000000000000000000, 0.000000000000000000 ) ) ;
#3211 = VERTEX_POINT ( 'NONE', #3466 ) ;
#3212 = DIRECTION ( 'NONE',  ( -0.000000000000000000, -1.000000000000000000, -0.000000000000000000 ) ) ;
#3213 = DIRECTION ( 'NONE',  ( -0.000000000000000000, -1.000000000000000000, -0.000000000000000000 ) ) ;
#3214 = AXIS2_PLACEMENT_3D ( 'NONE', #4501, #71, #2106 ) ;
#3215 = EDGE_CURVE ( 'NONE', #4658, #2843, #4742, .T. ) ;
#3216 = CARTESIAN_POINT ( 'NONE',  ( -3.899067826259657568E-06, 6.750000185039183975, -9.499818541888451762 ) ) ;
#3217 = CARTESIAN_POINT ( 'NONE',  ( 4.371535522071890334, 0.1719420391518461655, 1.090367175979983561 ) ) ;
#3218 = CARTESIAN_POINT ( 'NONE',  ( -3.532891409925347226, 0.9372936639326382435, -5.292081715763481853 ) ) ;
#3219 = CARTESIAN_POINT ( 'NONE',  ( -3.899067826259657568E-06, 6.750000185039183975, -9.499818541888451762 ) ) ;
#3220 = CARTESIAN_POINT ( 'NONE',  ( 0.001974336730052499937, 5.371930568415346663, 0.005393427385682661272 ) ) ;
#3221 = CARTESIAN_POINT ( 'NONE',  ( 1.320635864938861870, 2.705744541410795900, -9.430259741626795034 ) ) ;
#3222 = ORIENTED_EDGE ( 'NONE', *, *, #3272, .T. ) ;
#3223 = CARTESIAN_POINT ( 'NONE',  ( -4.026757251355799205, 4.533667910359652886, 5.004211507613532284 ) ) ;
#3224 = CARTESIAN_POINT ( 'NONE',  ( -0.0004368458591970359427, -2.612258237260591365, -0.0008147990562668351068 ) ) ;
#3225 = VECTOR ( 'NONE', #4339, 1000.000000000000000 ) ;
#3226 = VERTEX_POINT ( 'NONE', #4400 ) ;
#3227 = CARTESIAN_POINT ( 'NONE',  ( -7.557201752813246465, 5.041034026586266314, -5.826317176052177693 ) ) ;
#3228 = CARTESIAN_POINT ( 'NONE',  ( -1.656080767065240086E-06, 4.750000198830709230, -9.499966431596947203 ) ) ;
#3229 = CARTESIAN_POINT ( 'NONE',  ( -4.069607738797891727, 3.889658564774358229, -8.666506546023647672 ) ) ;
#3230 = CARTESIAN_POINT ( 'NONE',  ( -0.3885605981487636473, -4.263020783291261218, 9.499629181219937379 ) ) ;
#3231 = CARTESIAN_POINT ( 'NONE',  ( -2.249430873614028492, 2.583631037580325973, 3.908717346538522541 ) ) ;
#3232 = CARTESIAN_POINT ( 'NONE',  ( 7.543266973785732965, -2.541800801149826761, -5.783326352207759591 ) ) ;
#3233 = CARTESIAN_POINT ( 'NONE',  ( -0.006476910371666837717, 0.7786117729751810268, 0.0006273189832538911487 ) ) ;
#3234 = CARTESIAN_POINT ( 'NONE',  ( 0.000000000000000000, 12.50000000000000000, 0.000000000000000000 ) ) ;
#3235 = DIRECTION ( 'NONE',  ( -0.000000000000000000, -1.000000000000000000, -0.000000000000000000 ) ) ;
#3236 = CARTESIAN_POINT ( 'NONE',  ( 3.264913510271185704, -5.139316776928590791, 9.000115239143374524 ) ) ;
#3237 = CARTESIAN_POINT ( 'NONE',  ( 1.383981362616578004, -3.108902611996565923, 2.897625781486175445 ) ) ;
#3238 = CARTESIAN_POINT ( 'NONE',  ( 2.592664683915186785, -2.336577862545116790, -9.283708176706429782 ) ) ;
#3239 = CARTESIAN_POINT ( 'NONE',  ( -0.008256850337556860542, -3.290255789752458249, -0.0003109496907522533364 ) ) ;
#3240 = CARTESIAN_POINT ( 'NONE',  ( -9.527053713422283465, -2.768549303889404012, -0.5530059466914236666 ) ) ;
#3241 = B_SPLINE_SURFACE_WITH_KNOTS ( 'NONE', 3, 3, ( 
 ( #1867, #5197, #403, #5819, #867, #343, #1375, #1802, #4743, #769, #2260, #2740, #4778, #1342, #5327, #1770, #3779, #898, #2867, #4839, #4359, #4712, #3749, #5686, #6262, #279, #5784, #5721, #5295, #2837, #1282, #5752, #2772, #834, #801, #5230, #311, #4263, #1833, #6234, #1312, #3298, #2805, #2323, #4904, #4936, #3421, #2478, #1052, #3963, #2897, #3028, #1533, #3513, #5482, #2965, #4997, #5354, #2417, #51, #3930, #5848, #4451, #6387, #562, #438, #2541, #3872, #4969, #1022, #3903, #5388, #1898, #1405, #5911, #4388, #5450, #2998, #1469, #5972, #3390, #6329, #2021, #4481, #6358, #4872, #927, #534, #964, #1927, #5879, #1434, #500, #470, #2934, #1990, #2448, #18, #4418, #1957, #5941, #3454, #5419, #1501, #993, #3483, #2511, #3990, #5056, #1660, #2117, #4054, #6060, #2599, #5123, #4085, #726, #691, #4636, #1563, #3188, #202, #3643, #3123, #1174, #4574, #1109, #4019, #5028, #5513, #1143, #4116, #4153, #2569, #141, #2662, #3155, #2185, #6129, #3547, #593, #1207, #2631, #1693, #170, #1079, #6028, #5154, #4540, #3059, #110, #2085, #3677, #3089, #625, #78, #6002, #1626, #1595, #5609, #5641, #3611, #4510, #2051, #3577, #5541, #5573, #5089, #659, #4606, #2149, #6093, #5191, #4186, #4706, #1305, #1275, #5320, #4771, #763, #5746, #5813, #5223, #2317, #795, #5679, #827, #6196, #2797, #1828, #2699, #3260, #6257, #304, #2254, #4256, #2766, #3322, #2284, #4671, #5288, #2831, #6163, #1369, #4803, #3802, #3290, #5778, #4736, #5715, #2220, #3227, #3710, #5253, #4288, #2348, #2733, #6227, #861, #1336, #368, #4319, #1728, #272, #3354, #336, #6290, #1859, #1241, #4222, #236, #1762, #3742, #1795, #3773, #3835, #5872, #3895, #4352, #2472, #4442, #5965, #2927, #1920, #4411, #6352, #1525, #2504, #1892, #987, #11, #3383, #5348, #4929, #464, #1427 ),
 ( #4474, #42, #2014, #3923, #3984, #6323, #921, #1015, #4897, #397, #5412, #958, #3507, #1398, #890, #4833, #5935, #1984, #4864, #4381, #3956, #6380, #2861, #431, #2959, #2377, #2990, #3448, #2891, #3866, #5841, #2410, #1949, #3413, #5380, #2441, #5903, #1462, #493, #1493, #3477, #5444, #4960, #527, #5021, #1073, #2594, #1589, #1653, #4013, #5505, #1555, #195, #5472, #4111, #6023, #653, #1102, #165, #1046, #4047, #3570, #5537, #103, #2110, #3117, #1136, #2563, #4992, #2625, #2078, #1168, #3083, #3052, #6122, #587, #3148, #2177, #5568, #4534, #5051, #1687, #5116, #3637, #2045, #4631, #3539, #619, #5083, #4147, #4568, #135, #5603, #4599, #2144, #4079, #6053, #1620, #3603, #6087, #684, #2657, #3023, #557, #2534, #4504, #73, #5995, #5771, #4312, #5279, #788, #4763, #1821, #5184, #1720, #2340, #6189, #756, #3795, #1329, #2276, #3282, #2726, #1233, #3218, #4699, #3313, #854, #229, #4246, #1268, #819, #5246, #6219, #265, #2213, #6282, #329, #1298, #1788, #3703, #4281, #2824, #2246, #4214, #4796, #3670, #3734, #5634, #4178, #1201, #3180, #2310, #6249, #1754, #5708, #5147, #718, #3253, #5670, #2788, #361, #5216, #2690, #4664, #6155, #2759, #4729, #296, #3765, #5738, #4922, #5342, #4344, #3346, #3859, #457, #424, #4469, #3917, #6315, #4891, #4953, #4374, #1454, #6345, #4826, #6374, #913, #1942, #981, #1851, #2402, #5405, #5864, #1392, #3406, #1913, #2466, #1421, #3826, #4436, #1977, #5314, #519, #3949, #2950, #2434, #487, #3888, #4856, #1362, #2371, #2854, #4405, #3442, #1487, #1885, #5373, #4, #5929, #3470, #5436, #884, #5835, #2497, #5895, #1010, #2983, #390, #3377, #5804, #2884, #950, #2921, #4987, #647, #5014, #3046, #3501, #1614, #3597, #5110, #2071, #1068, #3564, #5499, #678, #1646, #1039, #129, #5562, #2528, #4498, #4073 ),
 ( #581, #4006, #2651, #5989, #4105, #3142, #2103, #1550, #2557, #35, #6081, #4593, #3017, #159, #551, #5595, #67, #6017, #6047, #1161, #5531, #4041, #2137, #1128, #3109, #4528, #612, #1583, #1096, #2039, #5076, #3077, #3631, #95, #2619, #2586, #3533, #2007, #3979, #5958, #1517, #5044, #5465, #4562, #6148, #2683, #3307, #749, #1713, #2782, #4754, #3247, #4237, #3697, #2206, #4172, #5663, #322, #4273, #1194, #5209, #2239, #1781, #6212, #781, #1226, #3173, #847, #1292, #2270, #2750, #4656, #5239, #2303, #3209, #5176, #6243, #4624, #5731, #3728, #189, #2720, #4722, #4141, #1814, #289, #710, #6115, #5269, #2170, #1747, #1680, #3663, #5628, #223, #4693, #1322, #257, #4206, #3759, #6183, #5699, #1262, #3274, #812, #3789, #5765, #5140, #2847, #5306, #3943, #2815, #1445, #3371, #4398, #4849, #3911, #4789, #1385, #5336, #907, #3853, #5858, #449, #4883, #6306, #2333, #6366, #5829, #4915, #2878, #384, #3464, #2365, #481, #5922, #2912, #4338, #415, #5430, #2459, #1879, #877, #4304, #4818, #1414, #2395, #353, #2428, #4368, #3399, #1479, #6339, #1936, #1907, #5795, #940, #3881, #5888, #3434, #6272, #5365, #5399, #974, #2944, #4429, #6398, #1969, #1843, #3817, #1355, #3339, #4464, #6074, #3102, #124, #6014, #4067, #1063, #4001, #511, #1512, #2000, #4033, #606, #641, #5460, #3041, #1610, #6041, #3591, #2612, #30, #3495, #4099, #5526, #1122, #3072, #3973, #546, #1639, #1033, #5951, #3011, #4982, #5555, #5984, #1544, #2523, #2580, #4555, #3623, #5009, #2032, #4523, #62, #1005, #4587, #4491, #1092, #2098, #3526, #5494, #5040, #575, #2553, #1576, #90, #3559, #2130, #5070, #2065, #2978, #153, #4947, #2489, #2232, #2380, #4618, #1674, #5816, #3201, #5102, #3722, #5655, #4355, #6108, #1895, #3137, #4322, #284, #3167, #2676, #1156, #672, #5168 ),
 ( #6293, #1741, #704, #1862, #1372, #2645, #5691, #1219, #6326, #3656, #5587, #184, #3839, #2352, #5134, #4649, #2163, #4130, #740, #5622, #4717, #3358, #2712, #5323, #1187, #215, #893, #2864, #2198, #4167, #4836, #400, #6142, #1706, #3688, #4686, #4199, #250, #6175, #1256, #3239, #5202, #774, #2745, #3480, #6383, #434, #1987, #961, #3959, #2994, #76, #4415, #1018, #1465, #3416, #5415, #1953, #4477, #3451, #3869, #45, #3987, #924, #2537, #5968, #4963, #2475, #531, #3926, #467, #3386, #4384, #4867, #497, #5447, #3510, #1924, #5907, #2017, #2507, #1528, #5476, #2894, #6355, #560, #5938, #1049, #1497, #2413, #5384, #4507, #3898, #5875, #1430, #2930, #3026, #2444, #990, #4900, #4995, #5845, #1401, #2962, #4932, #4445, #15, #5351, #3672, #3055, #2146, #1170, #4536, #105, #6089, #1622, #621, #655, #5539, #4601, #3182, #1655, #5023, #5149, #5636, #1203, #720, #5085, #2692, #1076, #2081, #2179, #6055, #2597, #2659, #167, #3572, #4633, #4149, #4666, #2048, #5570, #3150, #197, #1105, #4050, #4016, #4570, #3085, #6124, #1689, #2627, #3639, #5053, #6025, #1591, #138, #5998, #1560, #589, #4113, #3605, #5605, #5119, #686, #2112, #2565, #3542, #5509, #4081, #1138, #3119, #856, #363, #1270, #790, #2342, #2856, #1331, #5740, #231, #4216, #331, #6157, #4314, #2790, #2728, #1722, #886, #2215, #3767, #4180, #3705, #5672, #4701, #298, #3348, #2248, #267, #3797, #1790, #5218, #6191, #1756, #1300, #2761, #2826, #5186, #3736, #5710, #1364, #1235, #5281, #4731, #1823, #2278, #3315, #3220, #4248, #6221, #3284, #3255, #5248, #4283, #2312, #821, #758, #5773, #4765, #6284, #6251, #4798, #1853, #3828, #5806, #5316, #4924, #6347, #1423, #1041, #4471, #2985, #1394, #3981, #2886, #4407, #489, #5960, #3919, #2436, #4955, #1979, #2468, #5375, #5407, #6376 ) ),
 .UNSPECIFIED., .F., .F., .F.,
 ( 4, 4 ),
 ( 4, 2, 2, 2, 2, 2, 2, 2, 2, 2, 2, 2, 2, 2, 2, 2, 2, 2, 2, 2, 2, 2, 2, 2, 2, 2, 2, 2, 2, 2, 2, 2, 2, 2, 2, 2, 2, 2, 2, 2, 2, 2, 2, 2, 2, 2, 2, 2, 2, 2, 2, 2, 2, 2, 2, 2, 2, 2, 2, 2, 2, 2, 2, 2, 2, 2, 2, 2, 2, 2, 2, 2, 2, 2, 2, 2, 2, 2, 2, 2, 2, 2, 2, 2, 2, 2, 2, 2, 2, 2, 2, 2, 2, 2, 2, 2, 2, 2, 2, 2, 2, 2, 2, 2, 2, 2, 2, 2, 2, 2, 2, 2, 2, 2, 2, 2, 2, 2, 2, 2, 2, 2, 2, 2, 2, 2, 2, 4 ),
 ( 0.000000000000000000, 1.000000000000000000 ),
 ( 0.000000000000000000, 0.01000097556973339810, 0.01656335362351672030, 0.02312573167730004597, 0.03625048778486669732, 0.04281286583865002299, 0.04937524389243334866, 0.05593762194621667433, 0.06250000000000000000, 0.07687499087489790828, 0.08406248631234686242, 0.09124998174979580268, 0.09843747718724474294, 0.1056249726246936971, 0.1128124680621426512, 0.1199999634995916054, 0.1264843430621426790, 0.1329687226246937248, 0.1459374817497958166, 0.1524218613123468624, 0.1589062408748979083, 0.1718750000000000000, 0.1791406080707018400, 0.1864062161414036800, 0.1936718242121054923, 0.2009374322828073323, 0.2082030403535091723, 0.2154686484242109845, 0.2227342564949128245, 0.2299998645656146645, 0.2364061314949128523, 0.2428123984242110123, 0.2556249322828073600, 0.2620311992121054923, 0.2684374661414036800, 0.2812500000000000000, 0.2885937208327771786, 0.2959374416655543572, 0.3032811624983314802, 0.3106248833311086588, 0.3179686041638858374, 0.3253123249966629604, 0.3326560458294401390, 0.3399997666622173176, 0.3462497899725332506, 0.3524998132828491837, 0.3649998599034809943, 0.3774999065241128049, 0.3837499298344287380, 0.3899999531447446710, 0.3962499959238207636, 0.4025000387028968563, 0.4150001242610490415, 0.4275002098192012268, 0.4337502525982772639, 0.4400002953773533565, 0.4475002584551841522, 0.4550002215330148925, 0.4625001846108456327, 0.4700001476886763729, 0.4775001107665071132, 0.4850000738443379089, 0.4925000369221687047, 0.4999999999999994449, 0.5062500366365414450, 0.5125000732730835562, 0.5250001465461675565, 0.5375002198192515568, 0.5437502564557936680, 0.5500002930923356681, 0.5574221314557936680, 0.5648439698192517788, 0.5722658081827098897, 0.5796876465461678896, 0.5871094849096258894, 0.5945313232730840003, 0.6019531616365421112, 0.6093750000000001110, 0.6157031541672228769, 0.6220313083344455318, 0.6283594625016681867, 0.6346876166688908416, 0.6473439250033361514, 0.6536720791705588063, 0.6600002333377815722, 0.6673439541705588063, 0.6746876750033361514, 0.6820313958361134965, 0.6893751166688908416, 0.6967188375016681867, 0.7040625583344454208, 0.7114062791672226549, 0.7187500000000000000, 0.7315625338585961535, 0.7379688007878941747, 0.7443750677171923069, 0.7571876015757884604, 0.7635938685050864816, 0.7700001354343846138, 0.7772657435050864816, 0.7845313515757884604, 0.7917969596464904392, 0.7990625677171923069, 0.8063281757878941747, 0.8135937838585961535, 0.8208593919292981322, 0.8281250000000000000, 0.8410937591251019807, 0.8475781386876529711, 0.8540625182502039614, 0.8670312773753059421, 0.8735156569378570435, 0.8800000365004080338, 0.8871875319378570435, 0.8943750273753059421, 0.9015625228127549518, 0.9087500182502039614, 0.9159375136876529711, 0.9231250091251019807, 0.9375000000000000000, 0.9440623780537833465, 0.9506247561075666930, 0.9571871341613500395, 0.9637495122151332749, 0.9768742683226998569, 0.9834366463764832034, 0.9899990244302665499, 1.000000000000000000 ),
 .UNSPECIFIED. ) ;
#3242 = EDGE_CURVE ( 'NONE', #4440, #2219, #4822, .T. ) ;
#3243 = ORIENTED_EDGE ( 'NONE', *, *, #6253, .F. ) ;
#3244 = CARTESIAN_POINT ( 'NONE',  ( -9.527067429342563898, -3.768549305645091163, -0.5530054140102214078 ) ) ;
#3245 = CARTESIAN_POINT ( 'NONE',  ( -3.532929464109674011, -0.06270633361884390966, -5.292142639116555358 ) ) ;
#3246 = CARTESIAN_POINT ( 'NONE',  ( 6.792608738701772175, -0.4999860970758350232, -6.797194994316742012 ) ) ;
#3247 = CARTESIAN_POINT ( 'NONE',  ( -3.153352772377226998, -2.708867041265785591, 0.4112445473870281476 ) ) ;
#3248 = CARTESIAN_POINT ( 'NONE',  ( -2.386888666174157070, -3.542217531057695101, 1.827885426263351265 ) ) ;
#3249 = LINE ( 'NONE', #5212, #2288 ) ;
#3250 = CARTESIAN_POINT ( 'NONE',  ( -3.920522160226183939, 3.885337637988251380, -8.658829798888678653 ) ) ;
#3251 = CARTESIAN_POINT ( 'NONE',  ( 7.616520261710668649E-15, 0.7498437636450012711, -4.500000000000000888 ) ) ;
#3252 = CARTESIAN_POINT ( 'NONE',  ( 1.720163497899737992, 0.6251470282040443305, -4.164103746131269546 ) ) ;
#3253 = CARTESIAN_POINT ( 'NONE',  ( 3.708805196772616330, 2.551470919674997173, -5.159604705116175971 ) ) ;
#3254 = PLANE ( 'NONE',  #1141 ) ;
#3255 = CARTESIAN_POINT ( 'NONE',  ( 0.006205313687593862551, 5.615210776291374550, 0.003017621795857886383 ) ) ;
#3256 = CARTESIAN_POINT ( 'NONE',  ( 1.000000000000052180, -10.22496717951623957, -2.828427124746172527 ) ) ;
#3257 = ORIENTED_EDGE ( 'NONE', *, *, #5442, .T. ) ;
#3258 = CARTESIAN_POINT ( 'NONE',  ( 0.002031925197002009287, -1.870743151612433541, -0.005531479851526918158 ) ) ;
#3259 = ORIENTED_EDGE ( 'NONE', *, *, #1760, .T. ) ;
#3260 = CARTESIAN_POINT ( 'NONE',  ( 8.684076873634102967, 4.108089215189520083, 4.166585752472288462 ) ) ;
#3261 = CARTESIAN_POINT ( 'NONE',  ( 0.8969707232074977110, 4.779962136766089387, 9.531667041617163605 ) ) ;
#3262 = DIRECTION ( 'NONE',  ( -0.000000000000000000, -1.000000000000000000, -0.000000000000000000 ) ) ;
#3263 = CARTESIAN_POINT ( 'NONE',  ( -0.5901506731190488964, 1.791603031926337852, -4.470734585663501903 ) ) ;
#3264 = CARTESIAN_POINT ( 'NONE',  ( -0.9999999999999983347, -10.22541446682563127, -9.447221813845594340 ) ) ;
#3265 = CARTESIAN_POINT ( 'NONE',  ( 2.937686774557325187, -10.89187879844098461, 0.6155392778010678745 ) ) ;
#3266 = CARTESIAN_POINT ( 'NONE',  ( 1.163414459189985485E-15, 12.50000000000000000, 9.500000000000000000 ) ) ;
#3267 = CARTESIAN_POINT ( 'NONE',  ( 2.657701193747346036, 5.660154463378530565, -9.156820465858762859 ) ) ;
#3268 = CARTESIAN_POINT ( 'NONE',  ( -1.677192613325433346, 0.5727601384706177967, 2.697854971185576378 ) ) ;
#3269 = CARTESIAN_POINT ( 'NONE',  ( -9.636662035344688348, -1.791636815297580787, -1.281972027129238745 ) ) ;
#3270 = CARTESIAN_POINT ( 'NONE',  ( 0.1959698843665723111, -1.229429661820971909, 2.999999999999700240 ) ) ;
#3271 = CARTESIAN_POINT ( 'NONE',  ( -8.328793669543614442, -1.583334091529003729, 4.824504852899393903 ) ) ;
#3272 = EDGE_CURVE ( 'NONE', #2347, #1845, #5900, .T. ) ;
#3273 = CARTESIAN_POINT ( 'NONE',  ( -8.384717533580433368, 0.4166458215739662352, 4.856153495703625644 ) ) ;
#3274 = CARTESIAN_POINT ( 'NONE',  ( 0.8245631915441407056, -0.1670465146902182507, 3.100101878666044364 ) ) ;
#3275 = CARTESIAN_POINT ( 'NONE',  ( -8.897234077959169184E-15, 3.749824566600010733, -4.499999999999997335 ) ) ;
#3276 = ORIENTED_EDGE ( 'NONE', *, *, #1189, .T. ) ;
#3277 = CARTESIAN_POINT ( 'NONE',  ( -2.980069271218303673, -2.792361922032887911, -0.3967060161464757151 ) ) ;
#3278 = DIRECTION ( 'NONE',  ( 0.000000000000000000, -1.000000000000000000, 0.000000000000000000 ) ) ;
#3279 = B_SPLINE_CURVE_WITH_KNOTS ( 'NONE', 3,
 ( #2554, #975, #2490, #1970, #3527, #547, #3974, #4916, #3912, #4002 ),
 .UNSPECIFIED., .F., .F.,
 ( 4, 2, 2, 2, 4 ),
 ( 0.004704374054011695172, 0.005096198989817822891, 0.005488023925623950611, 0.005879848861430078330, 0.006271673797236206049 ),
 .UNSPECIFIED. ) ;
#3280 = CARTESIAN_POINT ( 'NONE',  ( -2.256100047031357470, 0.9164915969651996619, -3.904642811454978713 ) ) ;
#3281 = CARTESIAN_POINT ( 'NONE',  ( 5.622817718924375541, -4.049491630171885070, 7.708588718450848809 ) ) ;
#3282 = CARTESIAN_POINT ( 'NONE',  ( -0.6236582056759046866, 0.7809263054726951481, -6.332629428343334865 ) ) ;
#3283 = CARTESIAN_POINT ( 'NONE',  ( 3.000134314295141547, -4.770882261795502899, 0.1939533863431271710 ) ) ;
#3284 = CARTESIAN_POINT ( 'NONE',  ( -0.0007033603680046859570, 5.533343392844217057, -0.0009407060354584762451 ) ) ;
#3285 = CARTESIAN_POINT ( 'NONE',  ( 2.567045311608302516, -1.336591791592680378, -9.191613783527213144 ) ) ;
#3286 = B_SPLINE_CURVE_WITH_KNOTS ( 'NONE', 3,
 ( #191, #2559, #2588, #1682, #1552, #3535, #2073, #1585, #4564, #1616, #1131, #3599, #5078, #649, #2621, #4595, #161, #2139, #356, #4174, #1816, #3730, #3791, #6150, #1229, #3699, #2335, #1197, #6245, #1750 ),
 .UNSPECIFIED., .F., .F.,
 ( 4, 2, 2, 2, 2, 2, 2, 2, 2, 2, 2, 2, 2, 2, 4 ),
 ( 0.03768636925989213987, 0.03827534110784913679, 0.03886431295580612677, 0.03945328480376311675, 0.04004225665172011367, 0.04063122849967710365, 0.04122020034763410057, 0.04180917219559109055, 0.04239814404354808747, 0.04298711589150507745, 0.04357608773946207437, 0.04475403143537605433, 0.04593197513129004123, 0.04652094697924703814, 0.04710991882720402812 ),
 .UNSPECIFIED. ) ;
#3287 = VERTEX_POINT ( 'NONE', #2004 ) ;
#3288 = CARTESIAN_POINT ( 'NONE',  ( 0.005203344375941739916, -2.215066233331533407, -0.0004822495868778880535 ) ) ;
#3289 = VERTEX_POINT ( 'NONE', #418 ) ;
#3290 = CARTESIAN_POINT ( 'NONE',  ( -1.460710849507175224, 4.798830815699683505, -9.429535551951888195 ) ) ;
#3291 = CARTESIAN_POINT ( 'NONE',  ( 0.9999999999999485967, -9.961383898028145722, -2.828427124746208055 ) ) ;
#3292 = CARTESIAN_POINT ( 'NONE',  ( -4.196857131093113757, 1.894548322372704652, -8.594013047046811238 ) ) ;
#3293 = CARTESIAN_POINT ( 'NONE',  ( 6.894203421690075828, 5.496091214044189321, -6.724164499403371131 ) ) ;
#3294 = CARTESIAN_POINT ( 'NONE',  ( -2.972433626137925611, 1.978960311482516499, -3.391498875171272687 ) ) ;
#3295 = CARTESIAN_POINT ( 'NONE',  ( -2.385730178205516694, -1.958486576187912664, -1.829330549067987199 ) ) ;
#3296 = B_SPLINE_CURVE_WITH_KNOTS ( 'NONE', 3,
 ( #5345, #887, #2469, #3445, #2827, #1917, #954, #3829, #917, #3380, #4409, #364, #1854, #6285, #2954, #5774, #2438, #2888, #5377, #4859, #1946, #3891, #3921, #5807, #1365, #5868 ),
 .UNSPECIFIED., .F., .F.,
 ( 4, 2, 2, 2, 2, 2, 2, 2, 2, 2, 2, 2, 4 ),
 ( 0.07861126386872260841, 0.07928074173642522815, 0.07995021960412784789, 0.08128917533953310126, 0.08262813107493834075, 0.08329760894264096049, 0.08396708681034358024, 0.08463656467804619998, 0.08530604254574881973, 0.08597552041345143947, 0.08664499828115407309, 0.08798395401655931258, 0.08932290975196455207 ),
 .UNSPECIFIED. ) ;
#3297 = EDGE_CURVE ( 'NONE', #3153, #6240, #6369, .T. ) ;
#3298 = CARTESIAN_POINT ( 'NONE',  ( -1.203003763306235152, -3.209641079509042427, -9.560938110322378947 ) ) ;
#3299 = CARTESIAN_POINT ( 'NONE',  ( 0.000000000000000000, 0.000000000000000000, 0.000000000000000000 ) ) ;
#3300 = CARTESIAN_POINT ( 'NONE',  ( -4.405317251672184575, -6.097604446834357539, -8.492829107011095502 ) ) ;
#3301 = CARTESIAN_POINT ( 'NONE',  ( 2.920789805046316800, 1.120015501460081886, 1.262015463946500660 ) ) ;
#3302 = CARTESIAN_POINT ( 'NONE',  ( -7.339816441480144782, -1.973941836698000163, -6.229562344481617053 ) ) ;
#3303 = FACE_OUTER_BOUND ( 'NONE', #5121, .T. ) ;
#3304 = ORIENTED_EDGE ( 'NONE', *, *, #5442, .F. ) ;
#3305 = CARTESIAN_POINT ( 'NONE',  ( -7.284283457544440843, -3.526366116938236317, 6.164079544168967750 ) ) ;
#3306 = CARTESIAN_POINT ( 'NONE',  ( -0.9448938627234304555, -0.2187384734158812349, -9.562116630925860505 ) ) ;
#3307 = CARTESIAN_POINT ( 'NONE',  ( -2.571872059455528881, -2.950523089631345908, -1.870871837072057176 ) ) ;
#3308 = CARTESIAN_POINT ( 'NONE',  ( 1.330476718921027146, -2.104282319502480014, 2.695902051156313206 ) ) ;
#3309 = CARTESIAN_POINT ( 'NONE',  ( -1.503846448700436600, -3.083512175398707811, -2.603220885038258992 ) ) ;
#3310 = CARTESIAN_POINT ( 'NONE',  ( -4.207086377441228819, -2.104269575772194756, -8.540213946211148155 ) ) ;
#3311 = DIRECTION ( 'NONE',  ( 0.000000000000000000, -0.000000000000000000, 1.000000000000000000 ) ) ;
#3312 = CARTESIAN_POINT ( 'NONE',  ( -1.000000000000000222, 10.09318546555144991, -4.387482193696060406 ) ) ;
#3313 = CARTESIAN_POINT ( 'NONE',  ( -4.842168428772514410, 1.025583493808837510, -4.114312849891153867 ) ) ;
#3314 = CARTESIAN_POINT ( 'NONE',  ( -7.548466451513473174, -5.957916621885419595, -5.776537885199668487 ) ) ;
#3315 = CARTESIAN_POINT ( 'NONE',  ( 0.001398964211585333826, 5.317686679728339527, 0.003437468115509574509 ) ) ;
#3316 = CARTESIAN_POINT ( 'NONE',  ( 5.535533164860107824, -1.052119642395246801, 7.726814994378361057 ) ) ;
#3317 = EDGE_CURVE ( 'NONE', #2890, #3381, #5508, .T. ) ;
#3318 = VECTOR ( 'NONE', #3899, 1000.000000000000000 ) ;
#3319 = ORIENTED_EDGE ( 'NONE', *, *, #1085, .F. ) ;
#3320 = CARTESIAN_POINT ( 'NONE',  ( -0.008491386450351249421, -2.029796731490266737, 0.008489727150688393051 ) ) ;
#3321 = ORIENTED_EDGE ( 'NONE', *, *, #1808, .T. ) ;
#3322 = CARTESIAN_POINT ( 'NONE',  ( 8.430923876225834945, 4.405279774269007298, -4.470224547768852474 ) ) ;
#3323 = CARTESIAN_POINT ( 'NONE',  ( 1.447221563444491155, 4.645772559620417574, -4.271171465401242706 ) ) ;
#3324 = CARTESIAN_POINT ( 'NONE',  ( 0.2371795211752740495, 5.742173027381886286, -9.563793849536889269 ) ) ;
#3325 = CIRCLE ( 'NONE', #525, 1.000000000000000888 ) ;
#3326 = CARTESIAN_POINT ( 'NONE',  ( 0.2388012174375360730, 5.742171677866557467, -9.627338358012581310 ) ) ;
#3327 = CARTESIAN_POINT ( 'NONE',  ( 9.499989452018811065, -9.093285671401055481, -0.1329052721276206828 ) ) ;
#3328 = TOROIDAL_SURFACE ( 'NONE', #6216, 5.500000000000000000, 1.000000000000000000 ) ;
#3329 = FACE_OUTER_BOUND ( 'NONE', #3169, .T. ) ;
#3330 = CARTESIAN_POINT ( 'NONE',  ( 3.575479377096239197, 1.458486935786440730, -2.748426972105535437 ) ) ;
#3331 = CARTESIAN_POINT ( 'NONE',  ( -7.308579370907800410, -3.526367182366383801, 6.184608451447605404 ) ) ;
#3332 = CARTESIAN_POINT ( 'NONE',  ( 1.856297469133587175, 1.551179245845564658, -2.578080185753590214 ) ) ;
#3333 = CARTESIAN_POINT ( 'NONE',  ( 1.225672349444040465, -4.290697007896137727, -9.550759734325353634 ) ) ;
#3334 = CC_DESIGN_SECURITY_CLASSIFICATION ( #4254, ( #4870 ) ) ;
#3335 = CARTESIAN_POINT ( 'NONE',  ( 2.174951010255469885, 2.541098841762901017E-17, 2.171342889745537796 ) ) ;
#3336 = CARTESIAN_POINT ( 'NONE',  ( 9.236691610066358749, -2.841150969812361815, 2.735461203122032003 ) ) ;
#3337 = CARTESIAN_POINT ( 'NONE',  ( -0.007422205334458250453, 3.859778416332876105, 0.002425989485382377877 ) ) ;
#3338 = CARTESIAN_POINT ( 'NONE',  ( 0.002937889019668314238, -0.2499988123446398869, -9.609445168080462452 ) ) ;
#3339 = CARTESIAN_POINT ( 'NONE',  ( -2.930628651314403310, 3.122586272427542387, -1.238260337482828932 ) ) ;
#3340 = CARTESIAN_POINT ( 'NONE',  ( 2.256335865509952576, 3.583077954941008336, -3.904561245802091296 ) ) ;
#3341 = CARTESIAN_POINT ( 'NONE',  ( -0.5057525923563535031, -9.220611753190224746, -2.959575482431346050 ) ) ;
#3342 = CARTESIAN_POINT ( 'NONE',  ( -7.729321698516482542, 4.447739396721230420, 5.532059593766315508 ) ) ;
#3343 = CARTESIAN_POINT ( 'NONE',  ( 9.521066138101806686, 6.229175756398986685, 0.6263084325235145355 ) ) ;
#3344 = CARTESIAN_POINT ( 'NONE',  ( -0.9329502376098750549, -0.2812638500443421230, 9.465197466695487449 ) ) ;
#3345 = CARTESIAN_POINT ( 'NONE',  ( 4.418001497262313393, 0.3126185297827856480, -0.8834506849913950077 ) ) ;
#3346 = CARTESIAN_POINT ( 'NONE',  ( -6.264128658067278366, 3.305714293884463473, 1.110037285817502051 ) ) ;
#3347 = CARTESIAN_POINT ( 'NONE',  ( 2.399250751869267173, -4.541926634979311928, -1.843723515367687416 ) ) ;
#3348 = CARTESIAN_POINT ( 'NONE',  ( -0.003944785420545326125, 4.348956546705220916, -0.009705412700021955399 ) ) ;
#3349 = CARTESIAN_POINT ( 'NONE',  ( -6.373915458325161154, 4.209687304913946271, -0.8002650596924445470 ) ) ;
#3350 = CARTESIAN_POINT ( 'NONE',  ( 0.5053769852983404087, -1.266935474941111917, -9.489793207672216013 ) ) ;
#3351 = ORIENTED_EDGE ( 'NONE', *, *, #1641, .F. ) ;
#3352 = B_SPLINE_CURVE_WITH_KNOTS ( 'NONE', 3,
 ( #994, #928, #3844, #5820, #1928, #4873, #439, #4389, #5328, #6359, #3330, #5389, #965, #5296, #1470, #2935, #6061, #5514, #5574, #1502, #4970, #5090, #2118, #626, #5451, #2479, #1627, #3612, #5483, #1144, #1564, #79, #2600, #6029 ),
 .UNSPECIFIED., .F., .F.,
 ( 4, 2, 2, 2, 2, 2, 2, 2, 2, 2, 2, 2, 2, 2, 2, 2, 4 ),
 ( 0.06430727184221524118, 0.06520127134387194989, 0.06609527084552865861, 0.06698927034718538120, 0.06788326984884208992, 0.06877726935049879864, 0.06967126885215550736, 0.07056526835381221607, 0.07145926785546892479, 0.07235326735712564739, 0.07324726685878235610, 0.07414126636043906482, 0.07503526586209577354, 0.07592926536375248225, 0.07682326486540919097, 0.07771726436706589969, 0.07861126386872260841 ),
 .UNSPECIFIED. ) ;
#3353 = ORIENTED_EDGE ( 'NONE', *, *, #5783, .F. ) ;
#3354 = CARTESIAN_POINT ( 'NONE',  ( -0.8065021900971071078, 5.722973497103871487, 9.500069552579455845 ) ) ;
#3355 = CARTESIAN_POINT ( 'NONE',  ( 8.246150241993385421, -4.583429114537697302, -4.758588060356037985 ) ) ;
#3356 = CARTESIAN_POINT ( 'NONE',  ( -8.492829068896652345, 6.097606930922383484, -4.405317326000846023 ) ) ;
#3357 = EDGE_CURVE ( 'NONE', #1333, #591, #6015, .T. ) ;
#3358 = CARTESIAN_POINT ( 'NONE',  ( 0.002908408722479272502, -4.169348366369393766, -0.001054421531767191526 ) ) ;
#3359 = CARTESIAN_POINT ( 'NONE',  ( -2.283134715643130530, 3.673197273205618618, 9.266010365526172521 ) ) ;
#3360 = CARTESIAN_POINT ( 'NONE',  ( 5.613456748043699207E-14, -2.250271283922782306, -2.999999999999999112 ) ) ;
#3361 = CARTESIAN_POINT ( 'NONE',  ( 2.828427124746186738, -10.22633273976416390, 1.000000000000010658 ) ) ;
#3362 = CARTESIAN_POINT ( 'NONE',  ( -2.747463225318250046, 4.541269240256159634, 3.575963430037832680 ) ) ;
#3363 = CARTESIAN_POINT ( 'NONE',  ( 8.260981380519657691, -2.581370094413565575, -4.840771476811849716 ) ) ;
#3364 = CARTESIAN_POINT ( 'NONE',  ( 2.427586543408689845, 1.026202188812667337, 2.055707029082700643 ) ) ;
#3365 = CARTESIAN_POINT ( 'NONE',  ( 3.619143470754466296, 0.8724111979752624535, 8.935224916182995969 ) ) ;
#3366 = CARTESIAN_POINT ( 'NONE',  ( 4.429548156612016285, 10.70890347529528697, 0.7985994776125173722 ) ) ;
#3367 = ORIENTED_EDGE ( 'NONE', *, *, #816, .T. ) ;
#3368 = CARTESIAN_POINT ( 'NONE',  ( -7.267018829404027436, 0.02604180885625080599, -6.168010013140016845 ) ) ;
#3369 = CARTESIAN_POINT ( 'NONE',  ( -0.002123290694517782160, 3.980397979118707408, 0.002358593038364114377 ) ) ;
#3370 = CARTESIAN_POINT ( 'NONE',  ( 5.253791238313309186, 0.9342703392661469985, 8.043876601190019571 ) ) ;
#3371 = CARTESIAN_POINT ( 'NONE',  ( 2.938684088913869452, 0.3751641303020483709, -1.220700697098556997 ) ) ;
#3372 = CARTESIAN_POINT ( 'NONE',  ( 1.336317138170301844, -1.396917580949395887, -2.693174406804626386 ) ) ;
#3373 = CARTESIAN_POINT ( 'NONE',  ( 4.496903575137716658, 0.5937562688044176751, -8.420141628442205928 ) ) ;
#3374 = CARTESIAN_POINT ( 'NONE',  ( -2.980121366704507668, -5.792343754763552788, -0.3962365313116720800 ) ) ;
#3375 = CARTESIAN_POINT ( 'NONE',  ( -9.499921555113855831, 7.249999996923185641, 1.039178890430571850E-10 ) ) ;
#3376 = CARTESIAN_POINT ( 'NONE',  ( 0.000000000000000000, -6.250000000000000000, 0.000000000000000000 ) ) ;
#3377 = CARTESIAN_POINT ( 'NONE',  ( 5.137361578001096163, 6.049137539159644028, 3.750178057139944343 ) ) ;
#3378 = CARTESIAN_POINT ( 'NONE',  ( -5.016961415202969121, -5.426977965282860694, 8.073246154436422017 ) ) ;
#3379 = DIRECTION ( 'NONE',  ( 0.000000000000000000, 0.000000000000000000, -1.000000000000000000 ) ) ;
#3380 = CARTESIAN_POINT ( 'NONE',  ( -3.620913910151735138, 0.4527111623373193949, 2.680885518858184824 ) ) ;
#3381 = VERTEX_POINT ( 'NONE', #154 ) ;
#3382 = ORIENTED_EDGE ( 'NONE', *, *, #1601, .T. ) ;
#3383 = CARTESIAN_POINT ( 'NONE',  ( -8.053762527681394445, 7.070260545358596715, -5.103923619189838945 ) ) ;
#3384 = CARTESIAN_POINT ( 'NONE',  ( 1.166925836945703843, 4.666400743425830555, -4.355925094540449294 ) ) ;
#3385 = CARTESIAN_POINT ( 'NONE',  ( 7.009087836535893068, -4.989582945613157072, 6.568461104777097326 ) ) ;
#3386 = CARTESIAN_POINT ( 'NONE',  ( 0.0001660534533760005510, -1.704961174068211793, 0.008279529175435446434 ) ) ;
#3387 = DIRECTION ( 'NONE',  ( -0.000000000000000000, -1.000000000000000000, -0.000000000000000000 ) ) ;
#3388 = CARTESIAN_POINT ( 'NONE',  ( 2.468395609066608820, -2.333509203649479335, -9.195076153218785464 ) ) ;
#3389 = EDGE_CURVE ( 'NONE', #712, #6195, #4760, .T. ) ;
#3390 = CARTESIAN_POINT ( 'NONE',  ( 1.667666843950492916, -1.306007726255573376, -9.396266144867588821 ) ) ;
#3391 = CARTESIAN_POINT ( 'NONE',  ( -2.973809137850631057, 3.979007399967628089, -3.390047603037257051 ) ) ;
#3392 = CARTESIAN_POINT ( 'NONE',  ( 2.575615189964534757, -2.336587143618135354, -9.222404730965857667 ) ) ;
#3393 = CARTESIAN_POINT ( 'NONE',  ( -2.581905348021733548, 0.05173312222593601933, -1.850729096848420685 ) ) ;
#3394 = CARTESIAN_POINT ( 'NONE',  ( 4.541951708469698978, -0.4062520345787745679, -8.504215254731885665 ) ) ;
#3395 = CARTESIAN_POINT ( 'NONE',  ( 4.387482193696056854, 10.09318546555144991, 1.000000000000015543 ) ) ;
#3396 = CARTESIAN_POINT ( 'NONE',  ( -5.034244171020109349, 0.5729240362795529062, 8.092931190984691270 ) ) ;
#3397 = CARTESIAN_POINT ( 'NONE',  ( -0.0007917831701858010036, 5.348846348434154407, -0.002682739033826566505 ) ) ;
#3398 = CARTESIAN_POINT ( 'NONE',  ( 9.142315051530133019, 3.348297200205491375, -2.918692493816266165 ) ) ;
#3399 = CARTESIAN_POINT ( 'NONE',  ( 3.026699295727767414, 2.150003809027213109, 0.9798729073128362721 ) ) ;
#3400 = CARTESIAN_POINT ( 'NONE',  ( 2.604220752047635035, -1.916787804854427790, 1.502117134580729152 ) ) ;
#3401 = CARTESIAN_POINT ( 'NONE',  ( 9.500065784673038749, 0.2239610528810848655, 0.7770325434720080082 ) ) ;
#3402 = CARTESIAN_POINT ( 'NONE',  ( -2.999709926038986119, -5.771655850821022504, -0.2018060082265713817 ) ) ;
#3403 = CARTESIAN_POINT ( 'NONE',  ( -0.9657259546630309055, -5.146738112861076964, -2.847166003099092180 ) ) ;
#3404 = FACE_OUTER_BOUND ( 'NONE', #3476, .T. ) ;
#3405 = CARTESIAN_POINT ( 'NONE',  ( -0.02363767030124295024, -6.165101828391865268, 0.009772543784828667188 ) ) ;
#3406 = CARTESIAN_POINT ( 'NONE',  ( 5.622079285017570704, 4.404767092791160188, -2.976475167797714594 ) ) ;
#3407 = CARTESIAN_POINT ( 'NONE',  ( 2.619945656645447318, -4.583190645339080049, -1.513756378954135728 ) ) ;
#3408 = CARTESIAN_POINT ( 'NONE',  ( 9.517226173085308716, 4.268239582445233715, -0.5477143315672473589 ) ) ;
#3409 = CARTESIAN_POINT ( 'NONE',  ( 0.7489719101348100150, 2.787528259008502651, 6.378098254113008458 ) ) ;
#3410 = CARTESIAN_POINT ( 'NONE',  ( -1.501484961480259894, -0.08380677663381051745, -2.604699176913666481 ) ) ;
#3411 = ADVANCED_FACE ( 'NONE', ( #2132 ), #1514, .T. ) ;
#3412 = PLANE ( 'NONE',  #2172 ) ;
#3413 = CARTESIAN_POINT ( 'NONE',  ( 5.992837779145686383, -3.641818947290314412, -2.117778626024019673 ) ) ;
#3414 = CARTESIAN_POINT ( 'NONE',  ( 6.498407794038257634, -4.489618891154377955, -6.936609087973748977 ) ) ;
#3415 = CARTESIAN_POINT ( 'NONE',  ( 9.563333004194820575, -4.722964074744996132, -0.8119482731564047207 ) ) ;
#3416 = CARTESIAN_POINT ( 'NONE',  ( 0.004461900786638440565, -2.526046487208578828, 0.005424811527188536618 ) ) ;
#3417 = DIRECTION ( 'NONE',  ( -0.000000000000000000, -1.000000000000000000, -0.000000000000000000 ) ) ;
#3418 = CARTESIAN_POINT ( 'NONE',  ( -2.387349953062337438, -1.542307848242346902, 1.827224606419426634 ) ) ;
#3419 = VECTOR ( 'NONE', #357, 1000.000000000000000 ) ;
#3420 = ORIENTED_EDGE ( 'NONE', *, *, #4572, .F. ) ;
#3421 = CARTESIAN_POINT ( 'NONE',  ( -7.717916700755694137, -2.950185708167083920, -5.610971230438530633 ) ) ;
#3422 = CARTESIAN_POINT ( 'NONE',  ( -4.044100595722702529, 4.103942184280514383, -1.995292228742313378 ) ) ;
#3423 = CARTESIAN_POINT ( 'NONE',  ( -5.050814945605041295, -1.427066281228418054, 8.120062932957569757 ) ) ;
#3424 = CARTESIAN_POINT ( 'NONE',  ( 7.938854240697167164, 1.057936740189883595, 5.467344390109032837 ) ) ;
#3425 = CARTESIAN_POINT ( 'NONE',  ( 4.473352592349404411, 10.96684632856893060, 0.5037826005732486401 ) ) ;
#3426 = B_SPLINE_CURVE_WITH_KNOTS ( 'NONE', 3,
 ( #1446, #4465, #2945, #4492, #2033, #31, #4524, #482, #4034, #3042 ),
 .UNSPECIFIED., .F., .F.,
 ( 4, 2, 2, 2, 4 ),
 ( 0.003128621738758172090, 0.003519793889660043779, 0.003910966040561915900, 0.004302138191463788022, 0.004693310342365659277 ),
 .UNSPECIFIED. ) ;
#3427 = TOROIDAL_SURFACE ( 'NONE', #3528, 8.500000000000000000, 1.000000000000000000 ) ;
#3428 = VERTEX_POINT ( 'NONE', #4620 ) ;
#3429 = CARTESIAN_POINT ( 'NONE',  ( 6.759891424991752551, 1.499029039970001476, -6.721288953719641412 ) ) ;
#3430 = AXIS2_PLACEMENT_3D ( 'NONE', #104, #2079, #5671 ) ;
#3431 = CARTESIAN_POINT ( 'NONE',  ( -3.152241575779036076, 4.289904588704817279, 0.3989956219044014096 ) ) ;
#3432 = CARTESIAN_POINT ( 'NONE',  ( -0.001714808982419408802, 3.435407513266970359, -0.001515037821196585019 ) ) ;
#3433 = CARTESIAN_POINT ( 'NONE',  ( 9.327021621107876470, 3.161436197232144085, 2.648751102105698418 ) ) ;
#3434 = CARTESIAN_POINT ( 'NONE',  ( 1.856241764647530879, 2.551179241615803228, -2.578006845562737404 ) ) ;
#3435 = CARTESIAN_POINT ( 'NONE',  ( 4.500042900679941837, 3.270610659207501492, -0.2947956059422246478 ) ) ;
#3436 = EDGE_CURVE ( 'NONE', #2763, #5559, #4509, .T. ) ;
#3437 = CARTESIAN_POINT ( 'NONE',  ( -0.1332142780019291983, -9.093185465551446356, -3.000000000000000444 ) ) ;
#3438 = CARTESIAN_POINT ( 'NONE',  ( -1.321506547031669587, -1.205714643511401230, -9.430046920609477468 ) ) ;
#3439 = CARTESIAN_POINT ( 'NONE',  ( -2.602469071856784666, -4.583386632591718524, 1.505099631165424112 ) ) ;
#3440 = CARTESIAN_POINT ( 'NONE',  ( 1.110042086403050687, -2.305962706990175803, -6.264221843051501537 ) ) ;
#3441 = CARTESIAN_POINT ( 'NONE',  ( -0.007443786604686038200, -5.080601920152179041, 0.003392392492349815148 ) ) ;
#3442 = CARTESIAN_POINT ( 'NONE',  ( -6.211667234835039686, 5.317695784069643494, 1.344022590479210022 ) ) ;
#3443 = CARTESIAN_POINT ( 'NONE',  ( -3.924868985348606287, -3.385496487027634949, 8.656970695328949361 ) ) ;
#3444 = DIRECTION ( 'NONE',  ( -0.000000000000000000, -1.000000000000000000, -0.000000000000000000 ) ) ;
#3445 = CARTESIAN_POINT ( 'NONE',  ( -0.8793379332648637581, 0.6872679795770554323, 4.418731280570789899 ) ) ;
#3446 = CARTESIAN_POINT ( 'NONE',  ( -0.008670977629060485845, -0.03041967904328246944, 0.008669277837685975679 ) ) ;
#3447 = EDGE_LOOP ( 'NONE', ( #4387, #1531 ) ) ;
#3448 = CARTESIAN_POINT ( 'NONE',  ( 5.670472935473065412, -3.899622261825748115, 2.882498783862920799 ) ) ;
#3449 = CARTESIAN_POINT ( 'NONE',  ( 3.673940397442060361E-16, 0.000000000000000000, 3.000000000000000444 ) ) ;
#3450 = CARTESIAN_POINT ( 'NONE',  ( 9.239339303472146270, 5.348938794747539305, -2.946045726266192766 ) ) ;
#3451 = CARTESIAN_POINT ( 'NONE',  ( -0.009607387653477390474, -2.349701774571538060, -0.004139722012207534656 ) ) ;
#3452 = DIRECTION ( 'NONE',  ( 0.000000000000000000, 0.000000000000000000, 1.000000000000000000 ) ) ;
#3453 = CARTESIAN_POINT ( 'NONE',  ( 5.613456748043699207E-14, -2.250271283922782306, -2.999999999999999112 ) ) ;
#3454 = CARTESIAN_POINT ( 'NONE',  ( -0.6254197462248208828, -0.2708465429410835124, 9.510942857414347529 ) ) ;
#3455 = CARTESIAN_POINT ( 'NONE',  ( 9.466731344688991356, 9.478804880987368620, -0.7997063081948539986 ) ) ;
#3456 = CARTESIAN_POINT ( 'NONE',  ( 3.568215894566376445, -4.371734949559761496, -8.875608422206738624 ) ) ;
#3457 = CARTESIAN_POINT ( 'NONE',  ( 1.878173639979461296, -0.3125126114334724203, -9.455623207882760894 ) ) ;
#3458 = CARTESIAN_POINT ( 'NONE',  ( -0.6191448837622448576, -2.229253001209766438, -9.484915386096856693 ) ) ;
#3459 = CARTESIAN_POINT ( 'NONE',  ( 0.000000000000000000, 0.000000000000000000, -3.000000000000000444 ) ) ;
#3460 = CARTESIAN_POINT ( 'NONE',  ( 3.583262440266280269, 0.8724022194322131885, 8.846779100186124012 ) ) ;
#3461 = CARTESIAN_POINT ( 'NONE',  ( -3.077721066398906302, 6.165150997817531398, -0.8439508551068258813 ) ) ;
#3462 = CARTESIAN_POINT ( 'NONE',  ( -3.176330676626906745E-06, 6.210245750678679677, 0.03180319044035113257 ) ) ;
#3463 = CARTESIAN_POINT ( 'NONE',  ( -1.623319207490517613, 4.695963641535440658, 9.458628126329077901 ) ) ;
#3464 = CARTESIAN_POINT ( 'NONE',  ( -3.207505625038955088, 1.259498064426965547, 0.1028138672087529348 ) ) ;
#3465 = CARTESIAN_POINT ( 'NONE',  ( 0.000000000000000000, -10.09318546555144991, -9.672884214303364203 ) ) ;
#3466 = CARTESIAN_POINT ( 'NONE',  ( -4.842137616450239577E-08, -4.249998752156110449, 9.499778651390952788 ) ) ;
#3467 = EDGE_CURVE ( 'NONE', #5088, #4942, #5048, .T. ) ;
#3468 = CARTESIAN_POINT ( 'NONE',  ( -2.743990779459394957, 1.541493138471839552, 3.578578199017010242 ) ) ;
#3469 = CARTESIAN_POINT ( 'NONE',  ( 0.1361437691610013212, -3.254562016341760344, -9.499931095492257782 ) ) ;
#3470 = CARTESIAN_POINT ( 'NONE',  ( -2.117731267448947463, 5.641570532897496548, 5.992694488819944709 ) ) ;
#3471 = CARTESIAN_POINT ( 'NONE',  ( -5.785533072067168270, -3.458293398445429379, 7.541505596643562903 ) ) ;
#3472 = CARTESIAN_POINT ( 'NONE',  ( 4.387482193696056854, 10.09318546555144991, 1.000000000000015543 ) ) ;
#3473 = CARTESIAN_POINT ( 'NONE',  ( -1.524513052092040022, 2.672821532489471963, 6.176523432859917229 ) ) ;
#3474 = CARTESIAN_POINT ( 'NONE',  ( 9.424191880634316121, -0.7084362788790207199, -1.237433531624236416 ) ) ;
#3475 = ORIENTED_EDGE ( 'NONE', *, *, #5844, .T. ) ;
#3476 = EDGE_LOOP ( 'NONE', ( #4750, #3894, #4784, #5122 ) ) ;
#3477 = CARTESIAN_POINT ( 'NONE',  ( 0.8062193077397421526, -3.290547022836090907, -6.304267658917379613 ) ) ;
#3478 = CARTESIAN_POINT ( 'NONE',  ( 1.989924377560304825, 5.604373284699519786, -4.046720111962717858 ) ) ;
#3479 = CARTESIAN_POINT ( 'NONE',  ( -6.112209330847421462, -2.030607317715212634, -7.412386779942692350 ) ) ;
#3480 = CARTESIAN_POINT ( 'NONE',  ( -0.007009676102116274045, -3.040466407622965495, 0.006548420158763718427 ) ) ;
#3481 = DIRECTION ( 'NONE',  ( 0.000000000000000000, 0.000000000000000000, -1.000000000000000000 ) ) ;
#3482 = CARTESIAN_POINT ( 'NONE',  ( 2.387082416450144517, -2.958265708470461774, 1.827765883949982406 ) ) ;
#3483 = CARTESIAN_POINT ( 'NONE',  ( 6.570473279160897739, -0.01040245754379902528, 7.034596173362628768 ) ) ;
#3484 = CARTESIAN_POINT ( 'NONE',  ( 4.356105587427807180, 6.166445074348803068, 1.166820256031075864 ) ) ;
#3485 = CARTESIAN_POINT ( 'NONE',  ( -7.773739760312591507, 0.05206783385787541046, -5.569118374101709179 ) ) ;
#3486 = CARTESIAN_POINT ( 'NONE',  ( 0.3728372872306138230, 2.787295981888773699, 3.188908907963819761 ) ) ;
#3487 = CARTESIAN_POINT ( 'NONE',  ( 6.827458537705612507, 1.499037111639546449, -6.788532244756968481 ) ) ;
#3488 = LINE ( 'NONE', #3518, #3419 ) ;
#3489 = CARTESIAN_POINT ( 'NONE',  ( 3.794707603699265026E-16, -1.250270640369035124, -2.999999999999999112 ) ) ;
#3490 = EDGE_CURVE ( 'NONE', #3058, #591, #1811, .T. ) ;
#3491 = CARTESIAN_POINT ( 'NONE',  ( 9.499999884890833357, -0.7760389504769206193, 0.7770312893460618042 ) ) ;
#3492 = CARTESIAN_POINT ( 'NONE',  ( -1.062335860196427229, 4.641206551905981748, 2.995243077165856693 ) ) ;
#3493 = CARTESIAN_POINT ( 'NONE',  ( 2.836895912922573704, -4.899509566044812026, 1.438042320064187196 ) ) ;
#3494 = CARTESIAN_POINT ( 'NONE',  ( -6.365596595752663234, 3.980461167620949592, -7.195075115545256139 ) ) ;
#3495 = CARTESIAN_POINT ( 'NONE',  ( 3.176888901676163002, 4.241717779569142088, 0.08072616678276726965 ) ) ;
#3496 = CARTESIAN_POINT ( 'NONE',  ( 2.253838256157213671, 2.916297947850306826, 3.906168019064334640 ) ) ;
#3497 = CARTESIAN_POINT ( 'NONE',  ( -5.036012943588187518, 4.040596416519520950, -3.886586914058871578 ) ) ;
#3498 = DIRECTION ( 'NONE',  ( -0.000000000000000000, -1.000000000000000000, -0.000000000000000000 ) ) ;
#3499 = CARTESIAN_POINT ( 'NONE',  ( -1.162307609816109810, 1.666739326817248568, 4.357229889957832114 ) ) ;
#3500 = CARTESIAN_POINT ( 'NONE',  ( 0.005368463042625007224, -4.372675794865608090, 0.001985722894959759607 ) ) ;
#3501 = CARTESIAN_POINT ( 'NONE',  ( 4.152712782102762290, 6.523072203372338507, -4.812250587303472216 ) ) ;
#3502 = CARTESIAN_POINT ( 'NONE',  ( 1.330730372672405792, -5.104247502244678714, 2.695946246390305667 ) ) ;
#3503 = CARTESIAN_POINT ( 'NONE',  ( 2.875094567645110732, 3.846359341331751835, 9.168408747999723829 ) ) ;
#3504 = CARTESIAN_POINT ( 'NONE',  ( -4.643220153494146629, 2.489716320988934140, 4.350008899252181038 ) ) ;
#3505 = DIRECTION ( 'NONE',  ( -0.000000000000000000, -1.000000000000000000, -0.000000000000000000 ) ) ;
#3506 = CARTESIAN_POINT ( 'NONE',  ( 4.473345683527175431, 9.219566953863312264, 0.5037336589807321907 ) ) ;
#3507 = CARTESIAN_POINT ( 'NONE',  ( -6.103430253675036887, -4.659960646480555191, 1.774834526166140902 ) ) ;
#3508 = CARTESIAN_POINT ( 'NONE',  ( 0.2962896762262261507, 4.770644003208063033, 4.500000000000000888 ) ) ;
#3509 = CARTESIAN_POINT ( 'NONE',  ( -2.918692652849176117, -3.348292232031357951, 9.142315000385927704 ) ) ;
#3510 = CARTESIAN_POINT ( 'NONE',  ( 0.005685540785886618147, -1.490716857925596051, 0.005124415145994630667 ) ) ;
#3511 = CARTESIAN_POINT ( 'NONE',  ( 0.6252329777243598175, 2.770953003469707188, 9.499999999999953815 ) ) ;
#3512 = CARTESIAN_POINT ( 'NONE',  ( 1.833885740390122976, -3.041425934278738197, 2.382423305536236935 ) ) ;
#3513 = CARTESIAN_POINT ( 'NONE',  ( -8.725548558633226648, -2.617190271179397953, 3.864676412514661763 ) ) ;
#3514 = CARTESIAN_POINT ( 'NONE',  ( -1.000000000002353895, -10.09318546554881912, -2.828427124745545029 ) ) ;
#3515 = CARTESIAN_POINT ( 'NONE',  ( -1.884255695261519259, 0.6868567783196308785, 9.388523906435629840 ) ) ;
#3516 = VECTOR ( 'NONE', #456, 1000.000000000000000 ) ;
#3517 = CARTESIAN_POINT ( 'NONE',  ( 1.264999829907370810, 3.708003341282824383, -9.554512622527839838 ) ) ;
#3518 = CARTESIAN_POINT ( 'NONE',  ( 3.673940397442060361E-16, 0.000000000000000000, 3.000000000000000444 ) ) ;
#3519 = CARTESIAN_POINT ( 'NONE',  ( 1.000000000000000222, -10.09318546555144991, -9.447221813845592564 ) ) ;
#3520 = B_SPLINE_CURVE_WITH_KNOTS ( 'NONE', 3,
 ( #2290, #799, #1279, #6167, #4260, #3777, #3231, #767, #5750, #5645, #6231, #1767, #1211, #1246, #2770, #2224, #1732, #308, #4676, #2703, #5158, #2802, #4190, #3714, #730, #3294, #5683, #4740, #5195, #2738, #4710, #3263, #5228, #3746 ),
 .UNSPECIFIED., .F., .F.,
 ( 4, 2, 2, 2, 2, 2, 2, 2, 2, 2, 2, 2, 2, 2, 2, 2, 4 ),
 ( 0.05001542834278516897, 0.05090866856149954545, 0.05180190878021392886, 0.05269514899892830534, 0.05358838921764268876, 0.05448162943635706523, 0.05537486965507144865, 0.05626810987378582513, 0.05716135009250020160, 0.05805459031121458502, 0.05894783052992896150, 0.05984107074864334491, 0.06073431096735772139, 0.06162755118607210481, 0.06252079140478647434, 0.06341403162350085776, 0.06430727184221524118 ),
 .UNSPECIFIED. ) ;
#3521 = CARTESIAN_POINT ( 'NONE',  ( -3.905043391810229192, 5.083173035675742746, -2.255377242190371501 ) ) ;
#3522 = CARTESIAN_POINT ( 'NONE',  ( -8.535053721768498747, 2.397780663134969181, 4.270876712010605480 ) ) ;
#3523 = CARTESIAN_POINT ( 'NONE',  ( -2.684922846273940067, 6.070358232036277890, -1.700800009064813878 ) ) ;
#3524 = CARTESIAN_POINT ( 'NONE',  ( 3.123421438247034221, -4.810287031937978242, 0.5971218979067383081 ) ) ;
#3525 = CARTESIAN_POINT ( 'NONE',  ( -6.530745504158660175, 5.988266236914432383, -7.033950649064311555 ) ) ;
#3526 = CARTESIAN_POINT ( 'NONE',  ( -1.305115096598740365, 5.615108586409673919, 2.897844355646649550 ) ) ;
#3527 = CARTESIAN_POINT ( 'NONE',  ( 0.6149994173559920618, 10.89233286845210991, -4.458747098473748061 ) ) ;
#3528 = AXIS2_PLACEMENT_3D ( 'NONE', #2548, #6009, #179 ) ;
#3529 = CARTESIAN_POINT ( 'NONE',  ( 2.741975582566246850, 2.541674290102425626, -3.580154064920026968 ) ) ;
#3530 = CC_DESIGN_APPROVAL ( #918, ( #4156 ) ) ;
#3531 = CARTESIAN_POINT ( 'NONE',  ( 5.622795084622402406, -5.049491629965848993, 7.708564531932974084 ) ) ;
#3532 = CARTESIAN_POINT ( 'NONE',  ( 1.714615745456618434, -2.337055837805583458, -6.126580721066932078 ) ) ;
#3533 = CARTESIAN_POINT ( 'NONE',  ( 2.122688954795351801, -3.480564966849007291, -2.410614644336515067 ) ) ;
#3534 = CARTESIAN_POINT ( 'NONE',  ( -4.761330355743273124, -4.083312714180128644, -8.244019895754838956 ) ) ;
#3535 = CARTESIAN_POINT ( 'NONE',  ( -1.329747685520521694, -1.104353560493603448, -2.696340525802872978 ) ) ;
#3536 = CARTESIAN_POINT ( 'NONE',  ( 9.014936320160481742, -0.6458629900935933810, -3.060213759843693815 ) ) ;
#3537 = CC_DESIGN_APPROVAL ( #4749, ( #4254 ) ) ;
#3538 = CARTESIAN_POINT ( 'NONE',  ( 4.500011529134803290, 9.093133584440945327, -0.1305145798561596071 ) ) ;
#3539 = CARTESIAN_POINT ( 'NONE',  ( -4.050747840638358355, -1.030333539475665416, -4.906058133945299993 ) ) ;
#3540 = CARTESIAN_POINT ( 'NONE',  ( 4.044262233655645744, 5.103948884191183311, 1.995263587806006766 ) ) ;
#3541 = CARTESIAN_POINT ( 'NONE',  ( -8.604543419038288121, -1.895849078529778797, -4.245633208321559771 ) ) ;
#3542 = CARTESIAN_POINT ( 'NONE',  ( -0.0005945375771107620820, 2.947000779647024782, 0.001004176381386877228 ) ) ;
#3543 = CARTESIAN_POINT ( 'NONE',  ( 1.241667983523473184, 3.708293476974495295, -9.423685057285913658 ) ) ;
#3544 = VERTEX_POINT ( 'NONE', #1777 ) ;
#3545 = EDGE_CURVE ( 'NONE', #723, #2796, #1188, .T. ) ;
#3546 = ORIENTED_EDGE ( 'NONE', *, *, #4493, .F. ) ;
#3547 = CARTESIAN_POINT ( 'NONE',  ( -2.782876259579325051, 1.655923966590004737, 9.129843468026258790 ) ) ;
#3548 = CARTESIAN_POINT ( 'NONE',  ( -0.7987381488775646687, -10.70877493272781678, -2.893266733871372676 ) ) ;
#3549 = CARTESIAN_POINT ( 'NONE',  ( 3.595222783762342278, 0.8724052122798963138, 8.876261038851747998 ) ) ;
#3550 = CARTESIAN_POINT ( 'NONE',  ( -9.638208522748081819, 2.244804450850840016, -0.1546921688977405673 ) ) ;
#3551 = CARTESIAN_POINT ( 'NONE',  ( 6.497731729488301688, 5.510414040177491479, -6.937237192203225433 ) ) ;
#3552 = CARTESIAN_POINT ( 'NONE',  ( 2.383865905546802999, -3.541668606668278763, -1.831777152211238047 ) ) ;
#3553 = CARTESIAN_POINT ( 'NONE',  ( -3.574029903502894623, 3.040937763194878851, -2.750367473957548548 ) ) ;
#3554 = CARTESIAN_POINT ( 'NONE',  ( -2.743212783236457675, 5.541648851594131564, 3.579259775970299984 ) ) ;
#3555 = CARTESIAN_POINT ( 'NONE',  ( -3.212553334344547817, 3.859382159781768795, -8.985631157842000505 ) ) ;
#3556 = CARTESIAN_POINT ( 'NONE',  ( 1.947691372029701107, 4.959639902474903828, 2.514076359199798549 ) ) ;
#3557 = CARTESIAN_POINT ( 'NONE',  ( -1.689111554900248890, -4.071917898093339261, -2.694562224257812666 ) ) ;
#3558 = CARTESIAN_POINT ( 'NONE',  ( -9.444818707616889242, -5.687482086966878292, 1.877050132880629718 ) ) ;
#3559 = CARTESIAN_POINT ( 'NONE',  ( 1.438000743068291953, 5.899012743711277373, 2.836789326492329621 ) ) ;
#3560 = CARTESIAN_POINT ( 'NONE',  ( 0.000000000000000000, 0.000000000000000000, 0.000000000000000000 ) ) ;
#3561 = CARTESIAN_POINT ( 'NONE',  ( -0.1322739324478757195, 11.09318546555144991, -9.499999999999998224 ) ) ;
#3562 = CARTESIAN_POINT ( 'NONE',  ( -6.333334404935275330, 6.208877543415460387, -0.8159583966320144155 ) ) ;
#3563 = CARTESIAN_POINT ( 'NONE',  ( -5.551973301335080713, -1.583388130154110174, 3.216833405003149515 ) ) ;
#3564 = CARTESIAN_POINT ( 'NONE',  ( -0.3889536664720953385, 6.769174886677538971, -6.344496077865527717 ) ) ;
#3565 = CARTESIAN_POINT ( 'NONE',  ( -9.424118759265638801, -3.708409542089315281, 1.238228594332495991 ) ) ;
#3566 = CYLINDRICAL_SURFACE ( 'NONE', #3629, 9.500000000000000000 ) ;
#3567 = CARTESIAN_POINT ( 'NONE',  ( 5.784912609695935792, -0.4582664827080816239, -7.542021105833566885 ) ) ;
#3568 = CARTESIAN_POINT ( 'NONE',  ( -6.487538704128953171, 6.988266201402784539, -6.987328073185014254 ) ) ;
#3569 = CARTESIAN_POINT ( 'NONE',  ( 0.000000000000000000, -5.250000000000000000, -9.500000000000000000 ) ) ;
#3570 = CARTESIAN_POINT ( 'NONE',  ( -0.3627425908405885746, -2.268125534813603128, 6.345098025819448040 ) ) ;
#3571 = CARTESIAN_POINT ( 'NONE',  ( -3.183955991137271013, 1.325871260248996999E-16, -3.180003812340651326 ) ) ;
#3572 = CARTESIAN_POINT ( 'NONE',  ( -0.005297653386533353326, 1.519775701793365519, -0.004733384232674455426 ) ) ;
#3573 = CARTESIAN_POINT ( 'NONE',  ( 0.9118123798137767189, 2.840904422168029075, 3.078778293255993059 ) ) ;
#3574 = LINE ( 'NONE', #4478, #5893 ) ;
#3575 = ORIENTED_EDGE ( 'NONE', *, *, #2115, .T. ) ;
#3576 = ORIENTED_EDGE ( 'NONE', *, *, #2634, .T. ) ;
#3577 = CARTESIAN_POINT ( 'NONE',  ( -1.192092328612762264, 2.789038886883732804, -9.554324131692114364 ) ) ;
#3578 = CARTESIAN_POINT ( 'NONE',  ( 2.745301226010554263, 5.958201516023624578, 3.577626663694624565 ) ) ;
#3579 = CARTESIAN_POINT ( 'NONE',  ( -1.196065347236193510, 1.789039790006136998, -9.586203326012517678 ) ) ;
#3580 = CARTESIAN_POINT ( 'NONE',  ( -9.550759765803741530, 4.290704460160043254, 1.225672100864277025 ) ) ;
#3581 = CARTESIAN_POINT ( 'NONE',  ( 0.6194188610857109811, 4.770756830163419338, 9.484910219140598286 ) ) ;
#3582 = CARTESIAN_POINT ( 'NONE',  ( -0.2622984049244090343, -11.06693184508388050, -9.497142643988599531 ) ) ;
#3583 = ADVANCED_FACE ( 'NONE', ( #3303 ), #3168, .F. ) ;
#3584 = CARTESIAN_POINT ( 'NONE',  ( 0.001333165521790240660, 0.5726781895663194399, 0.0003168612861758367044 ) ) ;
#3585 = CARTESIAN_POINT ( 'NONE',  ( -1.991831866624152125, 3.604149412724593660, 4.045864060509890336 ) ) ;
#3586 = CARTESIAN_POINT ( 'NONE',  ( -2.742389270318930095, 6.957792042648438979, -3.579824484640581339 ) ) ;
#3587 = CARTESIAN_POINT ( 'NONE',  ( 3.864683887005687435, 3.617190271260995349, -8.725551853385198342 ) ) ;
#3588 = CARTESIAN_POINT ( 'NONE',  ( -6.354795973343682292, -5.742489586699135451, 0.1552922126483781973 ) ) ;
#3589 = CARTESIAN_POINT ( 'NONE',  ( 3.086918514130459812, -2.672942603002729456, -0.7658749130309620012 ) ) ;
#3590 = CARTESIAN_POINT ( 'NONE',  ( -8.258493523221163812, -5.578114760186537957, 4.952393959927422706 ) ) ;
#3591 = CARTESIAN_POINT ( 'NONE',  ( 2.433154295810773693, 4.027329177149744588, 2.043587340040932787 ) ) ;
#3592 = COORDINATED_UNIVERSAL_TIME_OFFSET ( 5, 30, .AHEAD. ) ;
#3593 = CARTESIAN_POINT ( 'NONE',  ( 4.270222149989991500, 2.145637114258762690, 1.449766755077256386 ) ) ;
#3594 = ORIENTED_EDGE ( 'NONE', *, *, #977, .F. ) ;
#3595 = CARTESIAN_POINT ( 'NONE',  ( 3.892224077862090237, 4.959627973756328245, 5.030856556747235864 ) ) ;
#3596 = CARTESIAN_POINT ( 'NONE',  ( 4.918983632559002395, -0.5311806371803121651, -4.036825029575169310 ) ) ;
#3597 = CARTESIAN_POINT ( 'NONE',  ( 2.785491974521883130, 6.605513451373634659, -5.713843999380612715 ) ) ;
#3598 = CARTESIAN_POINT ( 'NONE',  ( 0.3943434697823660073, -2.208393740818773487, 2.980522389366521807 ) ) ;
#3599 = CARTESIAN_POINT ( 'NONE',  ( -2.602681380284235679, -0.9171058148665992560, -1.504715246770867543 ) ) ;
#3600 = CARTESIAN_POINT ( 'NONE',  ( -3.655805206317777056, 0.8750033522661380125, -8.817915124516174430 ) ) ;
#3601 = CYLINDRICAL_SURFACE ( 'NONE', #5479, 3.000000000000000444 ) ;
#3602 = CARTESIAN_POINT ( 'NONE',  ( -0.6241677482663867682, 1.770910888888980184, -9.484632489727212956 ) ) ;
#3603 = CARTESIAN_POINT ( 'NONE',  ( -2.899114766595866755, -0.4008282535778777689, 5.654369635773601743 ) ) ;
#3604 = CARTESIAN_POINT ( 'NONE',  ( -6.935006180058524095, 0.01030515322447606019, -6.500111108287003781 ) ) ;
#3605 = CARTESIAN_POINT ( 'NONE',  ( -0.002471275843121334241, 2.630746642382308487, -0.0009993327631419709686 ) ) ;
#3606 = CARTESIAN_POINT ( 'NONE',  ( 4.210430728592322147, 2.895854918494627839, 8.538630222072525200 ) ) ;
#3607 = ADVANCED_FACE ( 'NONE', ( #706, #2678 ), #316, .F. ) ;
#3608 = ORIENTED_EDGE ( 'NONE', *, *, #778, .F. ) ;
#3609 = CARTESIAN_POINT ( 'NONE',  ( -5.674662353551081395, 4.398422227632286408, 2.862739532249253482 ) ) ;
#3610 = VERTEX_POINT ( 'NONE', #1221 ) ;
#3611 = CARTESIAN_POINT ( 'NONE',  ( 3.487030246804786238, 2.630857427697301354, -8.872054737384885925 ) ) ;
#3612 = CARTESIAN_POINT ( 'NONE',  ( 2.251599962948688027, 0.9161182022791306556, 3.907391726933824305 ) ) ;
#3613 = CARTESIAN_POINT ( 'NONE',  ( -5.318551902433145351, -0.06247680603196468369, -7.964074260833546859 ) ) ;
#3614 = CARTESIAN_POINT ( 'NONE',  ( 9.385643023737198831, 3.321618082740267930, -2.146091866182048058 ) ) ;
#3615 = CARTESIAN_POINT ( 'NONE',  ( -9.499697335066947801, -1.729001602899818968, 0.6267379775285336629 ) ) ;
#3616 = CARTESIAN_POINT ( 'NONE',  ( 0.1305448282319916775, -11.09318546555125629, -9.499999999999980460 ) ) ;
#3617 = CARTESIAN_POINT ( 'NONE',  ( -2.741837627789357246, 2.957914432617583689, -3.580405585712396643 ) ) ;
#3618 = CARTESIAN_POINT ( 'NONE',  ( -2.745578444102165339, 4.958213972253477486, -3.577385280737740647 ) ) ;
#3619 = CARTESIAN_POINT ( 'NONE',  ( -4.007409343112604105, 2.611975348082361315, 8.662005794067409781 ) ) ;
#3620 = CARTESIAN_POINT ( 'NONE',  ( -1.936170476220932191, -3.348768300994151570, 6.053161945870982663 ) ) ;
#3621 = CARTESIAN_POINT ( 'NONE',  ( -3.179769443576096144, -1.792031159841709576, -0.4244241875287115828 ) ) ;
#3622 = CARTESIAN_POINT ( 'NONE',  ( 7.623140006622993958, -4.959608234910847457, 5.895092963152312571 ) ) ;
#3623 = CARTESIAN_POINT ( 'NONE',  ( -2.514612262265198073, 5.040158791692451068, -1.946679664855722303 ) ) ;
#3624 = PERSON_AND_ORGANIZATION_ROLE ( 'creator' ) ;
#3625 = CARTESIAN_POINT ( 'NONE',  ( -1.055064239099956502E-13, -0.2502707360709254814, -3.000000000000000888 ) ) ;
#3626 = ORIENTED_EDGE ( 'NONE', *, *, #3901, .F. ) ;
#3627 = CARTESIAN_POINT ( 'NONE',  ( 6.356473828558526051, -4.479832828806990186, -7.240733857464456413 ) ) ;
#3628 = EDGE_CURVE ( 'NONE', #394, #3709, #3674, .T. ) ;
#3629 = AXIS2_PLACEMENT_3D ( 'NONE', #5533, #4043, #6049 ) ;
#3630 = CARTESIAN_POINT ( 'NONE',  ( 4.861311770471909099, 1.026607157196182563, 4.105439560918704878 ) ) ;
#3631 = CARTESIAN_POINT ( 'NONE',  ( 3.131709611647057301, -3.696247477054575459, -0.5370943386367327266 ) ) ;
#3632 = CARTESIAN_POINT ( 'NONE',  ( -1.501423537515082840, -4.083812052551955674, -2.604697763649828524 ) ) ;
#3633 = CARTESIAN_POINT ( 'NONE',  ( -4.499999999980808241, 7.249607778645121847, 1.314188828218642175E-05 ) ) ;
#3634 = CARTESIAN_POINT ( 'NONE',  ( 0.000000000000000000, 0.000000000000000000, 0.000000000000000000 ) ) ;
#3635 = CYLINDRICAL_SURFACE ( 'NONE', #1341, 1.000000000000000222 ) ;
#3636 = CARTESIAN_POINT ( 'NONE',  ( -9.194943174417558041, 2.333535409366819469, 2.469165279121614542 ) ) ;
#3637 = CARTESIAN_POINT ( 'NONE',  ( -1.909410921171142084, -1.152898239085631271, -6.068923663219495168 ) ) ;
#3638 = CARTESIAN_POINT ( 'NONE',  ( -6.936968413743649364, 0.4896017009004531295, 6.498129097988026182 ) ) ;
#3639 = CARTESIAN_POINT ( 'NONE',  ( -1.299370741028215958E-05, 2.242724077975701391, 0.003977868228508416037 ) ) ;
#3640 = DIRECTION ( 'NONE',  ( -0.000000000000000000, -0.000000000000000000, 1.000000000000000000 ) ) ;
#3641 = ORIENTED_EDGE ( 'NONE', *, *, #217, .T. ) ;
#3642 = ORIENTED_EDGE ( 'NONE', *, *, #5577, .T. ) ;
#3643 = CARTESIAN_POINT ( 'NONE',  ( -0.9385807112171752342, 0.7812549503827467268, -9.498692653332252434 ) ) ;
#3644 = LINE ( 'NONE', #273, #2183 ) ;
#3645 = CARTESIAN_POINT ( 'NONE',  ( -6.325911478911526054, 2.520192317756238864, 7.188047553043889870 ) ) ;
#3646 = CARTESIAN_POINT ( 'NONE',  ( -8.159625199684137797, 4.071287166290854742, -5.128763456446556290 ) ) ;
#3647 = CARTESIAN_POINT ( 'NONE',  ( 9.017292824826590447, 5.146071524125090058, 3.054473742637982880 ) ) ;
#3648 = CARTESIAN_POINT ( 'NONE',  ( 7.728239353082567042, -2.552201114888124955, -5.533558354199434426 ) ) ;
#3649 = CARTESIAN_POINT ( 'NONE',  ( -0.001411118587131601418, 0.2590331504141008545, -0.01021483224568240332 ) ) ;
#3650 = CARTESIAN_POINT ( 'NONE',  ( -3.391821203014850461, 3.478859542743434563, 2.971768846572972578 ) ) ;
#3651 = CARTESIAN_POINT ( 'NONE',  ( -4.499999999980808241, 7.249607778645121847, 1.314188828218642175E-05 ) ) ;
#3652 = CARTESIAN_POINT ( 'NONE',  ( -6.304914655915734301, 2.520188549595625549, 7.164150588380657325 ) ) ;
#3653 = CARTESIAN_POINT ( 'NONE',  ( -2.976537215838158001, -3.405015507150284115, 5.622229188001484523 ) ) ;
#3654 = CARTESIAN_POINT ( 'NONE',  ( -3.153487554115900870, -3.708867033954418080, 0.4112570959956202699 ) ) ;
#3655 = CARTESIAN_POINT ( 'NONE',  ( 5.875647437811230667, 4.959615806463777865, 7.597972358246021685 ) ) ;
#3656 = CARTESIAN_POINT ( 'NONE',  ( -0.0005574337814952399139, -4.769192571085091537, 0.006776489597762523631 ) ) ;
#3657 = PERSON_AND_ORGANIZATION_ROLE ( 'design_supplier' ) ;
#3658 = CARTESIAN_POINT ( 'NONE',  ( -4.470326431324425975, -2.405279775826303368, 8.431146304245432432 ) ) ;
#3659 = B_SPLINE_CURVE_WITH_KNOTS ( 'NONE', 3,
 ( #5610, #1175, #3743, #1729, #3711, #4257, #6228, #1463, #1428, #5381, #2318, #3924, #959, #4382, #3867, #1921, #5321, #1860, #4772, #5779, #6258, #5349, #337, #2928, #1399, #1337, #6324, #3323, #3384, #2862, #5254, #4289 ),
 .UNSPECIFIED., .F., .F.,
 ( 4, 2, 2, 2, 2, 2, 2, 2, 2, 2, 2, 2, 2, 2, 2, 4 ),
 ( 0.05340912228723668914, 0.05429848271795304632, 0.05518784314866941043, 0.05607720357938576761, 0.05696656401010212478, 0.05874528487153484607, 0.05963464530225120325, 0.06052400573296756736, 0.06141336616368392454, 0.06230272659440028171, 0.06319208702511663889, 0.06408144745583299606, 0.06497080788654935324, 0.06586016831726571041, 0.06674952874798208147, 0.06763888917869843864 ),
 .UNSPECIFIED. ) ;
#3660 = CARTESIAN_POINT ( 'NONE',  ( -6.402252013816860376, -6.015605791333920038, -7.065911054099971444 ) ) ;
#3661 = CARTESIAN_POINT ( 'NONE',  ( -0.0001340433278419067564, -0.2499193516778501212, -6.363960191367640462 ) ) ;
#3662 = CARTESIAN_POINT ( 'NONE',  ( -5.367107200877558881, -2.061206613217275052, -7.967494213440891926 ) ) ;
#3663 = CARTESIAN_POINT ( 'NONE',  ( -3.207509089891389387, -0.7405281113236569235, 0.1025490014975393577 ) ) ;
#3664 = CARTESIAN_POINT ( 'NONE',  ( -0.1953172550229653470, -4.229523578798611183, -2.999999999999993339 ) ) ;
#3665 = CARTESIAN_POINT ( 'NONE',  ( -4.759412422241282137, 5.916612163753337761, -8.245052103753819139 ) ) ;
#3666 = CARTESIAN_POINT ( 'NONE',  ( 6.735557395310442023E-16, 11.50000000000000000, -5.500000000000000000 ) ) ;
#3667 = EDGE_CURVE ( 'NONE', #969, #2796, #5589, .T. ) ;
#3668 = DIRECTION ( 'NONE',  ( -0.000000000000000000, -1.000000000000000000, -0.000000000000000000 ) ) ;
#3669 = CARTESIAN_POINT ( 'NONE',  ( -3.058353772930857861, 1.854066154479962814, -9.015961286911666761 ) ) ;
#3670 = CARTESIAN_POINT ( 'NONE',  ( 4.861216860106847726, 2.026607154315824388, 4.105354096248523987 ) ) ;
#3671 = CARTESIAN_POINT ( 'NONE',  ( -2.468411137156844237, 0.6664892269811700798, 9.194905694820137754 ) ) ;
#3672 = CARTESIAN_POINT ( 'NONE',  ( -0.002345755016829788580, 0.1447767064866141706, 0.006705906078650843843 ) ) ;
#3673 = CARTESIAN_POINT ( 'NONE',  ( 7.617062362796911401E-13, 2.750000349221283003, 9.500000000000001776 ) ) ;
#3674 = B_SPLINE_CURVE_WITH_KNOTS ( 'NONE', 3,
 ( #743, #252, #1288, #2234, #6177, #806, #1742, #3723, #5692, #5204, #775, #2746, #4364, #4877, #348, #1962, #2453, #4298 ),
 .UNSPECIFIED., .F., .F.,
 ( 4, 2, 2, 2, 2, 2, 2, 2, 4 ),
 ( 0.000000000000000000, 0.0008934778863839188973, 0.001786955772767837795, 0.002680433659151756475, 0.003573911545535675589, 0.004467389431919595137, 0.005360867318303512950, 0.006254345204687433366, 0.007147823091071352913 ),
 .UNSPECIFIED. ) ;
#3675 = VERTEX_POINT ( 'NONE', #999 ) ;
#3676 = ORIENTED_EDGE ( 'NONE', *, *, #342, .F. ) ;
#3677 = CARTESIAN_POINT ( 'NONE',  ( 9.542956314798283657, 2.243489670410031334, 0.1923030298811031213 ) ) ;
#3678 = CARTESIAN_POINT ( 'NONE',  ( -0.1311457496731512906, -11.09318546555145168, -3.000000000000001332 ) ) ;
#3679 = CARTESIAN_POINT ( 'NONE',  ( -2.290753964678374555, 2.673201037096220478, 9.297020334840079059 ) ) ;
#3680 = CARTESIAN_POINT ( 'NONE',  ( -7.220828910411921875, -4.523430003366274654, 6.226503035251502283 ) ) ;
#3681 = CARTESIAN_POINT ( 'NONE',  ( -8.246330810331182093, -1.583452941621621868, 4.758109149269790450 ) ) ;
#3682 = DIRECTION ( 'NONE',  ( 0.000000000000000000, 0.000000000000000000, 1.000000000000000000 ) ) ;
#3683 = CARTESIAN_POINT ( 'NONE',  ( 9.497179361968150602, -11.06730336035514561, -0.2613058824955504789 ) ) ;
#3684 = CARTESIAN_POINT ( 'NONE',  ( 0.000000000000000000, 12.50000000000000000, 0.000000000000000000 ) ) ;
#3685 = CARTESIAN_POINT ( 'NONE',  ( -9.252695054434639133, 6.166739788805539746, -2.484625809560777832 ) ) ;
#3686 = CARTESIAN_POINT ( 'NONE',  ( -3.207654446549945249, -1.740528106326661995, 0.1025695770981645549 ) ) ;
#3687 = CARTESIAN_POINT ( 'NONE',  ( 9.662963251239139240, -2.787760052180891623, 1.136390823210999379 ) ) ;
#3688 = CARTESIAN_POINT ( 'NONE',  ( 0.002882612909909704115, -3.615956008494209950, 0.006252435989750781964 ) ) ;
#3689 = DATE_AND_TIME ( #1220, #1776 ) ;
#3690 = DIRECTION ( 'NONE',  ( -0.000000000000000000, 1.000000000000000000, -0.000000000000000000 ) ) ;
#3691 = EDGE_CURVE ( 'NONE', #5511, #4219, #5332, .T. ) ;
#3692 = ORIENTED_EDGE ( 'NONE', *, *, #577, .T. ) ;
#3693 = CARTESIAN_POINT ( 'NONE',  ( 5.074731070062619587, -2.428382639661090803, -8.081793854988472248 ) ) ;
#3694 = CARTESIAN_POINT ( 'NONE',  ( -0.6236729070713343814, -0.2190736912241338652, -6.332732141437992901 ) ) ;
#3695 = CARTESIAN_POINT ( 'NONE',  ( -0.007204314296903342046, 2.672070038218683052, -0.002678353240246104331 ) ) ;
#3696 = CARTESIAN_POINT ( 'NONE',  ( 7.211944628394497236, -2.520191117740732789, -6.346908176532246593 ) ) ;
#3697 = CARTESIAN_POINT ( 'NONE',  ( -2.907697812694705952, -2.617226427450610959, 1.290222062683690440 ) ) ;
#3698 = CARTESIAN_POINT ( 'NONE',  ( -2.395347811041938169, -3.959161856266014912, -1.848070844357578846 ) ) ;
#3699 = CARTESIAN_POINT ( 'NONE',  ( -0.9657461332166293877, -0.3542698909542854047, 2.847153339520980264 ) ) ;
#3700 = DIRECTION ( 'NONE',  ( 0.000000000000000000, 1.000000000000000000, 0.000000000000000000 ) ) ;
#3701 = CARTESIAN_POINT ( 'NONE',  ( 4.754063308964092904, 1.583603246042466717, -8.248754223703581800 ) ) ;
#3702 = CARTESIAN_POINT ( 'NONE',  ( 1.515191169004374894, 0.6405380729710193899, -4.242928223636817542 ) ) ;
#3703 = CARTESIAN_POINT ( 'NONE',  ( -0.02564041499525230444, 1.748791797799258863, 6.363275713195009509 ) ) ;
#3704 = CARTESIAN_POINT ( 'NONE',  ( -5.796772158943593212, 0.5415884817423646247, 7.551984782450223754 ) ) ;
#3705 = CARTESIAN_POINT ( 'NONE',  ( -0.0004358311592965362705, 4.161054358092616923, -6.408578650273931334E-05 ) ) ;
#3706 = CARTESIAN_POINT ( 'NONE',  ( 7.294995678404643691, 2.472644497582921375, -6.135516505785211017 ) ) ;
#3707 = ORIENTED_EDGE ( 'NONE', *, *, #4774, .T. ) ;
#3708 = CARTESIAN_POINT ( 'NONE',  ( -0.006595361494199100151, -3.242556085063478921, 0.0003346378622322025622 ) ) ;
#3709 = VERTEX_POINT ( 'NONE', #2842 ) ;
#3710 = CARTESIAN_POINT ( 'NONE',  ( -8.078879978793903405, 5.071289145171487434, -5.077938833762266846 ) ) ;
#3711 = CARTESIAN_POINT ( 'NONE',  ( 1.451029239887668520, 3.854013246301790208, 4.269874477636219190 ) ) ;
#3712 = CARTESIAN_POINT ( 'NONE',  ( -9.514024000110170576, 2.214176376311108196, -1.078020952059281168 ) ) ;
#3713 = CYLINDRICAL_SURFACE ( 'NONE', #1244, 1.000000000000000222 ) ;
#3714 = CARTESIAN_POINT ( 'NONE',  ( -3.580056129346722571, 2.041663301547256282, -2.742101607347342540 ) ) ;
#3715 = CARTESIAN_POINT ( 'NONE',  ( 9.500114441030039103, -2.739658432581200120, -0.3086056261006828727 ) ) ;
#3716 = CARTESIAN_POINT ( 'NONE',  ( 0.002616163055886841938, 0.3652491152381669992, 0.01000603276190567374 ) ) ;
#3717 = FACE_OUTER_BOUND ( 'NONE', #1108, .T. ) ;
#3718 = DIRECTION ( 'NONE',  ( -0.000000000000000000, -1.000000000000000000, -0.000000000000000000 ) ) ;
#3719 = CARTESIAN_POINT ( 'NONE',  ( -9.499999999999971578, 6.250000000000008882, 8.243275772848261267E-13 ) ) ;
#3720 = CARTESIAN_POINT ( 'NONE',  ( 2.236294934763001230, -3.001836030347670548, 2.257893932509569268 ) ) ;
#3721 = CARTESIAN_POINT ( 'NONE',  ( 8.748630220463224916, -2.611972519191525954, -4.047475288563806117 ) ) ;
#3722 = CARTESIAN_POINT ( 'NONE',  ( 0.8918678061179778904, 6.659270007272530378, -3.049797551298617737 ) ) ;
#3723 = CARTESIAN_POINT ( 'NONE',  ( -3.576887903006502611, 6.041331665381164839, -2.746223260633288366 ) ) ;
#3724 = ORIENTED_EDGE ( 'NONE', *, *, #5498, .F. ) ;
#3725 = CARTESIAN_POINT ( 'NONE',  ( -6.071787357705710875, -2.030601949594517119, -7.363241902412276829 ) ) ;
#3726 = CARTESIAN_POINT ( 'NONE',  ( -6.008083692799315756, 0.3648157420349599778, 2.255557930649404685 ) ) ;
#3727 = CARTESIAN_POINT ( 'NONE',  ( -0.6296293345386204665, -1.270848731720224611, 9.574311719822320654 ) ) ;
#3728 = CARTESIAN_POINT ( 'NONE',  ( 0.8620959165428260240, -1.337519898893765991, -3.061269209470929287 ) ) ;
#3729 = LINE ( 'NONE', #4074, #631 ) ;
#3730 = CARTESIAN_POINT ( 'NONE',  ( -2.623533958842837688, -0.5841180221968362840, 1.506535217410700067 ) ) ;
#3731 = CARTESIAN_POINT ( 'NONE',  ( -8.896817352065323092, 4.364493004234334173, 3.345798606421928501 ) ) ;
#3732 = CARTESIAN_POINT ( 'NONE',  ( -3.576283317483820667, 1.041209664727784423, -2.747256661846885439 ) ) ;
#3733 = CARTESIAN_POINT ( 'NONE',  ( 2.853903292622055776, 0.5313798091752356401, -3.486200697153426731 ) ) ;
#3734 = CARTESIAN_POINT ( 'NONE',  ( 5.240278254906348465, 2.057858695155156514, 3.608270279438157591 ) ) ;
#3735 = CARTESIAN_POINT ( 'NONE',  ( 0.0004902512756137233918, 12.49925475435176381, 2.497042711680202282E-05 ) ) ;
#3736 = CARTESIAN_POINT ( 'NONE',  ( 0.006997750445629934493, 4.888514082493298218, -0.003400094350420682261 ) ) ;
#3737 = CARTESIAN_POINT ( 'NONE',  ( -4.030196315563117082E-12, -0.2502476719341145683, 3.000000000000000444 ) ) ;
#3738 = VECTOR ( 'NONE', #1094, 1000.000000000000000 ) ;
#3739 = VERTEX_POINT ( 'NONE', #4814 ) ;
#3740 = CARTESIAN_POINT ( 'NONE',  ( -0.002206827983546120163, -1.167240826019637190, -0.0001318007804439852134 ) ) ;
#3741 = VERTEX_POINT ( 'NONE', #4908 ) ;
#3742 = CARTESIAN_POINT ( 'NONE',  ( 8.205379952655828646, 6.079425721772205193, 4.869470013268785813 ) ) ;
#3743 = CARTESIAN_POINT ( 'NONE',  ( 0.5844728234919168708, 3.791136114746241237, 4.471726631800353680 ) ) ;
#3744 = CARTESIAN_POINT ( 'NONE',  ( -8.538751231728241464, 4.398781688812005264, 4.311589360684899397 ) ) ;
#3745 = DIRECTION ( 'NONE',  ( 0.000000000000000000, 1.000000000000000000, 0.000000000000000000 ) ) ;
#3746 = CARTESIAN_POINT ( 'NONE',  ( 9.489479514679377559E-14, 1.749873339771101488, -4.500000000000000888 ) ) ;
#3747 = CARTESIAN_POINT ( 'NONE',  ( -0.9739203954107507055, -10.35522918990150565, -9.450080755128915655 ) ) ;
#3748 = EDGE_CURVE ( 'NONE', #2973, #6226, #261, .T. ) ;
#3749 = CARTESIAN_POINT ( 'NONE',  ( 3.254050478877966501, -4.139317997004121175, 8.970178766345284771 ) ) ;
#3750 = CARTESIAN_POINT ( 'NONE',  ( -4.470512887252193757, 7.207627699992148251, -0.5932766492513075196 ) ) ;
#3751 = CARTESIAN_POINT ( 'NONE',  ( -4.659709088457235637, -5.408852498409454590, 8.504884997039846795 ) ) ;
#3752 = CARTESIAN_POINT ( 'NONE',  ( 0.1360521831120347636, 1.736727582948575987, -3.207355511097963241 ) ) ;
#3753 = CARTESIAN_POINT ( 'NONE',  ( -8.954057953704586126, -1.869779324907400175, -3.536399671743660988 ) ) ;
#3754 = CARTESIAN_POINT ( 'NONE',  ( -6.141160476929728773, 4.155565869584008531, -1.886523238401210500 ) ) ;
#3755 = CARTESIAN_POINT ( 'NONE',  ( 0.000000000000000000, 0.000000000000000000, 0.000000000000000000 ) ) ;
#3756 = ORIENTED_EDGE ( 'NONE', *, *, #1889, .F. ) ;
#3757 = CARTESIAN_POINT ( 'NONE',  ( -2.899427512130975160, -3.348301566716902933, 9.081743371866025427 ) ) ;
#3758 = CARTESIAN_POINT ( 'NONE',  ( 2.719956712489407735, 0.8414566807494189282, 9.214635004468425095 ) ) ;
#3759 = CARTESIAN_POINT ( 'NONE',  ( -0.9787735456873081219, -0.3498783404084157556, 3.021997075801356569 ) ) ;
#3760 = CARTESIAN_POINT ( 'NONE',  ( 1.504347715440687683, -2.083468421174822005, 2.603065226877110838 ) ) ;
#3761 = CARTESIAN_POINT ( 'NONE',  ( -0.7789083768808892083, -3.166795657568955313, -2.903790525049842586 ) ) ;
#3762 = DIRECTION ( 'NONE',  ( -0.000000000000000000, -1.000000000000000000, -0.000000000000000000 ) ) ;
#3763 = CARTESIAN_POINT ( 'NONE',  ( 0.3498899065179988388, 6.738275346863312976, -9.499689570041066844 ) ) ;
#3764 = CARTESIAN_POINT ( 'NONE',  ( 4.074582626529794638, 0.1095617898140281016, 1.922504542142977169 ) ) ;
#3765 = CARTESIAN_POINT ( 'NONE',  ( -5.276778793309573778, 3.061168960669530481, -3.553545489638030741 ) ) ;
#3766 = CARTESIAN_POINT ( 'NONE',  ( -2.156693728625450834, -5.322867139764788647, 9.257248416235389854 ) ) ;
#3767 = CARTESIAN_POINT ( 'NONE',  ( -0.004339926606961256456, 4.026988417752185967, 0.004951661995030005869 ) ) ;
#3768 = CARTESIAN_POINT ( 'NONE',  ( 9.400491827686096258, 2.305359580814811959, -1.648589516931902477 ) ) ;
#3769 = EDGE_CURVE ( 'NONE', #3226, #4458, #5916, .T. ) ;
#3770 = ORIENTED_EDGE ( 'NONE', *, *, #689, .F. ) ;
#3771 = CARTESIAN_POINT ( 'NONE',  ( -0.002237246813149424123, -0.8552232880809831350, 0.006737401103129960801 ) ) ;
#3772 = ORIENTED_EDGE ( 'NONE', *, *, #3015, .F. ) ;
#3773 = CARTESIAN_POINT ( 'NONE',  ( 9.236599258357985676, 6.169278643528445905, 2.391232836560591934 ) ) ;
#3774 = FACE_OUTER_BOUND ( 'NONE', #2084, .T. ) ;
#3775 = CARTESIAN_POINT ( 'NONE',  ( 4.341358110649053970, 4.899738570867220311, 8.532327813290251584 ) ) ;
#3776 = CARTESIAN_POINT ( 'NONE',  ( -4.602108042451871661, 5.906238605980417056, -8.577534068420014535 ) ) ;
#3777 = CARTESIAN_POINT ( 'NONE',  ( -1.990403483922883909, 2.604259312713073982, 4.046496125517967890 ) ) ;
#3778 = CARTESIAN_POINT ( 'NONE',  ( -1.000000000000000222, -10.09318546555145879, -9.447221813845830596 ) ) ;
#3779 = CARTESIAN_POINT ( 'NONE',  ( -6.657566904843507771, -4.496093263577188637, 6.825827995622756106 ) ) ;
#3780 = FACE_OUTER_BOUND ( 'NONE', #5743, .T. ) ;
#3781 = CARTESIAN_POINT ( 'NONE',  ( -6.487540990683290154, 5.988266201000636002, -6.987327113432032277 ) ) ;
#3782 = CARTESIAN_POINT ( 'NONE',  ( -1.444854509346784610, 0.5993782742391964291, 2.829097626024483336 ) ) ;
#3783 = CARTESIAN_POINT ( 'NONE',  ( -4.396980695798121452, -1.401044406470172587, 8.564264115700542135 ) ) ;
#3784 = CARTESIAN_POINT ( 'NONE',  ( -8.637760108895671252, -2.889654762266764987, -4.056088013759058697 ) ) ;
#3785 = ORIENTED_EDGE ( 'NONE', *, *, #2993, .F. ) ;
#3786 = CARTESIAN_POINT ( 'NONE',  ( 6.120924543922249050, -3.028010700353705342, 7.308227820739002567 ) ) ;
#3787 = CARTESIAN_POINT ( 'NONE',  ( -0.001039392976009771794, 4.155499659879061447, 0.002565790755925935647 ) ) ;
#3788 = CARTESIAN_POINT ( 'NONE',  ( -7.799569782264284434, 0.05206949908987679176, -5.587617823242273296 ) ) ;
#3789 = CARTESIAN_POINT ( 'NONE',  ( 2.195675812652502668, -0.009969104115580284392, 2.340740933281625136 ) ) ;
#3790 = CARTESIAN_POINT ( 'NONE',  ( 2.698111680619463826, -1.604821530015641873, -1.326019763370600790 ) ) ;
#3791 = CARTESIAN_POINT ( 'NONE',  ( -2.400334482610757103, -0.5422456109588149609, 1.841450383181794992 ) ) ;
#3792 = CARTESIAN_POINT ( 'NONE',  ( -9.377857720164167077, -1.802122645558982938, -1.549733956053052975 ) ) ;
#3793 = CARTESIAN_POINT ( 'NONE',  ( 0.6997652487584441472, 6.726550951090490393, -9.480402843138497460 ) ) ;
#3794 = CARTESIAN_POINT ( 'NONE',  ( 3.334216880817470585, 0.4846205832859757923, -3.030232611914630336 ) ) ;
#3795 = CARTESIAN_POINT ( 'NONE',  ( 1.853121072804268854, 0.6557187437530179741, -6.087383243411367495 ) ) ;
#3796 = CARTESIAN_POINT ( 'NONE',  ( -8.998961531415933024, -5.645655034128441940, 3.060329698313990043 ) ) ;
#3797 = CARTESIAN_POINT ( 'NONE',  ( -0.004494387056875996829, 4.496389920162925158, -0.005018907264013682847 ) ) ;
#3798 = CARTESIAN_POINT ( 'NONE',  ( -0.7750549662878629675, -0.1672509098105022796, -2.904717326317634463 ) ) ;
#3799 = VERTEX_POINT ( 'NONE', #5300 ) ;
#3800 = CARTESIAN_POINT ( 'NONE',  ( 0.0009658233054296189732, -1.792225418237499479, -0.001986828119485066317 ) ) ;
#3801 = ORIENTED_EDGE ( 'NONE', *, *, #4253, .F. ) ;
#3802 = CARTESIAN_POINT ( 'NONE',  ( -0.5530002942913082586, 4.768549305371958091, -9.527002475527680758 ) ) ;
#3803 = CARTESIAN_POINT ( 'NONE',  ( 4.757046221803440389, -5.083154086723886245, 8.229108677222832569 ) ) ;
#3804 = CARTESIAN_POINT ( 'NONE',  ( -9.217771587933771826, -5.851557340801008422, -3.028487816537059896 ) ) ;
#3805 = CARTESIAN_POINT ( 'NONE',  ( 7.785697984200152355, 5.049502252511923750, 5.678971524812451044 ) ) ;
#3806 = CARTESIAN_POINT ( 'NONE',  ( -1.329796325172658999, -2.104345673601264455, -2.696249283669394092 ) ) ;
#3807 = CARTESIAN_POINT ( 'NONE',  ( 3.000006457911566393, -11.09320483928632939, -0.1316316464174379641 ) ) ;
#3808 = CARTESIAN_POINT ( 'NONE',  ( -4.471019115704913283, 4.291367937376984187, 0.5883935963796700364 ) ) ;
#3809 = CARTESIAN_POINT ( 'NONE',  ( 9.208641193549739867, 5.348938487616925030, -2.936267111690669562 ) ) ;
#3810 = CARTESIAN_POINT ( 'NONE',  ( -3.033453086885703254, 2.152302371778976209, -0.9579375015694852058 ) ) ;
#3811 = CARTESIAN_POINT ( 'NONE',  ( -2.946712343170873272, -1.348948060127085347, 9.164984953106278809 ) ) ;
#3812 = CARTESIAN_POINT ( 'NONE',  ( 4.473186197028181432, 10.96601864011210914, -0.5054361413147526738 ) ) ;
#3813 = ORIENTED_EDGE ( 'NONE', *, *, #1760, .F. ) ;
#3814 = CARTESIAN_POINT ( 'NONE',  ( -6.850685116630564231, -1.505215909179363765, 6.627427461254369767 ) ) ;
#3815 = CARTESIAN_POINT ( 'NONE',  ( 0.003194326935790206979, 3.001359718193046699, -0.003054970180396725070 ) ) ;
#3816 = CARTESIAN_POINT ( 'NONE',  ( 5.340177346047221718, -0.4374737974163355747, -7.987886601932621566 ) ) ;
#3817 = CARTESIAN_POINT ( 'NONE',  ( -2.448643839871479155, 3.029568314354647907, -2.029467961248728081 ) ) ;
#3818 = CARTESIAN_POINT ( 'NONE',  ( 2.698061929041912332, -1.895727072393594836, 1.326140706785844392 ) ) ;
#3819 = ORIENTED_EDGE ( 'NONE', *, *, #6152, .T. ) ;
#3820 = DIRECTION ( 'NONE',  ( 1.000000000000000000, 0.000000000000000000, 0.000000000000000000 ) ) ;
#3821 = CARTESIAN_POINT ( 'NONE',  ( -4.201338097928575266, 4.604267895736879446, 8.526204210144783247 ) ) ;
#3822 = ADVANCED_FACE ( 'NONE', ( #6301 ), #2902, .F. ) ;
#3823 = CARTESIAN_POINT ( 'NONE',  ( 8.205379952655828646, 6.079425721772205193, 4.869470013268785813 ) ) ;
#3824 = CARTESIAN_POINT ( 'NONE',  ( -9.013833583949912409, -0.6354339628819042352, 3.377403862130860190 ) ) ;
#3825 = CARTESIAN_POINT ( 'NONE',  ( 4.163467942224544416, 0.1249931674289145589, 1.721699527611372238 ) ) ;
#3826 = CARTESIAN_POINT ( 'NONE',  ( 3.118991552227546205, 4.586926513106214465, -5.544285350846676508 ) ) ;
#3827 = CARTESIAN_POINT ( 'NONE',  ( 0.1954138080239192776, -4.271017076973464555, -3.000000000000009770 ) ) ;
#3828 = CARTESIAN_POINT ( 'NONE',  ( -0.0001732248635536520417, 6.138938838172701473, -1.364279451531470722E-07 ) ) ;
#3829 = CARTESIAN_POINT ( 'NONE',  ( -2.871977558467757596, 0.5305617469125291086, 3.492722260720736660 ) ) ;
#3830 = B_SPLINE_CURVE_WITH_KNOTS ( 'NONE', 3,
 ( #4010, #1071, #3049, #2589, #3600, #1132, #584, #2560, #4565, #3953, #4531, #1649, #681, #1295, #2723, #4725, #3177, #815, #4596, #1784, #2654, #5144, #4144, #192 ),
 .UNSPECIFIED., .F., .F.,
 ( 4, 2, 2, 2, 2, 2, 2, 2, 2, 2, 2, 4 ),
 ( 0.4800000584684227523, 0.4850000738443379089, 0.4925000369221687047, 0.4999999999999994449, 0.5062500366365414450, 0.5125000732730835562, 0.5250001465461675565, 0.5375002198192515568, 0.5437502564557936680, 0.5500002930923356681, 0.5574221314557936680, 0.5599996721481514950 ),
 .UNSPECIFIED. ) ;
#3831 = VECTOR ( 'NONE', #3387, 1000.000000000000000 ) ;
#3832 = ORIENTED_EDGE ( 'NONE', *, *, #5954, .F. ) ;
#3833 = CARTESIAN_POINT ( 'NONE',  ( 0.008243034626864121153, -1.009752430849272686, -0.006245881145704065135 ) ) ;
#3834 = ORIENTED_EDGE ( 'NONE', *, *, #6066, .F. ) ;
#3835 = CARTESIAN_POINT ( 'NONE',  ( 9.521066138101806686, 6.229175756398986685, 0.6263084325235145355 ) ) ;
#3836 = CARTESIAN_POINT ( 'NONE',  ( 3.059999055292155212, -5.145872942685125295, 9.015148214877514832 ) ) ;
#3837 = CARTESIAN_POINT ( 'NONE',  ( -6.701987193686722577, -5.496086927409169043, 6.871436769509564613 ) ) ;
#3838 = AXIS2_PLACEMENT_3D ( 'NONE', #4393, #2422, #3848 ) ;
#3839 = CARTESIAN_POINT ( 'NONE',  ( 0.003464529617647126199, -4.659573014784375466, 0.009059760477067774209 ) ) ;
#3840 = CARTESIAN_POINT ( 'NONE',  ( 0.000000000000000000, -6.250000000000000000, -9.500000000000000000 ) ) ;
#3841 = CARTESIAN_POINT ( 'NONE',  ( 0.3094815764576973605, -2.260370681658244507, -9.500000000000003553 ) ) ;
#3842 = AXIS2_PLACEMENT_3D ( 'NONE', #4607, #5747, #4737 ) ;
#3843 = CARTESIAN_POINT ( 'NONE',  ( 2.870726082150404590, -10.59855905259897391, 0.8727715838598216758 ) ) ;
#3844 = CARTESIAN_POINT ( 'NONE',  ( 0.5885012231004148608, 1.708226386984765144, -4.470985483101758362 ) ) ;
#3845 = CARTESIAN_POINT ( 'NONE',  ( -9.558824860870513973, -3.768548882426651758, -0.5548571515885230010 ) ) ;
#3846 = CARTESIAN_POINT ( 'NONE',  ( -0.009631020034087415735, 0.7488767458299008251, 3.181769955020491647 ) ) ;
#3847 = CARTESIAN_POINT ( 'NONE',  ( 6.033760215820957562, 0.9651669555601015693, 7.518216185097875481 ) ) ;
#3848 = DIRECTION ( 'NONE',  ( 0.000000000000000000, 0.000000000000000000, 1.000000000000000000 ) ) ;
#3849 = ORIENTED_EDGE ( 'NONE', *, *, #3297, .T. ) ;
#3850 = CARTESIAN_POINT ( 'NONE',  ( 9.400587006830786407, 1.305359585395609701, -1.648602726833894083 ) ) ;
#3851 = CARTESIAN_POINT ( 'NONE',  ( -0.003199228448969060421, 4.397710423316012474, -0.006270029009004765563 ) ) ;
#3852 = CARTESIAN_POINT ( 'NONE',  ( 9.423299995345665536, -0.6874986632364400441, -1.877514108773402635 ) ) ;
#3853 = CARTESIAN_POINT ( 'NONE',  ( -0.003138526942605024839, 0.7501585507514515472, -3.182136276393568775 ) ) ;
#3854 = CARTESIAN_POINT ( 'NONE',  ( 0.5911750430544665535, 3.708042717251196052, -4.470848376899761334 ) ) ;
#3855 = CARTESIAN_POINT ( 'NONE',  ( 0.9739718243641302120, 10.35500039078572954, -9.450075102114105619 ) ) ;
#3856 = CARTESIAN_POINT ( 'NONE',  ( -0.2615695489253753725, 9.119142507712419743, -9.497171584959698265 ) ) ;
#3857 = CARTESIAN_POINT ( 'NONE',  ( -5.034016681425655726, -0.4270670996007143727, 8.093064904013807848 ) ) ;
#3858 = CARTESIAN_POINT ( 'NONE',  ( 4.297263726897570635, -3.398778129121268865, -8.510421690056517718 ) ) ;
#3859 = CARTESIAN_POINT ( 'NONE',  ( -6.126641749161741757, 3.336807429998883912, 1.714647807283814940 ) ) ;
#3860 = CARTESIAN_POINT ( 'NONE',  ( -6.273084001137427812, -5.478956099842672955, 7.161200116117839798 ) ) ;
#3861 = CARTESIAN_POINT ( 'NONE',  ( 2.150045641363449889, 4.677749751361115038, -9.296741680230431015 ) ) ;
#3862 = CARTESIAN_POINT ( 'NONE',  ( -1.328557767865862882, -0.1044958341963987541, -2.696957486377489221 ) ) ;
#3863 = ADVANCED_FACE ( 'NONE', ( #378 ), #1449, .T. ) ;
#3864 = ORIENTED_EDGE ( 'NONE', *, *, #5577, .F. ) ;
#3865 = EDGE_LOOP ( 'NONE', ( #4410, #5178, #4770, #4306 ) ) ;
#3866 = CARTESIAN_POINT ( 'NONE',  ( 6.247707325477166229, -3.810100531278790115, 1.192492454582859018 ) ) ;
#3867 = CARTESIAN_POINT ( 'NONE',  ( 4.500483772949305461, 4.229508493338736130, 0.2879105233593831081 ) ) ;
#3868 = CARTESIAN_POINT ( 'NONE',  ( 8.232678838497884399, 5.079424285312248877, 4.885707488879329041 ) ) ;
#3869 = CARTESIAN_POINT ( 'NONE',  ( -0.0006716447430024528528, -2.322068157216786055, -0.0006673550348898772385 ) ) ;
#3870 = DIRECTION ( 'NONE',  ( -0.000000000000000000, -1.000000000000000000, -0.000000000000000000 ) ) ;
#3871 = CARTESIAN_POINT ( 'NONE',  ( -1.982155348970030539, -2.021180344651034577, -2.260406925750701124 ) ) ;
#3872 = CARTESIAN_POINT ( 'NONE',  ( 7.747527935526989040, -1.947910387271672983, 5.553936799693442339 ) ) ;
#3873 = CARTESIAN_POINT ( 'NONE',  ( -4.470966713034567164, 4.208135171075646497, -0.5895084250540570947 ) ) ;
#3874 = CARTESIAN_POINT ( 'NONE',  ( -1.207037354917759320, -4.209638133104156132, -9.592902069183153912 ) ) ;
#3875 = CARTESIAN_POINT ( 'NONE',  ( -1.156034591093372477, 1.868324593219482965, -2.959877291334255478 ) ) ;
#3876 = CARTESIAN_POINT ( 'NONE',  ( -3.692465510382390015, -0.1249868514539086012, -8.906161596097165400 ) ) ;
#3877 = DIRECTION ( 'NONE',  ( 0.000000000000000000, 1.000000000000000000, 0.000000000000000000 ) ) ;
#3878 = CARTESIAN_POINT ( 'NONE',  ( 8.204981942536651474, 1.419906297827003616, -4.851165672348661140 ) ) ;
#3879 = CARTESIAN_POINT ( 'NONE',  ( 0.0004611129449446588831, 5.258017037444455255, 0.007381932254047296124 ) ) ;
#3880 = CARTESIAN_POINT ( 'NONE',  ( -5.571725039588657502, 1.947271306822828674, -7.811885174324363135 ) ) ;
#3881 = CARTESIAN_POINT ( 'NONE',  ( 2.428804928972799537, 2.472832909320944683, -2.048565092700552981 ) ) ;
#3882 = LINE ( 'NONE', #908, #3225 ) ;
#3883 = CARTESIAN_POINT ( 'NONE',  ( 1.859542508148321893, 0.6874867564566858880, -9.361996468485996203 ) ) ;
#3884 = ADVANCED_FACE ( 'NONE', ( #5824 ), #1872, .F. ) ;
#3885 = CARTESIAN_POINT ( 'NONE',  ( -4.471052906826887607, 1.291346327479250045, 0.5880978462314814248 ) ) ;
#3886 = LINE ( 'NONE', #3375, #4860 ) ;
#3887 = FACE_OUTER_BOUND ( 'NONE', #2470, .T. ) ;
#3888 = CARTESIAN_POINT ( 'NONE',  ( -4.216338837426250485, 4.980439827931725461, -4.764149123359606719 ) ) ;
#3889 = CARTESIAN_POINT ( 'NONE',  ( -2.460453470365070228, -5.333348056469064069, 9.181094075842233693 ) ) ;
#3890 = CYLINDRICAL_SURFACE ( 'NONE', #5696, 9.500000000000000000 ) ;
#3891 = CARTESIAN_POINT ( 'NONE',  ( -4.327354054462369426, 0.1559694252725944419, -1.311673744697221089 ) ) ;
#3892 = ORIENTED_EDGE ( 'NONE', *, *, #1923, .T. ) ;
#3893 = CARTESIAN_POINT ( 'NONE',  ( -0.006157440087634408546, -0.2497635464484468382, -0.0002641585983925840331 ) ) ;
#3894 = ORIENTED_EDGE ( 'NONE', *, *, #517, .F. ) ;
#3895 = CARTESIAN_POINT ( 'NONE',  ( 9.208632420810674901, 6.348938490088603892, -2.936258782897901654 ) ) ;
#3896 = CARTESIAN_POINT ( 'NONE',  ( 1.552986428782020756, -5.197761341656768508, 9.377362597965914759 ) ) ;
#3897 = CARTESIAN_POINT ( 'NONE',  ( 8.934279466361106259, -4.869786795561338977, 3.527804075997995614 ) ) ;
#3898 = CARTESIAN_POINT ( 'NONE',  ( -0.001265835050758145610, -0.7409931993674071515, -0.01024060703502423404 ) ) ;
#3899 = DIRECTION ( 'NONE',  ( -0.000000000000000000, -1.000000000000000000, -0.000000000000000000 ) ) ;
#3900 = CARTESIAN_POINT ( 'NONE',  ( -2.263784417179584452, -1.521701204605693247, 1.978397580592762495 ) ) ;
#3901 = EDGE_CURVE ( 'NONE', #2830, #3289, #5674, .T. ) ;
#3902 = ORIENTED_EDGE ( 'NONE', *, *, #1388, .F. ) ;
#3903 = CARTESIAN_POINT ( 'NONE',  ( 9.567281793489657460, -1.787760533279253439, 1.125103507113490053 ) ) ;
#3904 = CARTESIAN_POINT ( 'NONE',  ( -2.259915166494337768, 4.582791956379906217, 3.902416183301437691 ) ) ;
#3905 = CARTESIAN_POINT ( 'NONE',  ( -7.291321214709810761, -1.973951003567694151, -6.188490705384022128 ) ) ;
#3906 = CARTESIAN_POINT ( 'NONE',  ( -9.636508397187489194, 0.2083438469259263626, -1.282534611463768792 ) ) ;
#3907 = CARTESIAN_POINT ( 'NONE',  ( 0.6137361695813112750, -10.89365564238424611, -9.480616510488687254 ) ) ;
#3908 = CARTESIAN_POINT ( 'NONE',  ( 7.860255499913948896, 1.057934467029305825, 5.413197029484187794 ) ) ;
#3909 = CARTESIAN_POINT ( 'NONE',  ( 0.2901641136225608930, 4.778939967965737168, 3.166666028149333290 ) ) ;
#3910 = CARTESIAN_POINT ( 'NONE',  ( 5.590994065548552605, 2.947909514824572419, 7.799275578462242287 ) ) ;
#3911 = CARTESIAN_POINT ( 'NONE',  ( 2.252167095958153453, 0.4993545968559898740, -2.247872479127161149 ) ) ;
#3912 = CARTESIAN_POINT ( 'NONE',  ( 1.000000000000000222, 10.22570779499907800, -4.387482193696060406 ) ) ;
#3913 = CARTESIAN_POINT ( 'NONE',  ( -1.405532591355895811E-13, -4.250265201186167019, -3.000000000000000000 ) ) ;
#3914 = CARTESIAN_POINT ( 'NONE',  ( -0.7807327660893691457, -6.166761513270291317, -2.903345000741718529 ) ) ;
#3915 = DIRECTION ( 'NONE',  ( -1.000000000000000000, -0.000000000000000000, -3.491481338843132961E-15 ) ) ;
#3916 = CARTESIAN_POINT ( 'NONE',  ( 0.002911876910623591164, -5.169348367861895888, -0.001047417651511104754 ) ) ;
#3917 = CARTESIAN_POINT ( 'NONE',  ( -4.205158608177997692, 3.519811728048499067, 4.774360762033730055 ) ) ;
#3918 = CARTESIAN_POINT ( 'NONE',  ( 1.982195841348671772, -5.021165383224293066, 2.260501684224047736 ) ) ;
#3919 = CARTESIAN_POINT ( 'NONE',  ( 0.004014000444928571623, 6.905417154988341188, -0.002171155733344201904 ) ) ;
#3920 = CARTESIAN_POINT ( 'NONE',  ( 6.345062313612399585, 3.267877126247620723, -0.3627434532396250910 ) ) ;
#3921 = CARTESIAN_POINT ( 'NONE',  ( -4.179859955969317475, 0.1253348025349829697, -1.725105371373499397 ) ) ;
#3922 = CARTESIAN_POINT ( 'NONE',  ( 4.387482193696056854, 9.960593220343556098, 1.000000000000015321 ) ) ;
#3923 = CARTESIAN_POINT ( 'NONE',  ( -2.924963314248226531, -5.098311227527699607, -5.643728473025514170 ) ) ;
#3924 = CARTESIAN_POINT ( 'NONE',  ( 4.271149906960619802, 4.145931834757900170, 1.446691200997295867 ) ) ;
#3925 = CARTESIAN_POINT ( 'NONE',  ( 8.745367924409869431, -4.614897194807668690, -3.953963427709247025 ) ) ;
#3926 = CARTESIAN_POINT ( 'NONE',  ( -0.0002103668226825565707, -1.841526374270274768, -4.505938976084963610E-05 ) ) ;
#3927 = CARTESIAN_POINT ( 'NONE',  ( 9.288811411479561153E-07, 2.749999973412673882, -9.498942373661140692 ) ) ;
#3928 = CARTESIAN_POINT ( 'NONE',  ( -1.985753123213487514, -1.479862367502504217, 2.257335023431013443 ) ) ;
#3929 = AXIS2_PLACEMENT_3D ( 'NONE', #4974, #5487, #4025 ) ;
#3930 = CARTESIAN_POINT ( 'NONE',  ( -2.124839647154112665, -2.321615160704684655, 9.292663104679006025 ) ) ;
#3931 = CARTESIAN_POINT ( 'NONE',  ( -2.252347175932959633, 3.916194279764824593, -3.906904416788678169 ) ) ;
#3932 = CARTESIAN_POINT ( 'NONE',  ( 1.673243878418148478, -2.306008176362214446, -9.427572300834389907 ) ) ;
#3933 = CARTESIAN_POINT ( 'NONE',  ( 6.815085837742532071, -0.4999828332101268202, -6.819716007011718872 ) ) ;
#3934 = CARTESIAN_POINT ( 'NONE',  ( -1.550625651124303728, -2.197841786179396184, -9.377785785063709412 ) ) ;
#3935 = CARTESIAN_POINT ( 'NONE',  ( 2.881568724561837769, -6.606856988583542645E-17, 2.878939509201315250 ) ) ;
#3936 = EDGE_CURVE ( 'NONE', #1196, #6226, #4037, .T. ) ;
#3937 = VECTOR ( 'NONE', #5716, 1000.000000000000000 ) ;
#3938 = EDGE_LOOP ( 'NONE', ( #4928, #6058 ) ) ;
#3939 = CARTESIAN_POINT ( 'NONE',  ( -9.013433620727123952, 0.3645990554336936973, 3.378333879593053979 ) ) ;
#3940 = CARTESIAN_POINT ( 'NONE',  ( 1.557399527460566979, 3.586956942059872144, -2.773227176478294975 ) ) ;
#3941 = CARTESIAN_POINT ( 'NONE',  ( 0.003967506730850029785, 5.905417157048236554, -0.002243256063861082117 ) ) ;
#3942 = CARTESIAN_POINT ( 'NONE',  ( -2.298340508367348267, 2.673204794567574538, 9.327916343770574770 ) ) ;
#3943 = CARTESIAN_POINT ( 'NONE',  ( 3.166733197570814173, 0.2243807822059835921, 0.2521990749237881801 ) ) ;
#3944 = CYLINDRICAL_SURFACE ( 'NONE', #2697, 1.000000000000000222 ) ;
#3945 = CARTESIAN_POINT ( 'NONE',  ( 1.000000000000000222, 10.09318546555143925, -9.447221813845830596 ) ) ;
#3946 = CARTESIAN_POINT ( 'NONE',  ( -2.860863906160708847, -1.152997290199189173, -9.104368422783693404 ) ) ;
#3947 = CARTESIAN_POINT ( 'NONE',  ( 4.774448587418593348, -2.520060142327424035, -4.205238625568793687 ) ) ;
#3948 = DIRECTION ( 'NONE',  ( -0.000000000000000000, -1.000000000000000000, -0.000000000000000000 ) ) ;
#3949 = CARTESIAN_POINT ( 'NONE',  ( -0.9732422008439195471, 4.798652025021143075, -6.286299329234585898 ) ) ;
#3950 = CARTESIAN_POINT ( 'NONE',  ( 0.9659867724085039464, -5.146171541274474848, 2.847075524764071996 ) ) ;
#3951 = CARTESIAN_POINT ( 'NONE',  ( 0.1165938280137535088, 4.746092981103866570, -9.499957046102910141 ) ) ;
#3952 = CARTESIAN_POINT ( 'NONE',  ( -6.264220390548095097, 2.305714298161458675, 1.110050320152787151 ) ) ;
#3953 = CARTESIAN_POINT ( 'NONE',  ( -8.547653243576986526, 1.104155192026092358, -4.217447721253642534 ) ) ;
#3954 = CARTESIAN_POINT ( 'NONE',  ( -0.003193619751683990197, 0.1044834766309589852, 0.006369300415423395818 ) ) ;
#3955 = ORIENTED_EDGE ( 'NONE', *, *, #3962, .T. ) ;
#3956 = CARTESIAN_POINT ( 'NONE',  ( 0.4150096795883699841, -4.229548586749274364, 6.347447882236269656 ) ) ;
#3957 = CARTESIAN_POINT ( 'NONE',  ( 3.054124440895209958, -4.354125223682046020, -9.001124209968136114 ) ) ;
#3958 = CARTESIAN_POINT ( 'NONE',  ( -7.195075004652094819, -3.980456199446569698, -6.365596720934988184 ) ) ;
#3959 = CARTESIAN_POINT ( 'NONE',  ( 0.0001355774281218299047, -2.799039669651182560, 0.001713274675458900708 ) ) ;
#3960 = CARTESIAN_POINT ( 'NONE',  ( -6.967389218575433141, 3.489588668806872018, 6.522145483113873432 ) ) ;
#3961 = CARTESIAN_POINT ( 'NONE',  ( 2.261765068422732394, -2.979122888507117040, 1.980538522935608059 ) ) ;
#3962 = EDGE_CURVE ( 'NONE', #6289, #3058, #1631, .T. ) ;
#3963 = CARTESIAN_POINT ( 'NONE',  ( -9.429569259462253328, -2.798830815132837824, -1.460717458811119585 ) ) ;
#3964 = CARTESIAN_POINT ( 'NONE',  ( 4.045848469098578093, 6.104226572484821034, 1.991668224736834469 ) ) ;
#3965 = CARTESIAN_POINT ( 'NONE',  ( -8.343040868062715276, -3.586893292153234825, 4.696185247306543076 ) ) ;
#3966 = CARTESIAN_POINT ( 'NONE',  ( -7.339761114657441077, 0.02605555816015534334, -6.229618030287437769 ) ) ;
#3967 = CARTESIAN_POINT ( 'NONE',  ( -6.936276390578705708, 4.489636568163546393, 6.498813472762865473 ) ) ;
#3968 = CARTESIAN_POINT ( 'NONE',  ( 2.845328569484546932, -3.645620933933803265, -0.9710406709433592187 ) ) ;
#3969 = CARTESIAN_POINT ( 'NONE',  ( 9.403435336747369533, -0.8020724663036750135, 1.553901865968949414 ) ) ;
#3970 = CARTESIAN_POINT ( 'NONE',  ( 2.174049228036514680, 4.989207659751563995, 2.321782425814688633 ) ) ;
#3971 = CARTESIAN_POINT ( 'NONE',  ( 0.000000000000000000, -6.250000000000000000, -3.166666666666669627 ) ) ;
#3972 = CARTESIAN_POINT ( 'NONE',  ( 6.877469367444250636, 3.496097143590462863, -6.707121369129777300 ) ) ;
#3973 = CARTESIAN_POINT ( 'NONE',  ( 2.653682843800053703, 4.435459449353963635, -1.752730150610589455 ) ) ;
#3974 = CARTESIAN_POINT ( 'NONE',  ( 0.8731973545721752883, 10.59765522200154564, -4.414763944714755084 ) ) ;
#3975 = CARTESIAN_POINT ( 'NONE',  ( 1.995808912825103754, 2.603919427184668400, -4.044067989649791528 ) ) ;
#3976 = CARTESIAN_POINT ( 'NONE',  ( -7.748087541086665198, -0.9479202420643554339, -5.550247664628593647 ) ) ;
#3977 = EDGE_CURVE ( 'NONE', #4287, #4219, #1578, .T. ) ;
#3978 = CARTESIAN_POINT ( 'NONE',  ( -0.002255215218001527071, -5.906162383623208889, 0.003989843443339326050 ) ) ;
#3979 = CARTESIAN_POINT ( 'NONE',  ( 1.189007663983203233, -3.372363226492272936, -2.947287278463340598 ) ) ;
#3980 = CARTESIAN_POINT ( 'NONE',  ( -6.281089039441004829, -4.020690255908404787, -7.154254769731091201 ) ) ;
#3981 = CARTESIAN_POINT ( 'NONE',  ( 0.008972405461619020056, 6.658827782633307102, 0.003647496158281806136 ) ) ;
#3982 = CARTESIAN_POINT ( 'NONE',  ( 4.217144629110904930, -0.3960997358550249481, -8.535760129664046403 ) ) ;
#3983 = CARTESIAN_POINT ( 'NONE',  ( 5.510910596163088569E-16, 0.000000000000000000, -4.500000000000000000 ) ) ;
#3984 = CARTESIAN_POINT ( 'NONE',  ( -3.402314783653563879, -5.070557799242833674, -5.369252513522898340 ) ) ;
#3985 = CARTESIAN_POINT ( 'NONE',  ( 3.580341484471031954, 5.041694917998339243, 2.741764350135565742 ) ) ;
#3986 = CARTESIAN_POINT ( 'NONE',  ( 6.759745775069321283, -3.001292823766899431, 6.812422761502133106 ) ) ;
#3987 = CARTESIAN_POINT ( 'NONE',  ( -0.006604424803594922608, -2.242556090612706221, 0.0002271098957528862772 ) ) ;
#3988 = DIRECTION ( 'NONE',  ( 0.000000000000000000, 1.000000000000000000, 0.000000000000000000 ) ) ;
#3989 = DIRECTION ( 'NONE',  ( -0.000000000000000000, 1.000000000000000000, -0.000000000000000000 ) ) ;
#3990 = CARTESIAN_POINT ( 'NONE',  ( 8.744663577853511782, 0.1197876218247314328, 3.792926551684970615 ) ) ;
#3991 = CARTESIAN_POINT ( 'NONE',  ( 0.2959787053471862883, 6.728893721835562225, -4.500000000000000888 ) ) ;
#3992 = CARTESIAN_POINT ( 'NONE',  ( -9.043487120006401980, 0.3645968885676810212, 3.389561639082490530 ) ) ;
#3993 = CARTESIAN_POINT ( 'NONE',  ( -3.967076784162547387, 4.614901141083529446, 8.774316123123737654 ) ) ;
#3994 = CARTESIAN_POINT ( 'NONE',  ( 2.114898413937393707E-11, 4.750000000000692779, 9.499999999999966249 ) ) ;
#3995 = CARTESIAN_POINT ( 'NONE',  ( 0.1322739324478757195, -9.093185465551449909, -9.499999999999998224 ) ) ;
#3996 = CARTESIAN_POINT ( 'NONE',  ( -4.499871421233732072, 5.270625384525735591, 0.2952412834166332489 ) ) ;
#3997 = CARTESIAN_POINT ( 'NONE',  ( 9.292709663247775254, 3.321615160440463566, -2.124850430408620650 ) ) ;
#3998 = CARTESIAN_POINT ( 'NONE',  ( -1.516189440194225080, 5.905688262306382441, -2.832372237039037621 ) ) ;
#3999 = CARTESIAN_POINT ( 'NONE',  ( -0.3975368845853823330, -4.210230347817698338, -3.186797921738892203 ) ) ;
#4000 = CARTESIAN_POINT ( 'NONE',  ( 3.527803920544755556, 4.869791763736799339, 8.934279527997700754 ) ) ;
#4001 = CARTESIAN_POINT ( 'NONE',  ( -2.319119009920919350, 3.489843973187021220, 2.177916129324188432 ) ) ;
#4002 = CARTESIAN_POINT ( 'NONE',  ( 1.000000000000000222, 10.09318546555144991, -4.387482193696060406 ) ) ;
#4003 = CARTESIAN_POINT ( 'NONE',  ( 0.2954414095522924222, 2.728975963602383370, -4.499999999998190781 ) ) ;
#4004 = CARTESIAN_POINT ( 'NONE',  ( -1.832045250972809569, -5.458834946798061694, 2.383750672102492363 ) ) ;
#4005 = CARTESIAN_POINT ( 'NONE',  ( 0.001106794929725815569, -3.950691780067102865, -0.0008531356696676961702 ) ) ;
#4006 = CARTESIAN_POINT ( 'NONE',  ( -0.3925931685262857851, -5.209728147538287502, -3.166452996358647187 ) ) ;
#4007 = CARTESIAN_POINT ( 'NONE',  ( 1.208885422321337444E-14, -4.249999629030890347, -9.500000000000000000 ) ) ;
#4008 = CARTESIAN_POINT ( 'NONE',  ( -7.155726642217867806, 6.020759696153254126, -6.279457082234342735 ) ) ;
#4009 = CARTESIAN_POINT ( 'NONE',  ( -6.361886046015417406, 2.244529120463321092, -0.1035830490927718145 ) ) ;
#4010 = CARTESIAN_POINT ( 'NONE',  ( 1.176714878437574196E-07, 0.7500002782118928568, -9.499819979449000584 ) ) ;
#4011 = EDGE_CURVE ( 'NONE', #5055, #2830, #3050, .T. ) ;
#4012 = CARTESIAN_POINT ( 'NONE',  ( -9.424124426989514802, 2.208412034148408587, -1.238173732654200609 ) ) ;
#4013 = CARTESIAN_POINT ( 'NONE',  ( -6.286334313832933951, -2.798900433305880231, -0.9732405476491815532 ) ) ;
#4014 = DIRECTION ( 'NONE',  ( -0.000000000000000000, -1.000000000000000000, -0.000000000000000000 ) ) ;
#4015 = CARTESIAN_POINT ( 'NONE',  ( 7.799275481003062005, -2.947904546648495661, 5.590994201204888547 ) ) ;
#4016 = CARTESIAN_POINT ( 'NONE',  ( 0.008195201002989708355, 1.965918039608691492, -0.007896865555705689238 ) ) ;
#4017 = CARTESIAN_POINT ( 'NONE',  ( 4.757016511878488174, 3.583155865743706148, -8.229127921260312561 ) ) ;
#4018 = VERTEX_POINT ( 'NONE', #3489 ) ;
#4019 = CARTESIAN_POINT ( 'NONE',  ( -7.266911270552983915, 1.026041803938988917, -6.167913421472192681 ) ) ;
#4020 = CARTESIAN_POINT ( 'NONE',  ( 2.970219194353820313, 6.520943119349187356, -3.393468906730774393 ) ) ;
#4021 = CARTESIAN_POINT ( 'NONE',  ( -2.792170466554749986, 0.6559291817458599017, 9.160447023317919601 ) ) ;
#4022 = CIRCLE ( 'NONE', #5791, 1.000000000000000888 ) ;
#4023 = CARTESIAN_POINT ( 'NONE',  ( -9.283708244679312216, 2.336585314810344816, 2.592664442479031273 ) ) ;
#4024 = CARTESIAN_POINT ( 'NONE',  ( 7.912546644760402259, 5.062563067917360549, 5.284731722541736509 ) ) ;
#4025 = DIRECTION ( 'NONE',  ( -3.469446951953613400E-15, 0.000000000000000000, 1.000000000000000000 ) ) ;
#4026 = TOROIDAL_SURFACE ( 'NONE', #2069, 8.500000000000000000, 1.000000000000000000 ) ;
#4027 = CARTESIAN_POINT ( 'NONE',  ( -2.847318693845688031, -4.646292062581620641, 0.9652609438177240930 ) ) ;
#4028 = CARTESIAN_POINT ( 'NONE',  ( -4.271043559459124950, 5.145892213668960657, -1.447343429826166039 ) ) ;
#4029 = CARTESIAN_POINT ( 'NONE',  ( -9.191753008094895705, 2.336591784156200724, 2.567090442990274113 ) ) ;
#4030 = CARTESIAN_POINT ( 'NONE',  ( 0.5971383194239172632, 4.809790214279301424, 3.123418299034035783 ) ) ;
#4031 = CARTESIAN_POINT ( 'NONE',  ( -1.459458352375629930, -6.099010985932417306, -2.823231373287064638 ) ) ;
#4032 = CARTESIAN_POINT ( 'NONE',  ( -8.521035984679622644, 6.097602417302882216, -4.419973414758834096 ) ) ;
#4033 = CARTESIAN_POINT ( 'NONE',  ( -0.7658259778482118252, 3.672445778934829264, 3.086808579426646659 ) ) ;
#4034 = CARTESIAN_POINT ( 'NONE',  ( 0.9999999999999983347, 9.960956464277268552, -9.447221813845594340 ) ) ;
#4035 = AXIS2_PLACEMENT_3D ( 'NONE', #5231, #4744, #4779 ) ;
#4036 = CARTESIAN_POINT ( 'NONE',  ( 0.000000000000000000, 12.50000000000000000, 0.000000000000000000 ) ) ;
#4037 = B_SPLINE_CURVE_WITH_KNOTS ( 'NONE', 3,
 ( #3004, #2546, #3065, #4941, #146, #2604, #2483, #5002 ),
 .UNSPECIFIED., .F., .F.,
 ( 4, 2, 2, 4 ),
 ( 0.04710991882720402812, 0.04828894796613922291, 0.04887846253560682031, 0.04946797710507441770 ),
 .UNSPECIFIED. ) ;
#4038 = AXIS2_PLACEMENT_3D ( 'NONE', #203, #5124, #1796 ) ;
#4039 = CARTESIAN_POINT ( 'NONE',  ( 1.238262654077722846, 5.687417005595594155, -6.234139952438233934 ) ) ;
#4040 = CARTESIAN_POINT ( 'NONE',  ( -6.413897701390410155, -1.740063018282236751, 0.2153591856305882013 ) ) ;
#4041 = CARTESIAN_POINT ( 'NONE',  ( 0.7990208130306871714, -4.169325125261151399, 3.078184228875417983 ) ) ;
#4042 = CARTESIAN_POINT ( 'NONE',  ( -7.158771816012486688, -3.979080677972166580, -6.275940321407722955 ) ) ;
#4043 = DIRECTION ( 'NONE',  ( -0.000000000000000000, -1.000000000000000000, -0.000000000000000000 ) ) ;
#4044 = CARTESIAN_POINT ( 'NONE',  ( 9.515074329143597964, -0.7500011746389544376, 4.687952226628887373E-05 ) ) ;
#4045 = FACE_OUTER_BOUND ( 'NONE', #5236, .T. ) ;
#4046 = CARTESIAN_POINT ( 'NONE',  ( -2.458656543758645618, 2.666722763337963542, 9.181594604625367140 ) ) ;
#4047 = CARTESIAN_POINT ( 'NONE',  ( -1.416783646350405101, -2.321766159541935881, 6.194886284773970075 ) ) ;
#4048 = CARTESIAN_POINT ( 'NONE',  ( 2.455189726134510586, -4.333156405949493362, -9.182589860841632756 ) ) ;
#4049 = ADVANCED_FACE ( 'NONE', ( #6033 ), #3094, .F. ) ;
#4050 = CARTESIAN_POINT ( 'NONE',  ( -0.003894943388230536797, 1.933482590013926750, 0.001603518513059403947 ) ) ;
#4051 = CARTESIAN_POINT ( 'NONE',  ( 5.795893693593780149, 3.541623641843338888, -7.552574193295857441 ) ) ;
#4052 = ORIENTED_EDGE ( 'NONE', *, *, #2615, .T. ) ;
#4053 = VERTEX_POINT ( 'NONE', #2574 ) ;
#4054 = CARTESIAN_POINT ( 'NONE',  ( 9.499834770500307002, 0.2812463671313004121, -0.9324181701330352956 ) ) ;
#4055 = CARTESIAN_POINT ( 'NONE',  ( -0.5042992922089921670, -10.96650364322959170, -2.959800704541876826 ) ) ;
#4056 = CARTESIAN_POINT ( 'NONE',  ( 4.915271928330120055, 1.578119455267821492, -8.203988362850152427 ) ) ;
#4057 = CARTESIAN_POINT ( 'NONE',  ( 9.357907112466849142, 3.161437461601055876, 2.657521978332937351 ) ) ;
#4058 = CARTESIAN_POINT ( 'NONE',  ( 6.275329065804635675, 4.979046127991598070, 7.159628402719315332 ) ) ;
#4059 = CARTESIAN_POINT ( 'NONE',  ( 1.329452667535315991, -4.104397829181372082, 2.696570550721942627 ) ) ;
#4060 = CARTESIAN_POINT ( 'NONE',  ( -0.003852186987277296873, 0.9334825933825057209, 0.001673957590729303587 ) ) ;
#4061 = CARTESIAN_POINT ( 'NONE',  ( -1.168252979496790633, 3.666305138952542286, 4.355691406243427544 ) ) ;
#4062 = CARTESIAN_POINT ( 'NONE',  ( -1.996406541843747773, 6.895821468801082155, -4.043814356330489801 ) ) ;
#4063 = CARTESIAN_POINT ( 'NONE',  ( 6.164079544164874136, 3.526366116939307016, -7.284283457547081397 ) ) ;
#4064 = CARTESIAN_POINT ( 'NONE',  ( 2.862732069588327377, -4.398670636422867375, -5.674666108386072771 ) ) ;
#4065 = CARTESIAN_POINT ( 'NONE',  ( -2.135549073451398439, -6.015428100136081646, -2.354144496503718376 ) ) ;
#4066 = CARTESIAN_POINT ( 'NONE',  ( -3.028487656126876981, 5.851562308977196203, -9.217771640964594226 ) ) ;
#4067 = CARTESIAN_POINT ( 'NONE',  ( -2.846188056301333980, 3.397183210175151569, 1.420265453594207861 ) ) ;
#4068 = PERSON_AND_ORGANIZATION ( #5275, #5284 ) ;
#4069 = CARTESIAN_POINT ( 'NONE',  ( 4.470793149647609432, 2.291464343674288529, -0.5897306622918945251 ) ) ;
#4070 = CARTESIAN_POINT ( 'NONE',  ( -1.239303795305389366, -6.208475510676644937, -9.499999998501790444 ) ) ;
#4071 = CARTESIAN_POINT ( 'NONE',  ( 1.853176587713609713, -0.3442812505032832870, -6.087539229775282834 ) ) ;
#4072 = EDGE_CURVE ( 'NONE', #3289, #3544, #732, .T. ) ;
#4073 = CARTESIAN_POINT ( 'NONE',  ( -6.333254898201397864, 7.249751588117153034, 8.323364570460811991E-06 ) ) ;
#4074 = CARTESIAN_POINT ( 'NONE',  ( 9.620639399716665707, -10.09318546555144991, 1.000000000000033751 ) ) ;
#4075 = CARTESIAN_POINT ( 'NONE',  ( 0.000000000000000000, 0.000000000000000000, 0.000000000000000000 ) ) ;
#4076 = LINE ( 'NONE', #5047, #1650 ) ;
#4077 = CARTESIAN_POINT ( 'NONE',  ( 6.935558623037660020, 1.010330537999299727, 6.499591883008368320 ) ) ;
#4078 = CARTESIAN_POINT ( 'NONE',  ( -6.281092232265131692, 2.520689370370697180, 7.154257067311720064 ) ) ;
#4079 = CARTESIAN_POINT ( 'NONE',  ( -4.565806234258147356, -0.5051462685462616564, 4.419745666470319634 ) ) ;
#4080 = CARTESIAN_POINT ( 'NONE',  ( 1.164163328538007303, 5.666597688514325881, -4.356819418322136706 ) ) ;
#4081 = CARTESIAN_POINT ( 'NONE',  ( 0.008594701894811207499, 3.029051499555403648, -0.008362866463549839188 ) ) ;
#4082 = CARTESIAN_POINT ( 'NONE',  ( 8.538770989865335892, 3.104170814480483376, 4.209812884028089286 ) ) ;
#4083 = VERTEX_POINT ( 'NONE', #3193 ) ;
#4084 = ORIENTED_EDGE ( 'NONE', *, *, #5978, .T. ) ;
#4085 = CARTESIAN_POINT ( 'NONE',  ( 7.380473144510060202, 0.4687391669711452047, -6.052844302086779038 ) ) ;
#4086 = CARTESIAN_POINT ( 'NONE',  ( 4.500418242755490184, 6.290937641821105153, -0.5831872333501955108 ) ) ;
#4087 = CARTESIAN_POINT ( 'NONE',  ( 0.1584157137831883333, -1.244780835690699750, 9.562238628565436827 ) ) ;
#4088 = CARTESIAN_POINT ( 'NONE',  ( -9.577236883516219379, 2.214175415310604134, -1.085218621333856603 ) ) ;
#4089 = CARTESIAN_POINT ( 'NONE',  ( 7.549977614848184082, 5.458539492159280471, -5.800060529878259707 ) ) ;
#4090 = CARTESIAN_POINT ( 'NONE',  ( 0.7995532231396765832, -9.478594905336553467, -9.466744902442343346 ) ) ;
#4091 = EDGE_CURVE ( 'NONE', #3381, #4688, #5646, .T. ) ;
#4092 = CARTESIAN_POINT ( 'NONE',  ( -0.01118653907368334123, 0.6543611335647312455, -0.004634890961780333343 ) ) ;
#4093 = CARTESIAN_POINT ( 'NONE',  ( -0.1960915878404040358, -4.271091124539132977, 2.999999999999654055 ) ) ;
#4094 = CARTESIAN_POINT ( 'NONE',  ( -4.356055794705967266, 5.166520951151254870, -1.166870092296209416 ) ) ;
#4095 = CARTESIAN_POINT ( 'NONE',  ( -9.561030904273904341, 4.209641079446591938, -1.203009989417773040 ) ) ;
#4096 = CARTESIAN_POINT ( 'NONE',  ( 1.344012756141119480, -4.317944192835774686, -6.211671119026547672 ) ) ;
#4097 = CARTESIAN_POINT ( 'NONE',  ( -0.7087384287921029147, -3.321917158115403002, 3.097156023440843509 ) ) ;
#4098 = CARTESIAN_POINT ( 'NONE',  ( 9.601450669196065490, 5.259128063832831046, -0.2778135422570446322 ) ) ;
#4099 = CARTESIAN_POINT ( 'NONE',  ( 3.172670797373632556, 4.267514658704670616, -0.1777484538198708108 ) ) ;
#4100 = DATE_TIME_ROLE ( 'classification_date' ) ;
#4101 = CARTESIAN_POINT ( 'NONE',  ( -0.7995532231396765832, 10.70777602576633747, -9.466744902442343346 ) ) ;
#4102 = VERTEX_POINT ( 'NONE', #2771 ) ;
#4103 = CARTESIAN_POINT ( 'NONE',  ( 8.990366238859127890, -4.641934525430800207, -3.173192304435926037 ) ) ;
#4104 = CARTESIAN_POINT ( 'NONE',  ( 0.5910718245145440974, 0.7792891180057235356, 6.335251214088900795 ) ) ;
#4105 = CARTESIAN_POINT ( 'NONE',  ( -1.700764022312150292, -5.070855052290474063, -2.684834616564351073 ) ) ;
#4106 = CARTESIAN_POINT ( 'NONE',  ( 0.1963402131014493346, -2.229391462922483580, 2.999999999999285016 ) ) ;
#4107 = CARTESIAN_POINT ( 'NONE',  ( 1.252253509220757621E-14, 5.749999900226232086, -9.499999999999998224 ) ) ;
#4108 = CARTESIAN_POINT ( 'NONE',  ( -7.779150587583494314E-15, 3.750000000377063269, -9.500000000000000000 ) ) ;
#4109 = CARTESIAN_POINT ( 'NONE',  ( 0.6214529572126722412, 1.729179208798856893, -9.500000000001925571 ) ) ;
#4110 = CARTESIAN_POINT ( 'NONE',  ( 4.393671024124781610, 9.830832868269673952, -0.9737949889135238957 ) ) ;
#4111 = CARTESIAN_POINT ( 'NONE',  ( -5.544199398051579131, -2.587174922168252511, 3.118946052112985701 ) ) ;
#4112 = CARTESIAN_POINT ( 'NONE',  ( -7.543637250537555516, 0.4581770035667448449, 5.782783337273738944 ) ) ;
#4113 = CARTESIAN_POINT ( 'NONE',  ( -0.005893425861413064022, 2.578382577165493128, -0.002727486573430063302 ) ) ;
#4114 = CARTESIAN_POINT ( 'NONE',  ( 9.499704735032123537, 3.229051046333136998, 0.6251606770670592450 ) ) ;
#4115 = ORIENTED_EDGE ( 'NONE', *, *, #1085, .T. ) ;
#4116 = CARTESIAN_POINT ( 'NONE',  ( -9.541027130853098726, 1.208338015119268416, -1.269845255243979620 ) ) ;
#4117 = CARTESIAN_POINT ( 'NONE',  ( 1.000000000000299316, -10.09318546555102536, -2.828427124746122789 ) ) ;
#4118 = CARTESIAN_POINT ( 'NONE',  ( -0.6275209380691595396, -1.270847637507817485, 9.542610399787452735 ) ) ;
#4119 = CARTESIAN_POINT ( 'NONE',  ( -7.037079310951224187, 2.489584839233361269, 6.587287016453566402 ) ) ;
#4120 = CARTESIAN_POINT ( 'NONE',  ( -9.484834676947032861, -1.770799862673595904, -0.6208563753820270925 ) ) ;
#4121 = CARTESIAN_POINT ( 'NONE',  ( 9.499769180381280265, -2.771036328454595576, 0.6277203358122452892 ) ) ;
#4122 = VECTOR ( 'NONE', #2503, 1000.000000000000000 ) ;
#4123 = CARTESIAN_POINT ( 'NONE',  ( 0.002031637107650603909, 0.1292617509711532775, -0.005530483742880235726 ) ) ;
#4124 = CARTESIAN_POINT ( 'NONE',  ( 2.828427124746193400, -10.22432331937976890, -0.9999999999999902300 ) ) ;
#4125 = CARTESIAN_POINT ( 'NONE',  ( -3.390291026946040009, 5.479004385122673071, 2.973589960298697932 ) ) ;
#4126 = CARTESIAN_POINT ( 'NONE',  ( 4.882522800760318304, 2.921227687189762889, 8.187496827283846201 ) ) ;
#4127 = CARTESIAN_POINT ( 'NONE',  ( -4.764159341255595592, -3.980688234563316108, -4.216337763579860010 ) ) ;
#4128 = CARTESIAN_POINT ( 'NONE',  ( 0.8621410479237330282, -2.337519891455729137, -3.061408434039289972 ) ) ;
#4129 = CARTESIAN_POINT ( 'NONE',  ( -9.248423887609027005, -5.660160277854389577, 2.684187815226654283 ) ) ;
#4130 = CARTESIAN_POINT ( 'NONE',  ( -0.001142976385315387644, -4.409398625342637601, -0.001463482402934801517 ) ) ;
#4131 = CALENDAR_DATE ( 2025, 17, 10 ) ;
#4132 = EDGE_CURVE ( 'NONE', #1228, #2267, #2259, .T. ) ;
#4133 = CARTESIAN_POINT ( 'NONE',  ( -8.985515911668695566, -2.859382165793078912, -3.212519332639609981 ) ) ;
#4134 = B_SPLINE_CURVE_WITH_KNOTS ( 'NONE', 3,
 ( #1450, #4401, #910, #1910, #2399, #6401, #1008, #4004, #1389, #1417, #1974, #4467, #33, #1036, #6342, #3402, #3374, #5926, #5463, #6371, #5339, #2881, #5368, #946, #2917, #4887, #2005, #1939, #3914, #453, #2981, #4950 ),
 .UNSPECIFIED., .F., .F.,
 ( 4, 2, 2, 2, 2, 2, 2, 2, 2, 2, 2, 2, 2, 2, 2, 4 ),
 ( 0.05016892693461756647, 0.05076591001833422739, 0.05136289310205088832, 0.05195987618576754230, 0.05255685926948420322, 0.05375082543691752507, 0.05434780852063417905, 0.05494479160435083998, 0.05554177468806750090, 0.05613875777178416182, 0.05673574085550081580, 0.05733272393921747673, 0.05792970702293413765, 0.05852669010665079163, 0.05912367319036745256, 0.05972065627408411348 ),
 .UNSPECIFIED. ) ;
#4135 = AXIS2_PLACEMENT_3D ( 'NONE', #5385, #2931, #3452 ) ;
#4136 = ORIENTED_EDGE ( 'NONE', *, *, #3186, .T. ) ;
#4137 = CARTESIAN_POINT ( 'NONE',  ( -4.327315316914779331, 5.988264405310848026, -4.656150331818114552 ) ) ;
#4138 = VECTOR ( 'NONE', #5617, 1000.000000000000000 ) ;
#4139 = CARTESIAN_POINT ( 'NONE',  ( -5.552230545222429647, 0.4165905984165067522, 3.216498299439208619 ) ) ;
#4140 = CARTESIAN_POINT ( 'NONE',  ( -5.067599494923945791, -1.427065462244383243, 8.147038830538448906 ) ) ;
#4141 = CARTESIAN_POINT ( 'NONE',  ( -0.9579579361815766525, -1.152799187972075368, -3.033478903655902670 ) ) ;
#4142 = CARTESIAN_POINT ( 'NONE',  ( -0.5052032437934670384, 10.96615962209640216, -4.473213948956142438 ) ) ;
#4143 = CYLINDRICAL_SURFACE ( 'NONE', #2075, 3.000000000000000444 ) ;
#4144 = CARTESIAN_POINT ( 'NONE',  ( -0.3204626882400196664, 1.739261251220312499, 9.499727826449648305 ) ) ;
#4145 = CARTESIAN_POINT ( 'NONE',  ( 9.484649995460280536, 1.229118298467562154, 0.6231587303537160505 ) ) ;
#4146 = CARTESIAN_POINT ( 'NONE',  ( -9.015688419444957802, 2.145934364809604755, -3.058220398834537335 ) ) ;
#4147 = CARTESIAN_POINT ( 'NONE',  ( -5.699480002006305668, -0.8957374968866089748, -2.809546271228706704 ) ) ;
#4148 = CARTESIAN_POINT ( 'NONE',  ( -8.999010556700275387, 0.1456550589901097204, -3.060335231468702677 ) ) ;
#4149 = CARTESIAN_POINT ( 'NONE',  ( 0.009415209686691529065, 1.599588175225645115, 0.003972336265066617016 ) ) ;
#4150 = CARTESIAN_POINT ( 'NONE',  ( 5.561368628898048172, 2.551762597733508997, -7.741202564668597574 ) ) ;
#4151 = ORIENTED_EDGE ( 'NONE', *, *, #5326, .T. ) ;
#4152 = ORIENTED_EDGE ( 'NONE', *, *, #5519, .T. ) ;
#4153 = CARTESIAN_POINT ( 'NONE',  ( -9.619985242900552791, 1.260427902429586799, 0.3289124223161581928 ) ) ;
#4154 = CARTESIAN_POINT ( 'NONE',  ( 0.7989132651219768011, -9.477928386121632798, -2.893204057082986669 ) ) ;
#4155 = CARTESIAN_POINT ( 'NONE',  ( 8.459158326566978303, 3.405284906675134504, -4.485231485030672260 ) ) ;
#4156 = PRODUCT_DEFINITION ( 'UNKNOWN', '', #4870, #4201 ) ;
#4157 = CARTESIAN_POINT ( 'NONE',  ( -6.657566904843507771, -4.496093263577188637, 6.825827995622756106 ) ) ;
#4158 = CARTESIAN_POINT ( 'NONE',  ( 8.998969083932712110, 5.354354556868325510, -3.060402356683304959 ) ) ;
#4159 = CARTESIAN_POINT ( 'NONE',  ( -1.000000000000000222, -10.09318546555145879, -9.447221813845830596 ) ) ;
#4160 = CARTESIAN_POINT ( 'NONE',  ( 0.002893652233933905697, 2.581313984841135500, 0.001386058763064625934 ) ) ;
#4161 = CARTESIAN_POINT ( 'NONE',  ( -2.972409024411113432, 2.978970105686796543, -3.391259304276267983 ) ) ;
#4162 = CARTESIAN_POINT ( 'NONE',  ( 9.620639399716669260, -10.09318546555144991, 3.359028293184975563E-14 ) ) ;
#4163 = CARTESIAN_POINT ( 'NONE',  ( 8.476624867309608291, 5.408854312780259299, -4.644232223651417080 ) ) ;
#4164 = CARTESIAN_POINT ( 'NONE',  ( 4.642236420633209626, -4.989644313062433056, 4.349494488416501881 ) ) ;
#4165 = CARTESIAN_POINT ( 'NONE',  ( 3.007272802251105048, -0.8548654811940322729, 1.025077257909134731 ) ) ;
#4166 = CARTESIAN_POINT ( 'NONE',  ( 4.918220049507497471, -5.079413959902786324, 8.287358525481277383 ) ) ;
#4167 = CARTESIAN_POINT ( 'NONE',  ( -0.0009797845876360451126, -3.810473535394501177, 0.001726413448750024979 ) ) ;
#4168 = CARTESIAN_POINT ( 'NONE',  ( -0.8939274079375998383, -2.279956163056950924, 9.468048249448521858 ) ) ;
#4169 = CARTESIAN_POINT ( 'NONE',  ( 9.266124325912327819, -2.673197279623897860, -2.283167420980877882 ) ) ;
#4170 = CARTESIAN_POINT ( 'NONE',  ( 3.263980020981288810, 1.578207745400520778, -5.452061920706633202 ) ) ;
#4171 = CARTESIAN_POINT ( 'NONE',  ( 4.325934557746719200, -4.398780279656330450, -8.567108472255499763 ) ) ;
#4172 = CARTESIAN_POINT ( 'NONE',  ( -2.425129435549451262, -2.526153030023293944, 2.058315539391274207 ) ) ;
#4173 = DIRECTION ( 'NONE',  ( -0.000000000000000000, -1.000000000000000000, -0.000000000000000000 ) ) ;
#4174 = CARTESIAN_POINT ( 'NONE',  ( -2.904912975107847295, -0.6672963776761684507, 0.7746573054236738365 ) ) ;
#4175 = CARTESIAN_POINT ( 'NONE',  ( -9.182672629300917322, 4.166859488096862130, -2.454680618996095465 ) ) ;
#4176 = CARTESIAN_POINT ( 'NONE',  ( -0.9328221195076614736, 6.781258627564053398, -9.465135831938638944 ) ) ;
#4177 = CARTESIAN_POINT ( 'NONE',  ( 0.4390268243159798911, 0.7188255818650415296, -4.484031388248561179 ) ) ;
#4178 = CARTESIAN_POINT ( 'NONE',  ( 6.055606136210679225, 2.150362879386692239, 1.952963182592813540 ) ) ;
#4179 = CARTESIAN_POINT ( 'NONE',  ( -3.060779742305910212, 0.6458443344066041591, 9.014787710448166180 ) ) ;
#4180 = CARTESIAN_POINT ( 'NONE',  ( 0.004467873092139675907, 4.108564090204939845, -0.007294696654982560195 ) ) ;
#4181 = CARTESIAN_POINT ( 'NONE',  ( 6.120939890567861141, -2.028010699398010264, 7.308252518993993085 ) ) ;
#4182 = VERTEX_POINT ( 'NONE', #1280 ) ;
#4183 = CARTESIAN_POINT ( 'NONE',  ( -5.896744802956967568, 4.371802239717594851, 2.372716697145010656 ) ) ;
#4184 = CARTESIAN_POINT ( 'NONE',  ( -0.001144184481108596668, -1.323432678865909651, -0.0007132599481673506736 ) ) ;
#4185 = ORIENTED_EDGE ( 'NONE', *, *, #3130, .T. ) ;
#4186 = CARTESIAN_POINT ( 'NONE',  ( -9.482431826279333009, 3.214176858643067458, -1.074427180662063108 ) ) ;
#4187 = CARTESIAN_POINT ( 'NONE',  ( 0.000000000000000000, 0.000000000000000000, 4.500000000000000000 ) ) ;
#4188 = CARTESIAN_POINT ( 'NONE',  ( -9.592902058733391968, 4.209640617191918288, -1.207037438715026223 ) ) ;
#4189 = CARTESIAN_POINT ( 'NONE',  ( 4.222163692441952776, 5.605470083389263891, -8.655645368928539085 ) ) ;
#4190 = CARTESIAN_POINT ( 'NONE',  ( -3.905530579031477156, 2.083244731339134681, -2.254496398431360848 ) ) ;
#4191 = CARTESIAN_POINT ( 'NONE',  ( 9.001947626055466500, -2.645968045811825320, -3.051464712658427114 ) ) ;
#4192 = CARTESIAN_POINT ( 'NONE',  ( -0.002804116263062743190, 2.122677592606968755, 0.005943441707946501597 ) ) ;
#4193 = CARTESIAN_POINT ( 'NONE',  ( 9.487425826920974359, -10.96709218983072631, 0.5032430802820712090 ) ) ;
#4194 = CARTESIAN_POINT ( 'NONE',  ( -6.134475498557924659E-13, 9.093185465545886359, -4.500000000001235456 ) ) ;
#4195 = CARTESIAN_POINT ( 'NONE',  ( -8.203988919321558271, -5.578119095394593607, 4.919688965617597276 ) ) ;
#4196 = CARTESIAN_POINT ( 'NONE',  ( -0.1814808845743474952, -5.259001225279048342, 6.358732571503082909 ) ) ;
#4197 = CARTESIAN_POINT ( 'NONE',  ( 0.8770503402309109964, -3.161677612449882435, 3.088147755542538508 ) ) ;
#4198 = CARTESIAN_POINT ( 'NONE',  ( -7.795150836640220682, -3.950180647148342938, -5.667103716620042420 ) ) ;
#4199 = CARTESIAN_POINT ( 'NONE',  ( 0.005830189242353177835, -3.480931035011893826, 0.004397954057962775998 ) ) ;
#4200 = DIRECTION ( 'NONE',  ( -0.000000000000000000, 1.000000000000000000, -0.000000000000000000 ) ) ;
#4201 = DESIGN_CONTEXT ( 'detailed design', #2905, 'design' ) ;
#4202 = ORIENTED_EDGE ( 'NONE', *, *, #2141, .F. ) ;
#4203 = CARTESIAN_POINT ( 'NONE',  ( 6.714959133086087384, -3.001298202049877073, 6.767328416660621571 ) ) ;
#4204 = CARTESIAN_POINT ( 'NONE',  ( -5.909601278676540836, 0.1298978717328608812, -2.336044277633277044 ) ) ;
#4205 = CARTESIAN_POINT ( 'NONE',  ( 9.563333210761856051, -0.7760431477701696945, 0.7822796240315440519 ) ) ;
#4206 = CARTESIAN_POINT ( 'NONE',  ( -1.444850392414660956, -0.4006183996606785813, 2.829170722864803533 ) ) ;
#4207 = DIRECTION ( 'NONE',  ( 0.000000000000000000, 1.000000000000000000, 0.000000000000000000 ) ) ;
#4208 = ORIENTED_EDGE ( 'NONE', *, *, #4774, .F. ) ;
#4209 = LINE ( 'NONE', #4275, #1873 ) ;
#4210 = CARTESIAN_POINT ( 'NONE',  ( -9.002608466803234677, 4.353963501483169019, 3.049530508338251789 ) ) ;
#4211 = B_SPLINE_SURFACE_WITH_KNOTS ( 'NONE', 3, 3, ( 
 ( #3376, #2982, #3405, #5372, #2370, #486, #2465, #3978, #949, #2920, #4404, #6373, #5957, #4468, #6314, #5404, #3, #5341, #912, #2949, #1941, #3916, #5894, #3441, #980, #34, #4921, #2883, #2006, #1516, #5313, #883, #2853, #4825, #4343, #4855, #2038, #550, #3500, #66, #2527, #5464, #3016, #1038, #4986, #4497, #4005, #5988, #270, #6161, #2795, #1759, #6287, #2315, #6255, #2764, #2829, #1726, #4801, #366, #724, #5676, #3708, #2346, #1826, #2251, #1239, #4669, #5189, #4220, #2731, #5251, #302, #3224, #6225, #1856, #5713, #4769, #1273, #761, #1303, #6194, #3288, #4286, #5811, #3185, #3320, #234, #4704, #4734, #3258, #3800, #793, #5152, #5776, #5286, #2218, #4317, #859, #1793, #4184, #1334, #5221, #3740, #2696, #3833, #2282, #4252, #3771, #5744, #825, #334, #1947, #9, #1982, #2988, #395, #2012, #2859, #956, #4350, #3893, #6321, #4862, #5870, #1460, #3446, #5410, #985, #3954, #4123, #633, #3649, #3716, #3131, #208, #5095, #3584, #697, #4092, #2669, #6135, #3233, #599, #2705, #4060, #2123, #2155, #665, #3194, #177, #4548, #5161, #4678, #6034, #1734, #243, #5615, #1602, #5647, #6101, #5581, #117, #1250, #1667, #1699, #5547, #2226, #5685, #1115, #1180, #4192, #2091, #3095, #2605, #4580, #147, #4642, #6067, #1149, #1632, #4160, #4592, #3695, #5661, #2136, #5763, #1412, #5793, #3815, #4271, #2393, #4366, #5886, #2845, #1353, #4336, #6270, #3432, #2426, #1812, #905, #6337, #5267, #845, #4847, #382, #3337, #5827, #4302, #3369, #1934, #413, #3787, #810, #4396, #2780, #4752, #3851, #320, #1320, #2813, #938, #6304, #2301, #5334, #875, #4787, #351, #2331, #5304, #5856, #1905, #1877, #1383, #2876, #3879, #3397, #5363, #2910, #4881, #446, #5038, #1967, #604, #2578, #2942, #1477, #3941, #4553, #2063, #2487, #5920, #122, #3462, #4980 ),
 ( #3971, #2096, #4521, #4031, #544, #4065, #5428, #6039, #1608, #4913, #1003, #2976, #5397, #6012, #4462, #4945, #479, #509, #28, #1998, #1061, #2521, #5949, #2030, #972, #1510, #5007, #3493, #5458, #3524, #1031, #5492, #88, #2457, #4427, #5524, #6396, #3009, #4489, #60, #1574, #3999, #5982, #3557, #1090, #1542, #3039, #3070, #573, #2551, #248, #3654, #182, #3100, #4231, #2674, #2710, #2610, #5200, #4715, #4097, #213, #2230, #4197, #3237, #639, #3720, #772, #3165, #5553, #2160, #6206, #3589, #2743, #6072, #2128, #4585, #1637, #6173, #4128, #6106, #151, #5166, #738, #2263, #5620, #4616, #702, #2643, #1120, #282, #3621, #3686, #4684, #5585, #1154, #1217, #5132, #1672, #2196, #670, #6140, #5068, #3199, #3135, #5100, #1185, #4647, #4165, #1704, #5653, #1739, #5689, #1254, #5787, #1285, #6299, #5755, #5262, #4746, #1378, #346, #4875, #901, #4842, #1345, #1408, #314, #3393, #5357, #5724, #4266, #2295, #930, #406, #838, #6237, #3268, #3782, #2808, #1315, #3846, #5298, #1805, #4812, #441, #4296, #3364, #6265, #3301, #1870, #4781, #5822, #2870, #4391, #1774, #1901, #5233, #2326, #3332, #1836, #2387, #870, #3752, #4362, #3875, #804, #2900, #5851, #376, #2775, #6332, #3810, #2840, #2359, #2420, #4328, #5330, #2937, #3062, #6390, #996, #4513, #2968, #1504, #3486, #3573, #3086, #1819, #4403, #5013, #1319, #5762, #844, #4786, #5303, #4335, #1876, #5885, #1541, #5919, #3940, #4395, #2520, #4488, #6011, #2975, #1966, #4461, #6395, #1573, #2550, #1933, #1030, #59, #3431, #5396, #4979, #508, #1476, #5948, #4426, #3492, #2062, #543, #3909, #4030, #4520, #87, #3556, #3970, #937, #6364, #971, #1060, #4944, #445, #5457, #1002, #2909, #1443, #4880, #2425, #5981, #2029, #2941, #4912, #3008, #3998, #478, #2456, #3523, #2486, #3461, #1509, #5427 ),
 ( #5006, #27, #5491, #1997, #3038, #572, #5165, #5652, #2095, #4683, #3588, #5099, #1184, #247, #4615, #3134, #1216, #4552, #181, #4196, #4584, #669, #2642, #1607, #2195, #4164, #3164, #6139, #1703, #1671, #638, #3198, #737, #1738, #2709, #2159, #212, #4064, #5552, #4096, #5523, #1636, #2609, #1089, #3069, #4127, #701, #2127, #3099, #5067, #6071, #5037, #603, #2673, #121, #6038, #6105, #4646, #3653, #3620, #1119, #1153, #5619, #1773, #837, #5956, #94, #1452, #1549, #516, #2070, #6288, #1067, #4951, #4920, #3947, #2495, #485, #4433, #3532, #3440, #2, #611, #1857, #4496, #5530, #5497, #3045, #580, #1975, #2037, #5927, #4040, #1581, #3563, #1485, #5434, #157, #1678, #676, #747, #3108, #4591, #646, #5697, #4561, #3207, #5108, #6146, #2718, #4691, #1613, #1260, #2237, #3171, #3596, #1224, #4622, #1160, #4071, #5207, #3661, #3694, #5561, #6181, #3245, #5075, #1192, #5174, #255, #4204, #1127, #1745, #3726, #4139, #128, #3141, #779, #2102, #6046, #2618, #2135, #4104, #6080, #1645, #2649, #187, #3630, #1711, #5660, #5594, #2168, #6113, #5626, #5138, #708, #2681, #4654, #221, #2204, #4170, #1424, #2986, #2953, #1945, #1980, #460, #5932, #70, #4956, #1916, #2042, #554, #2531, #4009, #3952, #5992, #2405, #5867, #3504, #4925, #2887, #1490, #3473, #916, #3409, #427, #5376, #2010, #38, #953, #2437, #2924, #522, #3920, #4408, #2500, #5961, #5439, #3020, #6377, #5898, #1457, #1520, #5468, #1042, #5017, #5598, #933, #451, #2002, #3497, #6176, #3754, #3349, #2058, #1569, #4183, #3609, #6160, #3223, #3121, #6091, #2916, #5651, #4682, #1606, #5551, #1130, #3595, #3140, #1159, #4590, #5529, #2556, #2202, #2648, #2167, #1677, #220, #1191, #3107, #675, #4527, #4039, #4560, #4621, #2101, #3076, #4137, #6111, #156, #5593, #5042, #3562, #1095 ),
 ( #1125, #4070, #186, #5560, #5987, #3660, #5625, #3044, #707, #3170, #2134, #5012, #5137, #6045, #2583, #5496, #1547, #5074, #5107, #579, #2680, #4653, #93, #2617, #3531, #1066, #2068, #6016, #1580, #610, #644, #127, #1612, #4103, #6079, #1644, #3627, #2717, #5173, #4689, #4785, #2748, #777, #1223, #5760, #1318, #2844, #6210, #5206, #1290, #3244, #4816, #5792, #746, #4270, #3305, #254, #2236, #1810, #3757, #4720, #2779, #1259, #318, #5302, #3786, #4203, #874, #1351, #3336, #381, #809, #4169, #3206, #6180, #4301, #1779, #3693, #2300, #4235, #6145, #1744, #1710, #5659, #2812, #5266, #3725, #287, #5695, #843, #2268, #5729, #350, #2330, #3271, #3814, #5237, #4751, #6241, #6269, #1840, #5425, #2424, #5362, #1874, #3007, #1442, #1475, #1382, #3969, #3491, #2875, #5394, #1001, #2974, #1996, #5826, #2485, #5947, #1932, #4333, #936, #4978, #2363, #1508, #4846, #904, #3368, #411, #4943, #2906, #4879, #5333, #3939, #5918, #1028, #4394, #3396, #5884, #1411, #6303, #5456, #2391, #2455, #3460, #4365, #6336, #6394, #3908, #444, #970, #5855, #4911, #3850, #1965, #1904, #3878, #6363, #3429, #2940, #477, #4425, #507, #4460, #26, #4551, #58, #5066, #602, #5618, #1059, #3163, #4487, #5584, #1635, #4519, #4029, #3522, #150, #5522, #3652, #6070, #3619, #120, #180, #5490, #2158, #4126, #2028, #3036, #5005, #6104, #1152, #6010, #571, #3997, #2549, #1572, #86, #2608, #4063, #2061, #3587, #1183, #3068, #2126, #5036, #3555, #636, #1088, #4583, #3133, #542, #2577, #4095, #2094, #6037, #1605, #5550, #5098, #1118, #2519, #668, #2640, #5980, #1670, #4614, #3098, #1540, #6264, #2774, #1702, #1835, #345, #2325, #4295, #1772, #3809, #4163, #1215, #5261, #2742, #4645, #3267, #5199, #5786, #5650, #1344, #2672, #3781, #6236, #2708, #2229, #3685, #4745, #3719 ),
 ( #1314, #1284, #246, #3300, #836, #5131, #700, #2262, #1804, #3197, #5164, #5688, #5754, #1253, #4195, #2807, #4780, #3751, #313, #6172, #4681, #1737, #3236, #211, #2194, #736, #5723, #4714, #2294, #4265, #5232, #771, #281, #6138, #4230, #6205, #803, #2899, #3456, #869, #2936, #3874, #5421, #5943, #4420, #6331, #1869, #900, #5850, #2358, #3845, #966, #4811, #2839, #3965, #3331, #440, #2480, #2450, #6389, #4906, #20, #1929, #375, #4361, #472, #4874, #1900, #2869, #5329, #2419, #1407, #5913, #5821, #3363, #1377, #4453, #5297, #1959, #3392, #3932, #5356, #1471, #4327, #929, #4390, #6360, #3905, #5881, #995, #5390, #405, #6298, #2967, #4938, #1436, #4841, #3423, #502, #1992, #2386, #4118, #4087, #1628, #4971, #2633, #5575, #112, #536, #4576, #1565, #4512, #1024, #2151, #595, #627, #2513, #3125, #4608, #2023, #4542, #143, #2119, #1145, #4483, #3613, #5091, #1081, #3485, #80, #1503, #5452, #661, #3992, #53, #5974, #1535, #6062, #2053, #4021, #3515, #3091, #5058, #172, #3549, #2543, #5030, #564, #3000, #5484, #1054, #1597, #2601, #3030, #4999, #5543, #3061, #6004, #2087, #5515, #4056, #2571, #1111, #6030, #3579, #1307, #3292, #5255, #2735, #2799, #5125, #2187, #6229, #3712, #5611, #4224, #6165, #4773, #204, #2319, #3645, #4738, #797, #3679, #3190, #2664, #5717, #4673, #338, #5225, #2768, #5681, #5748, #4637, #829, #6095, #1176, #4155, #6131, #1662, #306, #5156, #1695, #3157, #5643, #728, #1209, #1764, #3229, #2701, #4708, #693, #2222, #1277, #4188, #238, #6198, #1730, #3744, #2286, #1243, #5193, #765, #274, #2256, #3261, #4258, #1797, #3775, #1338, #4413, #1464, #3868, #6259, #2863, #495, #4290, #3450, #370, #2833, #5290, #4805, #4899, #4835, #892, #3324, #5874, #1429, #2961, #6325, #5322, #1400, #3356, #4931, #5905, #863 ),
 ( #2893, #1371, #433, #5414, #1922, #2350, #989, #1830, #3804, #5780, #923, #4321, #6292, #1861, #6382, #1894, #3837, #2412, #4354, #5815, #399, #2379, #5843, #2929, #5382, #3385, #5350, #4866, #3897, #4383, #6354, #3415, #960, #466, #3925, #2443, #1951, #4171, #13, #4962, #5446, #1712, #5627, #5967, #529, #3958, #4476, #1527, #2016, #4623, #5997, #2506, #5507, #5662, #4994, #2169, #559, #1017, #677, #3509, #2650, #1679, #5175, #3025, #6114, #75, #3986, #4015, #2536, #3172, #2047, #2474, #5139, #2682, #5937, #3696, #222, #1075, #1495, #1193, #4506, #5474, #1986, #3208, #1557, #3662, #3479, #1048, #4655, #3541, #44, #4444, #3054, #2205, #1225, #188, #5109, #4140, #2992, #6147, #709, #3727, #6305, #5208, #321, #2814, #1878, #6242, #4753, #5305, #4205, #1813, #3852, #6211, #2302, #4272, #3246, #3816, #5794, #4788, #1354, #3338, #3306, #2269, #876, #2846, #1384, #2364, #3788, #1842, #5698, #780, #5730, #4817, #3273, #4236, #383, #4337, #5764, #352, #1780, #4721, #288, #3758, #5828, #3370, #1261, #1321, #5268, #4303, #2332, #846, #1291, #2749, #748, #2719, #6271, #4692, #256, #2238, #6182, #1746, #5238, #811, #2781, #29, #1935, #3880, #2911, #1444, #4367, #5857, #2977, #414, #4848, #5983, #1543, #2458, #4490, #4463, #1999, #4946, #2031, #3942, #2394, #6365, #2488, #480, #3910, #4882, #939, #4428, #3433, #1511, #1413, #5364, #3398, #61, #5335, #3972, #5887, #510, #973, #5950, #906, #5398, #2943, #4914, #6397, #1968, #3494, #1004, #2427, #6338, #5459, #1906, #447, #5921, #1032, #1478, #4397, #3010, #4981, #3463, #545, #5429, #2522, #4000, #2877, #3655, #3166, #89, #2129, #1121, #671, #5101, #4098, #3071, #2064, #6141, #183, #1155, #6073, #3101, #5621, #1062, #3136, #4066, #1186, #3525, #4617, #123, #4032, #1091, #6040, #2552 ),
 ( #5133, #703, #5069, #5493, #2097, #3040, #5008, #2675, #6013, #1575, #4522, #3558, #4129, #1609, #3590, #574, #2644, #2161, #2197, #5554, #4554, #640, #2579, #4166, #4648, #5525, #3622, #6107, #5039, #605, #1673, #2611, #4586, #1638, #152, #5586, #214, #5756, #4685, #4813, #3333, #5299, #871, #4747, #377, #739, #4198, #1837, #5725, #1218, #6238, #1775, #2360, #2231, #4329, #5654, #347, #2809, #5690, #5201, #249, #1316, #283, #1705, #839, #4782, #1286, #1346, #6174, #2841, #3687, #3200, #1740, #3721, #5167, #2327, #773, #1255, #2711, #3238, #2744, #4716, #2264, #5234, #4232, #4297, #6266, #3302, #6207, #315, #3753, #3269, #5263, #805, #2776, #2296, #4267, #1806, #3783, #3811, #5788, #6333, #2388, #1025, #6300, #4939, #442, #1472, #1930, #997, #1871, #4876, #2421, #4392, #931, #2938, #3933, #1960, #3394, #5823, #3457, #2901, #1993, #6361, #3876, #537, #5852, #3966, #3002, #6391, #1409, #3906, #2514, #5944, #4454, #2871, #5453, #4363, #5882, #5914, #4972, #5391, #1437, #21, #3365, #967, #3847, #5358, #3424, #4907, #1902, #2969, #503, #5422, #2481, #1505, #2451, #473, #3487, #1379, #5331, #902, #4421, #4843, #407, #2544, #3063, #3126, #596, #1566, #2635, #4609, #3092, #4088, #3550, #2054, #4023, #5516, #173, #4119, #1055, #5060, #2088, #1629, #6063, #628, #6005, #3031, #694, #1146, #2120, #2602, #4057, #2152, #2024, #3614, #5031, #6097, #4484, #5578, #1082, #5000, #2572, #4544, #3517, #565, #5092, #1664, #113, #6031, #5126, #1598, #3646, #1177, #4577, #3580, #5544, #54, #5612, #3158, #4514, #3993, #81, #1112, #144, #5975, #662, #1536, #5485, #6132, #1766, #3805, #1731, #275, #4225, #5157, #5749, #1309, #4739, #3293, #5256, #5227, #4189, #830, #4775, #3326, #4291, #6200, #3776, #5644, #729, #1245, #2801, #5194, #6166, #339 ) ),
 .UNSPECIFIED., .F., .F., .F.,
 ( 4, 3, 4 ),
 ( 4, 2, 2, 2, 2, 2, 2, 2, 2, 2, 2, 2, 2, 2, 2, 2, 2, 2, 2, 2, 2, 2, 2, 2, 2, 2, 2, 2, 2, 2, 2, 2, 2, 2, 2, 2, 2, 2, 2, 2, 2, 2, 2, 2, 2, 2, 2, 2, 2, 2, 2, 2, 2, 2, 2, 2, 2, 2, 2, 2, 2, 2, 2, 2, 2, 2, 2, 2, 2, 2, 2, 2, 2, 2, 2, 2, 2, 2, 2, 2, 2, 2, 2, 2, 2, 2, 2, 2, 2, 2, 2, 2, 2, 2, 2, 2, 2, 2, 2, 2, 2, 2, 2, 2, 2, 2, 2, 2, 2, 2, 2, 2, 2, 2, 2, 2, 2, 2, 2, 2, 2, 2, 2, 2, 2, 2, 2, 4 ),
 ( 0.000000000000000000, 1.000000000000000000, 1.010000000000000009 ),
 ( 0.000000000000000000, 0.01000097556973339810, 0.01656335362351672030, 0.02312573167730004597, 0.03625048778486669732, 0.04281286583865002299, 0.04937524389243334866, 0.05593762194621667433, 0.06250000000000000000, 0.07687499087489790828, 0.08406248631234686242, 0.09124998174979580268, 0.09843747718724474294, 0.1056249726246936971, 0.1128124680621426512, 0.1199999634995916054, 0.1264843430621426790, 0.1329687226246937248, 0.1459374817497958166, 0.1524218613123468624, 0.1589062408748979083, 0.1718750000000000000, 0.1791406080707018400, 0.1864062161414036800, 0.1936718242121054923, 0.2009374322828073323, 0.2082030403535091723, 0.2154686484242109845, 0.2227342564949128245, 0.2299998645656146645, 0.2364061314949128523, 0.2428123984242110123, 0.2556249322828073600, 0.2620311992121054923, 0.2684374661414036800, 0.2812500000000000000, 0.2885937208327771786, 0.2959374416655543572, 0.3032811624983314802, 0.3106248833311086588, 0.3179686041638858374, 0.3253123249966629604, 0.3326560458294401390, 0.3399997666622173176, 0.3462497899725332506, 0.3524998132828491837, 0.3649998599034809943, 0.3774999065241128049, 0.3837499298344287380, 0.3899999531447446710, 0.3962499959238207636, 0.4025000387028968563, 0.4150001242610490415, 0.4275002098192012268, 0.4337502525982772639, 0.4400002953773533565, 0.4475002584551841522, 0.4550002215330148925, 0.4625001846108456327, 0.4700001476886763729, 0.4775001107665071132, 0.4850000738443379089, 0.4925000369221687047, 0.4999999999999994449, 0.5062500366365414450, 0.5125000732730835562, 0.5250001465461675565, 0.5375002198192515568, 0.5437502564557936680, 0.5500002930923356681, 0.5574221314557936680, 0.5648439698192517788, 0.5722658081827098897, 0.5796876465461678896, 0.5871094849096258894, 0.5945313232730840003, 0.6019531616365421112, 0.6093750000000001110, 0.6157031541672228769, 0.6220313083344455318, 0.6283594625016681867, 0.6346876166688908416, 0.6473439250033361514, 0.6536720791705588063, 0.6600002333377815722, 0.6673439541705588063, 0.6746876750033361514, 0.6820313958361134965, 0.6893751166688908416, 0.6967188375016681867, 0.7040625583344454208, 0.7114062791672226549, 0.7187500000000000000, 0.7315625338585961535, 0.7379688007878941747, 0.7443750677171923069, 0.7571876015757884604, 0.7635938685050864816, 0.7700001354343846138, 0.7772657435050864816, 0.7845313515757884604, 0.7917969596464904392, 0.7990625677171923069, 0.8063281757878941747, 0.8135937838585961535, 0.8208593919292981322, 0.8281250000000000000, 0.8410937591251019807, 0.8475781386876529711, 0.8540625182502039614, 0.8670312773753059421, 0.8735156569378570435, 0.8800000365004080338, 0.8871875319378570435, 0.8943750273753059421, 0.9015625228127549518, 0.9087500182502039614, 0.9159375136876529711, 0.9231250091251019807, 0.9375000000000000000, 0.9440623780537833465, 0.9506247561075666930, 0.9571871341613500395, 0.9637495122151332749, 0.9768742683226998569, 0.9834366463764832034, 0.9899990244302665499, 1.000000000000000000 ),
 .UNSPECIFIED. ) ;
#4212 = CARTESIAN_POINT ( 'NONE',  ( -2.975676933847766659, 0.9792748480204734873, -3.388415260500776238 ) ) ;
#4213 = CARTESIAN_POINT ( 'NONE',  ( 2.959734973513157286, -9.220090260031540197, 0.5046342863691894998 ) ) ;
#4214 = CARTESIAN_POINT ( 'NONE',  ( 3.477988119724588767, 1.934004276029448688, 5.327565534142248538 ) ) ;
#4215 = CARTESIAN_POINT ( 'NONE',  ( -6.275460256190905639, 0.5209458081403449681, 7.159430756879434199 ) ) ;
#4216 = CARTESIAN_POINT ( 'NONE',  ( 0.002895392738544360755, 3.581313986409910388, 0.001379572263541007293 ) ) ;
#4217 = CARTESIAN_POINT ( 'NONE',  ( 6.522047861335778407, -1.489588675030281140, -6.967263723499167227 ) ) ;
#4218 = EDGE_CURVE ( 'NONE', #3799, #1500, #3325, .T. ) ;
#4219 = VERTEX_POINT ( 'NONE', #2291 ) ;
#4220 = CARTESIAN_POINT ( 'NONE',  ( -0.0001711744087967743294, -2.841526374555186418, -3.631191791395098979E-05 ) ) ;
#4221 = ORIENTED_EDGE ( 'NONE', *, *, #1724, .F. ) ;
#4222 = CARTESIAN_POINT ( 'NONE',  ( 5.836756972887264361, 5.959616046762430841, 7.547640916630661501 ) ) ;
#4223 = CYLINDRICAL_SURFACE ( 'NONE', #5906, 1.000000000000000222 ) ;
#4224 = CARTESIAN_POINT ( 'NONE',  ( -9.427572315357009458, 2.306010660450350969, 1.673243796081515189 ) ) ;
#4225 = CARTESIAN_POINT ( 'NONE',  ( 9.329045630074585205, 5.169285399569248263, 2.415132704711021372 ) ) ;
#4226 = CARTESIAN_POINT ( 'NONE',  ( 1.252253509220757621E-14, 5.749999900226232086, -9.499999999999998224 ) ) ;
#4227 = LINE ( 'NONE', #5094, #1972 ) ;
#4228 = CARTESIAN_POINT ( 'NONE',  ( 2.937863934793637721, -10.89260658772860424, -0.6148058353220011707 ) ) ;
#4229 = CARTESIAN_POINT ( 'NONE',  ( 0.6148113643867465505, 9.293860487359195233, -4.458776164222975957 ) ) ;
#4230 = CARTESIAN_POINT ( 'NONE',  ( 8.716419622759641328, -4.614900700794239086, -3.940850299780916277 ) ) ;
#4231 = CARTESIAN_POINT ( 'NONE',  ( -2.773218987897901666, -3.587453759729279934, 1.557414107438839901 ) ) ;
#4232 = CARTESIAN_POINT ( 'NONE',  ( -3.763940187315826247, -2.122393440802657683, -8.874042003611833707 ) ) ;
#4233 = CARTESIAN_POINT ( 'NONE',  ( -2.899378495383885923, -2.348301571739098481, 9.081604555973044057 ) ) ;
#4234 = ORIENTED_EDGE ( 'NONE', *, *, #496, .F. ) ;
#4235 = CARTESIAN_POINT ( 'NONE',  ( 2.567090442989208743, -2.336591784154644635, -9.191753008095570721 ) ) ;
#4236 = CARTESIAN_POINT ( 'NONE',  ( -6.896308121415601455, 0.4947870469404788696, 6.671688844651630035 ) ) ;
#4237 = CARTESIAN_POINT ( 'NONE',  ( -3.097537444575817922, -2.677597310898898186, 0.7205471513171761710 ) ) ;
#4238 = CARTESIAN_POINT ( 'NONE',  ( 3.576663479205156371, 3.458354047320367997, -2.746798377925258272 ) ) ;
#4239 = EDGE_LOOP ( 'NONE', ( #2698, #745, #2794, #2679, #4316, #1715, #2661 ) ) ;
#4240 = AXIS2_PLACEMENT_3D ( 'NONE', #226, #5703, #2140 ) ;
#4241 = CARTESIAN_POINT ( 'NONE',  ( -0.7753029868564161875, -2.333289620347636095, 2.904701855588239567 ) ) ;
#4242 = CARTESIAN_POINT ( 'NONE',  ( -4.200969999475674399, 3.895718365143200579, -8.526364669866858037 ) ) ;
#4243 = AXIS2_PLACEMENT_3D ( 'NONE', #6215, #3278, #1230 ) ;
#4244 = DIRECTION ( 'NONE',  ( 0.000000000000000000, 0.000000000000000000, -1.000000000000000000 ) ) ;
#4245 = CARTESIAN_POINT ( 'NONE',  ( 2.828427124746193844, -10.09318546555144991, -0.9999999999999902300 ) ) ;
#4246 = CARTESIAN_POINT ( 'NONE',  ( -5.909505724047953379, 1.129897866769507653, -2.336012999536309032 ) ) ;
#4247 = CYLINDRICAL_SURFACE ( 'NONE', #4976, 4.500000000000000000 ) ;
#4248 = CARTESIAN_POINT ( 'NONE',  ( -0.003101207603117894958, 5.397710418244593633, -0.006324978768390448688 ) ) ;
#4249 = CARTESIAN_POINT ( 'NONE',  ( 2.631198189734679893, -2.161433668164086441, 9.265213190464585580 ) ) ;
#4250 = AXIS2_PLACEMENT_3D ( 'NONE', #2671, #6103, #2773 ) ;
#4251 = ORIENTED_EDGE ( 'NONE', *, *, #3748, .T. ) ;
#4252 = CARTESIAN_POINT ( 'NONE',  ( 0.002484375135955295237, -0.8800033465294408996, -0.005370904479522063679 ) ) ;
#4253 = EDGE_CURVE ( 'NONE', #3544, #5055, #1482, .T. ) ;
#4254 = SECURITY_CLASSIFICATION ( '', '', #607 ) ;
#4255 = ORIENTED_EDGE ( 'NONE', *, *, #2035, .T. ) ;
#4256 = CARTESIAN_POINT ( 'NONE',  ( 9.292679483455877687, 4.321615160840326375, -2.124843673742997208 ) ) ;
#4257 = CARTESIAN_POINT ( 'NONE',  ( 1.996918873078644019, 3.895791593482490267, 4.043467438241648892 ) ) ;
#4258 = CARTESIAN_POINT ( 'NONE',  ( 1.793841687135175444, 4.809914646890068646, 9.403351999556278429 ) ) ;
#4259 = DIRECTION ( 'NONE',  ( 0.000000000000000000, 1.000000000000000000, 0.000000000000000000 ) ) ;
#4260 = CARTESIAN_POINT ( 'NONE',  ( -1.448918029443689637, 2.645648410889661406, 4.270418418211183287 ) ) ;
#4261 = CARTESIAN_POINT ( 'NONE',  ( -0.8736418411116535498, -9.589282594762183365, -9.459877931755311664 ) ) ;
#4262 = EDGE_CURVE ( 'NONE', #380, #4440, #4227, .T. ) ;
#4263 = CARTESIAN_POINT ( 'NONE',  ( 4.297263726897570635, -3.398778129121268865, -8.510421690056517718 ) ) ;
#4264 = PLANE ( 'NONE',  #955 ) ;
#4265 = CARTESIAN_POINT ( 'NONE',  ( 9.403351983861796271, -4.809912162801689206, 1.793841769246365736 ) ) ;
#4266 = CARTESIAN_POINT ( 'NONE',  ( -3.179718262892280212, 0.2079493320381169685, -0.4246114895570317072 ) ) ;
#4267 = CARTESIAN_POINT ( 'NONE',  ( -6.345878482134249765, -1.479147299472039823, 7.239095940819574082 ) ) ;
#4268 = CARTESIAN_POINT ( 'NONE',  ( 1.842266822166345408, -1.042102189866164430, 2.399692335661169906 ) ) ;
#4269 = ORIENTED_EDGE ( 'NONE', *, *, #3389, .T. ) ;
#4270 = CARTESIAN_POINT ( 'NONE',  ( -8.315330311444979472, -3.586896080549137444, 4.680569470491279027 ) ) ;
#4271 = CARTESIAN_POINT ( 'NONE',  ( -0.004254846512684398903, 3.026988422161217329, 0.005017509783692450202 ) ) ;
#4272 = CARTESIAN_POINT ( 'NONE',  ( 7.429680454439676396, -0.5312624387419350169, -6.093152156488214288 ) ) ;
#4273 = CARTESIAN_POINT ( 'NONE',  ( -1.482812880566607872, -2.404751230408217033, 2.813464918926762870 ) ) ;
#4274 = CARTESIAN_POINT ( 'NONE',  ( 1.986236333860037506, -2.020568174323160715, 2.256855009995723194 ) ) ;
#4275 = CARTESIAN_POINT ( 'NONE',  ( 0.000000000000000000, 0.000000000000000000, -3.000000000000000444 ) ) ;
#4276 = CARTESIAN_POINT ( 'NONE',  ( -6.323449203339696290, 4.980460751276967635, -7.147405318254882900 ) ) ;
#4277 = B_SPLINE_CURVE_WITH_KNOTS ( 'NONE', 3,
 ( #5904, #4898, #6353, #5842, #3896, #891, #3836, #1829, #5289, #3803, #1893, #4865, #465, #862, #4834, #5873, #2832, #4804, #369, #2349, #4320, #6291, #5814, #398, #922, #828, #2442, #4412, #2798, #2378, #1370, #3355, #4353, #2892, #3414, #432, #2411, #6381, #1950, #2505, #1074, #3957, #4048, #4930, #6054, #4569, #5473 ),
 .UNSPECIFIED., .F., .F.,
 ( 4, 2, 2, 2, 2, 2, 2, 2, 1, 2, 2, 2, 2, 2, 2, 2, 2, 2, 2, 2, 2, 2, 2, 4 ),
 ( 0.03013300938620149319, 0.03107513199103497867, 0.03201725459586846068, 0.03390149980553543163, 0.03484362241036891711, 0.03578574501520240259, 0.03766999022486937354, 0.03861211282970285208, 0.03955423543453634450, 0.04049635803936982303, 0.04143848064420330851, 0.04332272585387027947, 0.04520697106353725042, 0.04709121627320422832, 0.04803333887803770685, 0.04897546148287119233, 0.05085970669253817023, 0.05274395190220514118, 0.05368607450703862666, 0.05462819711187211213, 0.05651244232153907615, 0.05745456492637256163, 0.05839668753120604711, 0.06028093274087301806 ),
 .UNSPECIFIED. ) ;
#4278 = EDGE_CURVE ( 'NONE', #5347, #6289, #5118, .T. ) ;
#4279 = FACE_OUTER_BOUND ( 'NONE', #5301, .T. ) ;
#4280 = DIRECTION ( 'NONE',  ( -1.000000000000000000, -0.000000000000000000, -3.491481338843132961E-15 ) ) ;
#4281 = CARTESIAN_POINT ( 'NONE',  ( 0.5910570997498618695, 1.779289114314313691, 6.335145310600300839 ) ) ;
#4282 = CARTESIAN_POINT ( 'NONE',  ( -3.934815712504127205, -6.114134324008079879, -8.652333284999539131 ) ) ;
#4283 = CARTESIAN_POINT ( 'NONE',  ( 0.0006601554303901145497, 5.695645222675994823, -0.0003902172850581043400 ) ) ;
#4284 = CARTESIAN_POINT ( 'NONE',  ( 0.000000000000000000, 0.000000000000000000, 0.000000000000000000 ) ) ;
#4285 = ORIENTED_EDGE ( 'NONE', *, *, #4830, .T. ) ;
#4286 = CARTESIAN_POINT ( 'NONE',  ( -0.006500465207946878876, -2.152700138318554224, 0.001996708299026486982 ) ) ;
#4287 = VERTEX_POINT ( 'NONE', #6385 ) ;
#4288 = CARTESIAN_POINT ( 'NONE',  ( -9.561044746765109181, 5.209641083604466871, -1.203006238783195014 ) ) ;
#4289 = CARTESIAN_POINT ( 'NONE',  ( -1.245477245642723376E-14, 4.749824871469419563, -4.500000000000000888 ) ) ;
#4290 = CARTESIAN_POINT ( 'NONE',  ( 9.569659313049541538, 5.259124384937508445, -0.2768691863811802989 ) ) ;
#4291 = CARTESIAN_POINT ( 'NONE',  ( -0.5927625357858143929, 5.769549578300355641, -9.611816719383774910 ) ) ;
#4292 = CARTESIAN_POINT ( 'NONE',  ( 9.487358821918814300, -9.219984011437354354, -0.5046668850885979163 ) ) ;
#4293 = CARTESIAN_POINT ( 'NONE',  ( 2.959705978709177732, -10.96618759844272617, 0.5048645432114501341 ) ) ;
#4294 = CARTESIAN_POINT ( 'NONE',  ( -3.580552246583306619, 4.457863972917866846, 2.741448117614667002 ) ) ;
#4295 = CARTESIAN_POINT ( 'NONE',  ( 9.521027841656977131, 5.229175755645443679, 0.6262999226650024509 ) ) ;
#4296 = CARTESIAN_POINT ( 'NONE',  ( 1.996794371174200000, 0.9656701555798841152, 2.475931231662394261 ) ) ;
#4297 = CARTESIAN_POINT ( 'NONE',  ( -5.384887060979921536, -2.061204546980465846, -7.993873722366220846 ) ) ;
#4298 = CARTESIAN_POINT ( 'NONE',  ( -1.540546932642800071E-11, 5.749787180128888231, -4.499999999999999112 ) ) ;
#4299 = EDGE_CURVE ( 'NONE', #4942, #5511, #637, .T. ) ;
#4300 = ORIENTED_EDGE ( 'NONE', *, *, #158, .F. ) ;
#4301 = CARTESIAN_POINT ( 'NONE',  ( 7.164150588375362005, -2.520188549595374194, -6.304914655925120570 ) ) ;
#4302 = CARTESIAN_POINT ( 'NONE',  ( -0.0008734186308900580148, 3.949946553552648343, 0.001121549250303757869 ) ) ;
#4303 = CARTESIAN_POINT ( 'NONE',  ( 8.814527495850656535, 1.119793244746211558, 3.824281179360898619 ) ) ;
#4304 = CARTESIAN_POINT ( 'NONE',  ( 0.9043308484014864757, 1.841587331954817275, 3.050098536165524621 ) ) ;
#4305 = CARTESIAN_POINT ( 'NONE',  ( 0.000000000000000000, -5.250000000000000888, -3.000000000000001332 ) ) ;
#4306 = ORIENTED_EDGE ( 'NONE', *, *, #2398, .T. ) ;
#4307 = CARTESIAN_POINT ( 'NONE',  ( -1.000000000000000222, 10.09318546555144991, -9.672884214303364203 ) ) ;
#4308 = CARTESIAN_POINT ( 'NONE',  ( -8.538069366379142267, -1.895921801726623723, -4.212371020154418666 ) ) ;
#4309 = CARTESIAN_POINT ( 'NONE',  ( 1.858439247318292686, 6.687487426591446571, -9.351281988233239417 ) ) ;
#4310 = CARTESIAN_POINT ( 'NONE',  ( -0.1979796289258709818, -5.228580181707631169, -3.000000000000000000 ) ) ;
#4311 = CARTESIAN_POINT ( 'NONE',  ( 3.497859126141962260, 0.03149871912227168030, 2.865876294976955396 ) ) ;
#4312 = CARTESIAN_POINT ( 'NONE',  ( 6.268858768446452068, 0.1978456132878421703, 1.035479117213671252 ) ) ;
#4313 = CARTESIAN_POINT ( 'NONE',  ( -6.287756430838348010, -6.020386144957450725, -7.148258562653753145 ) ) ;
#4314 = CARTESIAN_POINT ( 'NONE',  ( 0.008289333553673720878, 3.704215940717728639, 0.0003394888947830479887 ) ) ;
#4315 = CYLINDRICAL_SURFACE ( 'NONE', #4449, 4.500000000000000000 ) ;
#4316 = ORIENTED_EDGE ( 'NONE', *, *, #5105, .F. ) ;
#4317 = CARTESIAN_POINT ( 'NONE',  ( 0.001334399385971719648, -1.427312795422544855, 0.0003177611124810297079 ) ) ;
#4318 = ORIENTED_EDGE ( 'NONE', *, *, #24, .F. ) ;
#4319 = CARTESIAN_POINT ( 'NONE',  ( -3.927755917171248612, 5.614904206646271767, 8.687497823347925419 ) ) ;
#4320 = CARTESIAN_POINT ( 'NONE',  ( 9.017028695523910287, -4.853947459589138980, 3.054956833129955474 ) ) ;
#4321 = CARTESIAN_POINT ( 'NONE',  ( -9.413647053431782652, -5.687483866844988079, 1.870848392248061653 ) ) ;
#4322 = CARTESIAN_POINT ( 'NONE',  ( -2.167087356592287239, 6.988262610023207699, -2.324974509956297730 ) ) ;
#4323 = CARTESIAN_POINT ( 'NONE',  ( -4.824677897517516634, 3.581372385407211034, 8.233534335909737933 ) ) ;
#4324 = CARTESIAN_POINT ( 'NONE',  ( -2.921874198713537929, -1.833624768020651885, -0.7861903377935312021 ) ) ;
#4325 = CARTESIAN_POINT ( 'NONE',  ( 2.990829094459157567, -11.06649523941034730, 0.2639867707586348033 ) ) ;
#4326 = CARTESIAN_POINT ( 'NONE',  ( 9.447221813845590788, 9.828761171485417947, 1.000000000000033307 ) ) ;
#4327 = CARTESIAN_POINT ( 'NONE',  ( -2.870373950026701149, -2.152998282170362376, -9.134692017986605350 ) ) ;
#4328 = CARTESIAN_POINT ( 'NONE',  ( -3.061403902466974802, 2.337023073879941126, 0.8621571437399681015 ) ) ;
#4329 = CARTESIAN_POINT ( 'NONE',  ( -8.398461981298185108, -3.586887715361429141, 4.727416800937071173 ) ) ;
#4330 = CARTESIAN_POINT ( 'NONE',  ( 5.510910596163088569E-16, 0.000000000000000000, -4.500000000000000000 ) ) ;
#4331 = B_SPLINE_CURVE_WITH_KNOTS ( 'NONE', 3,
 ( #717, #5215, #2309, #2758, #755, #818, #4213, #2787, #6248, #2689, #4663, #2823, #2725, #2245, #2275, #295, #1328, #4245 ),
 .UNSPECIFIED., .F., .F.,
 ( 4, 2, 2, 2, 2, 2, 2, 2, 4 ),
 ( 0.000000000000000000, 0.0003936345317759546163, 0.0007872690635519092326, 0.001180903595327863903, 0.001574538127103818248, 0.001968172658879773027, 0.002361807190655727806, 0.002755441722431682151, 0.003149076254207636930 ),
 .UNSPECIFIED. ) ;
#4332 = ORIENTED_EDGE ( 'NONE', *, *, #1841, .T. ) ;
#4333 = CARTESIAN_POINT ( 'NONE',  ( 1.859546044495746564, -0.3125132436474542530, -9.362002900383343373 ) ) ;
#4334 = EDGE_CURVE ( 'NONE', #291, #4927, #4423, .T. ) ;
#4335 = CARTESIAN_POINT ( 'NONE',  ( 3.024575405921622107, 3.348738217732936562, -0.9729293425231047010 ) ) ;
#4336 = CARTESIAN_POINT ( 'NONE',  ( -0.004008577052820283017, 3.348956543241743411, -0.009680257724517377788 ) ) ;
#4337 = CARTESIAN_POINT ( 'NONE',  ( -5.067814686597063911, 0.5729256752576457057, 8.146881953182683489 ) ) ;
#4338 = CARTESIAN_POINT ( 'NONE',  ( -1.677178888205507867, 1.572760139081038178, 2.697832827609008000 ) ) ;
#4339 = DIRECTION ( 'NONE',  ( -0.000000000000000000, 1.000000000000000000, -0.000000000000000000 ) ) ;
#4340 = CARTESIAN_POINT ( 'NONE',  ( 7.380473144510060202, 0.4687391669711452047, -6.052844302086779038 ) ) ;
#4341 = CARTESIAN_POINT ( 'NONE',  ( -0.8004227343064133082, 9.479387423638218735, -9.466682890601566314 ) ) ;
#4342 = CARTESIAN_POINT ( 'NONE',  ( -0.3927381651075650404, -5.208132378356282288, -2.980587667787238715 ) ) ;
#4343 = CARTESIAN_POINT ( 'NONE',  ( 0.002980826040820150433, -4.615956002752395371, 0.006201206646372968943 ) ) ;
#4344 = CARTESIAN_POINT ( 'NONE',  ( -6.361801572193188647, 3.244529116897881149, -0.1035879293557958047 ) ) ;
#4345 = CARTESIAN_POINT ( 'NONE',  ( -7.152356316491815136, -5.978865146602098335, -6.260314275714210730 ) ) ;
#4346 = CARTESIAN_POINT ( 'NONE',  ( 9.265211576530523629, 4.161433668767570815, 2.631198782385044233 ) ) ;
#4347 = LINE ( 'NONE', #428, #5171 ) ;
#4348 = AXIS2_PLACEMENT_3D ( 'NONE', #1940, #3915, #947 ) ;
#4349 = ORIENTED_EDGE ( 'NONE', *, *, #6253, .T. ) ;
#4350 = CARTESIAN_POINT ( 'NONE',  ( -0.003213503875743720962, -0.3125764650460489680, 2.784955928716866834E-05 ) ) ;
#4351 = ORIENTED_EDGE ( 'NONE', *, *, #4278, .F. ) ;
#4352 = CARTESIAN_POINT ( 'NONE',  ( 8.476604291772806832, 6.408854312994050950, -4.644223689336246963 ) ) ;
#4353 = CARTESIAN_POINT ( 'NONE',  ( 7.549187640847298653, -4.541407771932203019, -5.801113695228623079 ) ) ;
#4354 = CARTESIAN_POINT ( 'NONE',  ( -2.955824502214412508, -5.348934133703321159, 9.270037361842931034 ) ) ;
#4355 = CARTESIAN_POINT ( 'NONE',  ( 0.07420488475367047199, 6.742308653682563602, -3.177591549310181840 ) ) ;
#4356 = LINE ( 'NONE', #3840, #5378 ) ;
#4357 = CARTESIAN_POINT ( 'NONE',  ( 1.236861382564800715, -2.291544424932055346, -9.424256396962251259 ) ) ;
#4358 = ADVANCED_FACE ( 'NONE', ( #4869 ), #402, .F. ) ;
#4359 = CARTESIAN_POINT ( 'NONE',  ( 0.6262861789406196644, -4.229175761050412596, 9.520910931976324321 ) ) ;
#4360 = CARTESIAN_POINT ( 'NONE',  ( -4.356646490579442421, 4.333021213397097782, 1.164409856271052535 ) ) ;
#4361 = CARTESIAN_POINT ( 'NONE',  ( 4.180465953597329865, -3.108085143921162974, 8.712971125364385117 ) ) ;
#4362 = CARTESIAN_POINT ( 'NONE',  ( -0.3980016821345983002, 1.788858210518369463, -3.184336662354706693 ) ) ;
#4363 = CARTESIAN_POINT ( 'NONE',  ( -5.084599944385541193, 0.5729264947466919944, 8.173857334281679599 ) ) ;
#4364 = CARTESIAN_POINT ( 'NONE',  ( -1.993284377791330941, 5.895578888378871341, -4.045227354402578079 ) ) ;
#4365 = CARTESIAN_POINT ( 'NONE',  ( 5.218972407682178627, 0.9342651224059879134, 7.990616981033736188 ) ) ;
#4366 = CARTESIAN_POINT ( 'NONE',  ( -0.0003967693008097129088, 3.161054357819367056, -5.351852027763267421E-05 ) ) ;
#4367 = CARTESIAN_POINT ( 'NONE',  ( -7.967494120087268428, 2.061211581394709835, -5.367107339612491756 ) ) ;
#4368 = CARTESIAN_POINT ( 'NONE',  ( 2.920818242612743809, 2.120015501285627657, 1.262035875012884611 ) ) ;
#4369 = CARTESIAN_POINT ( 'NONE',  ( 9.480623866510134334, 10.89374450023732166, -0.6136278050134024165 ) ) ;
#4370 = CARTESIAN_POINT ( 'NONE',  ( 0.2944075331028384590, 1.770626326145116280, 4.499999999999996447 ) ) ;
#4371 = CARTESIAN_POINT ( 'NONE',  ( -3.907751922721735216, 1.416186635937441540, 2.250913866934201923 ) ) ;
#4372 = CARTESIAN_POINT ( 'NONE',  ( -2.980317830584596983, -4.792185207659354518, -0.3947499180190413570 ) ) ;
#4373 = CARTESIAN_POINT ( 'NONE',  ( 9.500082087712833356, -3.779957047367064060, 0.8939525498254515812 ) ) ;
#4374 = CARTESIAN_POINT ( 'NONE',  ( -0.9159710991749543396, 3.703922763887649960, 6.295645543678483946 ) ) ;
#4375 = CARTESIAN_POINT ( 'NONE',  ( 0.9656820069686589125, -4.354281801182753320, -2.847087095916599253 ) ) ;
#4376 = CARTESIAN_POINT ( 'NONE',  ( 0.000000000000000000, 11.09318546555144991, -9.500000000000000000 ) ) ;
#4377 = CARTESIAN_POINT ( 'NONE',  ( 0.3115062371321479784, -1.239561449695846251, 9.500000000000001776 ) ) ;
#4378 = EDGE_CURVE ( 'NONE', #5511, #1367, #1104, .T. ) ;
#4379 = ORIENTED_EDGE ( 'NONE', *, *, #2590, .F. ) ;
#4380 = ORIENTED_EDGE ( 'NONE', *, *, #5283, .T. ) ;
#4381 = CARTESIAN_POINT ( 'NONE',  ( -0.1814890031453340047, -4.259001225360662168, 6.358769570088900203 ) ) ;
#4382 = CARTESIAN_POINT ( 'NONE',  ( 4.471790481960111308, 4.208541180406752957, 0.5840549209064779257 ) ) ;
#4383 = CARTESIAN_POINT ( 'NONE',  ( 9.434595419412120876, -4.809910297781110344, 1.799795599452034267 ) ) ;
#4384 = CARTESIAN_POINT ( 'NONE',  ( -0.002646967212004022046, -1.672815264879541131, -0.007242571063569864381 ) ) ;
#4385 = CARTESIAN_POINT ( 'NONE',  ( -3.635788019591323668E-08, -2.250001158985739380, 9.499821227794697620 ) ) ;
#4386 = CARTESIAN_POINT ( 'NONE',  ( -3.000212115241337685, -1.729672612100652929, 0.1937743909118525565 ) ) ;
#4387 = ORIENTED_EDGE ( 'NONE', *, *, #977, .T. ) ;
#4388 = CARTESIAN_POINT ( 'NONE',  ( 7.164184750604929874, -1.520188548823738106, -6.304936390687048586 ) ) ;
#4389 = CARTESIAN_POINT ( 'NONE',  ( 2.742777733786657013, 1.541607348151019075, -3.579647791172340998 ) ) ;
#4390 = CARTESIAN_POINT ( 'NONE',  ( -5.349327340775196227, -2.061208679454084258, -7.941114704515563005 ) ) ;
#4391 = CARTESIAN_POINT ( 'NONE',  ( 3.062560191608018734, 1.336700042366667729, -0.8591605940486981563 ) ) ;
#4392 = CARTESIAN_POINT ( 'NONE',  ( 8.908423499465522255, -0.6249938312241793970, -3.686967338884554746 ) ) ;
#4393 = CARTESIAN_POINT ( 'NONE',  ( 0.000000000000000000, 0.000000000000000000, 0.000000000000000000 ) ) ;
#4394 = CARTESIAN_POINT ( 'NONE',  ( -6.282928457726224103, 0.5208491159694944583, 7.167501131507437506 ) ) ;
#4395 = CARTESIAN_POINT ( 'NONE',  ( 1.290214249760630816, 3.616729610035559261, -2.907707890424222619 ) ) ;
#4396 = CARTESIAN_POINT ( 'NONE',  ( -0.0002621718258692742345, 4.289510563357414874, -0.008234170686690037155 ) ) ;
#4397 = CARTESIAN_POINT ( 'NONE',  ( -6.080029073963099329, 4.533833414413828145, 7.556817942649026953 ) ) ;
#4398 = CARTESIAN_POINT ( 'NONE',  ( 2.807363869146442870, 0.4055998364203211581, -1.497043838838116203 ) ) ;
#4399 = CARTESIAN_POINT ( 'NONE',  ( 4.357283948299373044, 3.166870005492282036, 1.161811137662694726 ) ) ;
#4400 = CARTESIAN_POINT ( 'NONE',  ( 5.507873130863458284E-16, 11.09318546555144991, -4.500000000000000000 ) ) ;
#4401 = CARTESIAN_POINT ( 'NONE',  ( -0.1967744918499567119, -5.271164428320177286, 3.000000000000341505 ) ) ;
#4402 = CARTESIAN_POINT ( 'NONE',  ( -2.904897828153147898, -4.667303083412041254, 0.7745163417907334757 ) ) ;
#4403 = CARTESIAN_POINT ( 'NONE',  ( 2.257905690177552493, 3.001339212812182744, 2.236283064241844087 ) ) ;
#4404 = CARTESIAN_POINT ( 'NONE',  ( -0.0003447294356900683864, -5.743121355818817442, -0.006860708151126008493 ) ) ;
#4405 = CARTESIAN_POINT ( 'NONE',  ( -6.304097268848325442, 5.290298607390640839, 0.8062131467624013004 ) ) ;
#4406 = CARTESIAN_POINT ( 'NONE',  ( -9.439864851493396714, -3.791482751653262540, -1.238090531755877244 ) ) ;
#4407 = CARTESIAN_POINT ( 'NONE',  ( -0.006879928359453378085, 6.742376129449008104, -0.0003661255255196006232 ) ) ;
#4408 = CARTESIAN_POINT ( 'NONE',  ( 6.194930980267060683, 3.321517750446975281, -1.416802571294385915 ) ) ;
#4409 = CARTESIAN_POINT ( 'NONE',  ( -3.747507358340663952, 0.4372015325706037903, 2.501056779802372620 ) ) ;
#4410 = ORIENTED_EDGE ( 'NONE', *, *, #2907, .T. ) ;
#4411 = CARTESIAN_POINT ( 'NONE',  ( 1.858439247318292686, 6.687487426591446571, -9.351281988233239417 ) ) ;
#4412 = CARTESIAN_POINT ( 'NONE',  ( 9.180232681195180433, -4.666543848452725740, -2.463823080403610977 ) ) ;
#4413 = CARTESIAN_POINT ( 'NONE',  ( 6.546706469073034107, 4.989586031343307582, 6.985883468040566591 ) ) ;
#4414 = EDGE_CURVE ( 'NONE', #1792, #6350, #6044, .T. ) ;
#4415 = CARTESIAN_POINT ( 'NONE',  ( 0.002125242732359734765, -2.677521088014117812, 0.005780162997101582871 ) ) ;
#4416 = CARTESIAN_POINT ( 'NONE',  ( 3.333921680392925740E-15, -5.250000018231926191, 9.499999999999998224 ) ) ;
#4417 = CARTESIAN_POINT ( 'NONE',  ( 0.6187516862125495010, -2.270734507980827210, -9.484913339940071353 ) ) ;
#4418 = CARTESIAN_POINT ( 'NONE',  ( -4.353379140776991285, -0.4010381074944043833, 8.479568548681562845 ) ) ;
#4419 = CARTESIAN_POINT ( 'NONE',  ( -1.171829016007233326, 4.666042456644616365, 4.354717838020211396 ) ) ;
#4420 = CARTESIAN_POINT ( 'NONE',  ( -5.845803791107907266, -4.041035926052044758, -7.582520687481838273 ) ) ;
#4421 = CARTESIAN_POINT ( 'NONE',  ( 2.764245085217959641, 1.657251372505779807, -9.221945881004481649 ) ) ;
#4422 = CARTESIAN_POINT ( 'NONE',  ( -0.8065021900971071078, 5.722973497103871487, 9.500069552579455845 ) ) ;
#4423 = B_SPLINE_CURVE_WITH_KNOTS ( 'NONE', 3,
 ( #2321, #4902, #469, #2446, #6357, #5353, #4292, #4807, #3327, #6261, #372, #1403, #6295, #2354, #2896, #1864 ),
 .UNSPECIFIED., .F., .F.,
 ( 4, 2, 2, 2, 2, 2, 2, 4 ),
 ( 0.003128620967379282941, 0.003519606465540791023, 0.003910591963702299105, 0.004301577461863807621, 0.004692562960025315269, 0.005083548458186823785, 0.005474533956348330566, 0.006256504952671343260 ),
 .UNSPECIFIED. ) ;
#4424 = CARTESIAN_POINT ( 'NONE',  ( 4.499987817079595054, 11.09313064240514812, -0.1323958658247982312 ) ) ;
#4425 = CARTESIAN_POINT ( 'NONE',  ( 3.487030042058652413, 1.630857427586036135, -8.872067595927939365 ) ) ;
#4426 = CARTESIAN_POINT ( 'NONE',  ( -1.305096351281446854, 4.615108586543384739, 2.897817853407294475 ) ) ;
#4427 = CARTESIAN_POINT ( 'NONE',  ( 2.897810991063529684, -4.615605404095316722, -1.305111586186480599 ) ) ;
#4428 = CARTESIAN_POINT ( 'NONE',  ( 8.741903118979745813, 3.108086045092051997, 4.194378964596410242 ) ) ;
#4429 = CARTESIAN_POINT ( 'NONE',  ( -1.156038232450485426, 2.868324593044348170, -2.959903359768825126 ) ) ;
#4430 = FACE_OUTER_BOUND ( 'NONE', #6078, .T. ) ;
#4431 = CARTESIAN_POINT ( 'NONE',  ( 2.742453810671383607, 1.957975013943320297, 3.579766472538065347 ) ) ;
#4432 = CARTESIAN_POINT ( 'NONE',  ( -4.470842644957309098, 1.208050738859546280, -0.5893122142509595873 ) ) ;
#4433 = CARTESIAN_POINT ( 'NONE',  ( 2.845584205512287745, -2.397730345995923162, -5.690667014745479868 ) ) ;
#4434 = EDGE_CURVE ( 'NONE', #5026, #3184, #1604, .T. ) ;
#4435 = CARTESIAN_POINT ( 'NONE',  ( 8.990402152212515929, -3.641934525261663946, -3.173198974258508276 ) ) ;
#4436 = CARTESIAN_POINT ( 'NONE',  ( 2.577424655495736960, 4.616959938100753114, -5.816561106599483111 ) ) ;
#4437 = CARTESIAN_POINT ( 'NONE',  ( -9.195467916248396989, -3.666571993209982061, 2.466003102705371042 ) ) ;
#4438 = DIRECTION ( 'NONE',  ( 0.000000000000000000, 0.000000000000000000, -1.000000000000000000 ) ) ;
#4439 = CARTESIAN_POINT ( 'NONE',  ( 7.537231960752860159E-06, -1.249999993946490973, -9.499868044455633154 ) ) ;
#4440 = VERTEX_POINT ( 'NONE', #601 ) ;
#4441 = CARTESIAN_POINT ( 'NONE',  ( 4.393684305901884635, 9.830520794180205968, 0.9737436580042800882 ) ) ;
#4442 = CARTESIAN_POINT ( 'NONE',  ( 6.226414369342074373, 6.523429999040289751, -7.220711276829149483 ) ) ;
#4443 = CARTESIAN_POINT ( 'NONE',  ( 1.995699415931658116, 4.895732741934963883, 4.044122879870011289 ) ) ;
#4444 = CARTESIAN_POINT ( 'NONE',  ( -9.604854682675879829, -1.791638757881538702, -1.277747653535145744 ) ) ;
#4445 = CARTESIAN_POINT ( 'NONE',  ( 0.008277079398016496184, -0.009752427400796466472, -0.006186686758596255525 ) ) ;
#4446 = DIRECTION ( 'NONE',  ( -0.000000000000000000, -1.000000000000000000, -0.000000000000000000 ) ) ;
#4447 = CARTESIAN_POINT ( 'NONE',  ( 2.980300535614747837, -2.708322802686800479, -0.3949361197198862361 ) ) ;
#4448 = B_SPLINE_CURVE_WITH_KNOTS ( 'NONE', 3,
 ( #5510, #5086, #1019, #2628, #5969, #2995, #46, #5249, #822, #268, #332, #2660, #6125, #3768, #1236, #3151, #1757, #3706, #2313, #4150, #6252, #2791, #2729, #3221, #1791, #687 ),
 .UNSPECIFIED., .F., .F.,
 ( 4, 2, 2, 2, 2, 2, 2, 2, 2, 2, 2, 2, 4 ),
 ( 0.5599996721481514950, 0.5648439698192517788, 0.5722658081827098897, 0.5796876465461678896, 0.5871094849096258894, 0.5945313232730840003, 0.6019531616365421112, 0.6093750000000001110, 0.6157031541672228769, 0.6220313083344455318, 0.6283594625016681867, 0.6346876166688908416, 0.6399999695253736354 ),
 .UNSPECIFIED. ) ;
#4449 = AXIS2_PLACEMENT_3D ( 'NONE', #4799, #984, #4894 ) ;
#4450 = AXIS2_PLACEMENT_3D ( 'NONE', #6043, #3043, #5072 ) ;
#4451 = CARTESIAN_POINT ( 'NONE',  ( 0.2553895674732835075, -2.241531627245988201, 9.529802109034514856 ) ) ;
#4452 = DIRECTION ( 'NONE',  ( -0.000000000000000000, -1.000000000000000000, -0.000000000000000000 ) ) ;
#4453 = CARTESIAN_POINT ( 'NONE',  ( 6.543844783888167704, -2.489584908189825807, -6.990596551613097454 ) ) ;
#4454 = CARTESIAN_POINT ( 'NONE',  ( -8.412487013858452656, 0.4166463629774707078, 4.872228546647394687 ) ) ;
#4455 = CARTESIAN_POINT ( 'NONE',  ( -7.544166162579096557, 4.458154887463058103, 5.782184110983584091 ) ) ;
#4456 = CARTESIAN_POINT ( 'NONE',  ( 2.693900025250892671, -3.603760399195675479, -1.334809839229673001 ) ) ;
#4457 = AXIS2_PLACEMENT_3D ( 'NONE', #4594, #4207, #1195 ) ;
#4458 = VERTEX_POINT ( 'NONE', #2060 ) ;
#4459 = ADVANCED_FACE ( 'NONE', ( #3404 ), #3427, .T. ) ;
#4460 = CARTESIAN_POINT ( 'NONE',  ( 0.4270984780035491646, 1.736344769138782107, -9.619304236782033612 ) ) ;
#4461 = CARTESIAN_POINT ( 'NONE',  ( -1.347394412418760234, 3.888894313225415900, -2.881579061933843278 ) ) ;
#4462 = CARTESIAN_POINT ( 'NONE',  ( -2.726276227411284836, -5.578554783804084316, 1.632837037480555864 ) ) ;
#4463 = CARTESIAN_POINT ( 'NONE',  ( -7.013837959907951003, 2.489586115755259677, 6.565565869684620637 ) ) ;
#4464 = CARTESIAN_POINT ( 'NONE',  ( -3.033347040273319806, 3.152302367709235664, -0.9579094460269066413 ) ) ;
#4465 = CARTESIAN_POINT ( 'NONE',  ( 0.1306066934199363871, 9.093185465551254509, -9.500000000000017764 ) ) ;
#4466 = CARTESIAN_POINT ( 'NONE',  ( 0.8736418411116535498, 10.59708833634071112, -9.459877931755311664 ) ) ;
#4467 = CARTESIAN_POINT ( 'NONE',  ( -2.847279933997097334, -5.646321601036548010, 0.9649498350502409005 ) ) ;
#4468 = CARTESIAN_POINT ( 'NONE',  ( -0.001563280036185001184, -5.606342879002799151, -0.004156339323645294806 ) ) ;
#4469 = CARTESIAN_POINT ( 'NONE',  ( -4.643254114247776343, 3.489716320996749666, 4.350030806218930124 ) ) ;
#4470 = CARTESIAN_POINT ( 'NONE',  ( 1.506053482360289575, -5.083242097348539268, 2.601926747932663986 ) ) ;
#4471 = CARTESIAN_POINT ( 'NONE',  ( 0.005309607624423008133, 6.522356612036080747, 0.004670791748384784357 ) ) ;
#4472 = CARTESIAN_POINT ( 'NONE',  ( 8.526725833789040365, -0.8956948248247930122, 4.200346045584755217 ) ) ;
#4473 = ORIENTED_EDGE ( 'NONE', *, *, #5475, .F. ) ;
#4474 = CARTESIAN_POINT ( 'NONE',  ( 0.000000000000000000, -5.250000000000000000, -6.333333333333329485 ) ) ;
#4475 = CARTESIAN_POINT ( 'NONE',  ( 3.903596522454987117, 5.416727367978316110, -2.257895822278108700 ) ) ;
#4476 = CARTESIAN_POINT ( 'NONE',  ( -7.769420613433713818, -3.950182334055668321, -5.648403219653210350 ) ) ;
#4477 = CARTESIAN_POINT ( 'NONE',  ( 0.01094389481242418437, -2.404486957699565330, 0.004624226267567233505 ) ) ;
#4478 = CARTESIAN_POINT ( 'NONE',  ( -9.499999999999971578, 6.250000000000008882, 8.243275772848261267E-13 ) ) ;
#4479 = CARTESIAN_POINT ( 'NONE',  ( 2.697624662563315567, -2.895833752881395995, 1.327042956761146586 ) ) ;
#4480 = ORIENTED_EDGE ( 'NONE', *, *, #5878, .F. ) ;
#4481 = CARTESIAN_POINT ( 'NONE',  ( -2.860863906160708847, -1.152997290199189173, -9.104368422783693404 ) ) ;
#4482 = CARTESIAN_POINT ( 'NONE',  ( 2.256392795381285676, 6.583082012819853723, -3.904410768184997327 ) ) ;
#4483 = CARTESIAN_POINT ( 'NONE',  ( -3.668056061479310515, -0.1249933788447391836, -8.847392157731256646 ) ) ;
#4484 = CARTESIAN_POINT ( 'NONE',  ( 8.044184978178250844, 3.435564879174950015, -5.307720542038182110 ) ) ;
#4485 = CARTESIAN_POINT ( 'NONE',  ( -7.543641523972604013, -1.958176666780437669, -5.782775434356335786 ) ) ;
#4486 = CARTESIAN_POINT ( 'NONE',  ( 0.2620654901427595385, -9.119268454025625914, -9.497158202459218046 ) ) ;
#4487 = CARTESIAN_POINT ( 'NONE',  ( -9.104337570389589018, 2.152997291660181833, -2.860859420175951850 ) ) ;
#4488 = CARTESIAN_POINT ( 'NONE',  ( 0.4112405165493374648, 3.708370216347895099, -3.153489717391781522 ) ) ;
#4489 = CARTESIAN_POINT ( 'NONE',  ( 1.189038706073751950, -4.372363221674413936, -2.947381102720410873 ) ) ;
#4490 = CARTESIAN_POINT ( 'NONE',  ( -8.135674668725922487, 2.428385213231786910, 5.108564963905418033 ) ) ;
#4491 = CARTESIAN_POINT ( 'NONE',  ( -2.838832770154162688, 5.398066320402730156, 1.428179801860696596 ) ) ;
#4492 = CARTESIAN_POINT ( 'NONE',  ( 0.5030912011733391642, 9.219182200008134487, -9.487434747959778036 ) ) ;
#4493 = EDGE_CURVE ( 'NONE', #1825, #4635, #1801, .T. ) ;
#4494 = CARTESIAN_POINT ( 'NONE',  ( -0.6151945362146635787, 10.89227406886770311, -9.480510539373016243 ) ) ;
#4495 = CARTESIAN_POINT ( 'NONE',  ( -4.500126500559621157, 1.229004216712598518, -0.2928624220889063379 ) ) ;
#4496 = CARTESIAN_POINT ( 'NONE',  ( -2.482436446854359602, -2.122743361407185780, -5.858403362290734329 ) ) ;
#4497 = CARTESIAN_POINT ( 'NONE',  ( 0.002341959522497254025, -3.981143205380467176, -0.002104513864093091914 ) ) ;
#4498 = CARTESIAN_POINT ( 'NONE',  ( -6.333469253011903000, 7.208875809465332019, -0.8159880312277609793 ) ) ;
#4499 = CYLINDRICAL_SURFACE ( 'NONE', #5808, 9.500000000000000000 ) ;
#4500 = CARTESIAN_POINT ( 'NONE',  ( -4.213585962682715902, 5.895966641748302095, -8.537396189114383915 ) ) ;
#4501 = CARTESIAN_POINT ( 'NONE',  ( 0.000000000000000000, 0.000000000000000000, 0.000000000000000000 ) ) ;
#4502 = B_SPLINE_CURVE_WITH_KNOTS ( 'NONE', 3,
 ( #4937, #404, #1376, #4419, #6388, #2898, #3904, #3362, #1899, #2418, #4294, #5912, #1958, #1834, #4360, #3808, #6297, #1406, #3873, #471, #2838, #3422, #501, #5849, #1868, #3391, #4810, #3931, #5785, #6263, #5420, #5355, #374, #2357 ),
 .UNSPECIFIED., .F., .F.,
 ( 4, 2, 2, 2, 2, 2, 2, 2, 2, 2, 2, 2, 2, 2, 2, 2, 4 ),
 ( 0.02143871419459057043, 0.02233274236701132329, 0.02322677053943207615, 0.02412079871185283247, 0.02501482688427358186, 0.02590885505669433819, 0.02680288322911508758, 0.02769691140153584044, 0.02859093957395658983, 0.02948496774637734269, 0.03037899591879809208, 0.03127302409121884147, 0.03216705226363959780, 0.03306108043606034719, 0.03395510860848109658, 0.03484913678090184597, 0.03574316495332259536 ),
 .UNSPECIFIED. ) ;
#4503 = CARTESIAN_POINT ( 'NONE',  ( -9.485026444373641397, 2.229303867894807389, -0.6176315707184034665 ) ) ;
#4504 = CARTESIAN_POINT ( 'NONE',  ( 4.383074545906951336, -0.01018578082968964182, 4.687668553322796861 ) ) ;
#4505 = CARTESIAN_POINT ( 'NONE',  ( 0.000000000000000000, 12.50000000000000000, 0.000000000000000000 ) ) ;
#4506 = CARTESIAN_POINT ( 'NONE',  ( 1.678820133784634461, -2.306008626554016505, -9.458892602396597127 ) ) ;
#4507 = CARTESIAN_POINT ( 'NONE',  ( 0.001026520990306050221, -0.7922254197717829571, -0.001976148433081311752 ) ) ;
#4508 = CARTESIAN_POINT ( 'NONE',  ( 6.268411923509531469, 2.979223453431124824, 7.145237132012479897 ) ) ;
#4509 = B_SPLINE_CURVE_WITH_KNOTS ( 'NONE', 3,
 ( #2647, #3561, #2614, #5528, #4494, #4101, #5011, #6076, #1642, #5462 ),
 .UNSPECIFIED., .F., .F.,
 ( 4, 2, 2, 2, 4 ),
 ( 0.000000000000000000, 0.0003911685724521855412, 0.0007823371449043711907, 0.001173505717356557003, 0.001564674289808742815 ),
 .UNSPECIFIED. ) ;
#4510 = CARTESIAN_POINT ( 'NONE',  ( 2.736906657978667834, 2.657241767526960619, -9.130523785364609068 ) ) ;
#4511 = CARTESIAN_POINT ( 'NONE',  ( 4.044826554488782477, 6.395640529307630828, -1.993789286371103975 ) ) ;
#4512 = CARTESIAN_POINT ( 'NONE',  ( 9.531666809219698777, -0.7187483762993341907, -0.9355754469193239276 ) ) ;
#4513 = CARTESIAN_POINT ( 'NONE',  ( -1.336331135041846307, 2.611667123393252243, 2.887051059812539400 ) ) ;
#4514 = CARTESIAN_POINT ( 'NONE',  ( -6.100159189871013687, 4.533835037002594603, 7.581843495933688892 ) ) ;
#4515 = CARTESIAN_POINT ( 'NONE',  ( 9.438986525857544052, 5.291617874995798942, -1.242047580799926054 ) ) ;
#4516 = CARTESIAN_POINT ( 'NONE',  ( 3.000358498219976688, -3.791486274268698775, 0.3877039712310451081 ) ) ;
#4517 = DIRECTION ( 'NONE',  ( -0.000000000000000000, -1.000000000000000000, -0.000000000000000000 ) ) ;
#4518 = CARTESIAN_POINT ( 'NONE',  ( 0.7799371461388013849, -3.166681513181947238, 2.903458331925560021 ) ) ;
#4519 = CARTESIAN_POINT ( 'NONE',  ( -9.396251999269793487, 2.306007726170262728, 1.667667623052517811 ) ) ;
#4520 = CARTESIAN_POINT ( 'NONE',  ( 1.172493352026982461, 4.869997489331282736, 2.956834147987342565 ) ) ;
#4521 = CARTESIAN_POINT ( 'NONE',  ( -0.8439670500525875418, -6.165647815197069725, -3.077716655622369846 ) ) ;
#4522 = CARTESIAN_POINT ( 'NONE',  ( -9.627338363955454170, -5.742164225603046290, 0.2388009668601642488 ) ) ;
#4523 = CARTESIAN_POINT ( 'NONE',  ( -3.186813854869030127, 5.209733534539174649, -0.3975163793326041417 ) ) ;
#4524 = CARTESIAN_POINT ( 'NONE',  ( 0.8734587753187548209, 9.588945822239914207, -9.459895188789015918 ) ) ;
#4525 = CARTESIAN_POINT ( 'NONE',  ( 1.981587108551448928, -0.4792568813790170079, -2.261031606689361872 ) ) ;
#4526 = EDGE_CURVE ( 'NONE', #3205, #2763, #1771, .T. ) ;
#4527 = CARTESIAN_POINT ( 'NONE',  ( 1.774805793091064565, 5.659712238739306400, -6.103375418401008723 ) ) ;
#4528 = CARTESIAN_POINT ( 'NONE',  ( 2.321776614231989111, -3.989704477081178702, 2.174027248024464676 ) ) ;
#4529 = CARTESIAN_POINT ( 'NONE',  ( -8.658921190929534717, -3.885329994131549114, -3.920314250332459949 ) ) ;
#4530 = DIRECTION ( 'NONE',  ( 0.000000000000000000, 0.000000000000000000, -1.000000000000000000 ) ) ;
#4531 = CARTESIAN_POINT ( 'NONE',  ( -8.865322181940253898, 1.130215927150024724, -3.501269896481550070 ) ) ;
#4532 = CARTESIAN_POINT ( 'NONE',  ( -2.949523221149052965E-11, 1.749999829729355305, -9.500000000000000000 ) ) ;
#4533 = CARTESIAN_POINT ( 'NONE',  ( -4.215585158433363233, 2.603956182246668138, 8.536341697315704025 ) ) ;
#4534 = CARTESIAN_POINT ( 'NONE',  ( 1.714570614075513033, -1.337055845243619423, -6.126441496498968853 ) ) ;
#4535 = CYLINDRICAL_SURFACE ( 'NONE', #3430, 3.000000000000000444 ) ;
#4536 = CARTESIAN_POINT ( 'NONE',  ( -0.001263756911838081814, 0.3124380578066699998, -0.002962554639548734339 ) ) ;
#4537 = CARTESIAN_POINT ( 'NONE',  ( 3.054198303649063195, 2.854127635877333091, 9.001101120557029489 ) ) ;
#4538 = ORIENTED_EDGE ( 'NONE', *, *, #2322, .F. ) ;
#4539 = ORIENTED_EDGE ( 'NONE', *, *, #239, .T. ) ;
#4540 = CARTESIAN_POINT ( 'NONE',  ( 7.860236281014034709, 2.057934467174408866, 5.413182300265945379 ) ) ;
#4541 = CARTESIAN_POINT ( 'NONE',  ( -0.6145965632477162766, -10.89268786518196208, -2.937898243343901594 ) ) ;
#4542 = CARTESIAN_POINT ( 'NONE',  ( 1.865755242990318141, -0.3125130329094603088, -9.393209669549817065 ) ) ;
#4543 = AXIS2_PLACEMENT_3D ( 'NONE', #240, #3262, #766 ) ;
#4544 = CARTESIAN_POINT ( 'NONE',  ( 2.171515491769040018, 3.677759495448529758, -9.389830466036357848 ) ) ;
#4545 = CARTESIAN_POINT ( 'NONE',  ( 1.239969209483165358, 4.791649367240149893, 9.423888685153285039 ) ) ;
#4546 = CARTESIAN_POINT ( 'NONE',  ( 1.030669690219032968E-14, -3.250264714743960948, -3.000000000000002665 ) ) ;
#4547 = ADVANCED_FACE ( 'NONE', ( #5722 ), #1283, .F. ) ;
#4548 = CARTESIAN_POINT ( 'NONE',  ( 0.0004354075841548974281, 1.212663089868006638, -0.004824725820921136818 ) ) ;
#4549 = CARTESIAN_POINT ( 'NONE',  ( -2.748121796123256022, 3.541155436469255680, 3.575692691953218816 ) ) ;
#4550 = CARTESIAN_POINT ( 'NONE',  ( -0.2962001996795197711, 6.770697208276969192, -4.500000000000001776 ) ) ;
#4551 = CARTESIAN_POINT ( 'NONE',  ( -3.456254838184264599, 1.868160089079556441, -8.883916786126206944 ) ) ;
#4552 = CARTESIAN_POINT ( 'NONE',  ( -3.096545742891141817, -5.409035749898981393, 5.650611894305342275 ) ) ;
#4553 = CARTESIAN_POINT ( 'NONE',  ( -0.006863969377821459161, 5.988260813931272963, 0.006203231410318843161 ) ) ;
#4554 = CARTESIAN_POINT ( 'NONE',  ( 0.6326382176377340905, -5.229164570874234030, 9.616231733149025018 ) ) ;
#4555 = CARTESIAN_POINT ( 'NONE',  ( -2.109228471513006742, 4.980418904586873197, -2.380892928464335867 ) ) ;
#4556 = DATE_AND_TIME ( #1093, #6109 ) ;
#4557 = VECTOR ( 'NONE', #932, 1000.000000000000000 ) ;
#4558 = CARTESIAN_POINT ( 'NONE',  ( 2.973293800385191865, 2.520597911238249722, -3.390588695798243624 ) ) ;
#4559 = AXIS2_PLACEMENT_3D ( 'NONE', #1596, #4452, #1080 ) ;
#4560 = CARTESIAN_POINT ( 'NONE',  ( 0.1552838599310410739, 5.742241177905995642, -6.354796171514561109 ) ) ;
#4561 = CARTESIAN_POINT ( 'NONE',  ( 4.383040501135966771, -1.010185784278166743, 4.687609358934994752 ) ) ;
#4562 = CARTESIAN_POINT ( 'NONE',  ( -1.689061699996316834, -3.071917902950354939, -2.694476408873952344 ) ) ;
#4563 = CARTESIAN_POINT ( 'NONE',  ( -1.979804819562612117, -4.021488857462466093, -2.262440523382578395 ) ) ;
#4564 = CARTESIAN_POINT ( 'NONE',  ( -1.981592611656801450, -1.021269640323386074, -2.261035800257076289 ) ) ;
#4565 = CARTESIAN_POINT ( 'NONE',  ( -7.747866888791400619, 1.052066168189497830, -5.550588294146916901 ) ) ;
#4566 = CARTESIAN_POINT ( 'NONE',  ( 9.012962190358887682, 1.354347366756474935, -3.066214198508393274 ) ) ;
#4567 = CARTESIAN_POINT ( 'NONE',  ( -7.551518557433739787, 2.458443525307957511, 5.797606628631942982 ) ) ;
#4568 = CARTESIAN_POINT ( 'NONE',  ( -5.909482991073541136, -0.8701069673329718812, -2.336106265440150764 ) ) ;
#4569 = CARTESIAN_POINT ( 'NONE',  ( 0.6253368744817403568, -4.270956030960175731, -9.500000000000000000 ) ) ;
#4570 = CARTESIAN_POINT ( 'NONE',  ( -0.006233594020163484017, 2.025797217548793050, 0.005889032576696411753 ) ) ;
#4571 = CARTESIAN_POINT ( 'NONE',  ( 2.467887020509555107, 3.666506503615379220, -9.194912322468924870 ) ) ;
#4572 = EDGE_CURVE ( 'NONE', #826, #1500, #2293, .T. ) ;
#4573 = ORIENTED_EDGE ( 'NONE', *, *, #5418, .T. ) ;
#4574 = CARTESIAN_POINT ( 'NONE',  ( -5.300834418166610718, 0.9375209189691523504, -7.937558568947813420 ) ) ;
#4575 = CARTESIAN_POINT ( 'NONE',  ( 1.171697975847964424, 5.833553722931930530, 4.354785267188324482 ) ) ;
#4576 = CARTESIAN_POINT ( 'NONE',  ( 9.434780845411715688, -0.8020716470934834419, 1.559086051415254248 ) ) ;
#4577 = CARTESIAN_POINT ( 'NONE',  ( -9.656644367652367222, 4.209639692682570100, -1.215092337309532811 ) ) ;
#4578 = CARTESIAN_POINT ( 'NONE',  ( 8.524129250782987555, 5.104113445026191798, 4.205446179052136024 ) ) ;
#4579 = CARTESIAN_POINT ( 'NONE',  ( 2.601446554307402792, -3.583145877599719586, -1.506884207918358198 ) ) ;
#4580 = CARTESIAN_POINT ( 'NONE',  ( -0.0001571731041809769499, 2.305127442144245808, -0.005184285646634558681 ) ) ;
#4581 = CARTESIAN_POINT ( 'NONE',  ( -5.192461044467577835E-12, -4.250261309702172419, 3.000000000000000000 ) ) ;
#4582 = CARTESIAN_POINT ( 'NONE',  ( -3.389961827792195681, 7.020450151170196662, -2.974043399533899290 ) ) ;
#4583 = CARTESIAN_POINT ( 'NONE',  ( -6.323454388434394779, 3.980460749154044464, -7.147409991647350580 ) ) ;
#4584 = CARTESIAN_POINT ( 'NONE',  ( 0.4150234233050167365, -5.229548581344062086, 6.347564791916370908 ) ) ;
#4585 = CARTESIAN_POINT ( 'NONE',  ( 2.177882029119568408, -2.490340790729555387, -2.319096498721020527 ) ) ;
#4586 = CARTESIAN_POINT ( 'NONE',  ( 9.489949312427743422, -4.695957243639155010, -1.628696356099333720 ) ) ;
#4587 = CARTESIAN_POINT ( 'NONE',  ( -2.947395614262183994, 5.371866403990482652, 1.189055922377740160 ) ) ;
#4588 = CARTESIAN_POINT ( 'NONE',  ( 2.752217399294709331E-11, 2.749873740476498796, -4.499999999999999112 ) ) ;
#4589 = ORIENTED_EDGE ( 'NONE', *, *, #3074, .T. ) ;
#4590 = CARTESIAN_POINT ( 'NONE',  ( 5.471361090956489370, 5.079569379151434916, 3.243812275866465367 ) ) ;
#4591 = CARTESIAN_POINT ( 'NONE',  ( 0.1032841313877828487, -1.245102088185668254, 6.353727285035430050 ) ) ;
#4592 = CARTESIAN_POINT ( 'NONE',  ( -0.0007920310065847244174, 2.611513011048697486, -0.0004263073146564396398 ) ) ;
#4593 = CARTESIAN_POINT ( 'NONE',  ( -3.116917446254180213, -4.687843403564442291, 0.6180870850408929362 ) ) ;
#4594 = CARTESIAN_POINT ( 'NONE',  ( 0.000000000000000000, -11.50000000000000000, 0.000000000000000000 ) ) ;
#4595 = CARTESIAN_POINT ( 'NONE',  ( -2.980227918528455699, -0.7922158374978575113, -0.3955993545185250704 ) ) ;
#4596 = CARTESIAN_POINT ( 'NONE',  ( -4.353473090708779303, 1.598958482342922593, 8.479529445233497498 ) ) ;
#4597 = CARTESIAN_POINT ( 'NONE',  ( 7.538422051880636410, 1.458464240874938644, -5.789583762994278793 ) ) ;
#4598 = DIRECTION ( 'NONE',  ( 1.224646799147351482E-16, 0.000000000000000000, -1.000000000000000000 ) ) ;
#4599 = CARTESIAN_POINT ( 'NONE',  ( -6.008373620093695244, -0.6352174923629887449, 2.254938771369187300 ) ) ;
#4600 = CARTESIAN_POINT ( 'NONE',  ( -7.724875378338935228, 0.05200301821865577906, -5.538425782709585299 ) ) ;
#4601 = CARTESIAN_POINT ( 'NONE',  ( 0.01124684137620977735, 0.6546686446997634912, 0.004838859164259814993 ) ) ;
#4602 = CARTESIAN_POINT ( 'NONE',  ( 2.455155365014249469, 2.833155554489198646, 9.182600981973873644 ) ) ;
#4603 = ORIENTED_EDGE ( 'NONE', *, *, #3545, .T. ) ;
#4604 = EDGE_CURVE ( 'NONE', #4605, #2973, #5063, .T. ) ;
#4605 = VERTEX_POINT ( 'NONE', #2324 ) ;
#4606 = CARTESIAN_POINT ( 'NONE',  ( -7.363120923404640195, 3.030601943952740740, -6.071678150819379560 ) ) ;
#4607 = CARTESIAN_POINT ( 'NONE',  ( 0.000000000000000000, 0.000000000000000000, 0.000000000000000000 ) ) ;
#4608 = CARTESIAN_POINT ( 'NONE',  ( 4.511897074091715254, -0.4062465017799619660, -8.448112793866117798 ) ) ;
#4609 = CARTESIAN_POINT ( 'NONE',  ( -8.874041905950244669, 2.122400893064870342, -3.763940418425159695 ) ) ;
#4610 = CARTESIAN_POINT ( 'NONE',  ( 4.207680507415259896, 4.895752113773639280, 8.539956058267565098 ) ) ;
#4611 = CARTESIAN_POINT ( 'NONE',  ( -1.000000000000001998, -9.961082567439563107, -9.447221813845592564 ) ) ;
#4612 = CARTESIAN_POINT ( 'NONE',  ( -4.046020218112726496, 3.395377414152109807, 1.991377843724736252 ) ) ;
#4613 = CARTESIAN_POINT ( 'NONE',  ( -2.974894127313230996, 5.520561329444384491, 3.389146711291398439 ) ) ;
#4614 = CARTESIAN_POINT ( 'NONE',  ( 1.787887939037109408, 4.809914027822355109, 9.372108548309901366 ) ) ;
#4615 = CARTESIAN_POINT ( 'NONE',  ( -5.451506422391606321, -5.578338023401353318, 3.268086752971441022 ) ) ;
#4616 = CARTESIAN_POINT ( 'NONE',  ( -2.029590043535499877, -2.030065137525017160, -2.448754149370499622 ) ) ;
#4617 = CARTESIAN_POINT ( 'NONE',  ( -7.113028607283989224, 6.015612536423501133, -6.444919166835948232 ) ) ;
#4618 = CARTESIAN_POINT ( 'NONE',  ( 2.824570202740313896, 6.408720369516294646, -1.548865578317569325 ) ) ;
#4619 = APPROVAL_ROLE ( '' ) ;
#4620 = CARTESIAN_POINT ( 'NONE',  ( 1.000000000000299316, -10.09318546555102536, -2.828427124746122789 ) ) ;
#4621 = CARTESIAN_POINT ( 'NONE',  ( -0.3889651186714119246, 5.769174891860453513, -6.344610330479915739 ) ) ;
#4622 = CARTESIAN_POINT ( 'NONE',  ( 3.537294221086981327, -0.4377055724937508607, -5.289222395367270124 ) ) ;
#4623 = CARTESIAN_POINT ( 'NONE',  ( -9.492456036845707601, -3.798829423729087384, -1.470469730241591222 ) ) ;
#4624 = CARTESIAN_POINT ( 'NONE',  ( 1.691307097474604282, -1.428622100221389468, -2.693689334594318030 ) ) ;
#4625 = CARTESIAN_POINT ( 'NONE',  ( 5.507873130863458284E-16, 11.09318546555144991, -4.500000000000000000 ) ) ;
#4626 = CARTESIAN_POINT ( 'NONE',  ( 0.000000000000000000, 11.50000000000000000, 5.500000000000000000 ) ) ;
#4627 = CARTESIAN_POINT ( 'NONE',  ( -4.750526896202052818, 3.916594483677612537, -8.232832904201892177 ) ) ;
#4628 = ADVANCED_FACE ( 'NONE', ( #6171 ), #5649, .T. ) ;
#4629 = CARTESIAN_POINT ( 'NONE',  ( 8.896478748254693869, 1.135473355256101602, 3.346742466669060612 ) ) ;
#4630 = CARTESIAN_POINT ( 'NONE',  ( -1.857650603943775458, 2.687453908255142743, 9.331976711197038199 ) ) ;
#4631 = CARTESIAN_POINT ( 'NONE',  ( -3.553526469955138989, -1.061417371276978105, -5.276729133034399055 ) ) ;
#4632 = CARTESIAN_POINT ( 'NONE',  ( 2.460325779912730937E-11, -0.2499999522949063191, -9.500000000000001776 ) ) ;
#4633 = CARTESIAN_POINT ( 'NONE',  ( 0.001346890641655993206, 1.572678190176739710, 0.0002947177094211906332 ) ) ;
#4634 = CYLINDRICAL_SURFACE ( 'NONE', #2793, 3.000000000000000444 ) ;
#4635 = VERTEX_POINT ( 'NONE', #1736 ) ;
#4636 = CARTESIAN_POINT ( 'NONE',  ( 4.496903575137716658, 0.5937562688044176751, -8.420141628442205928 ) ) ;
#4637 = CARTESIAN_POINT ( 'NONE',  ( 9.561674884871630198, 3.241530690906019085, 0.2562720275969005423 ) ) ;
#4638 = CARTESIAN_POINT ( 'NONE',  ( -8.569879156858659641, -4.605471347756693312, 4.180278374304984723 ) ) ;
#4639 = CARTESIAN_POINT ( 'NONE',  ( 9.500152278575768605, 5.239744723222202971, 0.3060438330522324279 ) ) ;
#4640 = CARTESIAN_POINT ( 'NONE',  ( 9.012984258214887134, -2.854344824985308726, 3.066160554141005079 ) ) ;
#4641 = AXIS2_PLACEMENT_3D ( 'NONE', #5902, #6351, #4896 ) ;
#4642 = CARTESIAN_POINT ( 'NONE',  ( -0.001882398946943409290, 2.396884485450577085, -0.004978361369837789457 ) ) ;
#4643 = CARTESIAN_POINT ( 'NONE',  ( 9.500004990529296478, -11.09323287558288129, -0.1301842086918483243 ) ) ;
#4644 = FACE_OUTER_BOUND ( 'NONE', #2375, .T. ) ;
#4645 = CARTESIAN_POINT ( 'NONE',  ( 4.180318716500329046, 5.605471346452449488, -8.569961496399896461 ) ) ;
#4646 = CARTESIAN_POINT ( 'NONE',  ( -3.503953939167620213, -3.435759794001309153, 5.309114740443210856 ) ) ;
#4647 = CARTESIAN_POINT ( 'NONE',  ( 2.916538274585541490, -0.8800730236907968740, 1.260723550841972518 ) ) ;
#4648 = CARTESIAN_POINT ( 'NONE',  ( 5.678971322417492473, -5.049494800248190529, 7.785698132269669891 ) ) ;
#4649 = CARTESIAN_POINT ( 'NONE',  ( 0.004569553508061037321, -4.523101842756690694, 0.005417231690742626941 ) ) ;
#4650 = APPROVAL_DATE_TIME ( #3689, #918 ) ;
#4651 = CARTESIAN_POINT ( 'NONE',  ( -5.255148298270071017, -2.435563322742929859, 7.964471642269523421 ) ) ;
#4652 = AXIS2_PLACEMENT_3D ( 'NONE', #1521, #3505, #5469 ) ;
#4653 = CARTESIAN_POINT ( 'NONE',  ( 2.391249089835342012, -5.169278644537168788, 9.236668533569622141 ) ) ;
#4654 = CARTESIAN_POINT ( 'NONE',  ( 4.861875162705454834, 1.472738702582234271, -4.092025044899249231 ) ) ;
#4655 = CARTESIAN_POINT ( 'NONE',  ( -7.799791870462118304, -1.947916913081575219, -5.587274921475622769 ) ) ;
#4656 = CARTESIAN_POINT ( 'NONE',  ( 3.147820274400105589, -1.704566176847993608, -0.4538424120391610361 ) ) ;
#4657 = CARTESIAN_POINT ( 'NONE',  ( -1.505664917186747109, -3.417210962990778977, 2.602278054572923160 ) ) ;
#4658 = VERTEX_POINT ( 'NONE', #802 ) ;
#4659 = CARTESIAN_POINT ( 'NONE',  ( -2.847676919535079065, -2.646392392821738326, 0.9642364790163951982 ) ) ;
#4660 = CARTESIAN_POINT ( 'NONE',  ( -9.002247519851907853, 4.145996836630836846, -3.050651266452378607 ) ) ;
#4661 = VECTOR ( 'NONE', #3210, 1000.000000000000000 ) ;
#4662 = FACE_OUTER_BOUND ( 'NONE', #5825, .T. ) ;
#4663 = CARTESIAN_POINT ( 'NONE',  ( 2.991009778401361174, -9.119296490507023734, -0.2625395591670147133 ) ) ;
#4664 = CARTESIAN_POINT ( 'NONE',  ( -2.306148355995930821, 2.868242340974044957, -5.921923107164626998 ) ) ;
#4665 = CARTESIAN_POINT ( 'NONE',  ( -0.6191189997631403319, 0.7292533061052602905, 9.484915754319201753 ) ) ;
#4666 = CARTESIAN_POINT ( 'NONE',  ( -0.01113148135887603689, 1.654361127871271098, -0.004789669129206697296 ) ) ;
#4667 = CARTESIAN_POINT ( 'NONE',  ( 0.000000000000000000, 0.000000000000000000, -3.000000000000000444 ) ) ;
#4668 = ORIENTED_EDGE ( 'NONE', *, *, #1165, .F. ) ;
#4669 = CARTESIAN_POINT ( 'NONE',  ( -0.003520657357293302970, -2.948785841428736898, 0.003737497794454085632 ) ) ;
#4670 = ORIENTED_EDGE ( 'NONE', *, *, #3034, .F. ) ;
#4671 = CARTESIAN_POINT ( 'NONE',  ( 6.831919826110367744, 4.496099082314723994, -6.662752393840770893 ) ) ;
#4672 = DIRECTION ( 'NONE',  ( -0.000000000000000000, -1.000000000000000000, -0.000000000000000000 ) ) ;
#4673 = CARTESIAN_POINT ( 'NONE',  ( 4.898818340274765148, 2.921231138096370916, 8.214779123017272866 ) ) ;
#4674 = B_SPLINE_CURVE_WITH_KNOTS ( 'NONE', 3,
 ( #4108, #3145, #5113, #5180, #1265, #3250, #4242, #4627, #2174, #1683, #4696, #293, #714, #5631, #1198, #2686, #4660, #4175, #1717, #5667, #5213, #753, #785, #260, #2242, #4210, #3731, #2755, #2273, #3342, #4455, #4821, #3967, #4759, #1358, #5310, #880, #3821, #5915, #504, #4940, #6277, #5423, #3994 ),
 .UNSPECIFIED., .F., .F.,
 ( 4, 2, 2, 2, 2, 2, 2, 2, 2, 2, 2, 2, 2, 2, 2, 2, 2, 2, 2, 2, 2, 4 ),
 ( 0.3014608230915882259, 0.3033457354754888757, 0.3052306478593895256, 0.3061731040513397950, 0.3071155602432901199, 0.3090004726271907698, 0.3108853850110914196, 0.3127702973949920695, 0.3137127535869423944, 0.3146552097788927194, 0.3165401221627933692, 0.3184250345466940191, 0.3193674907386443440, 0.3203099469305946689, 0.3221948593144952633, 0.3231373155064455882, 0.3240797716983959131, 0.3259646840822965630, 0.3269071402742468879, 0.3278495964661972129, 0.3297345088500978627, 0.3316194212339985126 ),
 .UNSPECIFIED. ) ;
#4675 = CARTESIAN_POINT ( 'NONE',  ( -4.842137616450239577E-08, -4.249998752156110449, 9.499778651390952788 ) ) ;
#4676 = CARTESIAN_POINT ( 'NONE',  ( -4.472039347734982684, 2.208678943976388531, -0.5820474319601847135 ) ) ;
#4677 = CARTESIAN_POINT ( 'NONE',  ( 9.484643210799166724, -2.729114843192576245, -0.6232422544830403810 ) ) ;
#4678 = CARTESIAN_POINT ( 'NONE',  ( 0.0001815118106743072556, 1.304446536885998320, 0.005515133429772197185 ) ) ;
#4679 = CARTESIAN_POINT ( 'NONE',  ( -4.470843286211483303, 3.208040938838031764, -0.5910137045250842824 ) ) ;
#4680 = CARTESIAN_POINT ( 'NONE',  ( 3.673940397442060361E-16, 0.000000000000000000, 3.000000000000000444 ) ) ;
#4681 = CARTESIAN_POINT ( 'NONE',  ( 0.6284126876506910264, -5.229172027388210964, 9.552762472154215700 ) ) ;
#4682 = CARTESIAN_POINT ( 'NONE',  ( 0.5920579492369567598, 4.779448509657845179, 6.333333199029334892 ) ) ;
#4683 = CARTESIAN_POINT ( 'NONE',  ( -6.344610831930000749, -5.769423300680790234, -0.3889567790359091393 ) ) ;
#4684 = CARTESIAN_POINT ( 'NONE',  ( -3.002846002675716441, -1.635001025296167310, 1.132464897285999861 ) ) ;
#4685 = CARTESIAN_POINT ( 'NONE',  ( 3.591889299427000637, -4.371728698095931342, -8.934595758719032332 ) ) ;
#4686 = CARTESIAN_POINT ( 'NONE',  ( -0.0009354669734169222947, -3.534088618017488859, -0.0007346416482668205027 ) ) ;
#4687 = CARTESIAN_POINT ( 'NONE',  ( -7.717916700755694137, -2.950185708167083920, -5.610971230438530633 ) ) ;
#4688 = VERTEX_POINT ( 'NONE', #5130 ) ;
#4689 = CARTESIAN_POINT ( 'NONE',  ( 2.014313480054680916, -4.317700336179754572, -9.318202447709186487 ) ) ;
#4690 = ADVANCED_FACE ( 'NONE', ( #4644 ), #699, .F. ) ;
#4691 = CARTESIAN_POINT ( 'NONE',  ( 6.333333591339634694, -0.7758290858144704094, 0.5146145550719518624 ) ) ;
#4692 = CARTESIAN_POINT ( 'NONE',  ( 7.343632444915609625, 1.472642612596190226, -6.176370265572819207 ) ) ;
#4693 = CARTESIAN_POINT ( 'NONE',  ( -2.280907644801397627, -0.5050766277507140467, 2.212053098626360459 ) ) ;
#4694 = CARTESIAN_POINT ( 'NONE',  ( -1.828799789852064261, -4.042105196076545504, -2.386255310649673334 ) ) ;
#4695 = CYLINDRICAL_SURFACE ( 'NONE', #6100, 1.000000000000000222 ) ;
#4696 = CARTESIAN_POINT ( 'NONE',  ( -6.277430312925920575, 3.979147481059712721, -7.157442989201096673 ) ) ;
#4697 = DIRECTION ( 'NONE',  ( 0.000000000000000000, 1.000000000000000000, 0.000000000000000000 ) ) ;
#4698 = CARTESIAN_POINT ( 'NONE',  ( 2.119436150582002298, 0.5939781183015296895, -3.975765696272515193 ) ) ;
#4699 = CARTESIAN_POINT ( 'NONE',  ( -4.041695534580820315, 0.9690268887700821399, -4.915113874140474515 ) ) ;
#4700 = CARTESIAN_POINT ( 'NONE',  ( -9.017419761835899550, 0.3539268177003399574, 3.054339473498602686 ) ) ;
#4701 = CARTESIAN_POINT ( 'NONE',  ( 0.0003931095178057667904, 4.267152196834044453, 0.007234485053862144480 ) ) ;
#4702 = CARTESIAN_POINT ( 'NONE',  ( 7.164184750604929874, -1.520188548823738106, -6.304936390687048586 ) ) ;
#4703 = ORIENTED_EDGE ( 'NONE', *, *, #239, .F. ) ;
#4704 = CARTESIAN_POINT ( 'NONE',  ( 0.001095291291407413147, -1.948419523658938335, -0.0007817340047996649719 ) ) ;
#4705 = ORIENTED_EDGE ( 'NONE', *, *, #689, .T. ) ;
#4706 = CARTESIAN_POINT ( 'NONE',  ( -9.542697180671503077, 3.244796427953724915, -0.1532084340208634543 ) ) ;
#4707 = CARTESIAN_POINT ( 'NONE',  ( 0.1331485497121870643, -9.093185465551448132, -3.000000000000001332 ) ) ;
#4708 = CARTESIAN_POINT ( 'NONE',  ( -6.344525492093529451, 3.980460958387496806, -7.171242553596303360 ) ) ;
#4709 = CARTESIAN_POINT ( 'NONE',  ( 0.000000000000000000, -10.09318546555144991, -9.672884214303364203 ) ) ;
#4710 = CARTESIAN_POINT ( 'NONE',  ( -1.164558742069436548, 1.833027109146678546, -4.356552362671693324 ) ) ;
#4711 = CARTESIAN_POINT ( 'NONE',  ( 7.726294988893014803, -2.947913634401178040, 5.536381946536106824 ) ) ;
#4712 = CARTESIAN_POINT ( 'NONE',  ( 2.391245621647146713, -4.169278643044665777, 9.236661529689547123 ) ) ;
#4713 = CARTESIAN_POINT ( 'NONE',  ( 0.000000000000000000, 12.50000000000000000, -9.500000000000000000 ) ) ;
#4714 = CARTESIAN_POINT ( 'NONE',  ( 8.532327775489065402, -4.899736086779458155, 4.341358185210085097 ) ) ;
#4715 = CARTESIAN_POINT ( 'NONE',  ( -0.9729134403108914420, -3.349235035272092542, 3.024580519875946116 ) ) ;
#4716 = CARTESIAN_POINT ( 'NONE',  ( -0.1546919180378881764, -2.244796998588098891, -9.638208526994114678 ) ) ;
#4717 = CARTESIAN_POINT ( 'NONE',  ( -0.007543319116004421065, -4.230294238146998786, 0.0005217827559966315473 ) ) ;
#4718 = CARTESIAN_POINT ( 'NONE',  ( -1.476250055154529006, -3.200526434422494848, -9.499270676383453349 ) ) ;
#4719 = ORIENTED_EDGE ( 'NONE', *, *, #300, .T. ) ;
#4720 = CARTESIAN_POINT ( 'NONE',  ( -2.124850430399516821, -3.321615160440554160, 9.292709663250214192 ) ) ;
#4721 = CARTESIAN_POINT ( 'NONE',  ( -0.04195519944633901294, 0.7487051512022571131, 9.608358466993962566 ) ) ;
#4722 = CARTESIAN_POINT ( 'NONE',  ( -0.3546578313623766077, -1.214769776926439837, -3.161034788949550478 ) ) ;
#4723 = CARTESIAN_POINT ( 'NONE',  ( 9.487418799417811854, 10.96703059778568523, -0.5035683886763347994 ) ) ;
#4724 = CARTESIAN_POINT ( 'NONE',  ( -1.505917118359075824, -2.417250713867141076, 2.601996485353063271 ) ) ;
#4725 = CARTESIAN_POINT ( 'NONE',  ( -6.850630358439135925, 1.494788440414686947, 6.627545068264553585 ) ) ;
#4726 = EDGE_CURVE ( 'NONE', #1367, #4287, #2193, .T. ) ;
#4727 = CARTESIAN_POINT ( 'NONE',  ( 8.476604291772806832, 6.408854312994050950, -4.644223689336246963 ) ) ;
#4728 = CARTESIAN_POINT ( 'NONE',  ( 4.484551190552036992, 0.2192384930277974653, 0.4329921162957273140 ) ) ;
#4729 = CARTESIAN_POINT ( 'NONE',  ( -4.109876065441878445, 2.973844123807040329, -4.846905156307423468 ) ) ;
#4730 = LINE ( 'NONE', #6190, #742 ) ;
#4731 = CARTESIAN_POINT ( 'NONE',  ( -0.001026411523607011775, 5.155499660005574469, 0.002562443897669512260 ) ) ;
#4732 = CARTESIAN_POINT ( 'NONE',  ( 1.000000000000000222, -10.09318546555144991, -9.672884214303364203 ) ) ;
#4733 = ORIENTED_EDGE ( 'NONE', *, *, #5395, .T. ) ;
#4734 = CARTESIAN_POINT ( 'NONE',  ( -0.003193011641035704059, -1.895518710399624052, 0.006368431834594397850 ) ) ;
#4735 = ORIENTED_EDGE ( 'NONE', *, *, #5326, .F. ) ;
#4736 = CARTESIAN_POINT ( 'NONE',  ( -4.056007214299433450, 4.889654756446750739, -8.637620219857343073 ) ) ;
#4737 = DIRECTION ( 'NONE',  ( 0.000000000000000000, 0.000000000000000000, -1.000000000000000000 ) ) ;
#4738 = CARTESIAN_POINT ( 'NONE',  ( -4.840771548989470041, 2.581372578501759829, 8.260981338287972875 ) ) ;
#4739 = CARTESIAN_POINT ( 'NONE',  ( 8.561405378645099873, 5.408856321932403510, -4.690662595316685390 ) ) ;
#4740 = CARTESIAN_POINT ( 'NONE',  ( -2.253115339426968955, 1.916247764514706464, -3.906348137388000019 ) ) ;
#4741 = CARTESIAN_POINT ( 'NONE',  ( -2.764628803664238113E-11, -3.250000022104830855, 9.500000000000005329 ) ) ;
#4742 = B_SPLINE_CURVE_WITH_KNOTS ( 'NONE', 3,
 ( #5432, #3437, #1007, #3341, #2849, #2980, #6341, #4949, #2367, #6400 ),
 .UNSPECIFIED., .F., .F.,
 ( 4, 2, 2, 2, 4 ),
 ( 0.000000000000000000, 0.0003937683548693508254, 0.0007875367097387016508, 0.001181305064608052530, 0.001575073419477403302 ),
 .UNSPECIFIED. ) ;
#4743 = CARTESIAN_POINT ( 'NONE',  ( -9.156597891256867072, -4.851565137482995560, -3.008442225691783989 ) ) ;
#4744 = DIRECTION ( 'NONE',  ( -0.000000000000000000, 1.000000000000000000, -0.000000000000000000 ) ) ;
#4745 = CARTESIAN_POINT ( 'NONE',  ( -9.499999998495308517, 6.208475510678660214, -1.239303795299922850 ) ) ;
#4746 = CARTESIAN_POINT ( 'NONE',  ( 0.9322394719995428236, -0.3448063000299096403, -3.041428178487520118 ) ) ;
#4747 = CARTESIAN_POINT ( 'NONE',  ( -5.128763243955884121, -4.071279714024995222, -8.159625332895213745 ) ) ;
#4748 = CARTESIAN_POINT ( 'NONE',  ( 2.903393313280686172, -0.8338286565087468238, 0.7802518437244887473 ) ) ;
#4749 = APPROVAL ( #741, 'UNSPECIFIED' ) ;
#4750 = ORIENTED_EDGE ( 'NONE', *, *, #176, .F. ) ;
#4751 = CARTESIAN_POINT ( 'NONE',  ( -5.034030396286136799, -1.427067100212452644, 8.093087035376690608 ) ) ;
#4752 = CARTESIAN_POINT ( 'NONE',  ( 0.001995099027677012769, 4.371930568566972930, 0.005391707160861347603 ) ) ;
#4753 = CARTESIAN_POINT ( 'NONE',  ( 9.086483101360565584, -0.8541427112820534351, 3.082123768657217600 ) ) ;
#4754 = CARTESIAN_POINT ( 'NONE',  ( -3.175567407832087241, -2.768633947577720189, -0.1826584310311316905 ) ) ;
#4755 = CARTESIAN_POINT ( 'NONE',  ( 1.986550904839378129, -1.479969129380772408, -2.256554618277854196 ) ) ;
#4756 = ORIENTED_EDGE ( 'NONE', *, *, #5043, .T. ) ;
#4757 = AXIS2_PLACEMENT_3D ( 'NONE', #5993, #2074, #5565 ) ;
#4758 = CARTESIAN_POINT ( 'NONE',  ( 1.088266575379609469E-11, -2.250250062667548789, 3.000000000000000444 ) ) ;
#4759 = CARTESIAN_POINT ( 'NONE',  ( -6.277185246280404307, 4.520859369277758333, 7.157721164234776445 ) ) ;
#4760 = CIRCLE ( 'NONE', #4450, 8.500000000000000000 ) ;
#4761 = CARTESIAN_POINT ( 'NONE',  ( 6.524907838302500096, 5.989584147457446051, 6.962638744800936585 ) ) ;
#4762 = CARTESIAN_POINT ( 'NONE',  ( 0.8782366723622401228, 0.6873481640300957984, -4.419047679148236263 ) ) ;
#4763 = CARTESIAN_POINT ( 'NONE',  ( 6.240164384475898274, 0.3124799644695675505, -1.244387964406066693 ) ) ;
#4764 = CARTESIAN_POINT ( 'NONE',  ( -9.499449191246547741, -5.728732200444908607, 0.6346935842400984740 ) ) ;
#4765 = CARTESIAN_POINT ( 'NONE',  ( -0.006427553458971820531, 5.898651638044723811, 0.003237355503864522508 ) ) ;
#4766 = CARTESIAN_POINT ( 'NONE',  ( -3.635788019591323668E-08, -2.250001158985739380, 9.499821227794697620 ) ) ;
#4767 =( GEOMETRIC_REPRESENTATION_CONTEXT ( 3 ) GLOBAL_UNCERTAINTY_ASSIGNED_CONTEXT ( ( #2463 ) ) GLOBAL_UNIT_ASSIGNED_CONTEXT ( ( #2066, #1640, #2199 ) ) REPRESENTATION_CONTEXT ( 'NONE', 'WORKASPACE' ) );
#4768 = ORIENTED_EDGE ( 'NONE', *, *, #1808, .F. ) ;
#4769 = CARTESIAN_POINT ( 'NONE',  ( -0.0003742485830964180859, -2.428741830654985723, 0.0003148680086581189213 ) ) ;
#4770 = ORIENTED_EDGE ( 'NONE', *, *, #5677, .T. ) ;
#4771 = CARTESIAN_POINT ( 'NONE',  ( -8.081759156471351346, 3.428382639653506647, 5.074709590027796757 ) ) ;
#4772 = CARTESIAN_POINT ( 'NONE',  ( 4.268445587756390047, 4.354448677941321399, -1.454845048995658585 ) ) ;
#4773 = CARTESIAN_POINT ( 'NONE',  ( -8.563497626177904110, 2.397783650393917387, 4.285129562255206359 ) ) ;
#4774 = EDGE_CURVE ( 'NONE', #4942, #792, #1701, .T. ) ;
#4775 = CARTESIAN_POINT ( 'NONE',  ( 1.877050378692373567, 5.687489539231679103, -9.444818658838173064 ) ) ;
#4776 = CARTESIAN_POINT ( 'NONE',  ( 1.240112239904392899, 5.708446437837112697, -9.439113121558968089 ) ) ;
#4777 = CARTESIAN_POINT ( 'NONE',  ( -2.604221936134357929, -1.583771406710777985, 1.502071126161471648 ) ) ;
#4778 = CARTESIAN_POINT ( 'NONE',  ( -9.156877645321991110, -4.660154462328822689, 2.657721909010513084 ) ) ;
#4779 = DIRECTION ( 'NONE',  ( 0.000000000000000000, 0.000000000000000000, 1.000000000000000000 ) ) ;
#4780 = CARTESIAN_POINT ( 'NONE',  ( -6.679809708733927209, -5.496090093037486746, 6.848670292556731987 ) ) ;
#4781 = CARTESIAN_POINT ( 'NONE',  ( 3.159533174374768993, 1.212628420427656950, 0.3710512646891891975 ) ) ;
#4782 = CARTESIAN_POINT ( 'NONE',  ( 6.182083422364728520, -3.028013470871709245, 7.381352808570752266 ) ) ;
#4783 = CARTESIAN_POINT ( 'NONE',  ( 2.980278954677137104, -0.7922446648998309193, 0.3955035063650076954 ) ) ;
#4784 = ORIENTED_EDGE ( 'NONE', *, *, #5557, .T. ) ;
#4785 = CARTESIAN_POINT ( 'NONE',  ( 1.213455207072881459, -4.290692639399882324, -9.456200383686958588 ) ) ;
#4786 = CARTESIAN_POINT ( 'NONE',  ( 3.172784625756566612, 3.267514664377685563, -0.1777605143659047870 ) ) ;
#4787 = CARTESIAN_POINT ( 'NONE',  ( 0.006498021077588785749, 4.870099333684795972, -0.002297228255246577464 ) ) ;
#4788 = CARTESIAN_POINT ( 'NONE',  ( 2.792532445741856773, -0.3437456999861235318, -9.194572502088597332 ) ) ;
#4789 = CARTESIAN_POINT ( 'NONE',  ( 1.769720027396420203, 0.5620671945913066070, -2.643414707420723708 ) ) ;
#4790 = CARTESIAN_POINT ( 'NONE',  ( 2.904032075250276179, -1.666918197581241712, -0.7781457660743774651 ) ) ;
#4791 = CARTESIAN_POINT ( 'NONE',  ( -2.602132426803661414, -2.917218309857875891, -1.505673103065966467 ) ) ;
#4792 = CARTESIAN_POINT ( 'NONE',  ( -7.557201752813246465, 5.041034026586266314, -5.826317176052177693 ) ) ;
#4793 = CARTESIAN_POINT ( 'NONE',  ( -0.5867013190378715937, 0.7912439884097827170, -4.471426728208689028 ) ) ;
#4794 = CARTESIAN_POINT ( 'NONE',  ( 9.447221813844652871, 10.09318546555156182, -1.000000000008866907 ) ) ;
#4795 = CARTESIAN_POINT ( 'NONE',  ( 4.240273990574255691, 0.3595921609683867537, -1.522578957019032231 ) ) ;
#4796 = CARTESIAN_POINT ( 'NONE',  ( 3.985501451886333868, 1.965422276042404715, 4.959871561474511026 ) ) ;
#4797 = CARTESIAN_POINT ( 'NONE',  ( -2.477585750265373754, -6.166070491762925876, -9.176505201915796661 ) ) ;
#4798 = CARTESIAN_POINT ( 'NONE',  ( -0.004868573022093596221, 6.048429369348513163, 0.005082044394903695653 ) ) ;
#4799 = CARTESIAN_POINT ( 'NONE',  ( 0.000000000000000000, 0.000000000000000000, 0.000000000000000000 ) ) ;
#4800 = EDGE_LOOP ( 'NONE', ( #2778, #3707, #443, #317 ) ) ;
#4801 = CARTESIAN_POINT ( 'NONE',  ( 0.01097633491982627843, -3.404486961732197337, 0.004547802682945866620 ) ) ;
#4802 = ORIENTED_EDGE ( 'NONE', *, *, #6370, .T. ) ;
#4803 = CARTESIAN_POINT ( 'NONE',  ( 1.252384827492731612, 4.708008763323750401, -9.459972895022273676 ) ) ;
#4804 = CARTESIAN_POINT ( 'NONE',  ( 8.230970577177957992, -4.916718234428144818, 4.753733880523853372 ) ) ;
#4805 = CARTESIAN_POINT ( 'NONE',  ( 4.919689037283930588, 5.578121579484483838, -8.203988876404173070 ) ) ;
#4806 = CARTESIAN_POINT ( 'NONE',  ( -9.482431826279333009, 3.214176858643067458, -1.074427180662063108 ) ) ;
#4807 = CARTESIAN_POINT ( 'NONE',  ( 9.497140476306512369, -9.119439815843216834, -0.2626572939141488261 ) ) ;
#4808 = EDGE_CURVE ( 'NONE', #3287, #6159, #210, .T. ) ;
#4809 = CARTESIAN_POINT ( 'NONE',  ( 2.959607626596125751, -10.96587651589928747, -0.5057177697940813399 ) ) ;
#4810 = CARTESIAN_POINT ( 'NONE',  ( -2.742969692488333777, 3.957976036076531035, -3.579537286989271205 ) ) ;
#4811 = CARTESIAN_POINT ( 'NONE',  ( -9.327837269101584283, -3.677750518726655482, 2.157219907725041796 ) ) ;
#4812 = CARTESIAN_POINT ( 'NONE',  ( 1.191193741053998334, 0.8718036498951876601, 2.950391367061432568 ) ) ;
#4813 = CARTESIAN_POINT ( 'NONE',  ( 2.034422501772088498, -4.317693020480072974, -9.411398387569663626 ) ) ;
#4814 = CARTESIAN_POINT ( 'NONE',  ( 1.000000000000000222, 10.09318546555144991, -4.387482193696060406 ) ) ;
#4815 = ORIENTED_EDGE ( 'NONE', *, *, #5783, .T. ) ;
#4816 = CARTESIAN_POINT ( 'NONE',  ( -9.459916224915319916, -3.708008763080939296, 1.252382697203208162 ) ) ;
#4817 = CARTESIAN_POINT ( 'NONE',  ( -9.073540619285680009, 0.3645947217016683450, 3.400789398571927080 ) ) ;
#4818 = CARTESIAN_POINT ( 'NONE',  ( 1.191151977634698822, 1.871803645439903629, 2.950306397887683563 ) ) ;
#4819 = CARTESIAN_POINT ( 'NONE',  ( 9.450079732175707292, 10.35518864177918452, 0.9739297622606932769 ) ) ;
#4820 = CARTESIAN_POINT ( 'NONE',  ( 8.744663577853511782, 0.1197876218247314328, 3.792926551684970615 ) ) ;
#4821 = CARTESIAN_POINT ( 'NONE',  ( -7.146935107372958562, 4.479143343756279094, 6.266531317476544238 ) ) ;
#4822 = B_SPLINE_CURVE_WITH_KNOTS ( 'NONE', 3,
 ( #1938, #1881, #879, #1448, #513, #5860, #5798, #4820, #386, #1387, #3401, #5890, #1357, #2492, #32, #4340, #1416, #6309, #3373, #2914, #3883, #5338, #976, #2946 ),
 .UNSPECIFIED., .F., .F.,
 ( 4, 2, 2, 2, 2, 2, 2, 2, 2, 2, 2, 4 ),
 ( 0.4000000233337773770, 0.4025000387028968563, 0.4150001242610490415, 0.4275002098192012268, 0.4337502525982772639, 0.4400002953773533565, 0.4475002584551841522, 0.4550002215330148925, 0.4625001846108456327, 0.4700001476886763729, 0.4775001107665071132, 0.4800000584684227523 ),
 .UNSPECIFIED. ) ;
#4823 = CARTESIAN_POINT ( 'NONE',  ( 6.226414369342074373, 6.523429999040289751, -7.220711276829149483 ) ) ;
#4824 = CARTESIAN_POINT ( 'NONE',  ( -8.865288231635025440, -0.8697888727107366824, -3.501409299068021230 ) ) ;
#4825 = CARTESIAN_POINT ( 'NONE',  ( -0.002326880340531550361, -4.641587791516752937, -0.006931259732707850500 ) ) ;
#4826 = CARTESIAN_POINT ( 'NONE',  ( 3.252915669785935382, 3.920882590870562012, 5.459172206960019480 ) ) ;
#4827 = CARTESIAN_POINT ( 'NONE',  ( -2.172919783805592253, -6.176585584593295764, -9.253451427908988336 ) ) ;
#4828 = DIRECTION ( 'NONE',  ( -0.000000000000000000, -1.000000000000000000, -0.000000000000000000 ) ) ;
#4829 = CARTESIAN_POINT ( 'NONE',  ( 0.2526944194163074364, -1.258467805349793078, -9.499826247241287547 ) ) ;
#4830 = EDGE_CURVE ( 'NONE', #2345, #349, #3113, .T. ) ;
#4831 = ORIENTED_EDGE ( 'NONE', *, *, #1523, .T. ) ;
#4832 = ORIENTED_EDGE ( 'NONE', *, *, #3317, .F. ) ;
#4833 = CARTESIAN_POINT ( 'NONE',  ( -4.812362755772037204, -4.523320616496413038, 4.152807767398068783 ) ) ;
#4834 = CARTESIAN_POINT ( 'NONE',  ( 7.149608703887497363, -4.978999871455861204, 6.263351497493199638 ) ) ;
#4835 = CARTESIAN_POINT ( 'NONE',  ( 2.666530147753908953, 5.660158885624922753, -9.187354916333340782 ) ) ;
#4836 = CARTESIAN_POINT ( 'NONE',  ( 8.286546835244847184E-05, -3.779176648621141776, -0.01175393016909348151 ) ) ;
#4837 = CARTESIAN_POINT ( 'NONE',  ( -3.456258479541463480, 2.868160088904422533, -8.883942854561118097 ) ) ;
#4838 = CARTESIAN_POINT ( 'NONE',  ( 5.021852638597830598, -2.427180054801436171, -8.070174408792134102 ) ) ;
#4839 = CARTESIAN_POINT ( 'NONE',  ( -0.2759329490664012008, -4.259120706122401678, 9.537904955489549863 ) ) ;
#4840 = CARTESIAN_POINT ( 'NONE',  ( 9.459831818781976764, 9.590315737760692016, -0.8741213910134575382 ) ) ;
#4841 = CARTESIAN_POINT ( 'NONE',  ( -6.304026936300579642, -1.479154456358889425, 7.191282463149185844 ) ) ;
#4842 = CARTESIAN_POINT ( 'NONE',  ( -1.214906446719898447, -0.1256493816240239758, -2.941063601957149665 ) ) ;
#4843 = CARTESIAN_POINT ( 'NONE',  ( 0.4314641724269231982, 1.736339026931645213, -9.715483467667294093 ) ) ;
#4844 = CARTESIAN_POINT ( 'NONE',  ( 4.387482193696063959, 10.09318546555144991, -0.9999999999999847899 ) ) ;
#4845 = ORIENTED_EDGE ( 'NONE', *, *, #217, .F. ) ;
#4846 = CARTESIAN_POINT ( 'NONE',  ( -5.300872472350734554, -0.06247907858232982364, -7.937619492301696056 ) ) ;
#4847 = CARTESIAN_POINT ( 'NONE',  ( 0.002490816012258554278, 3.767931044939431651, 0.0001634700487741986338 ) ) ;
#4848 = CARTESIAN_POINT ( 'NONE',  ( -9.606399566663297307, 2.244801777740281779, -0.1541959638510903841 ) ) ;
#4849 = CARTESIAN_POINT ( 'NONE',  ( 2.457538199646204902, 0.4688995621900118871, -2.020830327747582089 ) ) ;
#4850 = CARTESIAN_POINT ( 'NONE',  ( 2.745759190754881285, 3.541356102409909390, -3.577353285124523108 ) ) ;
#4851 = DIRECTION ( 'NONE',  ( 1.000000000000000000, -0.000000000000000000, 1.224646799147353207E-16 ) ) ;
#4852 = CARTESIAN_POINT ( 'NONE',  ( -0.5855856259958366339, 1.708439061324243946, 4.471409259775427358 ) ) ;
#4853 = LINE ( 'NONE', #1570, #1133 ) ;
#4854 = AXIS2_PLACEMENT_3D ( 'NONE', #5291, #3745, #1831 ) ;
#4855 = CARTESIAN_POINT ( 'NONE',  ( -0.0009150301514342461641, -4.534088619197776282, -0.0007537986249664615796 ) ) ;
#4856 = CARTESIAN_POINT ( 'NONE',  ( -5.035907007539317526, 5.040596409139555867, -3.886498420453947222 ) ) ;
#4857 = CARTESIAN_POINT ( 'NONE',  ( -9.437170323311661946, -5.707977520069507982, 1.253995215684575726 ) ) ;
#4858 = CARTESIAN_POINT ( 'NONE',  ( 8.684076873634102967, 4.108089215189520083, 4.166585752472288462 ) ) ;
#4859 = CARTESIAN_POINT ( 'NONE',  ( -4.483969359991854198, 0.2186841095064183949, -0.4385228501655711320 ) ) ;
#4860 = VECTOR ( 'NONE', #1849, 1000.000000000000227 ) ;
#4861 = ORIENTED_EDGE ( 'NONE', *, *, #1663, .F. ) ;
#4862 = CARTESIAN_POINT ( 'NONE',  ( -0.005958187717913798059, -0.1560136307102363284, 0.001809716949764526850 ) ) ;
#4863 = EDGE_LOOP ( 'NONE', ( #4318, #1890, #4349, #3692, #5759, #1302, #1205 ) ) ;
#4864 = CARTESIAN_POINT ( 'NONE',  ( -1.958381691440938654, -4.349156183283680477, 6.138765505991822913 ) ) ;
#4865 = CARTESIAN_POINT ( 'NONE',  ( 5.795850623612039954, -5.041625636969764734, 7.552604367811280639 ) ) ;
#4866 = CARTESIAN_POINT ( 'NONE',  ( 8.560663257392377545, -4.899737213748284859, 4.355802542748126172 ) ) ;
#4867 = CARTESIAN_POINT ( 'NONE',  ( -0.0004624185992708474942, -1.612258237109221559, -0.0007986162706837163661 ) ) ;
#4868 = DIRECTION ( 'NONE',  ( -0.000000000000000000, -1.000000000000000000, -0.000000000000000000 ) ) ;
#4869 = FACE_OUTER_BOUND ( 'NONE', #808, .T. ) ;
#4870 = PRODUCT_DEFINITION_FORMATION_WITH_SPECIFIED_SOURCE ( 'ANY', '', #807, .NOT_KNOWN. ) ;
#4871 = ORIENTED_EDGE ( 'NONE', *, *, #6199, .F. ) ;
#4872 = CARTESIAN_POINT ( 'NONE',  ( -5.331512480191348935, -1.061210747596054826, -7.914680025568839206 ) ) ;
#4873 = CARTESIAN_POINT ( 'NONE',  ( 1.994415866747137001, 1.604025114687578579, -4.044627105255531596 ) ) ;
#4874 = CARTESIAN_POINT ( 'NONE',  ( 6.737352454077704778, -3.001295512908388030, 6.789875589081376894 ) ) ;
#4875 = CARTESIAN_POINT ( 'NONE',  ( -0.3087504015301159588, -0.2194023361345900647, -3.166668916448475812 ) ) ;
#4876 = CARTESIAN_POINT ( 'NONE',  ( 9.595000151400402189, -0.7187378746488689574, -0.9418731912948187235 ) ) ;
#4877 = CARTESIAN_POINT ( 'NONE',  ( -1.448050238989620597, 5.853903548183255978, -4.270854418604775660 ) ) ;
#4878 = ORIENTED_EDGE ( 'NONE', *, *, #2836, .F. ) ;
#4879 = CARTESIAN_POINT ( 'NONE',  ( -9.541087853330898483, 0.2083380166566284053, -1.269855944637562128 ) ) ;
#4880 = CARTESIAN_POINT ( 'NONE',  ( 1.632822703639138950, 5.578057966127617284, -2.726284811457211354 ) ) ;
#4881 = CARTESIAN_POINT ( 'NONE',  ( 0.005379625479711413680, 5.522356617091721098, 0.004582143646849804082 ) ) ;
#4882 = CARTESIAN_POINT ( 'NONE',  ( 6.812422643926162813, 3.001297791942491688, 6.759745893774450565 ) ) ;
#4883 = CARTESIAN_POINT ( 'NONE',  ( -1.214860316010208052, 0.8743506131822675886, -2.940971287923809019 ) ) ;
#4884 = CARTESIAN_POINT ( 'NONE',  ( 3.393638295909221725, 3.020979242543149201, 2.969899557272742019 ) ) ;
#4885 = CARTESIAN_POINT ( 'NONE',  ( 0.5918029910650497438, 1.791618176137471874, 4.470532166647282146 ) ) ;
#4886 = ADVANCED_FACE ( 'NONE', ( #3780 ), #4264, .T. ) ;
#4887 = CARTESIAN_POINT ( 'NONE',  ( -1.503930034488647483, -6.083981553722462188, -2.603279778761317775 ) ) ;
#4888 = CARTESIAN_POINT ( 'NONE',  ( -0.7752844721019747087, -4.333316924071731968, 2.904724329191116894 ) ) ;
#4889 = CARTESIAN_POINT ( 'NONE',  ( -3.579112548361280233, 5.041551478831825861, -2.743363585577708985 ) ) ;
#4890 = CARTESIAN_POINT ( 'NONE',  ( 7.506746399255701974, -3.533830168054316268, -6.039749685176004412 ) ) ;
#4891 = CARTESIAN_POINT ( 'NONE',  ( -2.671853337890294000, 3.611821235148495735, 5.774482470849163995 ) ) ;
#4892 = CARTESIAN_POINT ( 'NONE',  ( -9.255430392677594043, -5.676889651920883573, 2.163950132128361403 ) ) ;
#4893 = CARTESIAN_POINT ( 'NONE',  ( 4.680576523744133688, 4.586896082350325088, -8.315336918329247595 ) ) ;
#4894 = DIRECTION ( 'NONE',  ( 0.000000000000000000, 0.000000000000000000, 1.000000000000000000 ) ) ;
#4895 = B_SPLINE_CURVE_WITH_KNOTS ( 'NONE', 3,
 ( #2261, #6204, #2449, #4840, #3455, #868, #4905, #2868, #899, #1343, #5880, #1435, #2966, #6330, #4326, #2385 ),
 .UNSPECIFIED., .F., .F.,
 ( 4, 2, 2, 2, 2, 2, 2, 4 ),
 ( 0.003128620967379282941, 0.003519606465540791023, 0.003910591963702299105, 0.004301577461863807621, 0.004692562960025315269, 0.005083548458186823785, 0.005474533956348330566, 0.006256504952671343260 ),
 .UNSPECIFIED. ) ;
#4896 = DIRECTION ( 'NONE',  ( 0.000000000000000000, 0.000000000000000000, -1.000000000000000000 ) ) ;
#4897 = CARTESIAN_POINT ( 'NONE',  ( -6.103917195959701836, -4.851954875042228110, -2.007501013748571594 ) ) ;
#4898 = CARTESIAN_POINT ( 'NONE',  ( 0.3096734693150277606, -5.239623063227213606, 9.500000000000001776 ) ) ;
#4899 = CARTESIAN_POINT ( 'NONE',  ( 4.194267041814203623, 5.605470925431387030, -8.598522787242776744 ) ) ;
#4900 = CARTESIAN_POINT ( 'NONE',  ( -0.009369247864709818324, -0.3503366041346950843, -0.004038173221220477636 ) ) ;
#4901 = CARTESIAN_POINT ( 'NONE',  ( -7.363120923404640195, 3.030601943952740740, -6.071678150819379560 ) ) ;
#4902 = CARTESIAN_POINT ( 'NONE',  ( 9.447221813845589011, -9.962641052874293024, -1.000000000000050182 ) ) ;
#4903 = VERTEX_POINT ( 'NONE', #6137 ) ;
#4904 = CARTESIAN_POINT ( 'NONE',  ( -5.826446110024433800, -3.041034033581677232, -7.557351167155719196 ) ) ;
#4905 = CARTESIAN_POINT ( 'NONE',  ( 9.487358821918814300, 9.219984011437354354, -0.5046668850885979163 ) ) ;
#4906 = CARTESIAN_POINT ( 'NONE',  ( -2.131930990407554294, -3.321613650452181599, 9.323687431449265262 ) ) ;
#4907 = CARTESIAN_POINT ( 'NONE',  ( 8.843704415112068062, 1.119792144465447947, 3.836965663100574186 ) ) ;
#4908 = CARTESIAN_POINT ( 'NONE',  ( 2.892921091481732892E-11, 2.749835628340802529, 4.500000000000004441 ) ) ;
#4909 = ORIENTED_EDGE ( 'NONE', *, *, #3242, .F. ) ;
#4910 = EDGE_CURVE ( 'NONE', #3739, #5318, #2957, .T. ) ;
#4911 = CARTESIAN_POINT ( 'NONE',  ( 9.543036997503945074, 1.243489673638958681, 0.1922985940887884937 ) ) ;
#4912 = CARTESIAN_POINT ( 'NONE',  ( -0.1911035486573852971, 5.768811118618182299, -3.172565292709541129 ) ) ;
#4913 = CARTESIAN_POINT ( 'NONE',  ( -3.172566295606892517, -5.769307936259079561, -0.1910868693917880945 ) ) ;
#4914 = CARTESIAN_POINT ( 'NONE',  ( -3.233920875204614909, 3.859379518071432980, -9.045551538824184945 ) ) ;
#4915 = CARTESIAN_POINT ( 'NONE',  ( -2.851365795190610619, 1.104374048665231589, -1.401582762562369577 ) ) ;
#4916 = CARTESIAN_POINT ( 'NONE',  ( 0.9732826178056505073, 10.35716330757999160, -4.393783705812407625 ) ) ;
#4917 = DIRECTION ( 'NONE',  ( 1.224646799147351482E-16, 0.000000000000000000, -1.000000000000000000 ) ) ;
#4918 = CARTESIAN_POINT ( 'NONE',  ( -1.078212935503004293E-06, 1.749971495167208513, 9.499814023387953554 ) ) ;
#4919 = CARTESIAN_POINT ( 'NONE',  ( 0.000000000000000000, -5.250000000000000888, -3.000000000000001332 ) ) ;
#4920 = CARTESIAN_POINT ( 'NONE',  ( 5.489485011779356327, -2.581601326347964687, -3.215495758245218827 ) ) ;
#4921 = CARTESIAN_POINT ( 'NONE',  ( -0.002688478959120755261, -4.960397057760068229, 0.003138838987185037840 ) ) ;
#4922 = CARTESIAN_POINT ( 'NONE',  ( -6.068789282025258913, 3.152649827649641079, -1.909370405329916309 ) ) ;
#4923 = CARTESIAN_POINT ( 'NONE',  ( -1.246691269916985201, -3.291876182885803637, 9.423037449233051532 ) ) ;
#4924 = CARTESIAN_POINT ( 'NONE',  ( 0.0003453605954380833476, 6.258017031326202684, 0.007392390293051124585 ) ) ;
#4925 = CARTESIAN_POINT ( 'NONE',  ( -4.205232356336506605, 2.519811733534278897, 4.774454122057400163 ) ) ;
#4926 = CARTESIAN_POINT ( 'NONE',  ( 1.667666843950492916, -1.306007726255573376, -9.396266144867588821 ) ) ;
#4927 = VERTEX_POINT ( 'NONE', #5198 ) ;
#4928 = ORIENTED_EDGE ( 'NONE', *, *, #6233, .T. ) ;
#4929 = CARTESIAN_POINT ( 'NONE',  ( -9.252458647617430643, 7.166739785458321244, -2.484544507257830492 ) ) ;
#4930 = CARTESIAN_POINT ( 'NONE',  ( 2.153474454881784350, -4.322750726860025594, -9.257890629237589764 ) ) ;
#4931 = CARTESIAN_POINT ( 'NONE',  ( -9.283569924374820204, 6.166747732760477163, -2.492829184333045678 ) ) ;
#4932 = CARTESIAN_POINT ( 'NONE',  ( -0.008973132685893815685, -0.1159741031040723430, 0.005087037618140393888 ) ) ;
#4933 = DIRECTION ( 'NONE',  ( -0.000000000000000000, 1.000000000000000000, -0.000000000000000000 ) ) ;
#4934 = CARTESIAN_POINT ( 'NONE',  ( 0.7754201698998592907, -2.333300717293009807, -2.904635938504492643 ) ) ;
#4935 = ORIENTED_EDGE ( 'NONE', *, *, #5395, .F. ) ;
#4936 = CARTESIAN_POINT ( 'NONE',  ( -7.147355626916891858, -2.980460749590184033, -6.323407375969875233 ) ) ;
#4937 = CARTESIAN_POINT ( 'NONE',  ( -1.549176938413812351E-16, 4.749803424434003496, 4.500000000000000888 ) ) ;
#4938 = CARTESIAN_POINT ( 'NONE',  ( -8.356561873225700765, -1.583333551142752649, 4.840581567378356098 ) ) ;
#4939 = CARTESIAN_POINT ( 'NONE',  ( 6.636061196387532668, -1.010408961293699504, 7.104944807577406429 ) ) ;
#4940 = CARTESIAN_POINT ( 'NONE',  ( -2.468781204738747626, 4.666478077663967383, 9.195057331860589045 ) ) ;
#4941 = CARTESIAN_POINT ( 'NONE',  ( 1.331552215331093469, -0.1041549814513343664, 2.695549845755727869 ) ) ;
#4942 = VERTEX_POINT ( 'NONE', #770 ) ;
#4943 = CARTESIAN_POINT ( 'NONE',  ( -8.547624792331152577, 0.1041551916720808851, -4.217428137621261008 ) ) ;
#4944 = CARTESIAN_POINT ( 'NONE',  ( 3.174102814283676910, 5.229424589476352914, 0.2037302361744703916 ) ) ;
#4945 = CARTESIAN_POINT ( 'NONE',  ( -2.403867615652207856, -5.523211230357682133, 2.079093851489583145 ) ) ;
#4946 = CARTESIAN_POINT ( 'NONE',  ( -4.856863459956987761, 2.581372773165084400, 8.288421854166795555 ) ) ;
#4947 = CARTESIAN_POINT ( 'NONE',  ( 3.078126158032466808, 6.168828308041623742, 0.7989918442066338278 ) ) ;
#4948 = CARTESIAN_POINT ( 'NONE',  ( 2.746936567288358333, 2.958363737113755221, 3.576628995768618147 ) ) ;
#4949 = CARTESIAN_POINT ( 'NONE',  ( -0.9733098677031630785, -9.829348972684828212, -2.838208540580446915 ) ) ;
#4950 = CARTESIAN_POINT ( 'NONE',  ( 0.000000000000000000, -6.250000000000000000, -3.000000000000000000 ) ) ;
#4951 = CARTESIAN_POINT ( 'NONE',  ( 5.774524914089415262, -2.612069644475595531, -2.671877828434165991 ) ) ;
#4952 = CARTESIAN_POINT ( 'NONE',  ( 6.356406485902086345, -3.479832830524633103, -7.240639841127045173 ) ) ;
#4953 = CARTESIAN_POINT ( 'NONE',  ( -1.524480346745570536, 3.672821526070224163, 6.176409472476900753 ) ) ;
#4954 = CARTESIAN_POINT ( 'NONE',  ( -4.208804501695997402, -3.396012013270381491, 8.522471777970492823 ) ) ;
#4955 = CARTESIAN_POINT ( 'NONE',  ( 0.001801425510180492198, 7.014594024177765341, -0.002108341359485475797 ) ) ;
#4956 = CARTESIAN_POINT ( 'NONE',  ( -4.906003360640442068, 2.030085134795915458, -4.050682262926708965 ) ) ;
#4957 = CARTESIAN_POINT ( 'NONE',  ( 8.231712959859651235, -0.5833281891260385654, -4.752567483343339561 ) ) ;
#4958 = EDGE_LOOP ( 'NONE', ( #2299, #2253, #4603, #1855 ) ) ;
#4959 = CARTESIAN_POINT ( 'NONE',  ( 0.000000000000000000, -12.50000000000000000, 0.000000000000000000 ) ) ;
#4960 = CARTESIAN_POINT ( 'NONE',  ( -1.886504566391824955, -3.155814280448305809, -6.141094930194609169 ) ) ;
#4961 = CARTESIAN_POINT ( 'NONE',  ( -2.386182486987426188, 1.747612935153853393E-14, -2.382541810033620422 ) ) ;
#4962 = CARTESIAN_POINT ( 'NONE',  ( 2.027719494532952638, -4.317695459046634099, -9.380333074282837913 ) ) ;
#4963 = CARTESIAN_POINT ( 'NONE',  ( -0.003101027467418126030, -2.002104948104928450, 0.003120462656865066742 ) ) ;
#4964 = DIRECTION ( 'NONE',  ( 0.000000000000000000, 0.000000000000000000, 1.000000000000000000 ) ) ;
#4965 = CARTESIAN_POINT ( 'NONE',  ( 1.506007837756575984, -2.417247922415751038, -2.601968030613482252 ) ) ;
#4966 = AXIS2_PLACEMENT_3D ( 'NONE', #865, #1954, #5846 ) ;
#4967 = EDGE_CURVE ( 'NONE', #2409, #723, #4895, .T. ) ;
#4968 = AXIS2_PLACEMENT_3D ( 'NONE', #4036, #3498, #5986 ) ;
#4969 = CARTESIAN_POINT ( 'NONE',  ( 8.187524290431499097, -1.921227687374854831, 4.882535612771797595 ) ) ;
#4970 = CARTESIAN_POINT ( 'NONE',  ( 4.271720490030408435, 1.145953902588021212, 1.445516404988800963 ) ) ;
#4971 = CARTESIAN_POINT ( 'NONE',  ( 3.998484568756912161, -1.114574551808230396, 8.791254494753568238 ) ) ;
#4972 = CARTESIAN_POINT ( 'NONE',  ( -1.896794938784014173, 0.6868574074768499793, 9.450906551674059131 ) ) ;
#4973 = CARTESIAN_POINT ( 'NONE',  ( -5.796738195271156080, -2.041589802358709349, -7.552006396480096306 ) ) ;
#4974 = CARTESIAN_POINT ( 'NONE',  ( 9.620639399716669260, -10.09318546555144991, 3.359028293184975563E-14 ) ) ;
#4975 = B_SPLINE_CURVE_WITH_KNOTS ( 'NONE', 3,
 ( #4107, #2105, #4989, #583, #3111, #2530, #5112, #5564, #5501, #4500, #3665, #5630, #131, #553, #69, #4008, #1070, #3079, #6117, #5016, #3048, #1163, #1098, #2173, #5991, #3144 ),
 .UNSPECIFIED., .F., .F.,
 ( 4, 2, 2, 2, 2, 2, 2, 2, 2, 2, 2, 2, 4 ),
 ( 0.3617687086877723335, 0.3627099400906382831, 0.3636511714935042328, 0.3645924028963701824, 0.3655336342992361320, 0.3674160971049679758, 0.3683573285078339254, 0.3692985599106998751, 0.3711810227164317744, 0.3721222541192977240, 0.3730634855221636736, 0.3749459483278955174, 0.3768284111336274167 ),
 .UNSPECIFIED. ) ;
#4976 = AXIS2_PLACEMENT_3D ( 'NONE', #2145, #2214, #3181 ) ;
#4977 = ORIENTED_EDGE ( 'NONE', *, *, #3667, .T. ) ;
#4978 = CARTESIAN_POINT ( 'NONE',  ( -0.9385954126126050401, -0.2187450463140822587, -9.498795366426099562 ) ) ;
#4979 = CARTESIAN_POINT ( 'NONE',  ( -2.947374851964478015, 4.371866404142108919, 1.189054202152928452 ) ) ;
#4980 = CARTESIAN_POINT ( 'NONE',  ( -2.926260894517163655E-08, 6.249254773581910172, 2.496978278204286389E-05 ) ) ;
#4981 = CARTESIAN_POINT ( 'NONE',  ( -3.194300868877121058, 4.641941805166758250, 9.050317470476210602 ) ) ;
#4982 = CARTESIAN_POINT ( 'NONE',  ( 0.4112426468443985961, 4.708370216589835344, -3.153546387499458259 ) ) ;
#4983 = CARTESIAN_POINT ( 'NONE',  ( 4.354770114328392339, 3.333582091719144991, -1.172091220978352055 ) ) ;
#4984 = CARTESIAN_POINT ( 'NONE',  ( 2.922768852546236307, -0.6671986095107977910, -0.7833070125527235028 ) ) ;
#4985 = CARTESIAN_POINT ( 'NONE',  ( -4.272004591330011536, 1.145933293936267861, -1.445018776871303201 ) ) ;
#4986 = CARTESIAN_POINT ( 'NONE',  ( -0.006969235739126440447, -4.040466408006802901, 0.006591898457428939026 ) ) ;
#4987 = CARTESIAN_POINT ( 'NONE',  ( 6.358616589900835336, 6.258752810391615462, -0.1814787848798654069 ) ) ;
#4988 = CARTESIAN_POINT ( 'NONE',  ( -0.6240354106612947538, -3.270911126325447782, 9.484643045385341864 ) ) ;
#4989 = CARTESIAN_POINT ( 'NONE',  ( -0.6260470966343639754, 5.770977898177857668, -9.484450392411497788 ) ) ;
#4990 = CARTESIAN_POINT ( 'NONE',  ( 4.763582673406590473, -0.4167752963808835087, -8.242659885259259411 ) ) ;
#4991 = ORIENTED_EDGE ( 'NONE', *, *, #3901, .T. ) ;
#4992 = CARTESIAN_POINT ( 'NONE',  ( 5.459298984995222703, -1.921131005521313995, 3.252974482268922607 ) ) ;
#4993 = FACE_OUTER_BOUND ( 'NONE', #5211, .T. ) ;
#4994 = CARTESIAN_POINT ( 'NONE',  ( -8.370751424680449304, -3.586890503757332205, 4.711801024121807124 ) ) ;
#4995 = CARTESIAN_POINT ( 'NONE',  ( -0.001132283217258193194, -0.3234326793026089386, -0.0007645691628606080198 ) ) ;
#4996 = CARTESIAN_POINT ( 'NONE',  ( 3.921529068209736568, 3.614625634276345867, -8.658418541709734129 ) ) ;
#4997 = CARTESIAN_POINT ( 'NONE',  ( -6.662665589245391651, -2.496099088182554659, 6.831810268634595396 ) ) ;
#4998 = CARTESIAN_POINT ( 'NONE',  ( -0.9737823204256798038, -10.35606839396223755, -2.838059717799947368 ) ) ;
#4999 = CARTESIAN_POINT ( 'NONE',  ( 9.225946728371205552, 1.336261001665423498, -2.566435975085010757 ) ) ;
#5000 = CARTESIAN_POINT ( 'NONE',  ( 4.727417019639241325, 3.586895167625416825, -8.398461858467905827 ) ) ;
#5001 = CARTESIAN_POINT ( 'NONE',  ( 5.786410629371667724, 5.541669555032020966, -7.540855336498785810 ) ) ;
#5002 = CARTESIAN_POINT ( 'NONE',  ( 2.123162121670810976, 2.541098841762901017E-17, 2.119476964985048895 ) ) ;
#5003 = EDGE_CURVE ( 'NONE', #6302, #4688, #4502, .T. ) ;
#5004 = CARTESIAN_POINT ( 'NONE',  ( -3.959383237034205114E-15, 5.749803742024721664, 4.499999999999999112 ) ) ;
#5005 = CARTESIAN_POINT ( 'NONE',  ( 7.308227820740305525, 3.028010700354241802, 6.120924543921017147 ) ) ;
#5006 = CARTESIAN_POINT ( 'NONE',  ( 0.000000000000000000, -6.250000000000000000, -6.333333333333331261 ) ) ;
#5007 = CARTESIAN_POINT ( 'NONE',  ( 2.514086598790480576, -4.960136720185936099, 1.947678153893060760 ) ) ;
#5008 = CARTESIAN_POINT ( 'NONE',  ( -7.057262246317402621, -5.988258802608175557, -6.552347944533037705 ) ) ;
#5009 = CARTESIAN_POINT ( 'NONE',  ( -2.694590230710253387, 5.071421080308811113, -1.689105269266119258 ) ) ;
#5010 = CARTESIAN_POINT ( 'NONE',  ( 4.470869939070746923, 3.291542867591478849, -0.5908828706738492587 ) ) ;
#5011 = CARTESIAN_POINT ( 'NONE',  ( -0.8740328433941048081, 10.59621714379977320, -9.459840161213094234 ) ) ;
#5012 = CARTESIAN_POINT ( 'NONE',  ( -9.351303745061567696, -5.687487426601208540, 1.858444910982925746 ) ) ;
#5013 = CARTESIAN_POINT ( 'NONE',  ( 2.433239375905010160, 3.027329181558776838, 2.043653187829613138 ) ) ;
#5014 = CARTESIAN_POINT ( 'NONE',  ( 5.650587247257137236, 6.408787341255949954, -3.096544633827293502 ) ) ;
#5015 = CARTESIAN_POINT ( 'NONE',  ( -0.3126196891217076224, -4.239523061721996555, -9.500000000000000000 ) ) ;
#5016 = CARTESIAN_POINT ( 'NONE',  ( -8.523066931942082647, 6.104026309899188263, -4.207713619119900272 ) ) ;
#5017 = CARTESIAN_POINT ( 'NONE',  ( -0.9732515433466151222, 3.798652025413745470, -6.286355115217968859 ) ) ;
#5018 = CARTESIAN_POINT ( 'NONE',  ( 7.160489073366970381, -0.5210018357634830233, -6.274145746583022820 ) ) ;
#5019 = CARTESIAN_POINT ( 'NONE',  ( 7.142846293826072390, 1.479344707697954897, -6.271111066133527423 ) ) ;
#5020 = CARTESIAN_POINT ( 'NONE',  ( -9.377897027607435376, 2.197868176082400371, -1.549846213507830139 ) ) ;
#5021 = CARTESIAN_POINT ( 'NONE',  ( -3.886633965383424982, -3.040844824928772727, -5.036051304717868327 ) ) ;
#5022 = CARTESIAN_POINT ( 'NONE',  ( 2.743791080478306110, 5.541536131991805725, -3.579054709549016611 ) ) ;
#5023 = CARTESIAN_POINT ( 'NONE',  ( 0.006186805406588398448, 0.7802690156517818609, -0.0005029783651236548973 ) ) ;
#5024 = CARTESIAN_POINT ( 'NONE',  ( 1.241655669346200863, 2.791607909016154299, 9.438872016888101513 ) ) ;
#5025 = EDGE_CURVE ( 'NONE', #5871, #1839, #3352, .T. ) ;
#5026 = VERTEX_POINT ( 'NONE', #3124 ) ;
#5027 = EDGE_LOOP ( 'NONE', ( #6275, #1522, #1272 ) ) ;
#5028 = CARTESIAN_POINT ( 'NONE',  ( -7.747866888791400619, 1.052066168189497830, -5.550588294146916901 ) ) ;
#5029 = CARTESIAN_POINT ( 'NONE',  ( 4.471197535694232172, 6.208263626902160937, 0.5878077878916139198 ) ) ;
#5030 = CARTESIAN_POINT ( 'NONE',  ( 5.993987153312126281, 0.9651719131957644526, 7.468538500827575533 ) ) ;
#5031 = CARTESIAN_POINT ( 'NONE',  ( 9.172600891359881103, 3.348295016950403546, -2.928324984664252284 ) ) ;
#5032 = CARTESIAN_POINT ( 'NONE',  ( -6.726935675701199102, -1.499940839031978390, 6.729423051288859980 ) ) ;
#5033 = CARTESIAN_POINT ( 'NONE',  ( 0.3944552529353784753, -4.208381879822316485, 2.980366740214881460 ) ) ;
#5034 = CARTESIAN_POINT ( 'NONE',  ( -2.977795935798105642, 3.520214105016627570, 3.386531044509564214 ) ) ;
#5035 = CARTESIAN_POINT ( 'NONE',  ( -4.046151650278393852, 5.104258842020355402, -1.991299302869280696 ) ) ;
#5036 = CARTESIAN_POINT ( 'NONE',  ( -1.460720192010066532, 3.798830816092286344, -9.429591337935271156 ) ) ;
#5037 = CARTESIAN_POINT ( 'NONE',  ( -6.306701889515312409, -3.708437898517874309, 0.8318198965994018090 ) ) ;
#5038 = CARTESIAN_POINT ( 'NONE',  ( -0.004178877661613039640, 5.605597652770564210, -0.001574243533963913142 ) ) ;
#5039 = CARTESIAN_POINT ( 'NONE',  ( 8.963870749305757002, -4.869783293030039317, 3.539464107036746299 ) ) ;
#5040 = CARTESIAN_POINT ( 'NONE',  ( -0.5370794033446675275, 5.695750659476188638, 3.131724156816504845 ) ) ;
#5041 = CARTESIAN_POINT ( 'NONE',  ( 2.386585741143486317, -0.5421756843151657179, -1.828216794440934878 ) ) ;
#5042 = CARTESIAN_POINT ( 'NONE',  ( -6.165208060416499158, 6.165945393311806022, -1.664288332334002973 ) ) ;
#5043 = EDGE_CURVE ( 'NONE', #3205, #4903, #2392, .T. ) ;
#5044 = CARTESIAN_POINT ( 'NONE',  ( -0.3975306584978783309, -3.210230347880727919, -3.186705127790776526 ) ) ;
#5045 = CARTESIAN_POINT ( 'NONE',  ( -9.015722722290988145, -3.645937907251824317, 3.058131602791093417 ) ) ;
#5046 = FACE_OUTER_BOUND ( 'NONE', #888, .T. ) ;
#5047 = CARTESIAN_POINT ( 'NONE',  ( 5.510910596163088569E-16, 0.000000000000000000, -4.500000000000000000 ) ) ;
#5048 = B_SPLINE_CURVE_WITH_KNOTS ( 'NONE', 3,
 ( #3625, #3075, #63, #5591, #578, #1158, #3138, #1035, #4525, #5104, #5041, #5495, #3013, #4984, #1546, #2555, #4783, #4748, #2298, #5624, #840, #4268, #3204, #2715, #6239, #2165, #3270, #1257 ),
 .UNSPECIFIED., .F., .F.,
 ( 4, 2, 2, 2, 2, 2, 2, 2, 2, 2, 2, 2, 2, 4 ),
 ( 0.002387487487122640605, 0.002984795066703160079, 0.003582102646283679553, 0.004179410225864199462, 0.004776717805444718502, 0.005374025385025238410, 0.005971332964605757451, 0.007165948123766795533, 0.007763255703347314574, 0.008360563282927835349, 0.009555178442088873431, 0.01074979360124991151, 0.01134710118083042882, 0.01194440876041094959 ),
 .UNSPECIFIED. ) ;
#5049 = CARTESIAN_POINT ( 'NONE',  ( -8.053762527681394445, 7.070260545358596715, -5.103923619189838945 ) ) ;
#5050 = CARTESIAN_POINT ( 'NONE',  ( -1.246711612559463278, 1.791870146365547312, -9.423032898078751884 ) ) ;
#5051 = CARTESIAN_POINT ( 'NONE',  ( 1.110041307301880886, -1.305962707075337237, -6.264235988647300246 ) ) ;
#5052 = CARTESIAN_POINT ( 'NONE',  ( 4.499942205416084029, 5.228787108741847156, 0.2975866959657786359 ) ) ;
#5053 = CARTESIAN_POINT ( 'NONE',  ( 8.633266614095158956E-05, 2.304446532305199913, 0.005528343331793176933 ) ) ;
#5054 = CARTESIAN_POINT ( 'NONE',  ( 8.230979212287303781, 3.416718064712239045, -4.753716423061703722 ) ) ;
#5055 = VERTEX_POINT ( 'NONE', #5973 ) ;
#5056 = CARTESIAN_POINT ( 'NONE',  ( 9.026184392175274240, 0.1458501271478055417, 3.061725476496715892 ) ) ;
#5057 = CARTESIAN_POINT ( 'NONE',  ( 0.5931330577797692127, 5.791704432075075459, 4.470483647850143960 ) ) ;
#5058 = CARTESIAN_POINT ( 'NONE',  ( 0.8928339356320510456, 0.7796311772459448841, 9.534236281117889789 ) ) ;
#5059 = AXIS2_PLACEMENT_3D ( 'NONE', #656, #3988, #5448 ) ;
#5060 = CARTESIAN_POINT ( 'NONE',  ( -4.872955370924505480, 2.581372967828408527, 8.315862370045618235 ) ) ;
#5061 = CARTESIAN_POINT ( 'NONE',  ( -9.423572625093088462, -1.791728241071916639, -1.242509745420807832 ) ) ;
#5062 = CARTESIAN_POINT ( 'NONE',  ( 2.903277691521235049, -3.666589525028341345, -0.7811324203662941557 ) ) ;
#5063 = CIRCLE ( 'NONE', #5481, 4.500000000000000000 ) ;
#5064 = CARTESIAN_POINT ( 'NONE',  ( 9.459892281778927270, -10.59736866909543629, 0.8734896355622699948 ) ) ;
#5065 = CARTESIAN_POINT ( 'NONE',  ( -1.450382048705252114, 5.645559293263916700, 4.270084832576454659 ) ) ;
#5066 = CARTESIAN_POINT ( 'NONE',  ( -5.534830244784854081, 1.947269515248747807, -7.760144338860825108 ) ) ;
#5067 = CARTESIAN_POINT ( 'NONE',  ( -6.286356392303003027, -3.798900434265590320, -0.9732432808564147608 ) ) ;
#5068 = CARTESIAN_POINT ( 'NONE',  ( 0.04869840624379626753, -1.245420159962865370, 3.176983380550617575 ) ) ;
#5069 = CARTESIAN_POINT ( 'NONE',  ( -2.509235690947702047, -6.166756168410536532, -9.345319730418736981 ) ) ;
#5070 = CARTESIAN_POINT ( 'NONE',  ( 2.174005110902784921, 5.989207658311435978, 2.321742185372202005 ) ) ;
#5071 = COORDINATED_UNIVERSAL_TIME_OFFSET ( 5, 30, .AHEAD. ) ;
#5072 = DIRECTION ( 'NONE',  ( 0.000000000000000000, 0.000000000000000000, 1.000000000000000000 ) ) ;
#5073 = AXIS2_PLACEMENT_3D ( 'NONE', #1276, #796, #1694 ) ;
#5074 = CARTESIAN_POINT ( 'NONE',  ( -4.644232223649650493, -5.408854312780638551, 8.476624867309801914 ) ) ;
#5075 = CARTESIAN_POINT ( 'NONE',  ( -4.041634487895727545, -0.03097311541598853774, -4.915051973730892421 ) ) ;
#5076 = CARTESIAN_POINT ( 'NONE',  ( 3.166749272883176314, -3.779436781536319678, 0.2901482298290883333 ) ) ;
#5077 = CARTESIAN_POINT ( 'NONE',  ( -0.2621787967789006024, 11.06713437286352253, -4.494011084676452050 ) ) ;
#5078 = CARTESIAN_POINT ( 'NONE',  ( -2.696201308217645476, -0.8961871321751975206, -1.330150122764562459 ) ) ;
#5079 = CARTESIAN_POINT ( 'NONE',  ( 2.460325779912730937E-11, -0.2499999522949063191, -9.500000000000001776 ) ) ;
#5080 = EDGE_CURVE ( 'NONE', #6350, #1825, #2107, .T. ) ;
#5081 = CARTESIAN_POINT ( 'NONE',  ( 8.245767798223653244, 1.416583912596616202, -4.758787733830680544 ) ) ;
#5082 = CARTESIAN_POINT ( 'NONE',  ( -0.3125658990145676608, 2.739525717451602116, 9.500000000000028422 ) ) ;
#5083 = CARTESIAN_POINT ( 'NONE',  ( -5.165012321962564990, -0.9480866694083003310, -3.700415483346634726 ) ) ;
#5084 = CARTESIAN_POINT ( 'NONE',  ( -9.500149012181999808, 0.2602696609870285838, 0.3065211546544939769 ) ) ;
#5085 = CARTESIAN_POINT ( 'NONE',  ( 0.007317254787971691835, 1.024666873548873092, -0.007111706728928055693 ) ) ;
#5086 = CARTESIAN_POINT ( 'NONE',  ( 0.6022799502581249742, 1.770183296704055609, 9.499440518236561104 ) ) ;
#5087 = ORIENTED_EDGE ( 'NONE', *, *, #4604, .T. ) ;
#5088 = VERTEX_POINT ( 'NONE', #111 ) ;
#5089 = CARTESIAN_POINT ( 'NONE',  ( -5.534813758146986729, 2.947269515759840530, -7.760121143148331235 ) ) ;
#5090 = CARTESIAN_POINT ( 'NONE',  ( 4.046317324678134320, 1.104288719643241823, 1.991087574680471484 ) ) ;
#5091 = CARTESIAN_POINT ( 'NONE',  ( -6.078281060580173367, -0.03125260078440855738, -7.401531205773792088 ) ) ;
#5092 = CARTESIAN_POINT ( 'NONE',  ( -1.475344251469969725, 3.798836179812642211, -9.523888424616790971 ) ) ;
#5093 = CARTESIAN_POINT ( 'NONE',  ( -9.500149658550641973, -1.760267232731248521, -0.3064619923071765784 ) ) ;
#5094 = CARTESIAN_POINT ( 'NONE',  ( 1.163414459189985485E-15, 12.50000000000000000, 9.500000000000000000 ) ) ;
#5095 = CARTESIAN_POINT ( 'NONE',  ( -0.005368274882158042931, 0.5197757072260359434, -0.004645189620366633153 ) ) ;
#5096 = CARTESIAN_POINT ( 'NONE',  ( -2.251088567519790029, 2.916077643322481094, -3.907630739533074049 ) ) ;
#5097 = CARTESIAN_POINT ( 'NONE',  ( -4.044061772309494707, 7.104457403575455743, -1.995390691949475714 ) ) ;
#5098 = CARTESIAN_POINT ( 'NONE',  ( -7.240733857459699330, 4.479832828804206635, 6.356473828565690987 ) ) ;
#5099 = CARTESIAN_POINT ( 'NONE',  ( -6.234138326550819009, -5.687665414412242271, 1.238270847726126389 ) ) ;
#5100 = CARTESIAN_POINT ( 'NONE',  ( 2.195641767881350237, -1.009969107564056445, 2.340681738894834218 ) ) ;
#5101 = CARTESIAN_POINT ( 'NONE',  ( 9.584497091930709090, 5.229173267307134054, 0.6305256195299077104 ) ) ;
#5102 = CARTESIAN_POINT ( 'NONE',  ( 1.390659443134455886, 6.605555553479437236, -2.857714915091340124 ) ) ;
#5103 = PERSON_AND_ORGANIZATION_ROLE ( 'design_owner' ) ;
#5104 = CARTESIAN_POINT ( 'NONE',  ( 2.260719780044696314, -0.5211749861943634210, -1.981942852692837320 ) ) ;
#5105 = EDGE_CURVE ( 'NONE', #2843, #6379, #2641, .T. ) ;
#5106 = ORIENTED_EDGE ( 'NONE', *, *, #4526, .T. ) ;
#5107 = CARTESIAN_POINT ( 'NONE',  ( -2.936267111708262600, -5.348938487619713911, 9.208641193547894233 ) ) ;
#5108 = CARTESIAN_POINT ( 'NONE',  ( 5.830592174035070130, -0.8801427008524892459, 2.526818006163489283 ) ) ;
#5109 = CARTESIAN_POINT ( 'NONE',  ( -6.324952709217415148, -1.479150877915464513, 7.215189201984379963 ) ) ;
#5110 = CARTESIAN_POINT ( 'NONE',  ( 1.774763206774256474, 6.659712231911401048, -6.103242598755127091 ) ) ;
#5111 = CARTESIAN_POINT ( 'NONE',  ( -2.168404344971008868E-15, -3.250250886338906575, 3.000000000000000000 ) ) ;
#5112 = CARTESIAN_POINT ( 'NONE',  ( -2.457861558589371942, 5.833254666627954776, -9.181784391965122083 ) ) ;
#5113 = CARTESIAN_POINT ( 'NONE',  ( -1.236690001920701443, 3.791435992541335231, -9.439985963167615068 ) ) ;
#5114 = CARTESIAN_POINT ( 'NONE',  ( 9.423505187489398693, 1.208256954036259101, 1.242763984415830469 ) ) ;
#5115 = CARTESIAN_POINT ( 'NONE',  ( -2.949523221149052965E-11, 1.749999829729355305, -9.500000000000000000 ) ) ;
#5116 = CARTESIAN_POINT ( 'NONE',  ( -0.7145329852952961858, -1.214473318086695786, -6.321679891888805081 ) ) ;
#5117 = CARTESIAN_POINT ( 'NONE',  ( -9.438856083225850568, 0.2083669426350953646, -1.242684138599825072 ) ) ;
#5118 = B_SPLINE_CURVE_WITH_KNOTS ( 'NONE', 3,
 ( #4741, #309, #6168, #6232, #2154, #5128, #5229, #731, #175, #1247, #2704, #2225, #2667, #696, #4711, #5720, #800, #4640, #207, #664, #4121, #3715, #4677, #242, #2190, #1800, #4191, #3128, #1733, #6099, #3648, #3232, #5196, #5877, #1955, #2932, #4838, #2415, #1432, #2835, #5782, #3388, #1340, #4357, #4417, #3841, #926 ),
 .UNSPECIFIED., .F., .F.,
 ( 4, 2, 2, 2, 2, 2, 2, 2, 2, 2, 2, 2, 1, 2, 2, 2, 2, 2, 2, 2, 2, 2, 2, 4 ),
 ( 0.09042415573444440025, 0.09230862408009699038, 0.09325085825292327157, 0.09419309242574956664, 0.09607756077140215678, 0.09796202911705473304, 0.09890426328988102811, 0.09984649746270732318, 0.1017309658083598994, 0.1036154341540124896, 0.1054999024996650658, 0.1064421366724913609, 0.1073843708453176421, 0.1083266050181439372, 0.1092688391909702322, 0.1111533075366228085, 0.1120955417094491036, 0.1130377758822753986, 0.1149222442279279888, 0.1158644784007542838, 0.1168067125735805789, 0.1186911809192331690, 0.1196334150920594502, 0.1205756492648857453 ),
 .UNSPECIFIED. ) ;
#5119 = CARTESIAN_POINT ( 'NONE',  ( -0.009453904961315966887, 2.736918993819104973, -0.001439027547241540769 ) ) ;
#5120 = CARTESIAN_POINT ( 'NONE',  ( 0.2635308339328055194, -11.06664875483568089, -2.990878231537251519 ) ) ;
#5121 = EDGE_LOOP ( 'NONE', ( #5265, #235, #1173, #492 ) ) ;
#5122 = ORIENTED_EDGE ( 'NONE', *, *, #3389, .F. ) ;
#5123 = CARTESIAN_POINT ( 'NONE',  ( 8.416427583368054854, 0.4062570981373518353, -4.502177613593436156 ) ) ;
#5124 = DIRECTION ( 'NONE',  ( 0.000000000000000000, 1.000000000000000000, 0.000000000000000000 ) ) ;
#5125 = CARTESIAN_POINT ( 'NONE',  ( -7.941114657838690860, 2.061211163543122282, -5.349327410142126205 ) ) ;
#5126 = CARTESIAN_POINT ( 'NONE',  ( -6.386667699411797905, 3.980461376854401934, -7.218907677494208031 ) ) ;
#5127 = CARTESIAN_POINT ( 'NONE',  ( 2.468246343181255575, 4.833505519890906044, 9.194886856456159663 ) ) ;
#5128 = CARTESIAN_POINT ( 'NONE',  ( 3.056181915502447222, -3.145796215255172612, 9.000400747360245646 ) ) ;
#5129 = CARTESIAN_POINT ( 'NONE',  ( 2.893063080075321647, -10.70787531947514104, -0.7995103058824407638 ) ) ;
#5130 = CARTESIAN_POINT ( 'NONE',  ( -8.897234077959169184E-15, 3.749824566600010733, -4.499999999999997335 ) ) ;
#5131 = CARTESIAN_POINT ( 'NONE',  ( -6.423585528518689358, -6.015606679789907041, -7.089469886887954431 ) ) ;
#5132 = CARTESIAN_POINT ( 'NONE',  ( -1.677120532504794870, -1.427230897019068356, 2.697907519200727577 ) ) ;
#5133 = CARTESIAN_POINT ( 'NONE',  ( 0.000000000000000000, -6.250000000000000000, -9.594999999999997087 ) ) ;
#5134 = CARTESIAN_POINT ( 'NONE',  ( -0.0009878158247599755533, -4.578771545227599660, -0.002448765886694444747 ) ) ;
#5135 = MECHANICAL_CONTEXT ( 'NONE', #2162, 'mechanical' ) ;
#5136 = CARTESIAN_POINT ( 'NONE',  ( 9.620639399716665707, 10.09318546555144991, 1.000000000000033751 ) ) ;
#5137 = CARTESIAN_POINT ( 'NONE',  ( -9.156820465859629721, -5.660154463378941792, 2.657701193741317525 ) ) ;
#5138 = CARTESIAN_POINT ( 'NONE',  ( 6.128921652684429233, 1.336481614156691089, -1.708551330882834174 ) ) ;
#5139 = CARTESIAN_POINT ( 'NONE',  ( 9.327916384030141117, -2.673199826390110001, -2.298340346060375960 ) ) ;
#5140 = CARTESIAN_POINT ( 'NONE',  ( 2.916555778954448286, 0.1199269761477788909, 1.260737641041934864 ) ) ;
#5141 = CARTESIAN_POINT ( 'NONE',  ( -2.696377477244070953, -3.604393722650074405, 1.329685585345522725 ) ) ;
#5142 = ORIENTED_EDGE ( 'NONE', *, *, #4132, .F. ) ;
#5143 = CARTESIAN_POINT ( 'NONE',  ( -2.384950453435310980, -2.958634386321497889, -1.830343135747534378 ) ) ;
#5144 = CARTESIAN_POINT ( 'NONE',  ( -0.6409398017975329598, 1.728521710739171491, 9.483585854942079507 ) ) ;
#5145 = CARTESIAN_POINT ( 'NONE',  ( 6.277618200671521542, 1.520840533012769225, -7.157142644041122992 ) ) ;
#5146 = CARTESIAN_POINT ( 'NONE',  ( -2.465491643427984769, 1.833411317530695417, -9.195386749519759206 ) ) ;
#5147 = CARTESIAN_POINT ( 'NONE',  ( 4.861900303688803326, 2.472738703451592190, -4.092040799243007676 ) ) ;
#5148 = CARTESIAN_POINT ( 'NONE',  ( -1.550494483586842165, 0.6978461229458575721, 9.377809068542385162 ) ) ;
#5149 = CARTESIAN_POINT ( 'NONE',  ( -0.005961105995563150545, 0.8439863710513354489, 0.001784640493220649099 ) ) ;
#5150 = CARTESIAN_POINT ( 'NONE',  ( 4.166485972270706384, -2.108089213660887307, 8.683929573642524602 ) ) ;
#5151 = EDGE_LOOP ( 'NONE', ( #6268, #5917, #3576, #201 ) ) ;
#5152 = CARTESIAN_POINT ( 'NONE',  ( 0.002613961180791552451, -1.634784554777251708, 0.009999806524175118214 ) ) ;
#5153 = ORIENTED_EDGE ( 'NONE', *, *, #2517, .F. ) ;
#5154 = CARTESIAN_POINT ( 'NONE',  ( 7.294942087170474210, 2.027012122699338725, 6.155086628084933231 ) ) ;
#5155 = DIRECTION ( 'NONE',  ( 0.000000000000000000, 0.000000000000000000, -1.000000000000000000 ) ) ;
#5156 = CARTESIAN_POINT ( 'NONE',  ( 4.696185320208904557, 3.586895776240534239, -8.343040827118253233 ) ) ;
#5157 = CARTESIAN_POINT ( 'NONE',  ( 9.616231717067574181, 5.229172023137978798, 0.6326384679623603402 ) ) ;
#5158 = CARTESIAN_POINT ( 'NONE',  ( -4.270598921514946689, 2.145702476626763833, -1.449013437793059245 ) ) ;
#5159 = CARTESIAN_POINT ( 'NONE',  ( -0.7994414660816112628, -9.478472736926869757, -9.466753634221756641 ) ) ;
#5160 = ADVANCED_FACE ( 'NONE', ( #727 ), #3328, .T. ) ;
#5161 = CARTESIAN_POINT ( 'NONE',  ( 6.768899841009845845E-05, 1.242724081204630071, 0.003973432436222854545 ) ) ;
#5162 = CARTESIAN_POINT ( 'NONE',  ( 9.497133808523003040, -11.06684593943542083, 0.2625868279033702901 ) ) ;
#5163 = CARTESIAN_POINT ( 'NONE',  ( 0.9737296787035849555, 9.830453232399893437, -4.393687691235174775 ) ) ;
#5164 = CARTESIAN_POINT ( 'NONE',  ( -9.563793851516392053, -5.742170543294232488, 0.2371794376521684233 ) ) ;
#5165 = CARTESIAN_POINT ( 'NONE',  ( -4.656156017168308736, -5.988512814103255089, -4.327309195740337344 ) ) ;
#5166 = CARTESIAN_POINT ( 'NONE',  ( -0.3546718095569198481, -2.214769774491790688, -3.161127352525940903 ) ) ;
#5167 = CARTESIAN_POINT ( 'NONE',  ( 8.315862496732336240, -2.581365515563379454, -4.872955154407228484 ) ) ;
#5168 = CARTESIAN_POINT ( 'NONE',  ( -3.166588241288949224, 7.249503179311118650, 1.664662522303256303E-05 ) ) ;
#5169 = CALENDAR_DATE ( 2025, 17, 10 ) ;
#5170 = CARTESIAN_POINT ( 'NONE',  ( -7.147355626916891858, -2.980460749590184033, -6.323407375969875233 ) ) ;
#5171 = VECTOR ( 'NONE', #6318, 1000.000000000000000 ) ;
#5172 = VERTEX_POINT ( 'NONE', #6130 ) ;
#5173 = CARTESIAN_POINT ( 'NONE',  ( 3.556379192136064127, -4.371738075291677461, -8.846114753950590881 ) ) ;
#5174 = CARTESIAN_POINT ( 'NONE',  ( -5.164907543191565864, 0.05189964542573599626, -3.700674010904696942 ) ) ;
#5175 = CARTESIAN_POINT ( 'NONE',  ( 0.2571452573978650347, -3.241524791940985750, 9.593440136995289080 ) ) ;
#5176 = CARTESIAN_POINT ( 'NONE',  ( 2.384780748691992969, -1.519931734287047087, -2.105584329974100832 ) ) ;
#5177 = DIRECTION ( 'NONE',  ( 0.000000000000000000, 0.000000000000000000, -1.000000000000000000 ) ) ;
#5178 = ORIENTED_EDGE ( 'NONE', *, *, #1020, .T. ) ;
#5179 = CARTESIAN_POINT ( 'NONE',  ( -0.9658222892698894446, -3.146167990006749182, -2.847021212295679504 ) ) ;
#5180 = CARTESIAN_POINT ( 'NONE',  ( -2.466033986329321692, 3.833427438218384165, -9.195728004020176982 ) ) ;
#5181 = CIRCLE ( 'NONE', #1875, 3.000000000000000444 ) ;
#5182 = CYLINDRICAL_SURFACE ( 'NONE', #2280, 9.500000000000000000 ) ;
#5183 = CARTESIAN_POINT ( 'NONE',  ( 0.2194791315511333551, 0.7343466061635408604, -4.499999999999998224 ) ) ;
#5184 = CARTESIAN_POINT ( 'NONE',  ( 5.611895726257346340, 0.4059284672788373571, -2.999610726215824918 ) ) ;
#5185 = CARTESIAN_POINT ( 'NONE',  ( 1.680513367352531478E-15, 0.7500000410275236007, 9.499999999999994671 ) ) ;
#5186 = CARTESIAN_POINT ( 'NONE',  ( -0.007429741022151679919, 4.859778416670175183, 0.002384960861467018151 ) ) ;
#5187 = CARTESIAN_POINT ( 'NONE',  ( 7.747527935526989040, -1.947910387271672983, 5.553936799693442339 ) ) ;
#5188 = ORIENTED_EDGE ( 'NONE', *, *, #4218, .F. ) ;
#5189 = CARTESIAN_POINT ( 'NONE',  ( 0.002820910979409120903, -2.920937641628438719, -0.006160590755773218824 ) ) ;
#5190 = ORIENTED_EDGE ( 'NONE', *, *, #100, .T. ) ;
#5191 = CARTESIAN_POINT ( 'NONE',  ( -9.104231523777601254, 3.152997287590442177, -2.860831364633125595 ) ) ;
#5192 = CARTESIAN_POINT ( 'NONE',  ( 0.000000000000000000, 0.000000000000000000, 0.000000000000000000 ) ) ;
#5193 = CARTESIAN_POINT ( 'NONE',  ( -3.940850375956818752, 4.614903184881164577, 8.716419588446724376 ) ) ;
#5194 = CARTESIAN_POINT ( 'NONE',  ( -9.345319664255182346, 6.166763620670351997, -2.509235933877581370 ) ) ;
#5195 = CARTESIAN_POINT ( 'NONE',  ( -1.994766512252377000, 1.895639638736300148, -4.044519926027948742 ) ) ;
#5196 = CARTESIAN_POINT ( 'NONE',  ( 7.146712031399535370, -2.520849952208050304, -6.266757333278229147 ) ) ;
#5197 = CARTESIAN_POINT ( 'NONE',  ( -1.239264118949543025, -5.208476664186745708, -9.499786848771160308 ) ) ;
#5198 = CARTESIAN_POINT ( 'NONE',  ( 9.447221813845589011, -10.09318546555144991, 1.000000000000033307 ) ) ;
#5199 = CARTESIAN_POINT ( 'NONE',  ( 1.858444910985150855, 5.687487426601501639, -9.351303745059531991 ) ) ;
#5200 = CARTESIAN_POINT ( 'NONE',  ( -1.482780440459104065, -3.404751234440848595, 2.813388495342152851 ) ) ;
#5201 = CARTESIAN_POINT ( 'NONE',  ( -2.928325223208276817, -3.348287564688585238, 9.172600814645878842 ) ) ;
#5202 = CARTESIAN_POINT ( 'NONE',  ( 0.005205893906302659288, -3.210524982066569333, 0.0004113634749017940897 ) ) ;
#5203 = ADVANCED_FACE ( 'NONE', ( #2255 ), #4223, .F. ) ;
#5204 = CARTESIAN_POINT ( 'NONE',  ( -2.971025730196757308, 5.978544437099936104, -3.392799358702875967 ) ) ;
#5205 = ORIENTED_EDGE ( 'NONE', *, *, #2266, .T. ) ;
#5206 = CARTESIAN_POINT ( 'NONE',  ( -8.985631157844649053, -3.859382159781481025, -3.212553334334502075 ) ) ;
#5207 = CARTESIAN_POINT ( 'NONE',  ( 1.238626195038593503, -0.3125343174468506735, -6.241325983736130567 ) ) ;
#5208 = CARTESIAN_POINT ( 'NONE',  ( 2.494678981940877893, -1.166654001164155074, 9.362755659615102033 ) ) ;
#5209 = CARTESIAN_POINT ( 'NONE',  ( -0.7087276455467201863, -2.321917158379534385, 3.097109464869634010 ) ) ;
#5210 = CARTESIAN_POINT ( 'NONE',  ( -1.984136794709056018, -3.479629129871976811, 2.258627659647697516 ) ) ;
#5211 = EDGE_LOOP ( 'NONE', ( #3902, #986, #5657, #1827 ) ) ;
#5212 = CARTESIAN_POINT ( 'NONE',  ( 1.163414459189985485E-15, 12.50000000000000000, 9.500000000000000000 ) ) ;
#5213 = CARTESIAN_POINT ( 'NONE',  ( -9.499937897900348815, 4.228952026253324448, -0.6280590855468147771 ) ) ;
#5214 = CARTESIAN_POINT ( 'NONE',  ( -0.2927169075286503719, 0.7705121523952132012, -4.500000000000000000 ) ) ;
#5215 = CARTESIAN_POINT ( 'NONE',  ( 2.828427124746187626, -9.960003299735783244, 1.000000000000009770 ) ) ;
#5216 = CARTESIAN_POINT ( 'NONE',  ( 0.2815923899298629074, 2.736536180009312424, -6.413387753230407107 ) ) ;
#5217 = CARTESIAN_POINT ( 'NONE',  ( -7.143129448940918280, 0.02067126792295157986, -6.270746234299251043 ) ) ;
#5218 = CARTESIAN_POINT ( 'NONE',  ( -0.004178390805506179695, 4.586987374617992330, -0.002182215881755394330 ) ) ;
#5219 = CARTESIAN_POINT ( 'NONE',  ( 5.197109561282109436E-12, -5.250262212998620726, 3.000000000000000444 ) ) ;
#5220 = ORIENTED_EDGE ( 'NONE', *, *, #3962, .F. ) ;
#5221 = CARTESIAN_POINT ( 'NONE',  ( -0.005887318900225062789, -1.245738231740061819, 0.0002394760655590569851 ) ) ;
#5222 = ORIENTED_EDGE ( 'NONE', *, *, #2287, .T. ) ;
#5223 = CARTESIAN_POINT ( 'NONE',  ( -4.007392441925575532, 3.611975347493050936, 8.661959837977198262 ) ) ;
#5224 = FACE_OUTER_BOUND ( 'NONE', #5675, .T. ) ;
#5225 = CARTESIAN_POINT ( 'NONE',  ( 6.789875530293737249, 3.001297996996300288, 6.737352513430228562 ) ) ;
#5226 = ADVANCED_FACE ( 'NONE', ( #5224 ), #692, .T. ) ;
#5227 = CARTESIAN_POINT ( 'NONE',  ( 4.952394174932133630, 5.578122212453211937, -8.258493394463343407 ) ) ;
#5228 = CARTESIAN_POINT ( 'NONE',  ( -0.2962124338348394725, 1.770825568612127698, -4.500000000000006217 ) ) ;
#5229 = CARTESIAN_POINT ( 'NONE',  ( 3.348517653919966808, -3.135405768517273373, 8.895690161004573326 ) ) ;
#5230 = CARTESIAN_POINT ( 'NONE',  ( 7.506746399255701974, -3.533830168054316268, -6.039749685176004412 ) ) ;
#5231 = CARTESIAN_POINT ( 'NONE',  ( 0.000000000000000000, 0.000000000000000000, 0.000000000000000000 ) ) ;
#5232 = CARTESIAN_POINT ( 'NONE',  ( 9.531667033984090764, -4.779959652677316484, 0.8969708064620498522 ) ) ;
#5233 = CARTESIAN_POINT ( 'NONE',  ( 2.428779787989280070, 1.472832908451587874, -2.048549338356965510 ) ) ;
#5234 = CARTESIAN_POINT ( 'NONE',  ( -2.889403009726494442, -2.153000263192633934, -9.195400913177856239 ) ) ;
#5235 = CARTESIAN_POINT ( 'NONE',  ( -9.429569259462253328, -2.798830815132837824, -1.460717458811119585 ) ) ;
#5236 = EDGE_LOOP ( 'NONE', ( #4670, #2013, #5411, #4589, #5540, #3832 ) ) ;
#5237 = CARTESIAN_POINT ( 'NONE',  ( -6.283101163383744137, -1.479158034802314114, 7.167375724313991725 ) ) ;
#5238 = CARTESIAN_POINT ( 'NONE',  ( 2.755140861390066309, 1.657248172065599157, -9.191504418366873708 ) ) ;
#5239 = CARTESIAN_POINT ( 'NONE',  ( 3.086955938678712208, -1.672942603190521904, -0.7658888250384890961 ) ) ;
#5240 = CARTESIAN_POINT ( 'NONE',  ( 0.2952055859955248218, 3.728982394243630871, -4.499999999999998224 ) ) ;
#5241 = CARTESIAN_POINT ( 'NONE',  ( -0.3930521424660333718, -3.208538776344678212, -2.980638805062988173 ) ) ;
#5242 = CARTESIAN_POINT ( 'NONE',  ( 1.208885422321337444E-14, -4.249999629030890347, -9.500000000000000000 ) ) ;
#5243 = ADVANCED_FACE ( 'NONE', ( #2734 ), #2804, .T. ) ;
#5244 = CARTESIAN_POINT ( 'NONE',  ( -3.904663481033026518, 1.083105745333162506, -2.256285583179181042 ) ) ;
#5245 = CARTESIAN_POINT ( 'NONE',  ( 4.499621833526763481, 0.2657819886045409419, -0.2272964020819736031 ) ) ;
#5246 = CARTESIAN_POINT ( 'NONE',  ( -6.008151412544163072, 1.364815745483602960, 2.255566733064517493 ) ) ;
#5247 = CARTESIAN_POINT ( 'NONE',  ( 2.981236304374228929, -4.791479257073278042, 0.3883332860079560245 ) ) ;
#5248 = CARTESIAN_POINT ( 'NONE',  ( -0.006874823210572462637, 5.640842559372329035, -0.002428672873594004203 ) ) ;
#5249 = CARTESIAN_POINT ( 'NONE',  ( 7.294942087170474210, 2.027012122699338725, 6.155086628084933231 ) ) ;
#5250 = ORIENTED_EDGE ( 'NONE', *, *, #4378, .F. ) ;
#5251 = CARTESIAN_POINT ( 'NONE',  ( 0.0002899677872792651872, -2.704961167246757281, 0.008266294729997507307 ) ) ;
#5252 = EDGE_LOOP ( 'NONE', ( #1778, #2416, #109, #2114, #4151, #1274 ) ) ;
#5253 = CARTESIAN_POINT ( 'NONE',  ( -9.211208037453022968, 5.155598974563346815, -2.831071099837263461 ) ) ;
#5254 = CARTESIAN_POINT ( 'NONE',  ( 0.2957192975262171730, 4.728946445554962352, -4.500000000000001776 ) ) ;
#5255 = CARTESIAN_POINT ( 'NONE',  ( -5.553277642186755791, 1.947270411035788129, -7.786014756592593677 ) ) ;
#5256 = CARTESIAN_POINT ( 'NONE',  ( 6.288695434814922436, 5.523440737965967351, -7.293053745616512096 ) ) ;
#5257 = CARTESIAN_POINT ( 'NONE',  ( 3.061369750768459408, 0.8541778270190822919, 9.014528961657722661 ) ) ;
#5258 = CARTESIAN_POINT ( 'NONE',  ( -1.831372220123277161, -2.041756321264870166, -2.384227917662328444 ) ) ;
#5259 = CARTESIAN_POINT ( 'NONE',  ( 2.828427124746187182, -10.09318546555144991, 1.000000000000010214 ) ) ;
#5260 = CARTESIAN_POINT ( 'NONE',  ( 0.000000000000000000, 0.000000000000000000, 0.000000000000000000 ) ) ;
#5261 = CARTESIAN_POINT ( 'NONE',  ( 6.226484387197731785, 5.523430004095929213, -7.220799924930730640 ) ) ;
#5262 = CARTESIAN_POINT ( 'NONE',  ( 1.491406319104440215, -0.4056904554992866729, -2.809815476856730054 ) ) ;
#5263 = CARTESIAN_POINT ( 'NONE',  ( -9.716328253877831500, -1.739583977597173758, 0.3315324824190729047 ) ) ;
#5264 = CARTESIAN_POINT ( 'NONE',  ( -3.635788019591323668E-08, -2.250001158985739380, 9.499821227794697620 ) ) ;
#5265 = ORIENTED_EDGE ( 'NONE', *, *, #2615, .F. ) ;
#5266 = CARTESIAN_POINT ( 'NONE',  ( -5.331547480672833572, -2.061210745690893464, -7.914735195590234085 ) ) ;
#5267 = CARTESIAN_POINT ( 'NONE',  ( 0.005746844668968039901, 3.676775861367440168, 0.002141738449958930594 ) ) ;
#5268 = CARTESIAN_POINT ( 'NONE',  ( 7.912654660436095000, 1.057935982469691005, 5.449295269900750860 ) ) ;
#5269 = CARTESIAN_POINT ( 'NONE',  ( -2.581937102839147347, -0.9482530967515707676, -1.850583302065016866 ) ) ;
#5270 = CARTESIAN_POINT ( 'NONE',  ( 2.999998327944106702, -1.729527164609026002, -0.1951080551636987515 ) ) ;
#5271 = VERTEX_POINT ( 'NONE', #5680 ) ;
#5272 = AXIS2_PLACEMENT_3D ( 'NONE', #3634, #3700, #5735 ) ;
#5273 = DIRECTION ( 'NONE',  ( -0.000000000000000000, -0.000000000000000000, 1.000000000000000000 ) ) ;
#5274 = CARTESIAN_POINT ( 'NONE',  ( -1.656080767065240086E-06, 4.750000198830709230, -9.499966431596947203 ) ) ;
#5275 = PERSON ( 'UNSPECIFIED', 'UNSPECIFIED', 'UNSPECIFIED', ('UNSPECIFIED'), ('UNSPECIFIED'), ('UNSPECIFIED') ) ;
#5276 = CARTESIAN_POINT ( 'NONE',  ( 9.236599258357985676, 6.169278643528445905, 2.391232836560591934 ) ) ;
#5277 = CARTESIAN_POINT ( 'NONE',  ( 9.877432417281920343E-07, -0.2499709934161651048, 9.499837964138377444 ) ) ;
#5278 = CARTESIAN_POINT ( 'NONE',  ( 7.547570246159186702, -3.959616046686224244, 5.836708424327582634 ) ) ;
#5279 = CARTESIAN_POINT ( 'NONE',  ( 6.333399491122174041, 0.2241709175435351309, 0.5146158091978977334 ) ) ;
#5280 = CARTESIAN_POINT ( 'NONE',  ( -0.6190405519975200610, -5.270743661426086746, 9.500000000000003553 ) ) ;
#5281 = CARTESIAN_POINT ( 'NONE',  ( -0.002445356668428420345, 5.071487047877669241, 0.005311512981992496871 ) ) ;
#5282 = CARTESIAN_POINT ( 'NONE',  ( 1.246475267626881545, -1.208130913094182857, 9.423026092899537076 ) ) ;
#5283 = EDGE_CURVE ( 'NONE', #3544, #2843, #6094, .T. ) ;
#5284 = ORGANIZATION ( 'UNSPECIFIED', 'UNSPECIFIED', '' ) ;
#5285 = ORIENTED_EDGE ( 'NONE', *, *, #137, .T. ) ;
#5286 = CARTESIAN_POINT ( 'NONE',  ( 0.004010651739467647331, -1.505006986793731683, 0.004349757722194013895 ) ) ;
#5287 = ORIENTED_EDGE ( 'NONE', *, *, #6199, .T. ) ;
#5288 = CARTESIAN_POINT ( 'NONE',  ( 6.164011238784975255, 4.526366112508646289, -7.284194620933552855 ) ) ;
#5289 = CARTESIAN_POINT ( 'NONE',  ( 4.205780787548579092, -5.104102006822009763, 8.524032282025080676 ) ) ;
#5290 = CARTESIAN_POINT ( 'NONE',  ( 6.247221403070128076, 5.523433582052608593, -7.244884531825991125 ) ) ;
#5291 = CARTESIAN_POINT ( 'NONE',  ( 0.000000000000000000, -11.50000000000000000, 0.000000000000000000 ) ) ;
#5292 = CARTESIAN_POINT ( 'NONE',  ( -2.602810284887203895, -1.917079682200056201, -1.504505686875029946 ) ) ;
#5293 = PRODUCT_RELATED_PRODUCT_CATEGORY ( 'detail', '', ( #807 ) ) ;
#5294 = B_SPLINE_CURVE_WITH_KNOTS ( 'NONE', 3,
 ( #2431, #5891, #3438, #3946, #1483, #5433, #514, #2494, #3976, #1014, #4824, #6008, #1360, #3824, #6280, #5802, #5892, #3857, #1883, #2338, #454, #3344, #84, #5277 ),
 .UNSPECIFIED., .F., .F.,
 ( 4, 2, 2, 2, 2, 2, 2, 2, 2, 2, 2, 4 ),
 ( 0.3200001369437297516, 0.3253123249966629604, 0.3326560458294401390, 0.3399997666622173176, 0.3462497899725332506, 0.3524998132828491837, 0.3649998599034809943, 0.3774999065241128049, 0.3837499298344287380, 0.3899999531447446710, 0.3962499959238207636, 0.4000000233337773770 ),
 .UNSPECIFIED. ) ;
#5295 = CARTESIAN_POINT ( 'NONE',  ( 8.874991538485069498, -3.869793806408126535, 3.504450080692641301 ) ) ;
#5296 = CARTESIAN_POINT ( 'NONE',  ( 4.268916140578799201, 1.354293032299578980, -1.453358155802832341 ) ) ;
#5297 = CARTESIAN_POINT ( 'NONE',  ( 5.091648087791439181, -2.428381442357779196, -8.108734217398465560 ) ) ;
#5298 = CARTESIAN_POINT ( 'NONE',  ( 0.2922974570713692821, 0.7789504454902517194, 3.167939266536053733 ) ) ;
#5299 = CARTESIAN_POINT ( 'NONE',  ( -1.215092085965841839, -4.209632240420440041, -9.656644399008476043 ) ) ;
#5300 = CARTESIAN_POINT ( 'NONE',  ( 0.000000000000000000, -12.50000000000000000, 8.500000000000000000 ) ) ;
#5301 = EDGE_LOOP ( 'NONE', ( #1190, #4269 ) ) ;
#5302 = CARTESIAN_POINT ( 'NONE',  ( 4.166553094935730783, -3.108089210926516799, 8.684039058976928516 ) ) ;
#5303 = CARTESIAN_POINT ( 'NONE',  ( 3.097152297286007716, 3.321420340452796882, -0.7087547121801729411 ) ) ;
#5304 = CARTESIAN_POINT ( 'NONE',  ( -0.001402135663646247648, 4.989019415178558958, 0.001334146100347724300 ) ) ;
#5305 = CARTESIAN_POINT ( 'NONE',  ( 9.466126354076063620, -0.8020708278832917593, 1.564270236861559304 ) ) ;
#5306 = CARTESIAN_POINT ( 'NONE',  ( 3.134307902011390645, 0.1977636922690123311, 0.5170605725833520294 ) ) ;
#5307 = CARTESIAN_POINT ( 'NONE',  ( 1.832639636660167604, -2.041591570279170487, 2.383367908332762575 ) ) ;
#5308 = CARTESIAN_POINT ( 'NONE',  ( 8.837528639976107538E-07, 3.750028942977245094, 9.499924767882959031 ) ) ;
#5309 = ADVANCED_FACE ( 'NONE', ( #3774 ), #305, .F. ) ;
#5310 = CARTESIAN_POINT ( 'NONE',  ( -5.022161261380247765, 4.572806298897958754, 8.069998601826231521 ) ) ;
#5311 = CARTESIAN_POINT ( 'NONE',  ( 9.537752204554388769, 6.259120699923934161, -0.2759143724662978525 ) ) ;
#5312 = DIRECTION ( 'NONE',  ( -0.000000000000000000, -1.000000000000000000, -0.000000000000000000 ) ) ;
#5313 = CARTESIAN_POINT ( 'NONE',  ( 1.147665409899887831E-06, -4.779176652602237674, -0.01175469513247743777 ) ) ;
#5314 = CARTESIAN_POINT ( 'NONE',  ( 0.8318137371685617731, 4.708189489956597029, -6.306759641260958560 ) ) ;
#5315 = CARTESIAN_POINT ( 'NONE',  ( 2.846628929788453721, -4.646045578411371224, -0.9672627051330875414 ) ) ;
#5316 = CARTESIAN_POINT ( 'NONE',  ( 0.0006785970420997686258, 6.229549007144961514, -0.007546097212337005491 ) ) ;
#5317 = CARTESIAN_POINT ( 'NONE',  ( 6.500542409203163174, -1.010285151207090504, 6.934681000198534839 ) ) ;
#5318 = VERTEX_POINT ( 'NONE', #1763 ) ;
#5319 = VERTEX_POINT ( 'NONE', #3228 ) ;
#5320 = CARTESIAN_POINT ( 'NONE',  ( -8.534968938182421638, 3.397780661964747040, 4.270835502514568560 ) ) ;
#5321 = CARTESIAN_POINT ( 'NONE',  ( 4.470215791590839594, 4.291778964295163590, -0.5941474208670461943 ) ) ;
#5322 = CARTESIAN_POINT ( 'NONE',  ( -7.089469830694046237, 6.015609163879050314, -6.423585590322264949 ) ) ;
#5323 = CARTESIAN_POINT ( 'NONE',  ( -0.007502969591525774501, -4.080601926900184750, 0.003283772308676807979 ) ) ;
#5324 = CARTESIAN_POINT ( 'NONE',  ( -1.378101315539277838, 3.703776175472212717, 9.443298571069981051 ) ) ;
#5325 = CARTESIAN_POINT ( 'NONE',  ( -1.832532014130042741, -1.458899500057337040, 2.383480186493731612 ) ) ;
#5326 = EDGE_CURVE ( 'NONE', #3428, #4658, #6278, .T. ) ;
#5327 = CARTESIAN_POINT ( 'NONE',  ( -8.176678400765931443, -4.578121264019403114, 4.903300380586039786 ) ) ;
#5328 = CARTESIAN_POINT ( 'NONE',  ( 2.974085603726795313, 1.520519582282311655, -3.389817079129427313 ) ) ;
#5329 = CARTESIAN_POINT ( 'NONE',  ( 9.267481152681281031, -2.841149718463211737, 2.744579528172162330 ) ) ;
#5330 = CARTESIAN_POINT ( 'NONE',  ( -2.846272839887411088, 2.397183211345374154, 1.420306663090245225 ) ) ;
#5331 = CARTESIAN_POINT ( 'NONE',  ( 4.947970777980592594, 1.578117706948362287, -8.258481955763885551 ) ) ;
#5332 = LINE ( 'NONE', #3459, #5383 ) ;
#5333 = CARTESIAN_POINT ( 'NONE',  ( -9.620130545378927422, 0.2604279074176941711, 0.3289330004157295373 ) ) ;
#5334 = CARTESIAN_POINT ( 'NONE',  ( -0.01172972199183574225, 4.778431426274405425, -1.142730657735604086E-06 ) ) ;
#5335 = CARTESIAN_POINT ( 'NONE',  ( 8.017630853468146412, 3.435564359815519442, -5.290208312651331291 ) ) ;
#5336 = CARTESIAN_POINT ( 'NONE',  ( 0.9321839570902025196, 0.6551936942263907326, -3.041272192123605222 ) ) ;
#5337 = CARTESIAN_POINT ( 'NONE',  ( 9.500004990529296478, 11.09323287558288129, -0.1301842086918483243 ) ) ;
#5338 = CARTESIAN_POINT ( 'NONE',  ( 0.6217756992205158983, 0.7291639158289189293, -9.484553205487124217 ) ) ;
#5339 = CARTESIAN_POINT ( 'NONE',  ( -2.603162161160760490, -5.916933548797013387, -1.503976278250644061 ) ) ;
#5340 = CARTESIAN_POINT ( 'NONE',  ( -1.982628828454081171, -5.020867229331241965, -2.260031295369353099 ) ) ;
#5341 = CARTESIAN_POINT ( 'NONE',  ( -0.001172781372495966057, -5.409398624137994105, -0.001414051704368045814 ) ) ;
#5342 = CARTESIAN_POINT ( 'NONE',  ( -6.321787655977198384, 3.214224908668250613, -0.7145437169331986249 ) ) ;
#5343 = CARTESIAN_POINT ( 'NONE',  ( -8.251465704207985752, -5.916191140613815236, -4.748593219569086088 ) ) ;
#5344 = CARTESIAN_POINT ( 'NONE',  ( 0.000000000000000000, 12.50000000000000000, 0.000000000000000000 ) ) ;
#5345 = CARTESIAN_POINT ( 'NONE',  ( 2.701018662204512606E-14, 0.7498405783874891872, 4.499999999999999112 ) ) ;
#5346 = ORIENTED_EDGE ( 'NONE', *, *, #4262, .T. ) ;
#5347 = VERTEX_POINT ( 'NONE', #1661 ) ;
#5348 = CARTESIAN_POINT ( 'NONE',  ( -8.464750568872082326, 7.097611446508783395, -4.390721411734285873 ) ) ;
#5349 = CARTESIAN_POINT ( 'NONE',  ( 3.578294839098195901, 4.458155450322197844, -2.744524108123622241 ) ) ;
#5350 = CARTESIAN_POINT ( 'NONE',  ( 7.597972255845491851, -4.959610838286584666, 5.875647570003254216 ) ) ;
#5351 = CARTESIAN_POINT ( 'NONE',  ( 0.002501879504858211915, 0.1199966533091349069, -0.005356814279583502723 ) ) ;
#5352 = CARTESIAN_POINT ( 'NONE',  ( -0.9128372262317556718, 2.780589777763365689, -9.497483482382410358 ) ) ;
#5353 = CARTESIAN_POINT ( 'NONE',  ( 9.480491640359396399, -9.294321964634892907, -0.6154760669264864870 ) ) ;
#5354 = CARTESIAN_POINT ( 'NONE',  ( -5.255148298270071017, -2.435563322742929859, 7.964471642269523421 ) ) ;
#5355 = CARTESIAN_POINT ( 'NONE',  ( -0.5877439637289970653, 3.791361904494179758, -4.471099392604853229 ) ) ;
#5356 = CARTESIAN_POINT ( 'NONE',  ( -0.1536996751850372156, -2.244796620542031995, -9.574590611992368494 ) ) ;
#5357 = CARTESIAN_POINT ( 'NONE',  ( -2.851337343944774894, 0.1043740483112208378, -1.401563178930156806 ) ) ;
#5358 = CARTESIAN_POINT ( 'NONE',  ( 7.368048754347442220, 1.027024274631202605, 6.216664068709794044 ) ) ;
#5359 = CARTESIAN_POINT ( 'NONE',  ( 4.493980353800706595, 11.06697153468368988, 0.2623373853890707541 ) ) ;
#5360 = EDGE_CURVE ( 'NONE', #4605, #1839, #3189, .T. ) ;
#5361 = B_SPLINE_CURVE_WITH_KNOTS ( 'NONE', 3,
 ( #2670, #6170, #1633, #698, #1150, #3096, #5096, #3617, #4161, #2638, #3553, #734, #2706, #600, #5520, #4679, #209, #2156, #244, #5582, #148, #4612, #3066, #1116, #3650, #5034, #4549, #1668, #3585, #2092, #4061, #5548, #178, #2124 ),
 .UNSPECIFIED., .F., .F.,
 ( 4, 2, 2, 2, 2, 2, 2, 2, 2, 2, 2, 2, 2, 2, 2, 2, 4 ),
 ( 0.03916053034442854019, 0.04005106734085404907, 0.04094160433727955795, 0.04183214133370506682, 0.04272267833013057570, 0.04361321532655608457, 0.04450375232298160039, 0.04539428931940710926, 0.04628482631583261814, 0.04717536331225812701, 0.04806590030868363589, 0.04895643730510914476, 0.04984697430153465364, 0.05073751129796016252, 0.05162804829438567139, 0.05251858529081118027, 0.05340912228723668914 ),
 .UNSPECIFIED. ) ;
#5362 = CARTESIAN_POINT ( 'NONE',  ( 2.478143314325483626, -1.166657887421476136, 9.300749782393944898 ) ) ;
#5363 = CARTESIAN_POINT ( 'NONE',  ( -0.001426266238414106852, 5.408653397564402887, -0.001195057122970960041 ) ) ;
#5364 = CARTESIAN_POINT ( 'NONE',  ( 9.354665236907390380, 3.321617108640332994, -2.139011387590905588 ) ) ;
#5365 = CARTESIAN_POINT ( 'NONE',  ( 1.160695898372796409, 2.630783570820411921, -2.958017800970514255 ) ) ;
#5366 = CARTESIAN_POINT ( 'NONE',  ( 3.904451916535895517, 3.083081956891993158, 2.256338108960537436 ) ) ;
#5367 = CARTESIAN_POINT ( 'NONE',  ( 1.040949779275250140E-15, -11.50000000000000000, -8.500000000000000000 ) ) ;
#5368 = CARTESIAN_POINT ( 'NONE',  ( -2.258870513928656010, -5.979251415142006643, -1.983849498309178783 ) ) ;
#5369 = CARTESIAN_POINT ( 'NONE',  ( -0.9660161178876289778, -4.354352032198274713, 2.847074291598227447 ) ) ;
#5370 = CARTESIAN_POINT ( 'NONE',  ( -2.974607150943660461, 4.979069737430695142, -3.389611478128398137 ) ) ;
#5371 = B_SPLINE_CURVE_WITH_KNOTS ( 'NONE', 3,
 ( #4766, #3183, #5711, #4249, #5150, #4181, #1271, #5187, #6158, #2249, #1723, #6192, #5673, #791, #759, #4702, #4217, #6222, #1301, #3285, #4926, #3350, #4829, #4439 ),
 .UNSPECIFIED., .F., .F.,
 ( 4, 2, 2, 2, 2, 2, 2, 2, 2, 2, 2, 4 ),
 ( 0.2399998943492271664, 0.2428123984242110123, 0.2556249322828073600, 0.2620311992121054923, 0.2684374661414036800, 0.2812500000000000000, 0.2885937208327771786, 0.2959374416655543572, 0.3032811624983314802, 0.3106248833311086588, 0.3179686041638858374, 0.3200001369437297516 ),
 .UNSPECIFIED. ) ;
#5372 = CARTESIAN_POINT ( 'NONE',  ( 0.006143090060433236028, -6.099710756628323516, -0.002535983374686391189 ) ) ;
#5373 = CARTESIAN_POINT ( 'NONE',  ( -4.825749870608383674, 5.479950492371306936, 4.239636304177601289 ) ) ;
#5374 = CARTESIAN_POINT ( 'NONE',  ( 2.999864262210181209, -4.729189903140237128, -0.1980864159888288401 ) ) ;
#5375 = CARTESIAN_POINT ( 'NONE',  ( 0.01000233443483208168, 7.164356598976576507, -0.02353207557712907669 ) ) ;
#5376 = CARTESIAN_POINT ( 'NONE',  ( 3.252968849315649891, 2.920882596528927344, 5.459267253941172626 ) ) ;
#5377 = CARTESIAN_POINT ( 'NONE',  ( -4.505361620300033287, 0.2497608046495017886, 0.0004263690515548560433 ) ) ;
#5378 = VECTOR ( 'NONE', #2963, 1000.000000000000000 ) ;
#5379 = ORIENTED_EDGE ( 'NONE', *, *, #3034, .T. ) ;
#5380 = CARTESIAN_POINT ( 'NONE',  ( 5.792542942955923202, -3.615254811179701377, -2.616373149676022969 ) ) ;
#5381 = CARTESIAN_POINT ( 'NONE',  ( 3.600295305479106922, 4.041586414025936769, 2.763633745044708601 ) ) ;
#5382 = CARTESIAN_POINT ( 'NONE',  ( 5.660245909819129118, -5.049493743487410313, 7.759986932157437955 ) ) ;
#5383 = VECTOR ( 'NONE', #2328, 1000.000000000000000 ) ;
#5384 = CARTESIAN_POINT ( 'NONE',  ( 0.002127490049442945508, -0.8707431565771039939, -0.005500198184729283499 ) ) ;
#5385 = CARTESIAN_POINT ( 'NONE',  ( 0.000000000000000000, 12.50000000000000000, 0.000000000000000000 ) ) ;
#5386 = CARTESIAN_POINT ( 'NONE',  ( -2.848419133044779894, -1.646636168501407260, 0.9619787879117341900 ) ) ;
#5387 = CC_DESIGN_APPROVAL ( #1785, ( #4870 ) ) ;
#5388 = CARTESIAN_POINT ( 'NONE',  ( 9.443128716293998082, -1.703776182407160000, -1.378086294468355621 ) ) ;
#5389 = CARTESIAN_POINT ( 'NONE',  ( 3.905170261700920520, 1.416454903021019840, -2.255559536825505695 ) ) ;
#5390 = CARTESIAN_POINT ( 'NONE',  ( -8.894941848893347824, -1.869785686799845026, -3.513093611071107514 ) ) ;
#5391 = CARTESIAN_POINT ( 'NONE',  ( -0.04211522013649892510, 0.7487043017239044529, 9.640173261607694499 ) ) ;
#5392 = CARTESIAN_POINT ( 'NONE',  ( 0.5037505899574833412, -10.96692092652251382, -9.487408607528635685 ) ) ;
#5393 = ORIENTED_EDGE ( 'NONE', *, *, #5080, .T. ) ;
#5394 = CARTESIAN_POINT ( 'NONE',  ( 9.360885713931789809, -0.6874990823030691089, -1.865099854675735136 ) ) ;
#5395 = EDGE_CURVE ( 'NONE', #690, #3610, #3644, .T. ) ;
#5396 = CARTESIAN_POINT ( 'NONE',  ( -3.105136248663786347, 4.317691231837406995, 0.6737283576915699124 ) ) ;
#5397 = CARTESIAN_POINT ( 'NONE',  ( -3.049925682566791085, -5.659766831682761179, 0.8919264280524872301 ) ) ;
#5398 = CARTESIAN_POINT ( 'NONE',  ( -0.5567087222063931140, 3.768553427382263621, -9.590582302005534743 ) ) ;
#5399 = CARTESIAN_POINT ( 'NONE',  ( 0.9160618923998292695, 2.656601679490487644, -3.042231257842841430 ) ) ;
#5400 = CARTESIAN_POINT ( 'NONE',  ( 2.976723432354420051, 2.979326792742477359, 3.387654331690675313 ) ) ;
#5401 = CARTESIAN_POINT ( 'NONE',  ( 1.995351258229572489, 1.895648653293862118, 4.044315001953151523 ) ) ;
#5402 = CARTESIAN_POINT ( 'NONE',  ( -4.269933751762783558, 1.354086720541735289, 1.450417994309852965 ) ) ;
#5403 = CARTESIAN_POINT ( 'NONE',  ( -1.330535242063202395, -5.104973938801320443, -2.696044665494416126 ) ) ;
#5404 = CARTESIAN_POINT ( 'NONE',  ( 0.004598538987765199600, -5.523101843487820517, 0.005398583635918692905 ) ) ;
#5405 = CARTESIAN_POINT ( 'NONE',  ( 6.344948485229465973, 4.267877120574606664, -0.3627313926935908928 ) ) ;
#5406 = CARTESIAN_POINT ( 'NONE',  ( -3.058391215870687851, -3.354066924746098799, 9.015941207690715942 ) ) ;
#5407 = CARTESIAN_POINT ( 'NONE',  ( -0.0001352515418421500290, 7.210243704046615854, 0.03181005307440702007 ) ) ;
#5408 = CARTESIAN_POINT ( 'NONE',  ( 2.463661104851620820, -1.166643798535845100, 9.195835437784387167 ) ) ;
#5409 = ORIENTED_EDGE ( 'NONE', *, *, #5025, .F. ) ;
#5410 = CARTESIAN_POINT ( 'NONE',  ( 0.007209695937002601716, 0.02466687846613602533, -0.007208298396658564637 ) ) ;
#5411 = ORIENTED_EDGE ( 'NONE', *, *, #3186, .F. ) ;
#5412 = CARTESIAN_POINT ( 'NONE',  ( -6.354696465307580588, -4.742489591438138419, 0.1552843661763332883 ) ) ;
#5413 = CARTESIAN_POINT ( 'NONE',  ( 0.5849922269245272366, 5.708451289719575605, -4.471569723689817089 ) ) ;
#5414 = CARTESIAN_POINT ( 'NONE',  ( -4.419973266096545395, -6.097597449127401426, -8.521036060910217813 ) ) ;
#5415 = CARTESIAN_POINT ( 'NONE',  ( -0.004914166199894604535, -2.497135152296892091, -0.004586404497241586969 ) ) ;
#5416 = LINE ( 'NONE', #991, #616 ) ;
#5417 = CARTESIAN_POINT ( 'NONE',  ( 2.903910996023277402, -2.666917883795960620, -0.7781174387070675103 ) ) ;
#5418 = EDGE_CURVE ( 'NONE', #6226, #5512, #14, .T. ) ;
#5419 = CARTESIAN_POINT ( 'NONE',  ( 0.1578621861331815091, -0.2447840213720895997, 9.530370935373833063 ) ) ;
#5420 = CARTESIAN_POINT ( 'NONE',  ( -1.163624415900162967, 3.832949485097283837, -4.356851037638578283 ) ) ;
#5421 = CARTESIAN_POINT ( 'NONE',  ( -2.840513117386896713, -4.155596821400273200, -9.241921649098021163 ) ) ;
#5422 = CARTESIAN_POINT ( 'NONE',  ( 9.494591061780999652, 1.305368715880705466, -1.665143905436530236 ) ) ;
#5423 = CARTESIAN_POINT ( 'NONE',  ( -0.6192372172572547795, 4.729248857242547288, 9.500000000001341149 ) ) ;
#5424 = CARTESIAN_POINT ( 'NONE',  ( 4.493989819553228848, 11.06703735140384381, -0.2625184716977736477 ) ) ;
#5425 = CARTESIAN_POINT ( 'NONE',  ( -0.6254125415996987236, -1.270846543295410358, 9.510909079752586592 ) ) ;
#5426 = B_SPLINE_CURVE_WITH_KNOTS ( 'NONE', 3,
 ( #1590, #4961, #1494, #2111, #5966, #528, #3571 ),
 .UNSPECIFIED., .F., .F.,
 ( 4, 3, 4 ),
 ( 0.003000000243305877244, 0.004115995146666903345, 0.004500000431986670921 ),
 .UNSPECIFIED. ) ;
#5427 = CARTESIAN_POINT ( 'NONE',  ( -3.166666686175065859, 6.249503182387943667, 1.664652212947109421E-05 ) ) ;
#5428 = CARTESIAN_POINT ( 'NONE',  ( -2.324984920907587682, -5.988759427205272878, -2.167077400795176079 ) ) ;
#5429 = CARTESIAN_POINT ( 'NONE',  ( 0.8999896615636416852, 4.779967222183002740, 9.563333713325954832 ) ) ;
#5430 = CARTESIAN_POINT ( 'NONE',  ( -0.9350464074323451280, 1.654882074110848533, 3.040088043255996464 ) ) ;
#5431 = CARTESIAN_POINT ( 'NONE',  ( 4.499957004229872659, 3.228929918210638128, 0.2961038961670331426 ) ) ;
#5432 = CARTESIAN_POINT ( 'NONE',  ( 0.000000000000000000, -9.093185465551448132, -3.000000000000000444 ) ) ;
#5433 = CARTESIAN_POINT ( 'NONE',  ( -5.331512480191348935, -1.061210747596054826, -7.914680025568839206 ) ) ;
#5434 = CARTESIAN_POINT ( 'NONE',  ( -4.190523871700168712, -1.479515879144787105, 4.776701840794562060 ) ) ;
#5435 = CARTESIAN_POINT ( 'NONE',  ( 9.395941183703701682, -3.695961532988534248, -1.612556990916195199 ) ) ;
#5436 = CARTESIAN_POINT ( 'NONE',  ( -1.074818962119699517, 5.695856096276383340, 6.263838530918008018 ) ) ;
#5437 = CARTESIAN_POINT ( 'NONE',  ( -5.287804280072252894, -3.437560740136685666, 7.910485895175423110 ) ) ;
#5438 = CARTESIAN_POINT ( 'NONE',  ( -1.656080767065240086E-06, 4.750000198830709230, -9.499966431596947203 ) ) ;
#5439 = CARTESIAN_POINT ( 'NONE',  ( 5.309110133037482804, 3.435511385153559250, -3.503960915192536163 ) ) ;
#5440 = CARTESIAN_POINT ( 'NONE',  ( 9.424192374878575862, -0.7915632866639605858, 1.237420807702906522 ) ) ;
#5441 = ORIENTED_EDGE ( 'NONE', *, *, #2166, .F. ) ;
#5442 = EDGE_CURVE ( 'NONE', #2890, #3741, #237, .T. ) ;
#5443 = ORIENTED_EDGE ( 'NONE', *, *, #3152, .T. ) ;
#5444 = CARTESIAN_POINT ( 'NONE',  ( -0.8002672109020462221, -3.209935713694884285, -6.373821619056921683 ) ) ;
#5445 = CARTESIAN_POINT ( 'NONE',  ( 2.250149097074408022, 5.583603395952916770, -3.908305406207725596 ) ) ;
#5446 = CARTESIAN_POINT ( 'NONE',  ( 1.221599968653654056, -4.290695551730719259, -9.519239950779221360 ) ) ;
#5447 = CARTESIAN_POINT ( 'NONE',  ( -0.004921252264526854506, -1.519803327019097150, -0.005908299617813772033 ) ) ;
#5448 = DIRECTION ( 'NONE',  ( 0.000000000000000000, 0.000000000000000000, 1.000000000000000000 ) ) ;
#5449 = CARTESIAN_POINT ( 'NONE',  ( 0.9657178292839847522, -2.354286542193819720, -2.847164318553627282 ) ) ;
#5450 = CARTESIAN_POINT ( 'NONE',  ( 6.522047861335778407, -1.489588675030281140, -6.967263723499167227 ) ) ;
#5451 = CARTESIAN_POINT ( 'NONE',  ( 3.394107393257558947, 1.020961743368154817, 2.969569137555617022 ) ) ;
#5452 = CARTESIAN_POINT ( 'NONE',  ( -9.572894701283095387, 0.2083399600797277151, -1.274082166912964276 ) ) ;
#5453 = CARTESIAN_POINT ( 'NONE',  ( -6.345704059554651444, 0.5208598500569222578, 7.239222594718714099 ) ) ;
#5454 = CARTESIAN_POINT ( 'NONE',  ( -2.468399531377515110, -2.166489298163796207, -9.194902300479636637 ) ) ;
#5455 = CARTESIAN_POINT ( 'NONE',  ( 2.260208589651342859, -3.979403942376002146, 1.982321749795829646 ) ) ;
#5456 = CARTESIAN_POINT ( 'NONE',  ( -0.04163515806601919556, 0.7487068501589624336, 9.544728877766496922 ) ) ;
#5457 = CARTESIAN_POINT ( 'NONE',  ( 3.069019209069741017, 5.348877061495595164, -0.9805441965861146913 ) ) ;
#5458 = CARTESIAN_POINT ( 'NONE',  ( 2.956840311541305777, -4.870494306883886182, 1.172477806170569181 ) ) ;
#5459 = CARTESIAN_POINT ( 'NONE',  ( -9.624773213192879595, 4.209640154937243750, -1.211064888012279628 ) ) ;
#5460 = CARTESIAN_POINT ( 'NONE',  ( 0.9117985394050150960, 3.840904422475403202, 3.078741213567609769 ) ) ;
#5461 = CARTESIAN_POINT ( 'NONE',  ( 0.000000000000000000, -6.249999999999999112, -9.500000000000000000 ) ) ;
#5462 = CARTESIAN_POINT ( 'NONE',  ( -1.000000000000000222, 10.09318546555144991, -9.447221813845592564 ) ) ;
#5463 = CARTESIAN_POINT ( 'NONE',  ( -2.845717224361814512, -5.854839319410569232, -0.9697197975416843585 ) ) ;
#5464 = CARTESIAN_POINT ( 'NONE',  ( 0.005199667818798279009, -4.210524982003539307, 0.0003185695268961898649 ) ) ;
#5465 = CARTESIAN_POINT ( 'NONE',  ( -0.9419681248941891294, -3.156029584327431081, -3.071031911810781612 ) ) ;
#5466 = CARTESIAN_POINT ( 'NONE',  ( 9.620639399716672813, -10.09318546555144991, -0.9999999999999665823 ) ) ;
#5467 = CARTESIAN_POINT ( 'NONE',  ( 0.000000000000000000, 12.50000000000000000, 0.000000000000000000 ) ) ;
#5468 = CARTESIAN_POINT ( 'NONE',  ( 0.8318116068734883184, 3.708189489714655895, -6.306702971153282711 ) ) ;
#5469 = DIRECTION ( 'NONE',  ( 0.000000000000000000, 0.000000000000000000, 1.000000000000000000 ) ) ;
#5470 = VECTOR ( 'NONE', #4280, 1000.000000000000000 ) ;
#5471 = CARTESIAN_POINT ( 'NONE',  ( 4.493917209242281885, 9.119697107553804472, 0.2632058509937801327 ) ) ;
#5472 = CARTESIAN_POINT ( 'NONE',  ( -5.816623185664059115, -2.617208349314611660, 2.577449237599076071 ) ) ;
#5473 = CARTESIAN_POINT ( 'NONE',  ( 1.208885422321337444E-14, -4.249999629030890347, -9.500000000000000000 ) ) ;
#5474 = CARTESIAN_POINT ( 'NONE',  ( -0.1541957966114627099, -2.244796809565065665, -9.606399569493241586 ) ) ;
#5475 = EDGE_CURVE ( 'NONE', #4053, #1792, #3659, .T. ) ;
#5476 = CARTESIAN_POINT ( 'NONE',  ( 0.005217322570482352262, -1.215066235766182556, -0.0003896860102349219415 ) ) ;
#5477 = CARTESIAN_POINT ( 'NONE',  ( 9.196296826460406137, 3.333299007405614578, -2.462243317419452016 ) ) ;
#5478 = CARTESIAN_POINT ( 'NONE',  ( 1.505413643536312351, -3.083338742493816564, 2.602461810944237453 ) ) ;
#5479 = AXIS2_PLACEMENT_3D ( 'NONE', #3178, #227, #5601 ) ;
#5480 = ORIENTED_EDGE ( 'NONE', *, *, #5954, .T. ) ;
#5481 = AXIS2_PLACEMENT_3D ( 'NONE', #3299, #835, #2707 ) ;
#5482 = CARTESIAN_POINT ( 'NONE',  ( -8.315255059825123141, -2.586896082577985201, 4.680523733638815465 ) ) ;
#5483 = CARTESIAN_POINT ( 'NONE',  ( 1.992839286260330356, 0.8954566537218797695, 4.045344529790554589 ) ) ;
#5484 = CARTESIAN_POINT ( 'NONE',  ( 8.785350576589245009, 1.119794345026975169, 3.811596695621223052 ) ) ;
#5485 = CARTESIAN_POINT ( 'NONE',  ( 4.370246676579601086, 4.899745792980544579, 8.588998852710012955 ) ) ;
#5486 = CARTESIAN_POINT ( 'NONE',  ( -1.238928669492809220, -2.208386445733514059, -9.424012734521031831 ) ) ;
#5487 = DIRECTION ( 'NONE',  ( -1.000000000000000000, -0.000000000000000000, -3.491481338843132961E-15 ) ) ;
#5488 = AXIS2_PLACEMENT_3D ( 'NONE', #6184, #1748, #5596 ) ;
#5489 = CARTESIAN_POINT ( 'NONE',  ( -2.254541867769916941, 5.583231644365765689, 3.905554747339154531 ) ) ;
#5490 = CARTESIAN_POINT ( 'NONE',  ( 1.125106533039028189, 2.787760536129613609, 9.567287600262895708 ) ) ;
#5491 = CARTESIAN_POINT ( 'NONE',  ( -1.664296429803941768, -6.166193802001732394, -6.165205855029169513 ) ) ;
#5492 = CARTESIAN_POINT ( 'NONE',  ( 3.166665874438947981, -4.723915378030229206, -0.2617796687484165719 ) ) ;
#5493 = CARTESIAN_POINT ( 'NONE',  ( -4.434629280520907102, -6.097590451420446200, -8.549243014809340124 ) ) ;
#5494 = CARTESIAN_POINT ( 'NONE',  ( -1.062303045329748841, 5.641206546134911903, 2.995132907973151237 ) ) ;
#5495 = CARTESIAN_POINT ( 'NONE',  ( 2.603538219044396751, -0.5835852256241934599, -1.503248778240122485 ) ) ;
#5496 = CARTESIAN_POINT ( 'NONE',  ( -7.220799924932500780, -5.523430004097403589, 6.226484387196445702 ) ) ;
#5497 = CARTESIAN_POINT ( 'NONE',  ( -4.050688700620207250, -2.030333543559766696, -4.905998025891483927 ) ) ;
#5498 = EDGE_CURVE ( 'NONE', #826, #1691, #4277, .T. ) ;
#5499 = CARTESIAN_POINT ( 'NONE',  ( -2.007537771768483914, 6.851706468928257188, -6.104079088965268518 ) ) ;
#5500 = CARTESIAN_POINT ( 'NONE',  ( 5.197109561282109436E-12, -5.250262212998620726, 3.000000000000000444 ) ) ;
#5501 = CARTESIAN_POINT ( 'NONE',  ( -3.346548214905231244, 5.864523849697354407, -8.896542875410650808 ) ) ;
#5502 = CARTESIAN_POINT ( 'NONE',  ( 9.195130066836451732, -0.8334900730935177471, 2.467826092297398688 ) ) ;
#5503 = B_SPLINE_CURVE_WITH_KNOTS ( 'NONE', 3,
 ( #3275, #5240, #3854, #5859, #2879, #5830, #3340, #4850, #290, #2271, #4238, #1815, #1782, #6213, #4983, #5010, #3435, #5431, #5985, #4399, #1937, #2979, #5366, #450, #4884, #5400, #4948, #3496, #941, #576, #1064, #2913, #1006, #2429 ),
 .UNSPECIFIED., .F., .F.,
 ( 4, 2, 2, 2, 2, 2, 2, 2, 2, 2, 2, 2, 2, 2, 2, 2, 4 ),
 ( 0.03574316495332259536, 0.03663518141516400317, 0.03752719787700541793, 0.03841921433884682574, 0.03931123080068824049, 0.04020324726252964831, 0.04109526372437106306, 0.04198728018621247088, 0.04287929664805388563, 0.04377131310989529345, 0.04466332957173670126, 0.04555534603357811602, 0.04644736249541952383, 0.04733937895726093859, 0.04823139541910234640, 0.04912341188094375422, 0.05001542834278516897 ),
 .UNSPECIFIED. ) ;
#5504 = CARTESIAN_POINT ( 'NONE',  ( -8.541053562121852849, 2.104331226974125446, -4.205443345632809304 ) ) ;
#5505 = CARTESIAN_POINT ( 'NONE',  ( -6.351310560627965174, -2.768591625733365813, -0.3678321888612687829 ) ) ;
#5506 = DIRECTION ( 'NONE',  ( 0.000000000000000000, 0.000000000000000000, -1.000000000000000000 ) ) ;
#5507 = CARTESIAN_POINT ( 'NONE',  ( -9.358833895974663974, -3.677751280955499080, 2.164367577608242055 ) ) ;
#5508 = B_SPLINE_CURVE_WITH_KNOTS ( 'NONE', 3,
 ( #2461, #4370, #4885, #452, #2430, #5401, #483, #4431, #1973, #2034, #608, #674, #92, #3593, #2067, #548, #2100, #1065, #4069, #3104, #185, #2582, #1579, #1124, #5558, #4558, #3529, #2525, #3975, #643, #1611, #126, #4003, #4588 ),
 .UNSPECIFIED., .F., .F.,
 ( 4, 2, 2, 2, 2, 2, 2, 2, 2, 2, 2, 2, 2, 2, 2, 2, 4 ),
 ( 0.02491489462022695306, 0.02580524685298955095, 0.02669559908575215232, 0.02758595131851475021, 0.02847630355127734811, 0.02936665578403994947, 0.03025700801680254737, 0.03114736024956514526, 0.03203771248232774316, 0.03292806471509034799, 0.03381841694785294589, 0.03470876918061554378, 0.03559912141337814168, 0.03648947364614074651, 0.03737982587890334440, 0.03827017811166594230, 0.03916053034442854019 ),
 .UNSPECIFIED. ) ;
#5509 = CARTESIAN_POINT ( 'NONE',  ( -0.007365020588495084161, 2.974272347303464237, 0.007268493528341635201 ) ) ;
#5510 = CARTESIAN_POINT ( 'NONE',  ( -1.078212935503004293E-06, 1.749971495167208513, 9.499814023387953554 ) ) ;
#5511 = VERTEX_POINT ( 'NONE', #136 ) ;
#5512 = VERTEX_POINT ( 'NONE', #3449 ) ;
#5513 = CARTESIAN_POINT ( 'NONE',  ( -8.547653243576986526, 1.104155192026092358, -4.217447721253642534 ) ) ;
#5514 = CARTESIAN_POINT ( 'NONE',  ( 4.500230742827519670, 1.229269706425793363, 0.2901192852825356661 ) ) ;
#5515 = CARTESIAN_POINT ( 'NONE',  ( 5.579949967705356784, 1.551765518743854599, -7.767091883455148782 ) ) ;
#5516 = CARTESIAN_POINT ( 'NONE',  ( -8.620385434996716612, 2.397789624911813355, 4.313635262744407228 ) ) ;
#5517 = CARTESIAN_POINT ( 'NONE',  ( 5.533234986729190119, 5.552215765337033204, -7.728551675534648169 ) ) ;
#5518 = CARTESIAN_POINT ( 'NONE',  ( 2.386494950876208776, -3.958369162364846261, 1.828435252156671131 ) ) ;
#5519 = EDGE_CURVE ( 'NONE', #556, #3675, #5426, .T. ) ;
#5520 = CARTESIAN_POINT ( 'NONE',  ( -4.354799790597111198, 3.166046575778596939, -1.171945251542974908 ) ) ;
#5521 = CARTESIAN_POINT ( 'NONE',  ( -1.169437584677510467, 4.833375120904412015, -4.355295577926105111 ) ) ;
#5522 = CARTESIAN_POINT ( 'NONE',  ( -6.967355257821405523, 2.489588668799056936, 6.522123576146729995 ) ) ;
#5523 = CARTESIAN_POINT ( 'NONE',  ( 0.8062171280342458335, -4.290547022858064885, -6.304222029073760503 ) ) ;
#5524 = CARTESIAN_POINT ( 'NONE',  ( 2.501645591924684275, -4.534002469209818642, -2.013758813134423953 ) ) ;
#5525 = CARTESIAN_POINT ( 'NONE',  ( 7.032292262181997877, -4.989582343971497913, 6.590215679447299024 ) ) ;
#5526 = CARTESIAN_POINT ( 'NONE',  ( 3.097122117493761539, 4.321420340852658803, -0.7087479555145054233 ) ) ;
#5527 = APPLICATION_PROTOCOL_DEFINITION ( 'international standard', 'config_control_design', 1994, #2905 ) ;
#5528 = CARTESIAN_POINT ( 'NONE',  ( -0.5042913449200137066, 10.96661714914320029, -9.487380169630654336 ) ) ;
#5529 = CARTESIAN_POINT ( 'NONE',  ( 5.980097887296058623, 5.139191610795113441, 2.169381315645548369 ) ) ;
#5530 = CARTESIAN_POINT ( 'NONE',  ( -3.553561470436626291, -2.061417369371816743, -5.276784303057380221 ) ) ;
#5531 = CARTESIAN_POINT ( 'NONE',  ( 0.2037331802362186417, -4.229921412448137019, 3.173984832496029362 ) ) ;
#5532 = CARTESIAN_POINT ( 'NONE',  ( -8.541045576270366979, -3.604329834622607365, 4.205468531483264272 ) ) ;
#5533 = CARTESIAN_POINT ( 'NONE',  ( 0.000000000000000000, 12.50000000000000000, 0.000000000000000000 ) ) ;
#5534 = CARTESIAN_POINT ( 'NONE',  ( 8.070489925814658960, -0.9271619110719684365, 5.021315828794971736 ) ) ;
#5535 = CARTESIAN_POINT ( 'NONE',  ( -7.065831551473746863, 7.015605787512740221, -6.402181295463677202 ) ) ;
#5536 = CARTESIAN_POINT ( 'NONE',  ( 4.429306219974518122, 9.479056124849973841, -0.8000482861966812242 ) ) ;
#5537 = CARTESIAN_POINT ( 'NONE',  ( 0.1680582367142759159, -2.241873115034778596, 6.353277109321301630 ) ) ;
#5538 = CARTESIAN_POINT ( 'NONE',  ( 0.000000000000000000, 11.50000000000000000, 8.500000000000000000 ) ) ;
#5539 = CARTESIAN_POINT ( 'NONE',  ( -0.01129158155973448117, 0.5945861886263199558, -0.004772498578047323567 ) ) ;
#5540 = ORIENTED_EDGE ( 'NONE', *, *, #6310, .F. ) ;
#5541 = CARTESIAN_POINT ( 'NONE',  ( -3.456258479541463480, 2.868160088904422533, -8.883942854561118097 ) ) ;
#5542 = CARTESIAN_POINT ( 'NONE',  ( 3.388762733014061723, 6.020410532968765160, 2.975428752398383558 ) ) ;
#5543 = CARTESIAN_POINT ( 'NONE',  ( 8.609000504583462998, 1.393557430605153025, -4.167064854258934581 ) ) ;
#5544 = CARTESIAN_POINT ( 'NONE',  ( -9.411398440696032708, 4.317700472743834617, 2.034422256890564107 ) ) ;
#5545 = CARTESIAN_POINT ( 'NONE',  ( 6.937793285700058377, 5.010438328612282888, 6.497271178131985181 ) ) ;
#5546 = CARTESIAN_POINT ( 'NONE',  ( 2.921420404358813894, -3.833694956208987481, 0.7866766428277348622 ) ) ;
#5547 = CARTESIAN_POINT ( 'NONE',  ( 0.006419150697361952242, 1.893463536329893060, -0.003211188786471960276 ) ) ;
#5548 = CARTESIAN_POINT ( 'NONE',  ( -0.5901636249576810433, 3.708112527028029959, 4.470857808777056519 ) ) ;
#5549 = CARTESIAN_POINT ( 'NONE',  ( 1.329803260604383697, -3.104366437314032723, 2.696335469988972555 ) ) ;
#5550 = CARTESIAN_POINT ( 'NONE',  ( -8.510393916102724887, 4.398778129790422931, 4.297244312878606642 ) ) ;
#5551 = CARTESIAN_POINT ( 'NONE',  ( 2.338488682976373578, 4.869895644977382254, 5.915965524229798156 ) ) ;
#5552 = CARTESIAN_POINT ( 'NONE',  ( 2.372708949104842091, -4.372050648483219781, -5.896747928335848599 ) ) ;
#5553 = CARTESIAN_POINT ( 'NONE',  ( 3.078783087082803682, -2.841401239640911847, 0.9117961930954487926 ) ) ;
#5554 = CARTESIAN_POINT ( 'NONE',  ( -0.2787581488730466184, -5.259124290463639717, 9.633242018466146916 ) ) ;
#5555 = CARTESIAN_POINT ( 'NONE',  ( -0.1826694742789424231, 4.768137131568884080, -3.175515209266078109 ) ) ;
#5556 = DATE_AND_TIME ( #1675, #5704 ) ;
#5557 = EDGE_CURVE ( 'NONE', #4903, #6195, #319, .T. ) ;
#5558 = CARTESIAN_POINT ( 'NONE',  ( 3.389467702264084448, 2.479071520774200899, -2.974571636856722989 ) ) ;
#5559 = VERTEX_POINT ( 'NONE', #3053 ) ;
#5560 = CARTESIAN_POINT ( 'NONE',  ( -4.390661237247823756, -6.097611444541312764, -8.464622153111973191 ) ) ;
#5561 = CARTESIAN_POINT ( 'NONE',  ( -1.847252615186822711, -0.1561741107779684445, -6.089344964594821441 ) ) ;
#5562 = CARTESIAN_POINT ( 'NONE',  ( -5.644058990574443158, 7.098062808458925232, -2.925112535935633140 ) ) ;
#5563 = DIRECTION ( 'NONE',  ( 0.000000000000000000, -1.000000000000000000, 0.000000000000000000 ) ) ;
#5564 = CARTESIAN_POINT ( 'NONE',  ( -3.051679537380117768, 5.854045603413109866, -9.001860922212763683 ) ) ;
#5565 = DIRECTION ( 'NONE',  ( 0.000000000000000000, 0.000000000000000000, -1.000000000000000000 ) ) ;
#5566 = CARTESIAN_POINT ( 'NONE',  ( 9.499764488864054002, 1.271034077563878650, -0.6276947321772342603 ) ) ;
#5567 = CARTESIAN_POINT ( 'NONE',  ( -3.349944602737190191, 2.635358703939504998, 8.895248344421053943 ) ) ;
#5568 = CARTESIAN_POINT ( 'NONE',  ( 2.845590107656045920, -1.397730342842787632, -5.690681336939266366 ) ) ;
#5569 = DIRECTION ( 'NONE',  ( 2.628398100812182194E-06, -1.030923887936198255E-10, -0.9999999999965457631 ) ) ;
#5570 = CARTESIAN_POINT ( 'NONE',  ( 0.006363723036676614819, 1.748961693470196366, 0.0003167904491300477764 ) ) ;
#5571 = CARTESIAN_POINT ( 'NONE',  ( 9.500293130458915769, 3.270647251194003680, -0.6161544938550185257 ) ) ;
#5572 = EDGE_LOOP ( 'NONE', ( #1562, #3813, #4733, #5854 ) ) ;
#5573 = CARTESIAN_POINT ( 'NONE',  ( -4.182838136685425923, 2.894544712872487491, -8.565372333658308079 ) ) ;
#5574 = CARTESIAN_POINT ( 'NONE',  ( 4.471040306960426314, 1.208219286018994865, 0.5883703775214959020 ) ) ;
#5575 = CARTESIAN_POINT ( 'NONE',  ( 7.669757044322028428, -0.9583518663397507797, 5.868521025783356215 ) ) ;
#5576 = VECTOR ( 'NONE', #3417, 1000.000000000000000 ) ;
#5577 = EDGE_CURVE ( 'NONE', #3709, #6302, #1029, .T. ) ;
#5578 = CARTESIAN_POINT ( 'NONE',  ( 6.900257414821473034, 3.496096174130970180, -6.729313814085036149 ) ) ;
#5579 = CARTESIAN_POINT ( 'NONE',  ( 9.196494966305266416, 5.166730307505318365, 2.461377823393793740 ) ) ;
#5580 = CARTESIAN_POINT ( 'NONE',  ( 1.984121633395296014, -4.020879782688376203, 2.258628728308415656 ) ) ;
#5581 = CARTESIAN_POINT ( 'NONE',  ( -0.002471480589256839795, 1.630746642271044156, -0.001012191306339242777 ) ) ;
#5582 = CARTESIAN_POINT ( 'NONE',  ( -4.356750469362233424, 3.333012829551025735, 1.164321617149248977 ) ) ;
#5583 = CARTESIAN_POINT ( 'NONE',  ( -3.902830150512412999, 7.083188491991063707, -2.259269604724090552 ) ) ;
#5584 = CARTESIAN_POINT ( 'NONE',  ( -9.482417558407144398, 2.214176856811360228, -1.074422117421993450 ) ) ;
#5585 = CARTESIAN_POINT ( 'NONE',  ( -2.775152933127228660, -1.583442168780564430, 1.609161957106573615 ) ) ;
#5586 = CARTESIAN_POINT ( 'NONE',  ( 7.581843654738250393, -4.533827584734965832, -6.100158992587799034 ) ) ;
#5587 = CARTESIAN_POINT ( 'NONE',  ( -0.0002452213995983009028, -4.743121360557822186, -0.006868554623231040365 ) ) ;
#5588 = PERSON_AND_ORGANIZATION ( #5275, #5284 ) ;
#5589 = B_SPLINE_CURVE_WITH_KNOTS ( 'NONE', 3,
 ( #4844, #968, #6334, #2971, #2939, #475, #3812, #5424, #4424, #5883, #5359, #3425, #408, #3366, #6267, #872, #1347, #3395 ),
 .UNSPECIFIED., .F., .F.,
 ( 4, 2, 2, 2, 2, 2, 2, 2, 4 ),
 ( 0.003136253229687091266, 0.003528180800630731102, 0.003920108371574370504, 0.004312035942518010340, 0.004703963513461650175, 0.005095891084405290011, 0.005487818655348929847, 0.005879746226292568816, 0.006271673797236208651 ),
 .UNSPECIFIED. ) ;
#5590 = AXIS2_PLACEMENT_3D ( 'NONE', #3684, #3235, #2228 ) ;
#5591 = CARTESIAN_POINT ( 'NONE',  ( 0.7760623344777091148, -0.3333733396079422429, -2.904453450200392695 ) ) ;
#5592 = ORIENTED_EDGE ( 'NONE', *, *, #6349, .F. ) ;
#5593 = CARTESIAN_POINT ( 'NONE',  ( -5.643930574816752532, 6.098062806492027477, -2.925052361444029358 ) ) ;
#5594 = CARTESIAN_POINT ( 'NONE',  ( 6.055715601033562656, 1.150362883882119602, 1.952992643871066747 ) ) ;
#5595 = CARTESIAN_POINT ( 'NONE',  ( -2.403896601131804367, -4.523211229626552310, 2.079112499544372827 ) ) ;
#5596 = DIRECTION ( 'NONE',  ( 0.000000000000000000, 0.000000000000000000, -1.000000000000000000 ) ) ;
#5597 = CARTESIAN_POINT ( 'NONE',  ( -4.499999999980809129, 6.582941109927427092, 1.314195701461385393E-05 ) ) ;
#5598 = CARTESIAN_POINT ( 'NONE',  ( -2.144176291341203910, 3.859514245298543589, -5.989612108732760731 ) ) ;
#5599 = FACE_OUTER_BOUND ( 'NONE', #271, .T. ) ;
#5600 = ADVANCED_FACE ( 'NONE', ( #4993 ), #558, .T. ) ;
#5601 = DIRECTION ( 'NONE',  ( 0.000000000000000000, 0.000000000000000000, -1.000000000000000000 ) ) ;
#5602 = CARTESIAN_POINT ( 'NONE',  ( -5.287741312245748837, 1.937558259282487594, -7.910528107546622500 ) ) ;
#5603 = CARTESIAN_POINT ( 'NONE',  ( -6.413752344731516786, -0.7400630232792307917, 0.2153386100297942918 ) ) ;
#5604 = CARTESIAN_POINT ( 'NONE',  ( -2.457013886198631702, -0.1668822192245383862, -9.197744724743227351 ) ) ;
#5605 = CARTESIAN_POINT ( 'NONE',  ( 0.005639509610455457032, 2.656281635472421687, 0.001915005918240542853 ) ) ;
#5606 = LINE ( 'NONE', #4667, #1548 ) ;
#5607 = ORIENTED_EDGE ( 'NONE', *, *, #4262, .F. ) ;
#5608 = ORIENTED_EDGE ( 'NONE', *, *, #3242, .T. ) ;
#5609 = CARTESIAN_POINT ( 'NONE',  ( 5.561368628898048172, 2.551762597733508997, -7.741202564668597574 ) ) ;
#5610 = CARTESIAN_POINT ( 'NONE',  ( 4.977843224424071602E-14, 3.749835940544091528, 4.499999999999999112 ) ) ;
#5611 = CARTESIAN_POINT ( 'NONE',  ( -9.574590610578514571, 2.244799104629723097, -0.1536997588044402008 ) ) ;
#5612 = CARTESIAN_POINT ( 'NONE',  ( -8.595465862979274618, 4.398788806855168154, 4.340279456297486682 ) ) ;
#5613 = CARTESIAN_POINT ( 'NONE',  ( 1.551712923339067851, 4.802195431359783662, 9.377592072699526327 ) ) ;
#5614 = CARTESIAN_POINT ( 'NONE',  ( -0.5231198869857649481, -9.201973274468384645, -9.487384766035694028 ) ) ;
#5615 = CARTESIAN_POINT ( 'NONE',  ( -0.004315586726465847275, 1.472927114320258468, -0.005073631814574335389 ) ) ;
#5616 = CARTESIAN_POINT ( 'NONE',  ( 2.828427124746193844, -10.09318546555144991, -0.9999999999999902300 ) ) ;
#5617 = DIRECTION ( 'NONE',  ( -0.000000000000000000, -1.000000000000000000, -0.000000000000000000 ) ) ;
#5618 = CARTESIAN_POINT ( 'NONE',  ( -7.363241902407222206, 2.030601949595159716, -6.071787357711937894 ) ) ;
#5619 = CARTESIAN_POINT ( 'NONE',  ( 0.1680673000236771741, -3.241873109485551741, 6.353384637287813774 ) ) ;
#5620 = CARTESIAN_POINT ( 'NONE',  ( -1.775575460200816913, -2.061623993052740023, -2.638833410524333623 ) ) ;
#5621 = CARTESIAN_POINT ( 'NONE',  ( 1.870848556123299256, 5.687488835021619948, -9.413647020911959373 ) ) ;
#5622 = CARTESIAN_POINT ( 'NONE',  ( 0.007398888697155492356, -4.258762263836797679, 0.0004987992877524071540 ) ) ;
#5623 = DIRECTION ( 'NONE',  ( 1.000000000000000000, 0.000000000000000000, 0.000000000000000000 ) ) ;
#5624 = CARTESIAN_POINT ( 'NONE',  ( 2.621471752584362491, -0.9169447500394223294, 1.510529341975878292 ) ) ;
#5625 = CARTESIAN_POINT ( 'NONE',  ( -6.987327113429565806, -5.988266201001235522, -6.487540990684706799 ) ) ;
#5626 = CARTESIAN_POINT ( 'NONE',  ( 6.267118508490340467, 1.305055235892405907, -1.097230106746031941 ) ) ;
#5627 = CARTESIAN_POINT ( 'NONE',  ( -2.849958481801862842, -4.155594668361488608, -9.272622279281872437 ) ) ;
#5628 = CARTESIAN_POINT ( 'NONE',  ( -3.002913656236811502, -0.6350010218434005704, 1.132473680607094746 ) ) ;
#5629 = CARTESIAN_POINT ( 'NONE',  ( -2.260409839863158243, -3.521145579241598433, 1.982106223413309998 ) ) ;
#5630 = CARTESIAN_POINT ( 'NONE',  ( -5.531410225613422327, 5.947713793717094966, -7.729762196576894340 ) ) ;
#5631 = CARTESIAN_POINT ( 'NONE',  ( -8.245854968326915113, 4.083432584658369890, -4.758255045672060923 ) ) ;
#5632 = CARTESIAN_POINT ( 'NONE',  ( 7.726241162309258392, 1.447916861465112559, -5.536459547518420621 ) ) ;
#5633 = CARTESIAN_POINT ( 'NONE',  ( -9.195451009634982853, 2.166568918544286237, -2.466086882722259510 ) ) ;
#5634 = CARTESIAN_POINT ( 'NONE',  ( 5.838510168753096252, 2.119905473209657831, 2.530484248980356288 ) ) ;
#5635 = CARTESIAN_POINT ( 'NONE',  ( -9.423568756291368587, 0.2917332615641141658, 1.242526637590732452 ) ) ;
#5636 = CARTESIAN_POINT ( 'NONE',  ( 0.005612129143588166953, 0.8740242436407376081, -0.002499369628167167571 ) ) ;
#5637 = FACE_OUTER_BOUND ( 'NONE', #140, .T. ) ;
#5638 = ADVANCED_FACE ( 'NONE', ( #2564 ), #4535, .F. ) ;
#5639 = ORIENTED_EDGE ( 'NONE', *, *, #3748, .F. ) ;
#5640 = ORIENTED_EDGE ( 'NONE', *, *, #2141, .T. ) ;
#5641 = CARTESIAN_POINT ( 'NONE',  ( 4.898934021710214637, 2.578120329245900955, -8.176766423631915970 ) ) ;
#5642 = CARTESIAN_POINT ( 'NONE',  ( 0.2637704123677893087, -9.119747214728699092, -2.990867365848953963 ) ) ;
#5643 = CARTESIAN_POINT ( 'NONE',  ( 1.256588408100887566, 3.708006955815481120, -9.491448357452604512 ) ) ;
#5644 = CARTESIAN_POINT ( 'NONE',  ( -6.552347760896345186, 5.988266254871330574, -7.057262416880450751 ) ) ;
#5645 = CARTESIAN_POINT ( 'NONE',  ( -3.391873429143200003, 2.478867842654902454, 2.971996595222273108 ) ) ;
#5646 = LINE ( 'NONE', #6134, #1140 ) ;
#5647 = CARTESIAN_POINT ( 'NONE',  ( 0.003734037008471531149, 1.550887567787054167, 0.003517673799231609087 ) ) ;
#5648 = CARTESIAN_POINT ( 'NONE',  ( 9.480539140591492497, -10.89260488562164930, 0.6147584107836752132 ) ) ;
#5649 = CYLINDRICAL_SURFACE ( 'NONE', #4250, 9.500000000000000000 ) ;
#5650 = CARTESIAN_POINT ( 'NONE',  ( -0.5868266886853947817, 5.769538665103078223, -9.516655368250651392 ) ) ;
#5651 = CARTESIAN_POINT ( 'NONE',  ( -0.5341320396128531600, 4.723196027046618006, 6.333333459137717725 ) ) ;
#5652 = CARTESIAN_POINT ( 'NONE',  ( -5.662505204404459036, -5.906207776422048639, -3.036338941544517667 ) ) ;
#5653 = CARTESIAN_POINT ( 'NONE',  ( 3.166667297788611002, -0.7756192211520209767, 0.2521978207978422537 ) ) ;
#5654 = CARTESIAN_POINT ( 'NONE',  ( -7.357171197634518656, -3.526369313222677881, 6.225666266004879823 ) ) ;
#5655 = CARTESIAN_POINT ( 'NONE',  ( 0.6180747335035031709, 6.687346584579277220, -3.116954402991179762 ) ) ;
#5656 = DIRECTION ( 'NONE',  ( 0.000000000000000000, 0.000000000000000000, 1.000000000000000000 ) ) ;
#5657 = ORIENTED_EDGE ( 'NONE', *, *, #1248, .T. ) ;
#5658 = B_SPLINE_CURVE_WITH_KNOTS ( 'NONE', 3,
 ( #1852, #3827, #5805, #2885, #4375, #1914, #1363, #5739, #5865, #3347, #3407, #5315, #885, #1299, #5374, #3283, #5247, #820, #2311, #1011, #613, #3918, #2529, #4470, #3502, #3950, #488, #2040, #3047, #5500 ),
 .UNSPECIFIED., .F., .F.,
 ( 4, 2, 2, 2, 2, 2, 2, 2, 2, 2, 2, 2, 2, 2, 4 ),
 ( 0.04060884461557385389, 0.04120634976051408549, 0.04180385490545431709, 0.04240136005039454870, 0.04299886519533478724, 0.04419387548521525044, 0.04479138063015548205, 0.04538888577509571365, 0.04598639092003593831, 0.04658389606497617685, 0.04777890635485664006, 0.04837641149979687166, 0.04897391664473710327, 0.04957142178967733487, 0.05016892693461756647 ),
 .UNSPECIFIED. ) ;
#5659 = CARTESIAN_POINT ( 'NONE',  ( -2.860859420176804502, -2.152997291659226597, -9.104337570390979906 ) ) ;
#5660 = CARTESIAN_POINT ( 'NONE',  ( 5.838481731186670132, 1.119905473384110506, 2.530463837913972558 ) ) ;
#5661 = CARTESIAN_POINT ( 'NONE',  ( 0.008291120180297366360, 2.704215940831044218, 0.0002935484526603135045 ) ) ;
#5662 = CARTESIAN_POINT ( 'NONE',  ( -8.783730360845128260, -3.617189909697695160, 3.890428430501014834 ) ) ;
#5663 = CARTESIAN_POINT ( 'NONE',  ( -2.224164640548388583, -2.496789797592243954, 2.274212486546993706 ) ) ;
#5664 = CARTESIAN_POINT ( 'NONE',  ( -0.1320077320511509889, 11.09318546555144991, -4.500000000000000000 ) ) ;
#5665 = ORIENTED_EDGE ( 'NONE', *, *, #4334, .T. ) ;
#5666 = DIRECTION ( 'NONE',  ( -0.000000000000000000, -1.000000000000000000, -0.000000000000000000 ) ) ;
#5667 = CARTESIAN_POINT ( 'NONE',  ( -9.438389483615177156, 4.208292153581223438, -1.244569917005292625 ) ) ;
#5668 = DIRECTION ( 'NONE',  ( 1.000000000000000000, 0.000000000000000000, 0.000000000000000000 ) ) ;
#5669 = CARTESIAN_POINT ( 'NONE',  ( 2.314331341836642686, 0.5781397102231282670, -3.865536901055300234 ) ) ;
#5670 = CARTESIAN_POINT ( 'NONE',  ( 3.263991539186448687, 2.578207745218870972, -5.452086777945604368 ) ) ;
#5671 = DIRECTION ( 'NONE',  ( 0.000000000000000000, 0.000000000000000000, -1.000000000000000000 ) ) ;
#5672 = CARTESIAN_POINT ( 'NONE',  ( 0.0003641145778333598998, 4.241810858588981326, -0.006613515128886217169 ) ) ;
#5673 = CARTESIAN_POINT ( 'NONE',  ( 9.266161750460382152, -1.673197279811688976, -2.283181332988306167 ) ) ;
#5674 = B_SPLINE_CURVE_WITH_KNOTS ( 'NONE', 3,
 ( #1903, #5853, #2872, #1410, #1931, #3907, #5392, #1995, #3616, #630 ),
 .UNSPECIFIED., .F., .F.,
 ( 4, 2, 2, 2, 4 ),
 ( 0.001564674289808742815, 0.001955661152046100134, 0.002346648014283457453, 0.002737634876520814772, 0.003128621738758172090 ),
 .UNSPECIFIED. ) ;
#5675 = EDGE_LOOP ( 'NONE', ( #3420, #3353, #1142, #3801, #286, #269, #1749 ) ) ;
#5676 = CARTESIAN_POINT ( 'NONE',  ( 0.007247445815603447555, -3.267897428892361233, 0.0005083410120407810687 ) ) ;
#5677 = EDGE_CURVE ( 'NONE', #5271, #1045, #4730, .T. ) ;
#5678 = ORIENTED_EDGE ( 'NONE', *, *, #5360, .T. ) ;
#5679 = CARTESIAN_POINT ( 'NONE',  ( 1.125100241227370068, 3.787760536302320347, 9.567214404225174107 ) ) ;
#5680 = CARTESIAN_POINT ( 'NONE',  ( -9.500000000000000000, 6.250000000000008882, 8.342318532422394526E-13 ) ) ;
#5681 = CARTESIAN_POINT ( 'NONE',  ( 8.712971088977944589, 3.108087628008774583, 4.180466029765982583 ) ) ;
#5682 = CARTESIAN_POINT ( 'NONE',  ( -2.484686790500647557, -5.166739775551896230, -9.252854977785851531 ) ) ;
#5683 = CARTESIAN_POINT ( 'NONE',  ( -2.741274344312120803, 1.957869515585821008, -3.580712145991626461 ) ) ;
#5684 = CARTESIAN_POINT ( 'NONE',  ( -0.7991404363632647057, -10.70831565871457336, -9.466780472318136574 ) ) ;
#5685 = CARTESIAN_POINT ( 'NONE',  ( -0.007318334995209746334, 1.974272343892284010, 0.007316894312820768423 ) ) ;
#5686 = CARTESIAN_POINT ( 'NONE',  ( 4.869391917647940993, -4.079425728633457204, 8.205230438634282919 ) ) ;
#5687 = CARTESIAN_POINT ( 'NONE',  ( 0.000000000000000000, 12.50000000000000000, -9.500000000000000000 ) ) ;
#5688 = CARTESIAN_POINT ( 'NONE',  ( -9.382475399246674286, -5.687485646723098753, 1.864646651615493811 ) ) ;
#5689 = CARTESIAN_POINT ( 'NONE',  ( 3.119457572543667734, -0.6875409889659657159, -0.6236744449092986864 ) ) ;
#5690 = CARTESIAN_POINT ( 'NONE',  ( -4.515106694478586924, -3.405287708040196204, 8.515335101440605570 ) ) ;
#5691 = CARTESIAN_POINT ( 'NONE',  ( 0.006244883104618017926, -4.989006042937423224, -0.006794379070991818023 ) ) ;
#5692 = CARTESIAN_POINT ( 'NONE',  ( -3.390878789311278396, 6.020537057460114916, -2.973217518800921333 ) ) ;
#5693 = CIRCLE ( 'NONE', #5272, 4.500000000000000000 ) ;
#5694 = VERTEX_POINT ( 'NONE', #3219 ) ;
#5695 = CARTESIAN_POINT ( 'NONE',  ( -7.748130366079643672, -1.947920241628454452, -5.550278277849989728 ) ) ;
#5696 = AXIS2_PLACEMENT_3D ( 'NONE', #5344, #4828, #1489 ) ;
#5697 = CARTESIAN_POINT ( 'NONE',  ( 2.653814499148092310, -1.115044167014077159, 5.843114465714301708 ) ) ;
#5698 = CARTESIAN_POINT ( 'NONE',  ( -8.924534065726343002, 0.1302222933209883360, -3.524606312517422957 ) ) ;
#5699 = CARTESIAN_POINT ( 'NONE',  ( -0.2037404523327891182, -0.2706277004600201042, 3.170678850441260632 ) ) ;
#5700 = CARTESIAN_POINT ( 'NONE',  ( 0.000000000000000000, 12.50000000000000000, 8.500000000000000000 ) ) ;
#5701 = ORIENTED_EDGE ( 'NONE', *, *, #3977, .T. ) ;
#5702 = CARTESIAN_POINT ( 'NONE',  ( 0.0001714072336758901279, -3.250005222285457851, -9.499937700572418819 ) ) ;
#5703 = DIRECTION ( 'NONE',  ( 1.000000000000000000, 0.000000000000000000, -0.000000000000000000 ) ) ;
#5704 = LOCAL_TIME ( 21, 9, 25.00000000000000000, #3592 ) ;
#5705 = ADVANCED_FACE ( 'NONE', ( #230 ), #3254, .T. ) ;
#5706 = CARTESIAN_POINT ( 'NONE',  ( 7.708476653512777332, 6.049491624064628148, 5.622726063512502037 ) ) ;
#5707 = CARTESIAN_POINT ( 'NONE',  ( -4.842137616450239577E-08, -4.249998752156110449, 9.499778651390952788 ) ) ;
#5708 = CARTESIAN_POINT ( 'NONE',  ( 5.470377863077598768, 2.419676212921518133, -3.233096326822851641 ) ) ;
#5709 = CARTESIAN_POINT ( 'NONE',  ( -0.6230868148308427168, -0.2291205359732814972, -9.500000000001620037 ) ) ;
#5710 = CARTESIAN_POINT ( 'NONE',  ( -0.0008580889952684026467, 4.949946554358966466, 0.001141822133666942117 ) ) ;
#5711 = CARTESIAN_POINT ( 'NONE',  ( 0.6996468793561677613, -2.226553946108035476, 9.480326086169512223 ) ) ;
#5712 = ORIENTED_EDGE ( 'NONE', *, *, #4132, .T. ) ;
#5713 = CARTESIAN_POINT ( 'NONE',  ( 0.005761255603007580349, -2.490716851694792400, 0.005032880827370369257 ) ) ;
#5714 = ORIENTED_EDGE ( 'NONE', *, *, #5043, .F. ) ;
#5715 = CARTESIAN_POINT ( 'NONE',  ( -5.610986896087774234, 4.950185708677754981, -7.717939894134183021 ) ) ;
#5716 = DIRECTION ( 'NONE',  ( -0.000000000000000000, 1.000000000000000000, -0.000000000000000000 ) ) ;
#5717 = CARTESIAN_POINT ( 'NONE',  ( 2.744579447226225710, 2.841152202547115202, 9.267481176655532948 ) ) ;
#5718 = CARTESIAN_POINT ( 'NONE',  ( -6.402269884553386525, -5.015605789878108567, -7.065932196695034584 ) ) ;
#5719 = CARTESIAN_POINT ( 'NONE',  ( 0.6187587299117230932, 0.7707339349727243549, 9.484913875935585992 ) ) ;
#5720 = CARTESIAN_POINT ( 'NONE',  ( 8.245743982852593135, -2.916585204524799746, 4.758817439506092484 ) ) ;
#5721 = CARTESIAN_POINT ( 'NONE',  ( 8.504021125804076320, -3.899734958708463761, 4.326934537667045610 ) ) ;
#5722 = FACE_OUTER_BOUND ( 'NONE', #5151, .T. ) ;
#5723 = CARTESIAN_POINT ( 'NONE',  ( 7.572804505067989744, -4.959613441662321875, 5.856202176854195862 ) ) ;
#5724 = CARTESIAN_POINT ( 'NONE',  ( -2.953784820784246090, 0.1295798113516703487, -1.170787380688079748 ) ) ;
#5725 = CARTESIAN_POINT ( 'NONE',  ( -9.075511644491749408, -3.859370744952688170, -3.244604881711547151 ) ) ;
#5726 = DIRECTION ( 'NONE',  ( -1.000000000000000000, -0.000000000000000000, -3.491481338843132961E-15 ) ) ;
#5727 = ADVANCED_FACE ( 'NONE', ( #2277 ), #4247, .F. ) ;
#5728 = ORIENTED_EDGE ( 'NONE', *, *, #1000, .F. ) ;
#5729 = CARTESIAN_POINT ( 'NONE',  ( -9.541239977338266343, -1.791642643049454309, -1.269298906346959965 ) ) ;
#5730 = CARTESIAN_POINT ( 'NONE',  ( -9.684255341557534535, 0.2604372057977136778, 0.3311939859668069364 ) ) ;
#5731 = CARTESIAN_POINT ( 'NONE',  ( 1.420297601158572842, -1.397680025703001983, -2.846294629915627539 ) ) ;
#5732 = CARTESIAN_POINT ( 'NONE',  ( 9.497179361968150602, 11.06730336035514561, -0.2613058824955504789 ) ) ;
#5733 = ORIENTED_EDGE ( 'NONE', *, *, #2993, .T. ) ;
#5734 = CARTESIAN_POINT ( 'NONE',  ( -2.981177168346846429, -2.708998725148399789, 0.3886243923958083157 ) ) ;
#5735 = DIRECTION ( 'NONE',  ( 0.000000000000000000, 0.000000000000000000, 1.000000000000000000 ) ) ;
#5736 = DIRECTION ( 'NONE',  ( -0.000000000000000000, -1.000000000000000000, -0.000000000000000000 ) ) ;
#5737 = CARTESIAN_POINT ( 'NONE',  ( 3.987833709957933070, 0.4060828355472862472, -2.130695446025527406 ) ) ;
#5738 = CARTESIAN_POINT ( 'NONE',  ( -5.858429902036326631, 3.122494952446917882, -2.482446429935956544 ) ) ;
#5739 = CARTESIAN_POINT ( 'NONE',  ( 1.829185102233799265, -4.458476964059783221, -2.385857077418104932 ) ) ;
#5740 = CARTESIAN_POINT ( 'NONE',  ( 0.005016094406449522931, 3.489971625376898423, 0.005801452429569327503 ) ) ;
#5741 = DIRECTION ( 'NONE',  ( -0.000000000000000000, -1.000000000000000000, -0.000000000000000000 ) ) ;
#5742 = B_SPLINE_CURVE_WITH_KNOTS ( 'NONE', 3,
 ( #2848, #6244, #4819, #1880, #385, #2304, #1323, #2751, #2396, #5337, #5732, #4723, #4369, #1908, #2816, #6340, #6273, #354 ),
 .UNSPECIFIED., .F., .F.,
 ( 4, 2, 2, 2, 2, 2, 2, 2, 4 ),
 ( 0.000000000000000000, 0.0003910776209224105303, 0.0007821552418448210605, 0.001173232862767231537, 0.001564310483689642121, 0.001955388104612052272, 0.002346465725534462640, 0.002737543346456872573, 0.003128620967379282941 ),
 .UNSPECIFIED. ) ;
#5743 = EDGE_LOOP ( 'NONE', ( #155, #5087, #4251, #4573, #957, #4152 ) ) ;
#5744 = CARTESIAN_POINT ( 'NONE',  ( -0.0002172625576648863773, -0.8023182293608371873, -0.001353767922179839513 ) ) ;
#5745 = VERTEX_POINT ( 'NONE', #2727 ) ;
#5746 = CARTESIAN_POINT ( 'NONE',  ( -6.304840907757028212, 3.520188544109845719, 7.164057228357386009 ) ) ;
#5747 = DIRECTION ( 'NONE',  ( -0.000000000000000000, -1.000000000000000000, -0.000000000000000000 ) ) ;
#5748 = CARTESIAN_POINT ( 'NONE',  ( 9.296136129748903798, 3.161434932863231850, 2.639980225878459486 ) ) ;
#5749 = CARTESIAN_POINT ( 'NONE',  ( 9.633242025342589443, 5.259131742728154535, -0.2787578981329089656 ) ) ;
#5750 = CARTESIAN_POINT ( 'NONE',  ( -2.973469083085909404, 2.520631390516988812, 3.390582653950891867 ) ) ;
#5751 = CARTESIAN_POINT ( 'NONE',  ( -0.9739718243641302120, -9.831370540317170281, -9.450075102114105619 ) ) ;
#5752 = CARTESIAN_POINT ( 'NONE',  ( 9.499851335093513427, -3.722973498663487035, -0.8064931813536214689 ) ) ;
#5753 = CARTESIAN_POINT ( 'NONE',  ( 0.5035060797783255104, 9.219430747334232734, -4.473372531241516015 ) ) ;
#5754 = CARTESIAN_POINT ( 'NONE',  ( -9.187354939776096074, -5.660156401537424387, 2.666530067569762963 ) ) ;
#5755 = CARTESIAN_POINT ( 'NONE',  ( 1.769761745636376338, -0.4379328029609949602, -2.643473173244988761 ) ) ;
#5756 = CARTESIAN_POINT ( 'NONE',  ( 4.340279680179644828, -4.398781354589991643, -8.595465750332650146 ) ) ;
#5757 = CARTESIAN_POINT ( 'NONE',  ( -7.284312108221672410, -2.526366115652332489, 6.164096995119598077 ) ) ;
#5758 = B_SPLINE_CURVE_WITH_KNOTS ( 'NONE', 3,
 ( #2636, #629, #3581, #4545, #5613, #5127, #6064, #4610, #114, #2573, #4058, #5545, #695, #2666, #4024, #1630, #4578, #174, #3647, #5579, #1113, #2121, #3032, #4639, #206, #4515, #6133, #2189, #4158, #3127, #1697, #3093, #4089, #2055, #3551, #6006, #5001, #5517, #3064, #831, #241, #3192, #4776, #340, #4226 ),
 .UNSPECIFIED., .F., .F.,
 ( 4, 2, 2, 2, 2, 2, 2, 1, 2, 2, 2, 2, 2, 2, 2, 2, 2, 2, 2, 2, 2, 2, 4 ),
 ( 0.3316194212339985126, 0.3325615864669289601, 0.3335037516998593521, 0.3353880821657202471, 0.3372724126315810866, 0.3391567430974419817, 0.3400989083303724292, 0.3410410735633028212, 0.3419832387962332687, 0.3429254040291637162, 0.3448097344950245557, 0.3457518997279550033, 0.3466940649608854508, 0.3485783954267462903, 0.3495205606596767378, 0.3504627258926071853, 0.3523470563584680249, 0.3542313868243288644, 0.3551735520572593119, 0.3561157172901897594, 0.3580000477560505989, 0.3598843782219114940, 0.3617687086877723335 ),
 .UNSPECIFIED. ) ;
#5759 = ORIENTED_EDGE ( 'NONE', *, *, #3769, .F. ) ;
#5760 = CARTESIAN_POINT ( 'NONE',  ( -5.826405669661498088, -4.041034033965515526, -7.557307688857456185 ) ) ;
#5761 = EDGE_CURVE ( 'NONE', #3287, #380, #2191, .T. ) ;
#5762 = CARTESIAN_POINT ( 'NONE',  ( 3.088152366596265797, 3.161180794711248687, 0.8770341042035616486 ) ) ;
#5763 = CARTESIAN_POINT ( 'NONE',  ( -1.203183412384396410E-05, 2.840781148348275664, -0.0001783651520873874065 ) ) ;
#5764 = CARTESIAN_POINT ( 'NONE',  ( -4.382532631613220708, 0.5989542810314960608, 8.535972746063089645 ) ) ;
#5765 = CARTESIAN_POINT ( 'NONE',  ( 2.548571976112428583, 0.04153933420424783807, 1.948253812267898955 ) ) ;
#5766 = CARTESIAN_POINT ( 'NONE',  ( 1.508340852579241664, -1.417535444725863014, -2.600584198297803518 ) ) ;
#5767 = CARTESIAN_POINT ( 'NONE',  ( -0.1953232046519305376, -3.229522379712088220, -3.000000000000004441 ) ) ;
#5768 = CARTESIAN_POINT ( 'NONE',  ( -0.7867809635412615910, 4.776365868885777743, -9.499769678369670345 ) ) ;
#5769 = CARTESIAN_POINT ( 'NONE',  ( -0.8737179296864371336, 9.589403453314194081, -9.459870873133048974 ) ) ;
#5770 = CARTESIAN_POINT ( 'NONE',  ( 6.962661743452544627, -3.989584148749649728, 6.524942182064648932 ) ) ;
#5771 = CARTESIAN_POINT ( 'NONE',  ( 6.016674343111519718, 0.1454923202608538468, 2.043385619690752719 ) ) ;
#5772 = CARTESIAN_POINT ( 'NONE',  ( -9.500543559489885936, -5.770711394887209522, -0.6180962361845647735 ) ) ;
#5773 = CARTESIAN_POINT ( 'NONE',  ( 0.006503070091639093567, 5.870099333500047756, -0.002265170040987099509 ) ) ;
#5774 = CARTESIAN_POINT ( 'NONE',  ( -4.418737879611954966, 0.3123287514001636400, 0.8794011481540474628 ) ) ;
#5775 = ORIENTED_EDGE ( 'NONE', *, *, #2115, .F. ) ;
#5776 = CARTESIAN_POINT ( 'NONE',  ( 0.001667435080410915220, -1.583496207406345446, 0.001490509210228657070 ) ) ;
#5777 = ORIENTED_EDGE ( 'NONE', *, *, #5809, .T. ) ;
#5778 = CARTESIAN_POINT ( 'NONE',  ( -3.212560870032389104, 4.859382160119068317, -8.985672186465716749 ) ) ;
#5779 = CARTESIAN_POINT ( 'NONE',  ( 4.043221707829721012, 4.395755240836924926, -1.997137970586588596 ) ) ;
#5780 = CARTESIAN_POINT ( 'NONE',  ( -9.580096258979759583, -5.769540972391295597, -0.5907840868729360428 ) ) ;
#5781 = CARTESIAN_POINT ( 'NONE',  ( -9.516691042750212048, -4.769538664350931434, -0.5868332393346396003 ) ) ;
#5782 = CARTESIAN_POINT ( 'NONE',  ( 3.061393855396476127, -2.354178169004354171, -9.014518767010606837 ) ) ;
#5783 = EDGE_CURVE ( 'NONE', #6335, #826, #5971, .T. ) ;
#5784 = CARTESIAN_POINT ( 'NONE',  ( 7.547570246159186702, -3.959616046686224244, 5.836708424327582634 ) ) ;
#5785 = CARTESIAN_POINT ( 'NONE',  ( -1.993772639219325571, 3.895551820743632820, -4.044917909708011905 ) ) ;
#5786 = CARTESIAN_POINT ( 'NONE',  ( 0.2363686730441430239, 5.742173702139551139, -9.532021595299044137 ) ) ;
#5787 = CARTESIAN_POINT ( 'NONE',  ( 2.807453134086284940, -0.5944001602768376191, -1.497096725139284601 ) ) ;
#5788 = CARTESIAN_POINT ( 'NONE',  ( -2.184704586074551980, -1.322928118679586040, 9.375096856747514806 ) ) ;
#5789 = CARTESIAN_POINT ( 'NONE',  ( 2.278530586788028778, 3.523657060577889411E-16, 2.275072942555081301 ) ) ;
#5790 = ORIENTED_EDGE ( 'NONE', *, *, #462, .F. ) ;
#5791 = AXIS2_PLACEMENT_3D ( 'NONE', #652, #2624, #4598 ) ;
#5792 = CARTESIAN_POINT ( 'NONE',  ( -9.296840642228504592, -3.677749756497811440, 2.150072237841841982 ) ) ;
#5793 = CARTESIAN_POINT ( 'NONE',  ( 0.003757846416462522904, 2.948040614989326791, -0.003535276462504580164 ) ) ;
#5794 = CARTESIAN_POINT ( 'NONE',  ( 4.526924391280707560, -0.4062492681793682947, -8.476164024299000843 ) ) ;
#5795 = CARTESIAN_POINT ( 'NONE',  ( 2.861054953049289473, 2.393028357270265083, -1.381721967199595058 ) ) ;
#5796 = CARTESIAN_POINT ( 'NONE',  ( 0.3947385072856252064, -1.292187206778736996, -2.999999999999998224 ) ) ;
#5797 = AXIS2_PLACEMENT_3D ( 'NONE', #2289, #4259, #6230 ) ;
#5798 = CARTESIAN_POINT ( 'NONE',  ( 7.644265936627387958, 0.04164759256914083579, 5.849004329217541986 ) ) ;
#5799 = CARTESIAN_POINT ( 'NONE',  ( -9.561044746765109181, 5.209641083604466871, -1.203006238783195014 ) ) ;
#5800 = AXIS2_PLACEMENT_3D ( 'NONE', #4162, #2741, #2806 ) ;
#5801 = CARTESIAN_POINT ( 'NONE',  ( 8.970175260280749185, 6.139317997247249359, 3.254056120680666631 ) ) ;
#5802 = CARTESIAN_POINT ( 'NONE',  ( -6.850704823714902858, -0.5052159093411349167, 6.627438234314454668 ) ) ;
#5803 = CARTESIAN_POINT ( 'NONE',  ( 4.309674256652860969, 0.3440763601684483364, -1.313746605768177700 ) ) ;
#5804 = CARTESIAN_POINT ( 'NONE',  ( 5.471401984792671591, 6.079569379038725074, 3.243831188502993346 ) ) ;
#5805 = CARTESIAN_POINT ( 'NONE',  ( 0.3937104822188491893, -4.292055173486655661, -2.980526590038357515 ) ) ;
#5806 = CARTESIAN_POINT ( 'NONE',  ( -0.001110392130250871263, 6.168603140298600351, 0.002871348029707345654 ) ) ;
#5807 = CARTESIAN_POINT ( 'NONE',  ( -3.762021371848101481, 0.06256112842282166020, -2.508866874032110950 ) ) ;
#5808 = AXIS2_PLACEMENT_3D ( 'NONE', #68, #4173, #1263 ) ;
#5809 = EDGE_CURVE ( 'NONE', #3153, #1206, #5658, .T. ) ;
#5810 = ORIENTED_EDGE ( 'NONE', *, *, #1641, .T. ) ;
#5811 = CARTESIAN_POINT ( 'NONE',  ( 0.005920330741410688609, -2.123422818891705255, -0.002794350017177096683 ) ) ;
#5812 = ORIENTED_EDGE ( 'NONE', *, *, #3691, .T. ) ;
#5813 = CARTESIAN_POINT ( 'NONE',  ( -4.824677897517516634, 3.581372385407211034, 8.233534335909737933 ) ) ;
#5814 = CARTESIAN_POINT ( 'NONE',  ( 9.438343549075110417, -4.791749450117241516, 1.245890756726847348 ) ) ;
#5815 = CARTESIAN_POINT ( 'NONE',  ( -0.2778137094138359853, -5.259123095656022429, 9.601450664612137587 ) ) ;
#5816 = CARTESIAN_POINT ( 'NONE',  ( 2.079011194863720213, 6.522714407704031991, -2.403789897777448115 ) ) ;
#5817 = CARTESIAN_POINT ( 'NONE',  ( -1.825665679366356819, 2.811179084085841051, -9.366733785524214539 ) ) ;
#5818 = CARTESIAN_POINT ( 'NONE',  ( -1.330943591970200623, -1.396316764826308399, 2.695676144267331154 ) ) ;
#5819 = CARTESIAN_POINT ( 'NONE',  ( -4.390564756684369740, -5.097611456832147780, -8.464423862938149412 ) ) ;
#5820 = CARTESIAN_POINT ( 'NONE',  ( 1.163940378759335870, 1.666623342810762631, -4.356751963836237529 ) ) ;
#5821 = CARTESIAN_POINT ( 'NONE',  ( 8.690880602863732207, -2.611974405119371845, -4.020764658270025826 ) ) ;
#5822 = CARTESIAN_POINT ( 'NONE',  ( 3.181057458500469615, 1.242979278682739386, 0.06674848632043953178 ) ) ;
#5823 = CARTESIAN_POINT ( 'NONE',  ( 2.801741816898996706, -0.3437404494908573027, -9.225033612601473365 ) ) ;
#5824 = FACE_OUTER_BOUND ( 'NONE', #2955, .T. ) ;
#5825 = EDGE_LOOP ( 'NONE', ( #6001, #2316, #3849, #2440, #3382, #4735, #429, #2184, #1858 ) ) ;
#5826 = CARTESIAN_POINT ( 'NONE',  ( 6.747654540620252384, -0.4999926248072513735, -6.752152968926789178 ) ) ;
#5827 = CARTESIAN_POINT ( 'NONE',  ( 0.006940575829557430604, 3.888514088574396066, -0.003505686765175926572 ) ) ;
#5828 = CARTESIAN_POINT ( 'NONE',  ( 3.607183127258404287, 0.8724082051275794392, 8.905742977517371983 ) ) ;
#5829 = CARTESIAN_POINT ( 'NONE',  ( -2.581862498452235588, 1.051733121789558911, -1.850698466034360390 ) ) ;
#5830 = CARTESIAN_POINT ( 'NONE',  ( 1.993658883793963499, 3.603998922335575283, -4.044859217871816348 ) ) ;
#5831 = CARTESIAN_POINT ( 'NONE',  ( 0.000000000000000000, 11.50000000000000000, -9.500000000000000000 ) ) ;
#5832 = CARTESIAN_POINT ( 'NONE',  ( 4.903332047727716692, 6.578121264272322577, -8.176727324441468880 ) ) ;
#5833 = CARTESIAN_POINT ( 'NONE',  ( 0.000000000000000000, 12.50000000000000000, -9.500000000000000000 ) ) ;
#5834 = CARTESIAN_POINT ( 'NONE',  ( 9.372050880509485538, -3.809914029220935028, 1.787875475149621973 ) ) ;
#5835 = CARTESIAN_POINT ( 'NONE',  ( 0.5920497056358460242, 5.779448504118034791, 6.333173036334821759 ) ) ;
#5836 = CARTESIAN_POINT ( 'NONE',  ( -5.809987712232179469, -6.041032141935730237, -7.542214666348339591 ) ) ;
#5837 = FACE_OUTER_BOUND ( 'NONE', #873, .T. ) ;
#5838 = CARTESIAN_POINT ( 'NONE',  ( -1.055064239099956502E-13, -0.2502707360709254814, -3.000000000000000888 ) ) ;
#5839 = ORIENTED_EDGE ( 'NONE', *, *, #5978, .F. ) ;
#5840 = ORIENTED_EDGE ( 'NONE', *, *, #1404, .F. ) ;
#5841 = CARTESIAN_POINT ( 'NONE',  ( 6.333415680298291939, -3.779696914451498024, 0.5920503898272694299 ) ) ;
#5842 = CARTESIAN_POINT ( 'NONE',  ( 1.241812395644773526, -5.208288768140237224, 9.423667696433412289 ) ) ;
#5843 = CARTESIAN_POINT ( 'NONE',  ( 3.275760285862320487, -5.139315556704821653, 9.030016429274642320 ) ) ;
#5844 = EDGE_CURVE ( 'NONE', #1691, #5347, #3037, .T. ) ;
#5845 = CARTESIAN_POINT ( 'NONE',  ( 0.007099194613219548568, -0.2705182792193189245, 0.0005468469549831457598 ) ) ;
#5846 = DIRECTION ( 'NONE',  ( 0.000000000000000000, 0.000000000000000000, -1.000000000000000000 ) ) ;
#5847 = CARTESIAN_POINT ( 'NONE',  ( -0.1973597093270433034, -2.229314260868024533, -3.000000000000003553 ) ) ;
#5848 = CARTESIAN_POINT ( 'NONE',  ( -0.5477338701526244247, -2.268239587888744691, 9.517375245970496778 ) ) ;
#5849 = CARTESIAN_POINT ( 'NONE',  ( -3.575278707066586570, 4.041082658574122632, -2.748761453091502105 ) ) ;
#5850 = CARTESIAN_POINT ( 'NONE',  ( -9.015591320060350355, -3.859378354838550074, -3.223237183460183619 ) ) ;
#5851 = CARTESIAN_POINT ( 'NONE',  ( -2.058573857422171915, 1.974058232143901748, -2.419769930605179642 ) ) ;
#5852 = CARTESIAN_POINT ( 'NONE',  ( -6.118610695682835221, -0.03125813514813964578, -7.450768418289493766 ) ) ;
#5853 = CARTESIAN_POINT ( 'NONE',  ( 1.000000000000000000, -10.22370542077334754, -9.447221813845590788 ) ) ;
#5854 = ORIENTED_EDGE ( 'NONE', *, *, #778, .T. ) ;
#5855 = CARTESIAN_POINT ( 'NONE',  ( 9.477728707956529774, 1.212559081547759376, 1.122803245709337761 ) ) ;
#5856 = CARTESIAN_POINT ( 'NONE',  ( -0.004780694600130338048, 5.048429375248660200, 0.005151065503577280380 ) ) ;
#5857 = CARTESIAN_POINT ( 'NONE',  ( -8.844763893443023051, 2.122401806264680335, -3.751498557500627662 ) ) ;
#5858 = CARTESIAN_POINT ( 'NONE',  ( -0.3087357001346863195, 0.7805976605622380049, -3.166566203354020725 ) ) ;
#5859 = CARTESIAN_POINT ( 'NONE',  ( 1.172873855887110794, 3.665968716659322890, -4.354576909291437481 ) ) ;
#5860 = CARTESIAN_POINT ( 'NONE',  ( 6.570473279160897739, -0.01040245754379902528, 7.034596173362628768 ) ) ;
#5861 = CARTESIAN_POINT ( 'NONE',  ( -3.391357654355524609, 1.478938538301264316, 2.972666330067291973 ) ) ;
#5862 = CARTESIAN_POINT ( 'NONE',  ( -2.385279291048485018, -4.541944885372343421, 1.829921548427866584 ) ) ;
#5863 = CARTESIAN_POINT ( 'NONE',  ( -4.499999999980809129, 6.249607775568220447, 1.314199136891960053E-05 ) ) ;
#5864 = CARTESIAN_POINT ( 'NONE',  ( 6.194900800474814950, 4.321517750846838091, -1.416795814628718286 ) ) ;
#5865 = CARTESIAN_POINT ( 'NONE',  ( 1.980448230691900235, -4.479119598619812237, -2.262024524273683390 ) ) ;
#5866 = CARTESIAN_POINT ( 'NONE',  ( 7.308142740645896751, 4.028010695945210884, 6.120858696132252419 ) ) ;
#5867 = CARTESIAN_POINT ( 'NONE',  ( -5.387753167860276804, 2.428253961149201778, 3.383036378322524573 ) ) ;
#5868 = CARTESIAN_POINT ( 'NONE',  ( -3.183955991137271013, 1.325871260248996999E-16, -3.180003812340651326 ) ) ;
#5869 = ORIENTED_EDGE ( 'NONE', *, *, #5677, .F. ) ;
#5870 = CARTESIAN_POINT ( 'NONE',  ( 0.005565998433857281651, -0.1259757511655540674, -0.002591683661186150976 ) ) ;
#5871 = VERTEX_POINT ( 'NONE', #520 ) ;
#5872 = CARTESIAN_POINT ( 'NONE',  ( 9.537752204554388769, 6.259120699923934161, -0.2759143724662978525 ) ) ;
#5873 = CARTESIAN_POINT ( 'NONE',  ( 7.543468168174706889, -4.958185525679941641, 5.782954659651852403 ) ) ;
#5874 = CARTESIAN_POINT ( 'NONE',  ( -0.5888053043855346891, 5.769542302835503733, -9.548375818628359823 ) ) ;
#5875 = CARTESIAN_POINT ( 'NONE',  ( 0.002546307619580738969, -0.6347845513244850801, 0.01000858984530790877 ) ) ;
#5876 = CARTESIAN_POINT ( 'NONE',  ( -6.304840907757028212, 3.520188544109845719, 7.164057228357386009 ) ) ;
#5877 = CARTESIAN_POINT ( 'NONE',  ( 6.935506568157037144, -2.510327576797001914, -6.499645758658486372 ) ) ;
#5878 = EDGE_CURVE ( 'NONE', #291, #2471, #36, .T. ) ;
#5879 = CARTESIAN_POINT ( 'NONE',  ( -8.865288231635025440, -0.8697888727107366824, -3.501409299068021230 ) ) ;
#5880 = CARTESIAN_POINT ( 'NONE',  ( 9.497182326825903687, 9.119039275441684467, 0.2612014266199358392 ) ) ;
#5881 = CARTESIAN_POINT ( 'NONE',  ( -7.773961118270880988, -1.947918577355014724, -5.568776599662806248 ) ) ;
#5882 = CARTESIAN_POINT ( 'NONE',  ( -4.397075592614537953, 0.5989521820552202724, 8.564224603092981170 ) ) ;
#5883 = CARTESIAN_POINT ( 'NONE',  ( 4.500012144697122629, 11.09324011669297150, 0.1315663966622162007 ) ) ;
#5884 = CARTESIAN_POINT ( 'NONE',  ( -4.353446709610587106, 0.5989584789840476375, 8.479469032003306594 ) ) ;
#5885 = CARTESIAN_POINT ( 'NONE',  ( 2.653697662027623139, 3.435459449210068072, -1.752737976506663298 ) ) ;
#5886 = CARTESIAN_POINT ( 'NONE',  ( 0.0003352757057743965580, 3.241810858755388658, -0.006620414957255593182 ) ) ;
#5887 = CARTESIAN_POINT ( 'NONE',  ( 6.205137486227613408, 3.526373215971724484, -7.332875176065516420 ) ) ;
#5888 = CARTESIAN_POINT ( 'NONE',  ( 2.255361019289145119, 2.498490925055138590, -2.238338962782079555 ) ) ;
#5889 = CARTESIAN_POINT ( 'NONE',  ( -1.000000000000000666, 9.962457527228702148, -4.387482193696061294 ) ) ;
#5890 = CARTESIAN_POINT ( 'NONE',  ( 9.499834770500307002, 0.2812463671313004121, -0.9324181701330352956 ) ) ;
#5891 = CARTESIAN_POINT ( 'NONE',  ( -0.6607348857431730726, -1.227857798940682477, -9.499500336878774931 ) ) ;
#5892 = CARTESIAN_POINT ( 'NONE',  ( -6.283030533500072679, -0.4791580402360858248, 7.167287519660260564 ) ) ;
#5893 = VECTOR ( 'NONE', #6090, 1000.000000000000227 ) ;
#5894 = CARTESIAN_POINT ( 'NONE',  ( 3.405733862125277182E-05, -5.139684064283241760, -0.0001429903666057366922 ) ) ;
#5895 = CARTESIAN_POINT ( 'NONE',  ( 2.338493731990423541, 5.869895644792635814, 5.915997582444330050 ) ) ;
#5896 = CARTESIAN_POINT ( 'NONE',  ( -3.053736991628984043, -4.145887525781231098, -9.001187983465177567 ) ) ;
#5897 = CARTESIAN_POINT ( 'NONE',  ( 4.882469621230777435, 3.921227681531397558, 8.187401780302350218 ) ) ;
#5898 = CARTESIAN_POINT ( 'NONE',  ( 3.118984498976954178, 3.586926511303981879, -5.544278743960859401 ) ) ;
#5899 = CARTESIAN_POINT ( 'NONE',  ( -3.718813451625280209E-14, -1.249999990533657623, 9.500000000000001776 ) ) ;
#5900 = CIRCLE ( 'NONE', #1348, 1.000000000000000888 ) ;
#5901 = CC_DESIGN_DATE_AND_TIME_ASSIGNMENT ( #673, #4100, ( #4254 ) ) ;
#5902 = CARTESIAN_POINT ( 'NONE',  ( 0.000000000000000000, 12.50000000000000000, 0.000000000000000000 ) ) ;
#5903 = CARTESIAN_POINT ( 'NONE',  ( 4.239547720348629589, -3.480198898687519637, -4.825627242731075128 ) ) ;
#5904 = CARTESIAN_POINT ( 'NONE',  ( 3.333921680392925740E-15, -5.250000018231926191, 9.499999999999998224 ) ) ;
#5905 = CARTESIAN_POINT ( 'NONE',  ( -9.531666654430910768, 6.208471490351292310, -1.243537249286602142 ) ) ;
#5906 = AXIS2_PLACEMENT_3D ( 'NONE', #764, #1208, #1242 ) ;
#5907 = CARTESIAN_POINT ( 'NONE',  ( -0.004994905338880480973, -1.397629708562819761, -0.001907922892298162055 ) ) ;
#5908 = CARTESIAN_POINT ( 'NONE',  ( -8.534968938182421638, 3.397780661964747040, 4.270835502514568560 ) ) ;
#5909 = DIRECTION ( 'NONE',  ( 0.000000000000000000, 0.000000000000000000, 1.000000000000000000 ) ) ;
#5910 = VECTOR ( 'NONE', #312, 1000.000000000000000 ) ;
#5911 = CARTESIAN_POINT ( 'NONE',  ( 8.233479333022772906, -1.581372384864139669, -4.824641515613437903 ) ) ;
#5912 = CARTESIAN_POINT ( 'NONE',  ( -3.905885077142472461, 4.416322260138971778, 2.253875315149778569 ) ) ;
#5913 = CARTESIAN_POINT ( 'NONE',  ( 9.297020354971234468, -2.673198553007003930, -2.290753883520626921 ) ) ;
#5914 = CARTESIAN_POINT ( 'NONE',  ( -2.810648765076221967, 0.6559396006706513793, 9.221344577565632861 ) ) ;
#5915 = CARTESIAN_POINT ( 'NONE',  ( -3.920586165101267007, 4.614660012862289662, 8.658804603136292855 ) ) ;
#5916 = LINE ( 'NONE', #4330, #4557 ) ;
#5917 = ORIENTED_EDGE ( 'NONE', *, *, #5878, .T. ) ;
#5918 = CARTESIAN_POINT ( 'NONE',  ( -8.329178573024394794, 0.4166447387669572344, 4.824003393816087559 ) ) ;
#5919 = CARTESIAN_POINT ( 'NONE',  ( 2.058285337890604083, 3.525656213697547336, -2.425111605703611062 ) ) ;
#5920 = CARTESIAN_POINT ( 'NONE',  ( -0.002547418222160083377, 6.098965530392666423, 0.006165390153246450879 ) ) ;
#5921 = CARTESIAN_POINT ( 'NONE',  ( -8.905102152968774831, 4.371736792004232264, 3.580052442037024996 ) ) ;
#5922 = CARTESIAN_POINT ( 'NONE',  ( -2.280882313141036732, 1.494927803978671976, 2.212089362318729435 ) ) ;
#5923 = CARTESIAN_POINT ( 'NONE',  ( -0.1308818826616935938, 9.093185465551576030, -4.499999999999971578 ) ) ;
#5924 = ADVANCED_FACE ( 'NONE', ( #552 ), #4499, .T. ) ;
#5925 = CARTESIAN_POINT ( 'NONE',  ( 0.2642979906746298902, 11.09318546555145168, -9.500000000000000000 ) ) ;
#5926 = CARTESIAN_POINT ( 'NONE',  ( -2.903616435757132130, -5.833813675141615640, -0.7791908258159216949 ) ) ;
#5927 = CARTESIAN_POINT ( 'NONE',  ( -6.360504710457514754, -1.791836901445245323, -0.8468615469376659100 ) ) ;
#5928 = DIRECTION ( 'NONE',  ( 0.000000000000000000, 0.000000000000000000, -1.000000000000000000 ) ) ;
#5929 = CARTESIAN_POINT ( 'NONE',  ( -2.616435506884992268, 5.615006396527972399, 5.792671089497019921 ) ) ;
#5930 = CARTESIAN_POINT ( 'NONE',  ( -9.377889555841496971, -3.697866740850476841, 1.549883174231345695 ) ) ;
#5931 = CARTESIAN_POINT ( 'NONE',  ( 5.554002372325005155, 3.947910382956568043, 7.747610729419839970 ) ) ;
#5932 = CARTESIAN_POINT ( 'NONE',  ( -3.690090504594675913, 1.947179936544703560, -5.173102565683944221 ) ) ;
#5933 = CARTESIAN_POINT ( 'NONE',  ( 8.659481006156685368, -0.8852854878223569424, 3.919103558571332524 ) ) ;
#5934 = DIRECTION ( 'NONE',  ( 0.000000000000000000, -0.000000000000000000, 1.000000000000000000 ) ) ;
#5935 = CARTESIAN_POINT ( 'NONE',  ( -4.439818409564005641, -4.496409826408952704, 4.549180300339462413 ) ) ;
#5936 = DIRECTION ( 'NONE',  ( 0.000000000000000000, 0.000000000000000000, 1.000000000000000000 ) ) ;
#5937 = CARTESIAN_POINT ( 'NONE',  ( 8.288421938625997853, -2.581367804988472514, -4.856863315609539100 ) ) ;
#5938 = CARTESIAN_POINT ( 'NONE',  ( -0.008550526468050557646, -1.029796727406166346, 0.008429619096808477208 ) ) ;
#5939 = LINE ( 'NONE', #401, #3006 ) ;
#5940 = CARTESIAN_POINT ( 'NONE',  ( 2.904854468059871575, -2.833253601437724534, 0.7747498548225074666 ) ) ;
#5941 = CARTESIAN_POINT ( 'NONE',  ( -2.163073274894004694, -0.3229331147616967268, 9.282215744397337431 ) ) ;
#5942 = CARTESIAN_POINT ( 'NONE',  ( 1.451740942380184363, 5.854179143013464426, 4.269480297042843375 ) ) ;
#5943 = CARTESIAN_POINT ( 'NONE',  ( -5.094875049975030379, -4.071286001552765654, -8.105782346603225719 ) ) ;
#5944 = CARTESIAN_POINT ( 'NONE',  ( -9.103594118564958038, 0.3645925548356556689, 3.412017158061363631 ) ) ;
#5945 = CARTESIAN_POINT ( 'NONE',  ( -3.212560870032389104, 4.859382160119068317, -8.985672186465716749 ) ) ;
#5946 = CARTESIAN_POINT ( 'NONE',  ( 0.7851192941545100945, -3.333529655187009944, -2.921663453742258110 ) ) ;
#5947 = CARTESIAN_POINT ( 'NONE',  ( 4.496869756902722948, -0.4062437353805556373, -8.420061563433232976 ) ) ;
#5948 = CARTESIAN_POINT ( 'NONE',  ( -2.013745660563633244, 4.533505651483011434, 2.501656179147016879 ) ) ;
#5949 = CARTESIAN_POINT ( 'NONE',  ( 1.084711616452477712, -5.139562041906280854, 2.989976022759554208 ) ) ;
#5950 = CARTESIAN_POINT ( 'NONE',  ( 2.164367740458478906, 3.677756249131430621, -9.358833858100746639 ) ) ;
#5951 = CARTESIAN_POINT ( 'NONE',  ( 1.290189836873062879, 4.616729607488033515, -2.907639125118312240 ) ) ;
#5952 = DIRECTION ( 'NONE',  ( -0.000000000000000000, -0.000000000000000000, 1.000000000000000000 ) ) ;
#5953 = CARTESIAN_POINT ( 'NONE',  ( 1.163414459189985485E-15, 12.50000000000000000, 9.500000000000000000 ) ) ;
#5954 = EDGE_CURVE ( 'NONE', #253, #3226, #99, .T. ) ;
#5955 = CARTESIAN_POINT ( 'NONE',  ( -4.045505759361229359, 1.395588644023939562, 1.992468256619394751 ) ) ;
#5956 = CARTESIAN_POINT ( 'NONE',  ( 4.082295262506262290, -3.027918349753583094, 4.870728226347322831 ) ) ;
#5957 = CARTESIAN_POINT ( 'NONE',  ( 0.003521709079810210995, -5.659573015834493681, 0.009039045207893460152 ) ) ;
#5958 = CARTESIAN_POINT ( 'NONE',  ( 0.6736937559871022385, -3.318188052394435150, -3.105064948466412567 ) ) ;
#5959 = CARTESIAN_POINT ( 'NONE',  ( -0.3106087608795349286, -3.260408450410953840, 9.499999999999094058 ) ) ;
#5960 = CARTESIAN_POINT ( 'NONE',  ( -0.005671388080514374978, 6.851989126385046980, 0.001287604226336493737 ) ) ;
#5961 = CARTESIAN_POINT ( 'NONE',  ( 5.622225289447425389, 3.404767098382509349, -2.976544611259822837 ) ) ;
#5962 = CARTESIAN_POINT ( 'NONE',  ( 1.246513371754784494, -0.2918703003493709480, -9.423022531737789365 ) ) ;
#5963 = EDGE_LOOP ( 'NONE', ( #592, #409, #396, #476 ) ) ;
#5964 = CARTESIAN_POINT ( 'NONE',  ( 4.458750498663566653, 9.294004095481975369, 0.6149913224894090202 ) ) ;
#5965 = CARTESIAN_POINT ( 'NONE',  ( 4.903332047727716692, 6.578121264272322577, -8.176727324441468880 ) ) ;
#5966 = CARTESIAN_POINT ( 'NONE',  ( -3.002917685418204918, -7.533563972438950609E-16, -2.998998469231977992 ) ) ;
#5967 = CARTESIAN_POINT ( 'NONE',  ( -5.111819146965457250, -4.071282857788880882, -8.132703839749218844 ) ) ;
#5968 = CARTESIAN_POINT ( 'NONE',  ( 0.005052046318731502270, -2.027733647597987243, -0.004246264182176134015 ) ) ;
#5969 = CARTESIAN_POINT ( 'NONE',  ( 3.583220676847582276, 1.872402214976929713, 8.846694131012576179 ) ) ;
#5970 = CARTESIAN_POINT ( 'NONE',  ( 0.1974998117657907892, -2.271243184026390249, -2.999999999999995115 ) ) ;
#5971 = B_SPLINE_CURVE_WITH_KNOTS ( 'NONE', 3,
 ( #266, #2247, #1822, #4827, #4797, #2435, #1886, #4282, #2855, #2922, #2341, #5836, #4313, #2789, #4345, #3314, #6316, #5343, #6220, #391, #458, #425, #1393, #2372, #5772, #4764, #4857, #4892, #2825, #3796, #6250, #2403, #6346, #855, #362, #3860, #951, #3378, #330, #1789, #1422, #1330, #3889, #3766, #914, #5280, #6283 ),
 .UNSPECIFIED., .F., .F.,
 ( 4, 2, 2, 2, 2, 2, 2, 2, 2, 2, 2, 2, 2, 2, 2, 2, 2, 2, 2, 2, 1, 2, 2, 4 ),
 ( 0.000000000000000000, 0.001883313086637593324, 0.002824969629956389661, 0.003766626173275185781, 0.004708282716593982335, 0.005649939259912779323, 0.007533252346550371563, 0.008474908889869167683, 0.009416565433187964670, 0.01129987851982556038, 0.01224153506314435737, 0.01318319160646315262, 0.01506650469310074660, 0.01694981777973833884, 0.01789147432305713756, 0.01883313086637593281, 0.02071644395301352679, 0.02259975703965112076, 0.02448307012628871474, 0.02542472666960750999, 0.02636638321292630524, 0.02730803975624510396, 0.02824969629956389922, 0.03013300938620149319 ),
 .UNSPECIFIED. ) ;
#5972 = CARTESIAN_POINT ( 'NONE',  ( 2.567045311608302516, -1.336591791592680378, -9.191613783527213144 ) ) ;
#5973 = CARTESIAN_POINT ( 'NONE',  ( 0.000000000000000000, -9.093185465551448132, -9.500000000000000000 ) ) ;
#5974 = CARTESIAN_POINT ( 'NONE',  ( -6.873459381189110928, 0.4947877437582971494, 6.649611566121898854 ) ) ;
#5975 = CARTESIAN_POINT ( 'NONE',  ( 0.9030085999197856594, 4.779972307599915204, 9.595000385034744284 ) ) ;
#5976 = CARTESIAN_POINT ( 'NONE',  ( -9.211208037453022968, 5.155598974563346815, -2.831071099837263461 ) ) ;
#5977 = CARTESIAN_POINT ( 'NONE',  ( 0.6151945362146635787, -9.294096862235189604, -9.480510539373016243 ) ) ;
#5978 = EDGE_CURVE ( 'NONE', #6335, #4083, #6116, .T. ) ;
#5979 = CARTESIAN_POINT ( 'NONE',  ( -0.5936725744135902261, 4.791784112013327324, -4.470317294102085448 ) ) ;
#5980 = CARTESIAN_POINT ( 'NONE',  ( -0.8065010592401218315, 4.722973493588504823, 9.499999666277819443 ) ) ;
#5981 = CARTESIAN_POINT ( 'NONE',  ( 0.8919103924345203049, 5.659270014100436619, -3.049930370944321734 ) ) ;
#5982 = CARTESIAN_POINT ( 'NONE',  ( -0.9419948699771799605, -4.156029582196606675, -3.071094982144754848 ) ) ;
#5983 = CARTESIAN_POINT ( 'NONE',  ( -9.458892631444227206, 2.306013594730438765, 1.678819969110512567 ) ) ;
#5984 = CARTESIAN_POINT ( 'NONE',  ( -0.4857735521804209533, 4.798473234342209182, -3.143063106517095306 ) ) ;
#5985 = CARTESIAN_POINT ( 'NONE',  ( 4.471096368123141929, 3.208300390728189733, 0.5873889619838900122 ) ) ;
#5986 = DIRECTION ( 'NONE',  ( 0.000000000000000000, 0.000000000000000000, -1.000000000000000000 ) ) ;
#5987 = CARTESIAN_POINT ( 'NONE',  ( -5.103915657598505184, -6.070260543634052652, -8.053749718347928521 ) ) ;
#5988 = CARTESIAN_POINT ( 'NONE',  ( -0.003516313865795317462, -3.889259314938193768, 0.006963300093930179999 ) ) ;
#5989 = CARTESIAN_POINT ( 'NONE',  ( -1.459361871812175471, -5.099010998223252322, -2.823033083113063224 ) ) ;
#5990 = CARTESIAN_POINT ( 'NONE',  ( -9.194937462526169725, -3.833537209238139010, -2.469218831840704009 ) ) ;
#5991 = CARTESIAN_POINT ( 'NONE',  ( -9.500000000000000000, 6.228986685814586366, -0.6271451003371066868 ) ) ;
#5992 = CARTESIAN_POINT ( 'NONE',  ( -6.126578455281030955, 2.336807429018071147, 1.714623793365020799 ) ) ;
#5993 = CARTESIAN_POINT ( 'NONE',  ( 0.000000000000000000, 12.50000000000000000, 0.000000000000000000 ) ) ;
#5994 = CARTESIAN_POINT ( 'NONE',  ( 4.414691164188630168, 9.589219303758852675, -0.8735695012428155160 ) ) ;
#5995 = CARTESIAN_POINT ( 'NONE',  ( 5.830609678403976481, 0.1198572989860874349, 2.526832096363619939 ) ) ;
#5996 = DIRECTION ( 'NONE',  ( -1.000000000000000000, 0.000000000000000000, 0.000000000000000000 ) ) ;
#5997 = CARTESIAN_POINT ( 'NONE',  ( -9.590582292398465825, -3.768548459208212353, -0.5567088891668247053 ) ) ;
#5998 = CARTESIAN_POINT ( 'NONE',  ( -0.004290445743022066119, 2.472927115189615499, -0.005089386158151888717 ) ) ;
#5999 = CARTESIAN_POINT ( 'NONE',  ( 3.060034579088884765, 3.645871405933268861, -9.015131495420765972 ) ) ;
#6000 = CIRCLE ( 'NONE', #5797, 4.500000000000000000 ) ;
#6001 = ORIENTED_EDGE ( 'NONE', *, *, #864, .F. ) ;
#6002 = CARTESIAN_POINT ( 'NONE',  ( 8.204919999552462428, 2.419906296494920728, -4.851127638651866469 ) ) ;
#6003 = CARTESIAN_POINT ( 'NONE',  ( 1.169436512814167495, 6.666209810953228398, -4.355310448073799634 ) ) ;
#6004 = CARTESIAN_POINT ( 'NONE',  ( 7.319301491168451967, 1.472643554654877063, -6.155935508507392129 ) ) ;
#6005 = CARTESIAN_POINT ( 'NONE',  ( 2.762815935459185468, 2.841154668023510244, 9.329060309823692165 ) ) ;
#6006 = CARTESIAN_POINT ( 'NONE',  ( 6.268007725660670104, 5.520793355891974841, -7.145566900447143155 ) ) ;
#6007 = CARTESIAN_POINT ( 'NONE',  ( 9.843087985161272294E-13, -11.09318546556015583, -9.500000000000916600 ) ) ;
#6008 = CARTESIAN_POINT ( 'NONE',  ( -9.541179279653912104, -0.7916426445837368986, -1.269288226660579832 ) ) ;
#6009 = DIRECTION ( 'NONE',  ( 0.000000000000000000, 1.000000000000000000, 0.000000000000000000 ) ) ;
#6010 = CARTESIAN_POINT ( 'NONE',  ( 9.529909637000647749, 3.241531621696213783, 0.2553986307777839637 ) ) ;
#6011 = CARTESIAN_POINT ( 'NONE',  ( -0.1826745939939284358, 3.768137131841164056, -3.175580163081716201 ) ) ;
#6012 = CARTESIAN_POINT ( 'NONE',  ( -2.857696018823456807, -5.606052368152418808, 1.390668679286873877 ) ) ;
#6013 = CARTESIAN_POINT ( 'NONE',  ( -9.248298394886729668, -5.851553443425416390, -3.038497228656490190 ) ) ;
#6014 = CARTESIAN_POINT ( 'NONE',  ( -3.061467196347686937, 3.337023074860752558, 0.8621811576585648451 ) ) ;
#6015 = LINE ( 'NONE', #5953, #3738 ) ;
#6016 = CARTESIAN_POINT ( 'NONE',  ( 8.503992293585751483, -4.899734959810630563, 4.326913827672044022 ) ) ;
#6017 = CARTESIAN_POINT ( 'NONE',  ( -1.548829457144417665, -4.409217188223519379, 2.824549490601743429 ) ) ;
#6018 = CARTESIAN_POINT ( 'NONE',  ( -9.499883661431724136, -3.770801591343159842, -0.6207457184674215478 ) ) ;
#6019 = DIRECTION ( 'NONE',  ( -1.000000000000000000, 0.000000000000000000, 0.000000000000000000 ) ) ;
#6020 = FACE_OUTER_BOUND ( 'NONE', #4800, .T. ) ;
#6021 = CARTESIAN_POINT ( 'NONE',  ( -3.008470963612460913, 6.851565140199153525, -9.156762435561836000 ) ) ;
#6022 = CARTESIAN_POINT ( 'NONE',  ( -1.245004337310975595, 2.708180629645909665, 9.423192147761614734 ) ) ;
#6023 = CARTESIAN_POINT ( 'NONE',  ( -4.854720771885753905, -2.526259572837616929, 4.111206267255236746 ) ) ;
#6024 = CARTESIAN_POINT ( 'NONE',  ( -1.540546932642800071E-11, 5.749787180128888231, -4.499999999999999112 ) ) ;
#6025 = CARTESIAN_POINT ( 'NONE',  ( -0.003737174316509145073, 2.336918471569479738, -0.009794224091017489364 ) ) ;
#6026 = CARTESIAN_POINT ( 'NONE',  ( 0.3096599178922242457, 3.739623090021526153, -9.499999999999991118 ) ) ;
#6027 = EDGE_CURVE ( 'NONE', #5512, #556, #5181, .T. ) ;
#6028 = CARTESIAN_POINT ( 'NONE',  ( 5.974154577327892568, 1.965174394259260326, 7.443755774989130103 ) ) ;
#6029 = CARTESIAN_POINT ( 'NONE',  ( 2.701018662204512606E-14, 0.7498405783874891872, 4.499999999999999112 ) ) ;
#6030 = CARTESIAN_POINT ( 'NONE',  ( 0.4285537094780071943, 1.736342855069736402, -9.651363980410453181 ) ) ;
#6031 = CARTESIAN_POINT ( 'NONE',  ( -5.667103513794421232, 3.950188099414628784, -7.795150984180366116 ) ) ;
#6032 = CARTESIAN_POINT ( 'NONE',  ( -0.6231710260106219090, -1.270882385261415060, 9.500000000000000000 ) ) ;
#6033 = FACE_OUTER_BOUND ( 'NONE', #657, .T. ) ;
#6034 = CARTESIAN_POINT ( 'NONE',  ( -0.003801269468262749671, 1.336918470576644591, -0.009769857214789807315 ) ) ;
#6035 = DIRECTION ( 'NONE',  ( 0.000000000000000000, 1.000000000000000000, 0.000000000000000000 ) ) ;
#6036 = CARTESIAN_POINT ( 'NONE',  ( -1.450104154317807259, 4.854029112065797236, -4.270211072024587828 ) ) ;
#6037 = CARTESIAN_POINT ( 'NONE',  ( -9.318202447710328684, 4.317700336178710963, 2.014313480055112571 ) ) ;
#6038 = CARTESIAN_POINT ( 'NONE',  ( -4.854692121208524114, -3.526259574123521201, 4.111188816305196170 ) ) ;
#6039 = CARTESIAN_POINT ( 'NONE',  ( -2.832380209810940741, -5.906185080022627432, -1.516174549050830267 ) ) ;
#6040 = CARTESIAN_POINT ( 'NONE',  ( -9.563333310366511242, 6.208467470023924406, -1.247770703273281212 ) ) ;
#6041 = CARTESIAN_POINT ( 'NONE',  ( 2.257906064013877501, 4.001339212787843103, 2.236291454343748430 ) ) ;
#6042 = APPROVAL_STATUS ( 'not_yet_approved' ) ;
#6043 = CARTESIAN_POINT ( 'NONE',  ( 0.000000000000000000, 12.50000000000000000, 0.000000000000000000 ) ) ;
#6044 = B_SPLINE_CURVE_WITH_KNOTS ( 'NONE', 3,
 ( #2919, #948, #5979, #5521, #6036, #1419, #3132, #3618, #5370, #1571, #4889, #3521, #5035, #4028, #4094, #57, #1539, #3996, #2639, #570, #3097, #2027, #2125, #455, #4125, #4613, #3554, #5489, #1058, #5065, #3067, #85, #119, #5004 ),
 .UNSPECIFIED., .F., .F.,
 ( 4, 2, 2, 2, 2, 2, 2, 2, 2, 2, 2, 2, 2, 2, 2, 2, 4 ),
 ( 0.06763888917869843864, 0.06852987588454946544, 0.06942086259040047835, 0.07031184929625150515, 0.07120283600210251806, 0.07209382270795354486, 0.07298480941380455778, 0.07387579611965558457, 0.07476678282550659749, 0.07565776953135762428, 0.07654875623720863720, 0.07743974294305966399, 0.07833072964891069079, 0.07922171635476170370, 0.08011270306061273050, 0.08100368976646374342, 0.08189467647231477021 ),
 .UNSPECIFIED. ) ;
#6045 = CARTESIAN_POINT ( 'NONE',  ( -8.569961496398345702, -5.605471346452011616, 4.180318716508262256 ) ) ;
#6046 = CARTESIAN_POINT ( 'NONE',  ( -1.859016391220422948, 0.6554030260438864497, 6.085120533808426657 ) ) ;
#6047 = CARTESIAN_POINT ( 'NONE',  ( -0.9805121661338374039, -4.349373879104095231, 3.068957091238872614 ) ) ;
#6048 = DIRECTION ( 'NONE',  ( -1.000000000000000000, -0.000000000000000000, -3.491481338843132961E-15 ) ) ;
#6049 = DIRECTION ( 'NONE',  ( 0.000000000000000000, 0.000000000000000000, -1.000000000000000000 ) ) ;
#6050 = CARTESIAN_POINT ( 'NONE',  ( 1.163414459189985485E-15, -11.50000000000000000, 9.500000000000000000 ) ) ;
#6051 = CARTESIAN_POINT ( 'NONE',  ( 9.332307348256442481, 1.187508850902017965, 1.856039802020606144 ) ) ;
#6052 = CARTESIAN_POINT ( 'NONE',  ( -9.499888639614441743, 2.270797920406175674, 0.6206489050410644026 ) ) ;
#6053 = CARTESIAN_POINT ( 'NONE',  ( -4.190453241817169605, -0.4795158845785588153, 4.776613636141168406 ) ) ;
#6054 = CARTESIAN_POINT ( 'NONE',  ( 1.241787483213173449, -4.291611204575832339, -9.438852068421736519 ) ) ;
#6055 = CARTESIAN_POINT ( 'NONE',  ( -0.001265816108606836535, 1.259033145425992650, -0.01023541034505685149 ) ) ;
#6056 = CARTESIAN_POINT ( 'NONE',  ( 8.999035439148148185, 3.145656074917246414, 3.060144670800194699 ) ) ;
#6057 = B_SPLINE_CURVE_WITH_KNOTS ( 'NONE', 3,
 ( #5274, #5768, #2025, #5945, #1847, #850, #4276, #4792, #326, #5976, #5799, #474, #2819, #1473, #1537, #2850, #22, #2452, #1325, #998, #4422, #3003 ),
 .UNSPECIFIED., .F., .F.,
 ( 4, 2, 2, 2, 2, 2, 2, 2, 2, 2, 4 ),
 ( 0.8000003147604271003, 0.8063281757878941747, 0.8135937838585961535, 0.8208593919292981322, 0.8281250000000000000, 0.8410937591251019807, 0.8475781386876529711, 0.8540625182502039614, 0.8670312773753059421, 0.8735156569378570435, 0.8800000436060586573 ),
 .UNSPECIFIED. ) ;
#6058 = ORIENTED_EDGE ( 'NONE', *, *, #4967, .T. ) ;
#6059 = ORIENTED_EDGE ( 'NONE', *, *, #2836, .T. ) ;
#6060 = CARTESIAN_POINT ( 'NONE',  ( 9.360878455170469792, 0.3125009178010158539, -1.865100669289337043 ) ) ;
#6061 = CARTESIAN_POINT ( 'NONE',  ( 4.499766445227511902, 1.270755445486065893, -0.2972337073539300101 ) ) ;
#6062 = CARTESIAN_POINT ( 'NONE',  ( -5.051029428808586630, 0.5729248557685993060, 8.119906572083687379 ) ) ;
#6063 = CARTESIAN_POINT ( 'NONE',  ( -1.391963435403587468, 2.703771777933063891, 9.537682221449699682 ) ) ;
#6064 = CARTESIAN_POINT ( 'NONE',  ( 3.060467132347954422, 4.854144986235857218, 9.014930152887552950 ) ) ;
#6065 = CARTESIAN_POINT ( 'NONE',  ( 0.8740328433941048081, -9.590153787303128397, -9.459840161213094234 ) ) ;
#6066 = EDGE_CURVE ( 'NONE', #1367, #3153, #6119, .T. ) ;
#6067 = CARTESIAN_POINT ( 'NONE',  ( 0.0003282063857078606106, 2.427996604124127877, -0.0003530051731317676968 ) ) ;
#6068 = CARTESIAN_POINT ( 'NONE',  ( 9.459874649467204577, -10.59704370174612187, -0.8736780550692293534 ) ) ;
#6069 = CARTESIAN_POINT ( 'NONE',  ( -2.255050132924490303, 6.916422884791782799, -3.905200526066471056 ) ) ;
#6070 = CARTESIAN_POINT ( 'NONE',  ( -4.824679638021952321, 2.581372383838435258, 8.233540822409150195 ) ) ;
#6071 = CARTESIAN_POINT ( 'NONE',  ( -6.351324276547463121, -3.768591627489053408, -0.3678316561800539786 ) ) ;
#6072 = CARTESIAN_POINT ( 'NONE',  ( 2.745429201144805820, -2.581830268858063437, -1.606311878476182953 ) ) ;
#6073 = CARTESIAN_POINT ( 'NONE',  ( 4.208215367128078199, 5.605470504410325461, -8.627084078085657026 ) ) ;
#6074 = CARTESIAN_POINT ( 'NONE',  ( -3.161143485674675624, 3.214272958693037197, -0.3546602532041378542 ) ) ;
#6075 = SHAPE_DEFINITION_REPRESENTATION ( #2252, #2351 ) ;
#6076 = CARTESIAN_POINT ( 'NONE',  ( -0.9737435171590035354, 10.35547889559444279, -9.450096975683507594 ) ) ;
#6077 = EDGE_CURVE ( 'NONE', #1500, #1845, #530, .T. ) ;
#6078 = EDGE_LOOP ( 'NONE', ( #1983, #4380, #783, #3276, #303, #4991 ) ) ;
#6079 = CARTESIAN_POINT ( 'NONE',  ( 8.687471321109413225, -4.614904206780809481, -3.927737171852585529 ) ) ;
#6080 = CARTESIAN_POINT ( 'NONE',  ( 1.803154592454160321, 0.8415226522227822192, 6.101839029816854776 ) ) ;
#6081 = CARTESIAN_POINT ( 'NONE',  ( -3.177470843353348506, -4.742805475998157938, 0.07420790577654177989 ) ) ;
#6082 = CARTESIAN_POINT ( 'NONE',  ( -1.331498009237407798, -3.396382198355956117, 2.695404539015837209 ) ) ;
#6083 = FACE_BOUND ( 'NONE', #658, .T. ) ;
#6084 = CARTESIAN_POINT ( 'NONE',  ( 0.000000000000000000, 12.50000000000000000, -9.500000000000000000 ) ) ;
#6085 = CARTESIAN_POINT ( 'NONE',  ( 1.163414459189985485E-15, 12.50000000000000000, 9.500000000000000000 ) ) ;
#6086 = CARTESIAN_POINT ( 'NONE',  ( 4.387482193696063959, 9.962424489991304810, -0.9999999999999850120 ) ) ;
#6087 = CARTESIAN_POINT ( 'NONE',  ( -1.948177843509937057, -0.3494200766817974202, 6.048032324823752859 ) ) ;
#6088 = CARTESIAN_POINT ( 'NONE',  ( -9.377859486740440786, 0.3021281595033636913, 1.549720710450199102 ) ) ;
#6089 = CARTESIAN_POINT ( 'NONE',  ( 0.002832012035129182620, 0.4052712055622113008, 0.005523048539615508547 ) ) ;
#6090 = DIRECTION ( 'NONE',  ( -0.9999999969197456151, 7.844488611562825764E-05, -2.628398100812196594E-06 ) ) ;
#6091 = CARTESIAN_POINT ( 'NONE',  ( -2.117764082315626073, 4.641570538668565504, 5.992804658012475194 ) ) ;
#6092 = EDGE_LOOP ( 'NONE', ( #2020, #1396, #3955, #688 ) ) ;
#6093 = CARTESIAN_POINT ( 'NONE',  ( -8.786231152758853469, 3.122403632465897250, -3.726632522389385027 ) ) ;
#6094 = LINE ( 'NONE', #2186, #1352 ) ;
#6095 = CARTESIAN_POINT ( 'NONE',  ( 9.323687450077583705, 3.321616134540398058, -2.131930908999763119 ) ) ;
#6096 = AXIS2_PLACEMENT_3D ( 'NONE', #2476, #4446, #4964 ) ;
#6097 = CARTESIAN_POINT ( 'NONE',  ( 8.515335218391129501, 3.405295160304691038, -4.515106472630095347 ) ) ;
#6098 = CARTESIAN_POINT ( 'NONE',  ( -2.456992043516082802, -1.333116990043901717, 9.197746592221710316 ) ) ;
#6099 = CARTESIAN_POINT ( 'NONE',  ( 8.244328943547825972, -2.583334684138466120, -4.760761126336538140 ) ) ;
#6100 = AXIS2_PLACEMENT_3D ( 'NONE', #1294, #2306, #3820 ) ;
#6101 = CARTESIAN_POINT ( 'NONE',  ( -0.005904944066743151448, 1.578382577347143823, -0.002702629334655755160 ) ) ;
#6102 = CARTESIAN_POINT ( 'NONE',  ( 9.450079732175707292, -10.35518864177918452, 0.9739297622606932769 ) ) ;
#6103 = DIRECTION ( 'NONE',  ( -0.000000000000000000, -1.000000000000000000, -0.000000000000000000 ) ) ;
#6104 = CARTESIAN_POINT ( 'NONE',  ( 8.684039058976145142, 3.108089210925497170, 4.166553094935555812 ) ) ;
#6105 = CARTESIAN_POINT ( 'NONE',  ( -4.443486004869246386, -3.496444437214210499, 4.553094381645609090 ) ) ;
#6106 = CARTESIAN_POINT ( 'NONE',  ( 0.5524165497544143433, -2.305917687809146521, -3.132191686830628541 ) ) ;
#6107 = CARTESIAN_POINT ( 'NONE',  ( 8.588998739295691465, -4.899738340717112450, 4.370246900286168135 ) ) ;
#6108 = CARTESIAN_POINT ( 'NONE',  ( -0.1910920964581352410, 6.768811113435266869, -3.172451040094798724 ) ) ;
#6109 = LOCAL_TIME ( 21, 9, 25.00000000000000000, #2646 ) ;
#6110 = CARTESIAN_POINT ( 'NONE',  ( -9.459781443177234905, -2.708008770392305475, 1.252370148594597499 ) ) ;
#6111 = CARTESIAN_POINT ( 'NONE',  ( -4.710033395109778809, 6.015268536889489148, -4.268894362440218693 ) ) ;
#6112 = ADVANCED_FACE ( 'NONE', ( #224 ), #2207, .T. ) ;
#6113 = CARTESIAN_POINT ( 'NONE',  ( 6.362047228002504440, 1.243234476160848923, 0.1295235402046266693 ) ) ;
#6114 = CARTESIAN_POINT ( 'NONE',  ( 4.194378812258928946, -3.108081076915809593, 8.741903191751841717 ) ) ;
#6115 = CARTESIAN_POINT ( 'NONE',  ( -2.417443357765078016, -0.9748722788903902980, -2.060694377241219843 ) ) ;
#6116 = LINE ( 'NONE', #1227, #4661 ) ;
#6117 = CARTESIAN_POINT ( 'NONE',  ( -8.228329919651987012, 6.083096932167398663, -4.758372679840411124 ) ) ;
#6118 = CARTESIAN_POINT ( 'NONE',  ( 0.000000000000000000, 0.000000000000000000, -3.000000000000000444 ) ) ;
#6119 = B_SPLINE_CURVE_WITH_KNOTS ( 'NONE', 3,
 ( #5111, #1129, #711, #6082, #4657, #1714, #5210, #5629, #3248, #3110, #5141, #1681, #679, #2721, #2171, #2587, #648, #2620, #3698, #4563, #4694, #3632, #2652, #258, #130, #2240, #3664, #2104 ),
 .UNSPECIFIED., .F., .F.,
 ( 4, 2, 2, 2, 2, 2, 2, 2, 2, 2, 2, 2, 2, 4 ),
 ( 0.03105348588617457342, 0.03224790572734947958, 0.03284511564793693439, 0.03344232556852438920, 0.03403953548911184401, 0.03463674540969929883, 0.03583116525087420845, 0.03642837517146166326, 0.03702558509204911807, 0.03822000493322403464, 0.03881721485381148945, 0.03941442477439894426, 0.04001163469498639907, 0.04060884461557385389 ),
 .UNSPECIFIED. ) ;
#6120 = CARTESIAN_POINT ( 'NONE',  ( 3.348537166219710759, 1.635407848052267354, -8.895683239066320525 ) ) ;
#6121 = CARTESIAN_POINT ( 'NONE',  ( -1.554178937199449884, 1.802273683065469090, -9.377125063708481534 ) ) ;
#6122 = CARTESIAN_POINT ( 'NONE',  ( 5.489423522388412913, -1.581601327373445498, -3.215457635845089701 ) ) ;
#6123 = CARTESIAN_POINT ( 'NONE',  ( -4.207027644699397051, 0.6042709269485923018, 8.540239369718657159 ) ) ;
#6124 = CARTESIAN_POINT ( 'NONE',  ( 0.003126316472357917615, 2.120125529361999384, -0.006412498954848935145 ) ) ;
#6125 = CARTESIAN_POINT ( 'NONE',  ( 9.542956314798283657, 2.243489670410031334, 0.1923030298811031213 ) ) ;
#6126 = EDGE_LOOP ( 'NONE', ( #4221, #5441, #5733, #4845 ) ) ;
#6127 = B_SPLINE_CURVE_WITH_KNOTS ( 'NONE', 3,
 ( #5616, #4124, #1181, #3161, #5129, #4228, #4809, #373, #3807, #2356, #4325, #4293, #3265, #6296, #3843, #2384, #3361, #5259 ),
 .UNSPECIFIED., .F., .F.,
 ( 4, 2, 2, 2, 2, 2, 2, 2, 4 ),
 ( 0.003149076254207636930, 0.003542607660015439138, 0.003936139065823240912, 0.004329670471631043120, 0.004723201877438845328, 0.005116733283246646669, 0.005510264689054448876, 0.005903796094862251084, 0.006297327500670052425 ),
 .UNSPECIFIED. ) ;
#6128 = EDGE_LOOP ( 'NONE', ( #1304, #4832, #3257, #25 ) ) ;
#6129 = CARTESIAN_POINT ( 'NONE',  ( -4.353473090708779303, 1.598958482342922593, 8.479529445233497498 ) ) ;
#6130 = CARTESIAN_POINT ( 'NONE',  ( 3.673940397442060361E-16, -12.50000000000000000, 3.000000000000000444 ) ) ;
#6131 = CARTESIAN_POINT ( 'NONE',  ( 7.991076728758041092, 3.435563840456088425, -5.272696083264480471 ) ) ;
#6132 = CARTESIAN_POINT ( 'NONE',  ( 5.895092764869555246, 4.959615687176596843, 7.623140160221500317 ) ) ;
#6133 = CARTESIAN_POINT ( 'NONE',  ( 9.257007116289019066, 5.322893826902515002, -2.157453697312454732 ) ) ;
#6134 = CARTESIAN_POINT ( 'NONE',  ( 5.510910596163088569E-16, 0.000000000000000000, -4.500000000000000000 ) ) ;
#6135 = CARTESIAN_POINT ( 'NONE',  ( 0.006371048981884005341, 0.7489616936651698476, 0.0002904936475798449032 ) ) ;
#6136 = CARTESIAN_POINT ( 'NONE',  ( 9.447221813845589011, -10.22542876399050371, 1.000000000000033307 ) ) ;
#6137 = CARTESIAN_POINT ( 'NONE',  ( 1.163414459189985485E-15, 11.50000000000000000, 9.500000000000000000 ) ) ;
#6138 = CARTESIAN_POINT ( 'NONE',  ( 9.020341882589795190, -4.641935681210513032, -3.183746507918272961 ) ) ;
#6139 = CARTESIAN_POINT ( 'NONE',  ( 5.670444103254354218, -4.899622262927914917, 2.882478073867920099 ) ) ;
#6140 = CARTESIAN_POINT ( 'NONE',  ( -0.2037332477075617099, -1.270627700814346062, 3.170645072779498808 ) ) ;
#6141 = CARTESIAN_POINT ( 'NONE',  ( 6.871436886327774829, 5.496091895584790166, -6.701987074196001259 ) ) ;
#6142 = CARTESIAN_POINT ( 'NONE',  ( -0.0004061743808424141144, -3.696390449087595620, 0.0006369875030799883580 ) ) ;
#6143 = CARTESIAN_POINT ( 'NONE',  ( -9.296862819190831573, -2.677749756668457604, 2.150081127957391036 ) ) ;
#6144 = B_SPLINE_CURVE_WITH_KNOTS ( 'NONE', 3,
 ( #1786, #1818, #294, #5769, #4341, #851, #6187, #3856, #786, #881 ),
 .UNSPECIFIED., .F., .F.,
 ( 4, 2, 2, 2, 4 ),
 ( 0.001564674289808742815, 0.001955661152046100134, 0.002346648014283457453, 0.002737634876520814772, 0.003128621738758172090 ),
 .UNSPECIFIED. ) ;
#6145 = CARTESIAN_POINT ( 'NONE',  ( 1.667667623051662273, -2.306007726170411942, -9.396251999272184463 ) ) ;
#6146 = CARTESIAN_POINT ( 'NONE',  ( 6.016782851314850689, -0.8545076743067442360, 2.043417114715222027 ) ) ;
#6147 = CARTESIAN_POINT ( 'NONE',  ( -2.937018300192648201, -1.348952642764344789, 9.134724600616053181 ) ) ;
#6148 = CARTESIAN_POINT ( 'NONE',  ( -1.946821820743011688, -3.040655616275869999, -2.514751442279437033 ) ) ;
#6149 = CARTESIAN_POINT ( 'NONE',  ( -1.000000000000000000, 10.22394595825906372, -4.387482193696061294 ) ) ;
#6150 = CARTESIAN_POINT ( 'NONE',  ( -1.848836141900619179, -0.4592612109667838505, 2.394650300677045429 ) ) ;
#6151 = DIRECTION ( 'NONE',  ( 1.224646799147353454E-16, 0.000000000000000000, -1.000000000000000000 ) ) ;
#6152 = EDGE_CURVE ( 'NONE', #4927, #4182, #3729, .T. ) ;
#6153 = CARTESIAN_POINT ( 'NONE',  ( 6.275825326559478334, 0.9790735324641856030, 7.158958632898775321 ) ) ;
#6154 = CARTESIAN_POINT ( 'NONE',  ( 4.311969073805932418, 0.1561413923082793365, 1.306000488456998898 ) ) ;
#6155 = CARTESIAN_POINT ( 'NONE',  ( -2.786400833765451779, 2.894184318838103565, -5.711285337557955089 ) ) ;
#6156 = CARTESIAN_POINT ( 'NONE',  ( -0.3094626276448865787, 0.7396300730248362987, 9.499999999999998224 ) ) ;
#6157 = CARTESIAN_POINT ( 'NONE',  ( -0.007171608950675175190, 3.672070031799434364, -0.002792313623523500453 ) ) ;
#6158 = CARTESIAN_POINT ( 'NONE',  ( 8.187524290431499097, -1.921227687374854831, 4.882535612771797595 ) ) ;
#6159 = VERTEX_POINT ( 'NONE', #160 ) ;
#6160 = CARTESIAN_POINT ( 'NONE',  ( -4.825715679203466557, 4.479950488098487504, 4.239621400418275954 ) ) ;
#6161 = CARTESIAN_POINT ( 'NONE',  ( 0.0001134989579926804534, -3.799039670610892205, 0.001710541468204122709 ) ) ;
#6162 = EDGE_LOOP ( 'NONE', ( #1761, #4719, #491, #2629 ) ) ;
#6163 = CARTESIAN_POINT ( 'NONE',  ( 3.864659474118316229, 4.617190268713470047, -8.725483088079878158 ) ) ;
#6164 = CARTESIAN_POINT ( 'NONE',  ( 0.6156333516399624672, -9.294562115451475037, -2.937667050136530289 ) ) ;
#6165 = CARTESIAN_POINT ( 'NONE',  ( -9.222404753623033358, 2.336589627707581940, 2.575615109486526499 ) ) ;
#6166 = CARTESIAN_POINT ( 'NONE',  ( -9.594999966302111716, 6.208463449696556502, -1.252004157259960504 ) ) ;
#6167 = CARTESIAN_POINT ( 'NONE',  ( -1.163152236402969386, 2.666679133113689204, 4.357041029555566602 ) ) ;
#6168 = CARTESIAN_POINT ( 'NONE',  ( 1.237361678368081197, -3.208539184332305894, 9.439614770727063231 ) ) ;
#6169 = B_SPLINE_CURVE_WITH_KNOTS ( 'NONE', 3,
 ( #2320, #2737, #5682, #2188, #2665, #5718, #1798, #1696, #6260, #5781, #3191, #1278, #1339, #4638, #205, #3680, #4157, #1210, #2257, #2702, #3230, #4675 ),
 .UNSPECIFIED., .F., .F.,
 ( 4, 2, 2, 2, 2, 2, 2, 2, 2, 2, 4 ),
 ( 0.000000000000000000, 0.01000097556973339810, 0.01656335362351672030, 0.02312573167730004597, 0.03625048778486669732, 0.04281286583865002299, 0.04937524389243334866, 0.05593762194621667433, 0.06250000000000000000, 0.07687499087489790828, 0.08000046528855095374 ),
 .UNSPECIFIED. ) ;
#6170 = CARTESIAN_POINT ( 'NONE',  ( -0.2955027187577755066, 2.770775854004873029, -4.500000000001805667 ) ) ;
#6171 = FACE_OUTER_BOUND ( 'NONE', #1625, .T. ) ;
#6172 = CARTESIAN_POINT ( 'NONE',  ( -0.2768692699546252967, -5.259121900848405140, 9.569659310758126480 ) ) ;
#6173 = CARTESIAN_POINT ( 'NONE',  ( 1.420291699015012288, -2.397680028856136403, -2.846280307721444913 ) ) ;
#6174 = CARTESIAN_POINT ( 'NONE',  ( 8.269343586450091266, -2.921230587643630194, 4.931409634668034947 ) ) ;
#6175 = CARTESIAN_POINT ( 'NONE',  ( 0.005337420952064952755, -3.372675799683466646, 0.002079547152124432575 ) ) ;
#6176 = CARTESIAN_POINT ( 'NONE',  ( -5.386715979420551470, 4.071355112886777761, -3.383514170730835158 ) ) ;
#6177 = CARTESIAN_POINT ( 'NONE',  ( -4.269608556667058963, 6.145639881977779773, -1.451634530302536419 ) ) ;
#6178 = CC_DESIGN_PERSON_AND_ORGANIZATION_ASSIGNMENT ( #3202, #3624, ( #4156 ) ) ;
#6179 = ORIENTED_EDGE ( 'NONE', *, *, #2322, .T. ) ;
#6180 = CARTESIAN_POINT ( 'NONE',  ( 8.233540822413319304, -2.581372383838658635, -4.824679638014159444 ) ) ;
#6181 = CARTESIAN_POINT ( 'NONE',  ( -2.435378891873833052, -0.1253230120816845872, -5.879535520252823666 ) ) ;
#6182 = CARTESIAN_POINT ( 'NONE',  ( 4.931621353155356324, 1.578118581108091778, -8.231235159307018989 ) ) ;
#6183 = CARTESIAN_POINT ( 'NONE',  ( -0.7217792804428458942, -0.3232661577888596982, 3.093562202024052965 ) ) ;
#6184 = CARTESIAN_POINT ( 'NONE',  ( 0.000000000000000000, 12.50000000000000000, 0.000000000000000000 ) ) ;
#6185 = CARTESIAN_POINT ( 'NONE',  ( -2.261909869104606230, -2.521367092269376720, 1.980642476007859365 ) ) ;
#6186 = PLANE ( 'NONE',  #4240 ) ;
#6187 = CARTESIAN_POINT ( 'NONE',  ( -0.5037505899574833412, 9.219450004580385993, -9.487408607528635685 ) ) ;
#6188 = LINE ( 'NONE', #1753, #5470 ) ;
#6189 = CARTESIAN_POINT ( 'NONE',  ( 3.537252502847632041, 0.5622944250585515391, -5.289163929543005516 ) ) ;
#6190 = CARTESIAN_POINT ( 'NONE',  ( -9.499999999999971578, 6.250000000000008882, 8.243275772848261267E-13 ) ) ;
#6191 = CARTESIAN_POINT ( 'NONE',  ( 0.002955018250360275708, 4.616499276875315694, 0.001282856362771518524 ) ) ;
#6192 = CARTESIAN_POINT ( 'NONE',  ( 9.443128716293998082, -1.703776182407160000, -1.378086294468355621 ) ) ;
#6193 = ORIENTED_EDGE ( 'NONE', *, *, #1000, .T. ) ;
#6194 = CARTESIAN_POINT ( 'NONE',  ( -0.004367125830921259229, -2.244739724610154141, -9.440423032092517316E-05 ) ) ;
#6195 = VERTEX_POINT ( 'NONE', #5700 ) ;
#6196 = CARTESIAN_POINT ( 'NONE',  ( 4.882469621230777435, 3.921227681531397558, 8.187401780302350218 ) ) ;
#6197 = DIRECTION ( 'NONE',  ( -0.000000000000000000, 1.000000000000000000, -0.000000000000000000 ) ) ;
#6198 = CARTESIAN_POINT ( 'NONE',  ( -9.349267778705563359, 4.317700381700418255, 2.021016405666929749 ) ) ;
#6199 = EDGE_CURVE ( 'NONE', #792, #4018, #1952, .T. ) ;
#6200 = CARTESIAN_POINT ( 'NONE',  ( -3.038496988045316982, 5.851560895689905450, -9.248298474430551863 ) ) ;
#6201 = CARTESIAN_POINT ( 'NONE',  ( 2.468407536546040060, 0.8335098416843902402, 9.195065008714134791 ) ) ;
#6202 = CARTESIAN_POINT ( 'NONE',  ( -0.5030912011733391642, -10.96718873109475645, -9.487434747959778036 ) ) ;
#6203 = DIRECTION ( 'NONE',  ( 0.000000000000000000, 0.000000000000000000, -1.000000000000000000 ) ) ;
#6204 = CARTESIAN_POINT ( 'NONE',  ( 9.447221813845589011, 9.962641052874293024, -1.000000000000050182 ) ) ;
#6205 = CARTESIAN_POINT ( 'NONE',  ( 7.531792442296730172, -4.533829307734724701, -6.059898892297619355 ) ) ;
#6206 = CARTESIAN_POINT ( 'NONE',  ( 3.147944188734025150, -2.704566170026539318, -0.4538556464846063565 ) ) ;
#6207 = CARTESIAN_POINT ( 'NONE',  ( -7.825622622653356508, -1.947915248808135713, -5.605773243288439289 ) ) ;
#6208 = CARTESIAN_POINT ( 'NONE',  ( 0.0001714072336758901279, -3.250005222285457851, -9.499937700572418819 ) ) ;
#6209 = ORIENTED_EDGE ( 'NONE', *, *, #6077, .F. ) ;
#6210 = CARTESIAN_POINT ( 'NONE',  ( -8.637725812270124592, -3.889654762528926835, -4.056064388917412167 ) ) ;
#6211 = CARTESIAN_POINT ( 'NONE',  ( 8.879015793003576462, -0.6249930530876677270, -3.674818229568580286 ) ) ;
#6212 = CARTESIAN_POINT ( 'NONE',  ( 0.8770391803219013127, -2.161677612120763037, 3.088110307618153527 ) ) ;
#6213 = CARTESIAN_POINT ( 'NONE',  ( 4.269225712975663889, 3.354266428120148635, -1.452344952551730461 ) ) ;
#6214 = CARTESIAN_POINT ( 'NONE',  ( -0.3909213592341137522, -2.291758265641790970, 2.980867001759854862 ) ) ;
#6215 = CARTESIAN_POINT ( 'NONE',  ( 0.000000000000000000, -12.50000000000000000, 0.000000000000000000 ) ) ;
#6216 = AXIS2_PLACEMENT_3D ( 'NONE', #3156, #2150, #2663 ) ;
#6217 = CARTESIAN_POINT ( 'NONE',  ( -9.843087985161272294E-13, 9.093185465542742207, -9.500000000000916600 ) ) ;
#6218 = CARTESIAN_POINT ( 'NONE',  ( 1.010031506316611649, -4.216152663407587653, 9.459108163426755311 ) ) ;
#6219 = CARTESIAN_POINT ( 'NONE',  ( -5.552213747267837007, 1.416590598617224916, 3.216491575063491037 ) ) ;
#6220 = CARTESIAN_POINT ( 'NONE',  ( -8.542446200653005306, -5.895567046058031835, -4.202774925729936939 ) ) ;
#6221 = CARTESIAN_POINT ( 'NONE',  ( 0.004286485906326706861, 5.480185810959869563, 0.005931447882064457347 ) ) ;
#6222 = CARTESIAN_POINT ( 'NONE',  ( 5.074710643238506513, -1.428382639558659628, -8.081761816592266001 ) ) ;
#6223 = B_SPLINE_CURVE_WITH_KNOTS ( 'NONE', 3,
 ( #1824, #461, #2374, #3410, #3862, #2925, #3798, #393, #1888, #5838 ),
 .UNSPECIFIED., .F., .F.,
 ( 4, 2, 2, 2, 4 ),
 ( 0.000000000000000000, 0.0005968718717806601511, 0.001193743743561320302, 0.001790615615341980453, 0.002387487487122640605 ),
 .UNSPECIFIED. ) ;
#6224 = ORIENTED_EDGE ( 'NONE', *, *, #5418, .F. ) ;
#6225 = CARTESIAN_POINT ( 'NONE',  ( 0.001373390510584689703, -2.582059211367369489, 0.002872001292768787840 ) ) ;
#6226 = VERTEX_POINT ( 'NONE', #1844 ) ;
#6227 = CARTESIAN_POINT ( 'NONE',  ( -8.846135516247343844, 5.371738075141105462, 3.556380912361949864 ) ) ;
#6228 = CARTESIAN_POINT ( 'NONE',  ( 2.255030641119346591, 3.916405710774554016, 3.905208184095855017 ) ) ;
#6229 = CARTESIAN_POINT ( 'NONE',  ( -9.134691992807107752, 2.153000766259590026, -2.870374029768984592 ) ) ;
#6230 = DIRECTION ( 'NONE',  ( 0.000000000000000000, 0.000000000000000000, 1.000000000000000000 ) ) ;
#6231 = CARTESIAN_POINT ( 'NONE',  ( -3.577647150007522203, 2.458215930756527001, 2.745249084276512708 ) ) ;
#6232 = CARTESIAN_POINT ( 'NONE',  ( 2.153140571612190524, -3.177255264094730691, 9.258014550354902283 ) ) ;
#6233 = EDGE_CURVE ( 'NONE', #723, #2409, #5742, .T. ) ;
#6234 = CARTESIAN_POINT ( 'NONE',  ( 2.014295203814442381, -3.317700339082044536, -9.318127605830991200 ) ) ;
#6235 = CARTESIAN_POINT ( 'NONE',  ( -4.354416241054860137, 7.165981795979476487, -1.173252682618906251 ) ) ;
#6236 = CARTESIAN_POINT ( 'NONE',  ( -7.065911054104102362, 6.015605791334598607, -6.402252013808581665 ) ) ;
#6237 = CARTESIAN_POINT ( 'NONE',  ( -2.097888335830260687, 0.5201335101406342476, 2.386070250755677691 ) ) ;
#6238 = CARTESIAN_POINT ( 'NONE',  ( -9.622339723926415900, -3.768548035989772949, -0.5585606267451264095 ) ) ;
#6239 = CARTESIAN_POINT ( 'NONE',  ( 0.7754199628372088204, -1.167171053153772453, 2.904696839092530958 ) ) ;
#6240 = VERTEX_POINT ( 'NONE', #4305 ) ;
#6241 = CARTESIAN_POINT ( 'NONE',  ( -4.353352764572683498, -1.401038110852676599, 8.479508148313284366 ) ) ;
#6242 = CARTESIAN_POINT ( 'NONE',  ( 8.802927151473248557, -0.8802137715570724774, 3.818234350591610760 ) ) ;
#6243 = CARTESIAN_POINT ( 'NONE',  ( 2.177806314302543012, -1.490340796960359260, -2.319004964402373137 ) ) ;
#6244 = CARTESIAN_POINT ( 'NONE',  ( 9.447221813845589011, 10.22542876399050371, 1.000000000000033307 ) ) ;
#6245 = CARTESIAN_POINT ( 'NONE',  ( -0.1970743207308921219, -0.2711836180454764711, 2.999999999999735323 ) ) ;
#6246 = CARTESIAN_POINT ( 'NONE',  ( -9.017409690387214738, -1.853923388791045790, -3.054344543801408740 ) ) ;
#6247 = CARTESIAN_POINT ( 'NONE',  ( 0.000000000000000000, 12.50000000000000000, 0.000000000000000000 ) ) ;
#6248 = CARTESIAN_POINT ( 'NONE',  ( 2.999979892105557155, -9.093245789240386401, 0.1320104192865381720 ) ) ;
#6249 = CARTESIAN_POINT ( 'NONE',  ( 6.128985747835802300, 2.336481615149527347, -1.708575697758921486 ) ) ;
#6250 = CARTESIAN_POINT ( 'NONE',  ( -8.892628969578293407, -5.635112376000988910, 3.356823450874059755 ) ) ;
#6251 = CARTESIAN_POINT ( 'NONE',  ( -0.001446252797241411427, 5.989019413738430941, 0.001293905657764324920 ) ) ;
#6252 = CARTESIAN_POINT ( 'NONE',  ( 4.898934021710214637, 2.578120329245900955, -8.176766423631915970 ) ) ;
#6253 = EDGE_CURVE ( 'NONE', #6350, #4102, #3882, .T. ) ;
#6254 = ORIENTED_EDGE ( 'NONE', *, *, #325, .T. ) ;
#6255 = CARTESIAN_POINT ( 'NONE',  ( -0.002163326124564635220, -3.587732599319547244, -0.004163574087166348539 ) ) ;
#6256 = ORIENTED_EDGE ( 'NONE', *, *, #4334, .F. ) ;
#6257 = CARTESIAN_POINT ( 'NONE',  ( 9.265211576530523629, 4.161433668767570815, 2.631198782385044233 ) ) ;
#6258 = CARTESIAN_POINT ( 'NONE',  ( 3.905260091266944400, 4.416408465930119043, -2.255116439376523729 ) ) ;
#6259 = CARTESIAN_POINT ( 'NONE',  ( 9.000115210628599982, 5.139319261016487062, 3.264913588872535577 ) ) ;
#6260 = CARTESIAN_POINT ( 'NONE',  ( -9.156597891256867072, -4.851565137482995560, -3.008442225691783989 ) ) ;
#6261 = CARTESIAN_POINT ( 'NONE',  ( 9.500010487801191061, -9.093085831411887199, 0.1313930420351519524 ) ) ;
#6262 = CARTESIAN_POINT ( 'NONE',  ( 5.622817718924375541, -4.049491630171885070, 7.708588718450848809 ) ) ;
#6263 = CARTESIAN_POINT ( 'NONE',  ( -1.450360598022567116, 3.854050755083817670, -4.270005195416024080 ) ) ;
#6264 = CARTESIAN_POINT ( 'NONE',  ( 5.836756783694580619, 4.959616045038141685, 7.547636754295064421 ) ) ;
#6265 = CARTESIAN_POINT ( 'NONE',  ( 2.620339447698587065, 1.057782922991201691, 1.803372987827715823 ) ) ;
#6266 = CARTESIAN_POINT ( 'NONE',  ( -6.132420317418276312, -2.030610001775559947, -7.436959218707899666 ) ) ;
#6267 = CARTESIAN_POINT ( 'NONE',  ( 4.414776994371259811, 10.59777544332703592, 0.8731328743413546700 ) ) ;
#6268 = ORIENTED_EDGE ( 'NONE', *, *, #2590, .T. ) ;
#6269 = CARTESIAN_POINT ( 'NONE',  ( -2.917630214236197617, -1.348961808038863674, 9.074203895635603700 ) ) ;
#6270 = CARTESIAN_POINT ( 'NONE',  ( 0.004536107030925594710, 3.403741735427209036, 0.01095414868260667987 ) ) ;
#6271 = CARTESIAN_POINT ( 'NONE',  ( 8.259672785266147343, 1.419910899498471490, -4.883526298585231018 ) ) ;
#6272 = CARTESIAN_POINT ( 'NONE',  ( 1.629049056662515316, 2.578295161192523111, -2.727407132259471734 ) ) ;
#6273 = CARTESIAN_POINT ( 'NONE',  ( 9.447221813845608551, 10.22376063668964186, -0.9999999999998846478 ) ) ;
#6274 = EDGE_CURVE ( 'NONE', #4688, #3741, #5503, .T. ) ;
#6275 = ORIENTED_EDGE ( 'NONE', *, *, #5360, .F. ) ;
#6276 = CARTESIAN_POINT ( 'NONE',  ( -3.000136903798213517, -2.729618292197183216, 0.1942492073234121652 ) ) ;
#6277 = CARTESIAN_POINT ( 'NONE',  ( -1.237572536796577305, 4.708534300564331865, 9.439935073359421835 ) ) ;
#6278 = B_SPLINE_CURVE_WITH_KNOTS ( 'NONE', 3,
 ( #4117, #3291, #660, #2700, #4154, #6164, #2632, #5642, #4707, #171 ),
 .UNSPECIFIED., .F., .F.,
 ( 4, 2, 2, 2, 4 ),
 ( 0.004723216339167566127, 0.005116790407651791196, 0.005510364476136016265, 0.005903938544620241334, 0.006297512613104465536 ),
 .UNSPECIFIED. ) ;
#6279 = CARTESIAN_POINT ( 'NONE',  ( -9.500134715215054371, 7.208474370929820907, -1.239332968924908407 ) ) ;
#6280 = CARTESIAN_POINT ( 'NONE',  ( -8.328776898199201639, -0.5833340913276399142, 4.824498146540832089 ) ) ;
#6281 = CARTESIAN_POINT ( 'NONE',  ( 3.764674751035818279, 0.06291947543357630235, 2.504039376453323751 ) ) ;
#6282 = CARTESIAN_POINT ( 'NONE',  ( -3.355704667052718193, 1.572842087985338200, 5.395370937508224607 ) ) ;
#6283 = CARTESIAN_POINT ( 'NONE',  ( 3.333921680392925740E-15, -5.250000018231926191, 9.499999999999998224 ) ) ;
#6284 = CARTESIAN_POINT ( 'NONE',  ( 0.003158855389379605725, 5.959651832917765901, -0.002699676012170736886 ) ) ;
#6285 = CARTESIAN_POINT ( 'NONE',  ( -4.242822153391057505, 0.3590740186790266630, 1.515503900506424806 ) ) ;
#6286 = EDGE_LOOP ( 'NONE', ( #4861, #1440 ) ) ;
#6287 = CARTESIAN_POINT ( 'NONE',  ( 0.002147419695241143105, -3.677521087843470315, 0.005771272881577559251 ) ) ;
#6288 = CARTESIAN_POINT ( 'NONE',  ( 6.295598409681065988, -2.704171172805924339, -0.9159775876992098942 ) ) ;
#6289 = VERTEX_POINT ( 'NONE', #512 ) ;
#6290 = CARTESIAN_POINT ( 'NONE',  ( 1.787885654160745519, 5.809914027967142403, 9.372088819639570190 ) ) ;
#6291 = CARTESIAN_POINT ( 'NONE',  ( 9.196279747573560925, -4.833301580382180163, 2.462318324756885612 ) ) ;
#6292 = CARTESIAN_POINT ( 'NONE',  ( -9.217889413692560652, -5.660158339695906982, 2.675358941398208401 ) ) ;
#6293 = CARTESIAN_POINT ( 'NONE',  ( 0.000000000000000000, -5.250000000000000888, 0.000000000000000000 ) ) ;
#6294 = CARTESIAN_POINT ( 'NONE',  ( -5.534813758146986729, 2.947269515759840530, -7.760121143148331235 ) ) ;
#6295 = CARTESIAN_POINT ( 'NONE',  ( 9.480564642801427411, -9.293470188050896752, 0.6143702867208209462 ) ) ;
#6296 = CARTESIAN_POINT ( 'NONE',  ( 2.893229462231400095, -10.70855866590792971, 0.7988212984147856632 ) ) ;
#6297 = CARTESIAN_POINT ( 'NONE',  ( -4.500247838016529833, 4.270266816388157416, 0.2901629917836282546 ) ) ;
#6298 = CARTESIAN_POINT ( 'NONE',  ( -9.652203388780987936, -1.739593279358048861, 0.3292766902484227098 ) ) ;
#6299 = CARTESIAN_POINT ( 'NONE',  ( 2.252234732467742528, -0.5006453979496914286, -2.247950429930945848 ) ) ;
#6300 = CARTESIAN_POINT ( 'NONE',  ( 4.025111698848175656, -1.114565252497223380, 8.849633505229592245 ) ) ;
#6301 = FACE_OUTER_BOUND ( 'NONE', #6128, .T. ) ;
#6302 = VERTEX_POINT ( 'NONE', #1545 ) ;
#6303 = CARTESIAN_POINT ( 'NONE',  ( -1.877986073500271802, 0.6868564637410212725, 9.357332583816416971 ) ) ;
#6304 = CARTESIAN_POINT ( 'NONE',  ( 0.0006542600101544190135, 4.695645222399211782, -0.0003572834575882647659 ) ) ;
#6305 = CARTESIAN_POINT ( 'NONE',  ( 0.1589615710346279909, -1.244777654972927694, 9.594006067610287403 ) ) ;
#6306 = CARTESIAN_POINT ( 'NONE',  ( -1.764948401684189427, 0.9370664088969326011, -2.646604862578954886 ) ) ;
#6307 = CARTESIAN_POINT ( 'NONE',  ( 2.386933270212805880, -1.958278408170620599, 1.827805015571346337 ) ) ;
#6308 = VECTOR ( 'NONE', #5312, 1000.000000000000000 ) ;
#6309 = CARTESIAN_POINT ( 'NONE',  ( 5.304784978298443754, 0.5625216555266058238, -7.934913151665900166 ) ) ;
#6310 = EDGE_CURVE ( 'NONE', #3226, #3739, #3279, .T. ) ;
#6311 = VECTOR ( 'NONE', #5726, 1000.000000000000000 ) ;
#6312 = CARTESIAN_POINT ( 'NONE',  ( 3.504489062939816879, 5.869793800439123466, 8.875128958687762193 ) ) ;
#6313 = CARTESIAN_POINT ( 'NONE',  ( -1.831757551641724602, -5.041682932851538901, -2.383913788756899965 ) ) ;
#6314 = CARTESIAN_POINT ( 'NONE',  ( -0.001046032430868051215, -5.578771544206816202, -0.002412678010281137184 ) ) ;
#6315 = CARTESIAN_POINT ( 'NONE',  ( -3.215486800765516850, 3.581352919074777930, 5.489482748027972647 ) ) ;
#6316 = CARTESIAN_POINT ( 'NONE',  ( -7.735037819722538899, -5.947411756969332330, -5.524096838907375684 ) ) ;
#6317 = CARTESIAN_POINT ( 'NONE',  ( 9.292679483455877687, 4.321615160840326375, -2.124843673742997208 ) ) ;
#6318 = DIRECTION ( 'NONE',  ( -0.000000000000000000, 1.000000000000000000, -0.000000000000000000 ) ) ;
#6319 = MANIFOLD_SOLID_BREP ( 'Fillet1', #410 ) ;
#6320 = ORIENTED_EDGE ( 'NONE', *, *, #942, .T. ) ;
#6321 = CARTESIAN_POINT ( 'NONE',  ( 0.006172104011164656311, -0.2197309810450462919, -0.0006056914595527138068 ) ) ;
#6322 = LINE ( 'NONE', #3983, #4122 ) ;
#6323 = CARTESIAN_POINT ( 'NONE',  ( -4.268918414370297398, -5.015516944279366562, -4.710048917897081466 ) ) ;
#6324 = CARTESIAN_POINT ( 'NONE',  ( 1.993440793443453263, 4.604022501073091078, -4.045188468241255997 ) ) ;
#6325 = CARTESIAN_POINT ( 'NONE',  ( -6.509143247420975165, 5.988266218957534193, -7.010638881248172360 ) ) ;
#6326 = CARTESIAN_POINT ( 'NONE',  ( 0.001444194632674364711, -4.852734350159984444, -0.005618589862620781451 ) ) ;
#6327 = CARTESIAN_POINT ( 'NONE',  ( -7.779150587583494314E-15, 3.750000000377063269, -9.500000000000000000 ) ) ;
#6328 = CARTESIAN_POINT ( 'NONE',  ( -2.981196610889830012, -1.709051265300226774, 0.3881239221581121446 ) ) ;
#6329 = CARTESIAN_POINT ( 'NONE',  ( -0.1531974443966029609, -1.244796431539185289, -9.542787330944555890 ) ) ;
#6330 = CARTESIAN_POINT ( 'NONE',  ( 9.459923330476112113, 9.569827334430016208, 0.8911104104888630806 ) ) ;
#6331 = CARTESIAN_POINT ( 'NONE',  ( -7.171242498148208355, -3.980458474300655247, -6.344525554686407887 ) ) ;
#6332 = CARTESIAN_POINT ( 'NONE',  ( -2.930605366984924132, 2.122586272625946791, -1.238242650745105866 ) ) ;
#6333 = CARTESIAN_POINT ( 'NONE',  ( -0.6317377310080813935, -1.270849825932631738, 9.606013039857186797 ) ) ;
#6334 = CARTESIAN_POINT ( 'NONE',  ( 4.393702144458287329, 10.35587215756822133, -0.9736448324878321792 ) ) ;
#6335 = VERTEX_POINT ( 'NONE', #5461 ) ;
#6336 = CARTESIAN_POINT ( 'NONE',  ( 5.974100622057710197, 0.9651743920135958943, 7.443699658692425558 ) ) ;
#6337 = CARTESIAN_POINT ( 'NONE',  ( 0.002979431137876015559, 3.616499279422841440, 0.001214091056872149610 ) ) ;
#6338 = CARTESIAN_POINT ( 'NONE',  ( -9.272622229744838407, 4.155599636533888308, -2.849958643270753988 ) ) ;
#6339 = CARTESIAN_POINT ( 'NONE',  ( 3.180976775794605249, 2.242979275453811372, 0.06675292211271668941 ) ) ;
#6340 = CARTESIAN_POINT ( 'NONE',  ( 9.450069041319268948, 10.35481425649364162, -0.9740312324771077668 ) ) ;
#6341 = CARTESIAN_POINT ( 'NONE',  ( -0.8733420165146489333, -9.588987572133961024, -2.870545861083265926 ) ) ;
#6342 = CARTESIAN_POINT ( 'NONE',  ( -3.000283739609179712, -5.729673035100362632, 0.1930875116881350106 ) ) ;
#6343 = CARTESIAN_POINT ( 'NONE',  ( -2.999966270319029515, -4.771165158012229845, -0.1972020170149823282 ) ) ;
#6344 = LINE ( 'NONE', #2496, #3516 ) ;
#6345 = CARTESIAN_POINT ( 'NONE',  ( 1.823622951052825236, 3.841027696296539951, 6.157697871975163828 ) ) ;
#6346 = CARTESIAN_POINT ( 'NONE',  ( -8.241642855549912383, -5.583152358457066811, 4.765490007741107092 ) ) ;
#6347 = CARTESIAN_POINT ( 'NONE',  ( -0.0008005559074959143475, 6.348846350905832381, -0.002674410241029781098 ) ) ;
#6348 = CARTESIAN_POINT ( 'NONE',  ( 0.6262242330638471133, -1.229014825791741039, 9.484459106886095725 ) ) ;
#6349 = EDGE_CURVE ( 'NONE', #5318, #253, #645, .T. ) ;
#6350 = VERTEX_POINT ( 'NONE', #1577 ) ;
#6351 = DIRECTION ( 'NONE',  ( -0.000000000000000000, -1.000000000000000000, -0.000000000000000000 ) ) ;
#6352 = CARTESIAN_POINT ( 'NONE',  ( 0.2363745109799403610, 6.742173702149321102, -9.532042396879676360 ) ) ;
#6353 = CARTESIAN_POINT ( 'NONE',  ( 0.6199646703414478655, -5.229225762570814950, 9.484896134713764582 ) ) ;
#6354 = CARTESIAN_POINT ( 'NONE',  ( 9.563333698058237076, -4.779962254006472122, 0.8999898280620317603 ) ) ;
#6355 = CARTESIAN_POINT ( 'NONE',  ( 0.005968838447752171893, -1.123422824428862654, -0.002698537951911611152 ) ) ;
#6356 = CARTESIAN_POINT ( 'NONE',  ( -9.542697180671503077, 3.244796427953724915, -0.1532084340208634543 ) ) ;
#6357 = CARTESIAN_POINT ( 'NONE',  ( 9.466731344688991356, -9.478804880987368620, -0.7997063081948539986 ) ) ;
#6358 = CARTESIAN_POINT ( 'NONE',  ( -3.726566327945463275, -1.122403638202082110, -8.786112056361414346 ) ) ;
#6359 = CARTESIAN_POINT ( 'NONE',  ( 3.388981222045901021, 1.479118475634956242, -2.975038030827977575 ) ) ;
#6360 = CARTESIAN_POINT ( 'NONE',  ( -6.091998344276565724, -2.030604633654864877, -7.387814341177484145 ) ) ;
#6361 = CARTESIAN_POINT ( 'NONE',  ( -2.795519245333289771, -0.1562567580124337718, -9.226289625591434174 ) ) ;
#6362 = CARTESIAN_POINT ( 'NONE',  ( 0.000000000000000000, 0.000000000000000000, 0.000000000000000000 ) ) ;
#6363 = CARTESIAN_POINT ( 'NONE',  ( 7.294970537421293422, 1.472644496713563678, -6.135500751441964162 ) ) ;
#6364 = CARTESIAN_POINT ( 'NONE',  ( 2.737383123093144910, 5.079713036418730177, 1.618173451100869631 ) ) ;
#6365 = CARTESIAN_POINT ( 'NONE',  ( 1.132629225497112424, 2.787765181672035908, 9.631071387185892618 ) ) ;
#6366 = CARTESIAN_POINT ( 'NONE',  ( -2.417425586992386854, 1.025125183679023610, -2.060712278309954293 ) ) ;
#6367 = CARTESIAN_POINT ( 'NONE',  ( -6.134475498557924659E-13, 9.093185465545886359, -4.500000000001235456 ) ) ;
#6368 = B_SPLINE_CURVE_WITH_KNOTS ( 'NONE', 3,
 ( #168, #3511, #5024, #1106, #4602, #4537, #3056, #3606, #2508, #106, #2147, #4508, #590, #2566, #1529, #2113, #4082, #3087, #6056, #1623, #1592, #2018, #4114, #5571, #2538, #5477, #532, #1050, #77, #5054, #2082, #1561, #2049, #1139, #3120, #4051, #622, #4017, #3027, #4996, #5999, #4571, #1656, #3543, #2598, #6026, #561 ),
 .UNSPECIFIED., .F., .F.,
 ( 4, 2, 2, 2, 2, 2, 2, 2, 2, 2, 2, 2, 2, 2, 2, 1, 2, 2, 2, 2, 2, 2, 2, 4 ),
 ( 0.2713127922148715898, 0.2731970441446663900, 0.2741391701095637901, 0.2750812960744611901, 0.2769655480042559903, 0.2779076739691533349, 0.2788497999340507350, 0.2807340518638455351, 0.2826183037936403353, 0.2835604297585377354, 0.2845025557234351354, 0.2863868076532298801, 0.2882710595830246803, 0.2901553115128194804, 0.2910974374777168805, 0.2920395634426142806, 0.2929816894075116807, 0.2939238153724090807, 0.2958080673022038809, 0.2967501932671012255, 0.2976923192319986256, 0.2995765711617934257, 0.3005186971266908258, 0.3014608230915882259 ),
 .UNSPECIFIED. ) ;
#6369 = LINE ( 'NONE', #944, #108 ) ;
#6370 = EDGE_CURVE ( 'NONE', #2250, #2329, #3426, .T. ) ;
#6371 = CARTESIAN_POINT ( 'NONE',  ( -2.695249423096158559, -5.896391580071306038, -1.331951032911353305 ) ) ;
#6372 = CARTESIAN_POINT ( 'NONE',  ( 6.735557395310442023E-16, 12.50000000000000000, -5.500000000000000000 ) ) ;
#6373 = CARTESIAN_POINT ( 'NONE',  ( 0.0001925104690326730097, -5.688021390033246583, -0.002077278787550875319 ) ) ;
#6374 = CARTESIAN_POINT ( 'NONE',  ( 3.703924154069292651, 3.947953793607263950, 5.163898525802490980 ) ) ;
#6375 = CARTESIAN_POINT ( 'NONE',  ( -2.458570159223342433, -4.166724443092221009, -9.181619002109469463 ) ) ;
#6376 = CARTESIAN_POINT ( 'NONE',  ( 7.841562350668169687E-05, 7.249254770505086043, 2.496988587560432932E-05 ) ) ;
#6377 = CARTESIAN_POINT ( 'NONE',  ( 4.111182441027933621, 3.526011165318426954, -4.854697531625344453 ) ) ;
#6378 = CARTESIAN_POINT ( 'NONE',  ( -3.718813451625280209E-14, -1.249999990533657623, 9.500000000000001776 ) ) ;
#6379 = VERTEX_POINT ( 'NONE', #91 ) ;
#6380 = CARTESIAN_POINT ( 'NONE',  ( 1.595133217338964737, -4.169301884152908144, 6.157422879282380634 ) ) ;
#6381 = CARTESIAN_POINT ( 'NONE',  ( 5.532877876111862214, -4.447772135732471099, -7.728783418739095801 ) ) ;
#6382 = CARTESIAN_POINT ( 'NONE',  ( -8.231241221271361042, -5.578116927790565782, 4.936041462772509547 ) ) ;
#6383 = CARTESIAN_POINT ( 'NONE',  ( 0.002396324249979299870, -2.981143205815911301, -0.002057501395738239695 ) ) ;
#6384 = CARTESIAN_POINT ( 'NONE',  ( -9.191816301975610060, 3.336591785137013932, 2.567114456908870856 ) ) ;
#6385 = CARTESIAN_POINT ( 'NONE',  ( -5.192461044467577835E-12, -4.250261309702172419, 3.000000000000000000 ) ) ;
#6386 = ADVANCED_FACE ( 'NONE', ( #4430 ), #3944, .F. ) ;
#6387 = CARTESIAN_POINT ( 'NONE',  ( 2.631198189734679893, -2.161433668164086441, 9.265213190464585580 ) ) ;
#6388 = CARTESIAN_POINT ( 'NONE',  ( -1.452210270686693283, 4.645421013424856582, 4.269397930473670222 ) ) ;
#6389 = CARTESIAN_POINT ( 'NONE',  ( -2.909060082490075860, -3.348296899374130664, 9.112029186125976565 ) ) ;
#6390 = CARTESIAN_POINT ( 'NONE',  ( -2.105550056757581334, 2.519434917472930913, 2.384757655733752202 ) ) ;
#6391 = CARTESIAN_POINT ( 'NONE',  ( -8.633069104056954046, 0.1041519088224887452, -4.259666112001625038 ) ) ;
#6392 = CARTESIAN_POINT ( 'NONE',  ( 0.000000000000000000, -11.50000000000000000, -9.500000000000000000 ) ) ;
#6393 = CARTESIAN_POINT ( 'NONE',  ( 2.580039491101229654, 3.523657060577889411E-16, 2.577016375140486204 ) ) ;
#6394 = CARTESIAN_POINT ( 'NONE',  ( 7.295036997535534695, 1.027012125579696900, 6.155172092754713553 ) ) ;
#6395 = CARTESIAN_POINT ( 'NONE',  ( -1.870916354328432396, 3.950026271659041299, -2.571905689505957326 ) ) ;
#6396 = CARTESIAN_POINT ( 'NONE',  ( 2.122756297452491392, -4.480564965131364374, -2.410708660674977910 ) ) ;
#6397 = CARTESIAN_POINT ( 'NONE',  ( -4.083151088680374130, 3.889662367020868317, -8.695287279775337552 ) ) ;
#6398 = CARTESIAN_POINT ( 'NONE',  ( -1.389963530844884554, 2.893823924804060699, -2.857198341458293100 ) ) ;
#6399 = CARTESIAN_POINT ( 'NONE',  ( -0.5046782741116284665, 9.219945097841625525, -4.473267384192707752 ) ) ;
#6400 = CARTESIAN_POINT ( 'NONE',  ( -1.000000000002353895, -10.09318546554881912, -2.828427124745545029 ) ) ;
#6401 = CARTESIAN_POINT ( 'NONE',  ( -1.330015709884271979, -5.396138642315148282, 2.696319865268994587 ) ) ;
ENDSEC;
END-ISO-10303-21;
