ISO-10303-21;
HEADER;
/* Generated by software containing ST-Developer
 * from STEP Tools, Inc. (www.steptools.com) 
 */
/* OPTION: strings as raw bytes, not using required /X/ escapes */

FILE_DESCRIPTION(
/* description */ ('Unknown'),
/* implementation_level */ '2;1');

FILE_NAME(
/* name */ 'CBR3030',
/* time_stamp */ '2018-06-27T15:02:25+01:00',
/* author */ ('Unknown'),
/* organization */ ('Unknown'),
/* preprocessor_version */ 'ST-DEVELOPER v16.7',
/* originating_system */ 'DEX',
/* authorisation */ $);

FILE_SCHEMA (('AUTOMOTIVE_DESIGN {1 0 10303 214 3 1 1}'));
ENDSEC;

DATA;
#10=PROPERTY_DEFINITION_REPRESENTATION(#14,#12);
#11=PROPERTY_DEFINITION_REPRESENTATION(#15,#13);
#12=REPRESENTATION('',(#16),#2824);
#13=REPRESENTATION('',(#17),#2824);
#14=PROPERTY_DEFINITION('pmi validation property','',#2829);
#15=PROPERTY_DEFINITION('pmi validation property','',#2829);
#16=VALUE_REPRESENTATION_ITEM('number of annotations',COUNT_MEASURE(0.));
#17=VALUE_REPRESENTATION_ITEM('number of views',COUNT_MEASURE(0.));
#18=SHAPE_REPRESENTATION_RELATIONSHIP('','',#1802,#19);
#19=ADVANCED_BREP_SHAPE_REPRESENTATION('',(#1800),#2824);
#20=ORIENTED_EDGE('',*,*,#514,.F.);
#21=ORIENTED_EDGE('',*,*,#515,.F.);
#22=ORIENTED_EDGE('',*,*,#516,.F.);
#23=ORIENTED_EDGE('',*,*,#517,.F.);
#24=ORIENTED_EDGE('',*,*,#518,.F.);
#25=ORIENTED_EDGE('',*,*,#519,.F.);
#26=ORIENTED_EDGE('',*,*,#520,.F.);
#27=ORIENTED_EDGE('',*,*,#521,.F.);
#28=ORIENTED_EDGE('',*,*,#522,.T.);
#29=ORIENTED_EDGE('',*,*,#523,.T.);
#30=ORIENTED_EDGE('',*,*,#524,.T.);
#31=ORIENTED_EDGE('',*,*,#525,.T.);
#32=ORIENTED_EDGE('',*,*,#520,.T.);
#33=ORIENTED_EDGE('',*,*,#526,.F.);
#34=ORIENTED_EDGE('',*,*,#524,.F.);
#35=ORIENTED_EDGE('',*,*,#527,.T.);
#36=ORIENTED_EDGE('',*,*,#528,.F.);
#37=ORIENTED_EDGE('',*,*,#529,.F.);
#38=ORIENTED_EDGE('',*,*,#530,.F.);
#39=ORIENTED_EDGE('',*,*,#531,.F.);
#40=ORIENTED_EDGE('',*,*,#532,.T.);
#41=ORIENTED_EDGE('',*,*,#533,.T.);
#42=ORIENTED_EDGE('',*,*,#534,.T.);
#43=ORIENTED_EDGE('',*,*,#535,.T.);
#44=ORIENTED_EDGE('',*,*,#531,.T.);
#45=ORIENTED_EDGE('',*,*,#536,.F.);
#46=ORIENTED_EDGE('',*,*,#533,.F.);
#47=ORIENTED_EDGE('',*,*,#537,.T.);
#48=ORIENTED_EDGE('',*,*,#529,.T.);
#49=ORIENTED_EDGE('',*,*,#538,.F.);
#50=ORIENTED_EDGE('',*,*,#535,.F.);
#51=ORIENTED_EDGE('',*,*,#539,.T.);
#52=ORIENTED_EDGE('',*,*,#528,.T.);
#53=ORIENTED_EDGE('',*,*,#537,.F.);
#54=ORIENTED_EDGE('',*,*,#532,.F.);
#55=ORIENTED_EDGE('',*,*,#538,.T.);
#56=ORIENTED_EDGE('',*,*,#540,.F.);
#57=ORIENTED_EDGE('',*,*,#541,.T.);
#58=ORIENTED_EDGE('',*,*,#542,.F.);
#59=ORIENTED_EDGE('',*,*,#543,.F.);
#60=ORIENTED_EDGE('',*,*,#544,.T.);
#61=ORIENTED_EDGE('',*,*,#545,.T.);
#62=ORIENTED_EDGE('',*,*,#546,.T.);
#63=ORIENTED_EDGE('',*,*,#547,.F.);
#64=ORIENTED_EDGE('',*,*,#541,.F.);
#65=ORIENTED_EDGE('',*,*,#548,.F.);
#66=ORIENTED_EDGE('',*,*,#547,.T.);
#67=ORIENTED_EDGE('',*,*,#549,.T.);
#68=ORIENTED_EDGE('',*,*,#550,.T.);
#69=ORIENTED_EDGE('',*,*,#551,.F.);
#70=ORIENTED_EDGE('',*,*,#552,.F.);
#71=ORIENTED_EDGE('',*,*,#553,.T.);
#72=ORIENTED_EDGE('',*,*,#554,.F.);
#73=ORIENTED_EDGE('',*,*,#555,.F.);
#74=ORIENTED_EDGE('',*,*,#556,.T.);
#75=ORIENTED_EDGE('',*,*,#557,.T.);
#76=ORIENTED_EDGE('',*,*,#553,.F.);
#77=ORIENTED_EDGE('',*,*,#558,.F.);
#78=ORIENTED_EDGE('',*,*,#555,.T.);
#79=ORIENTED_EDGE('',*,*,#559,.T.);
#80=ORIENTED_EDGE('',*,*,#552,.T.);
#81=ORIENTED_EDGE('',*,*,#560,.F.);
#82=ORIENTED_EDGE('',*,*,#556,.F.);
#83=ORIENTED_EDGE('',*,*,#558,.T.);
#84=ORIENTED_EDGE('',*,*,#550,.F.);
#85=ORIENTED_EDGE('',*,*,#559,.F.);
#86=ORIENTED_EDGE('',*,*,#554,.T.);
#87=ORIENTED_EDGE('',*,*,#561,.T.);
#88=ORIENTED_EDGE('',*,*,#562,.F.);
#89=ORIENTED_EDGE('',*,*,#563,.F.);
#90=ORIENTED_EDGE('',*,*,#564,.F.);
#91=ORIENTED_EDGE('',*,*,#565,.F.);
#92=ORIENTED_EDGE('',*,*,#566,.F.);
#93=ORIENTED_EDGE('',*,*,#567,.F.);
#94=ORIENTED_EDGE('',*,*,#568,.F.);
#95=ORIENTED_EDGE('',*,*,#569,.F.);
#96=ORIENTED_EDGE('',*,*,#570,.F.);
#97=ORIENTED_EDGE('',*,*,#571,.F.);
#98=ORIENTED_EDGE('',*,*,#572,.T.);
#99=ORIENTED_EDGE('',*,*,#573,.F.);
#100=ORIENTED_EDGE('',*,*,#514,.T.);
#101=ORIENTED_EDGE('',*,*,#574,.F.);
#102=ORIENTED_EDGE('',*,*,#575,.F.);
#103=ORIENTED_EDGE('',*,*,#576,.F.);
#104=ORIENTED_EDGE('',*,*,#577,.F.);
#105=ORIENTED_EDGE('',*,*,#578,.F.);
#106=ORIENTED_EDGE('',*,*,#579,.F.);
#107=ORIENTED_EDGE('',*,*,#580,.T.);
#108=ORIENTED_EDGE('',*,*,#516,.T.);
#109=ORIENTED_EDGE('',*,*,#581,.T.);
#110=ORIENTED_EDGE('',*,*,#582,.F.);
#111=ORIENTED_EDGE('',*,*,#583,.F.);
#112=ORIENTED_EDGE('',*,*,#584,.F.);
#113=ORIENTED_EDGE('',*,*,#585,.F.);
#114=ORIENTED_EDGE('',*,*,#586,.F.);
#115=ORIENTED_EDGE('',*,*,#587,.F.);
#116=ORIENTED_EDGE('',*,*,#588,.F.);
#117=ORIENTED_EDGE('',*,*,#589,.F.);
#118=ORIENTED_EDGE('',*,*,#590,.F.);
#119=ORIENTED_EDGE('',*,*,#591,.T.);
#120=ORIENTED_EDGE('',*,*,#592,.F.);
#121=ORIENTED_EDGE('',*,*,#593,.F.);
#122=ORIENTED_EDGE('',*,*,#594,.F.);
#123=ORIENTED_EDGE('',*,*,#595,.T.);
#124=ORIENTED_EDGE('',*,*,#596,.F.);
#125=ORIENTED_EDGE('',*,*,#597,.F.);
#126=ORIENTED_EDGE('',*,*,#598,.F.);
#127=ORIENTED_EDGE('',*,*,#599,.F.);
#128=ORIENTED_EDGE('',*,*,#600,.F.);
#129=ORIENTED_EDGE('',*,*,#601,.F.);
#130=ORIENTED_EDGE('',*,*,#602,.T.);
#131=ORIENTED_EDGE('',*,*,#603,.F.);
#132=ORIENTED_EDGE('',*,*,#604,.F.);
#133=ORIENTED_EDGE('',*,*,#605,.F.);
#134=ORIENTED_EDGE('',*,*,#606,.T.);
#135=ORIENTED_EDGE('',*,*,#607,.F.);
#136=ORIENTED_EDGE('',*,*,#608,.F.);
#137=ORIENTED_EDGE('',*,*,#609,.F.);
#138=ORIENTED_EDGE('',*,*,#610,.F.);
#139=ORIENTED_EDGE('',*,*,#611,.F.);
#140=ORIENTED_EDGE('',*,*,#612,.F.);
#141=ORIENTED_EDGE('',*,*,#613,.T.);
#142=ORIENTED_EDGE('',*,*,#614,.T.);
#143=ORIENTED_EDGE('',*,*,#615,.T.);
#144=ORIENTED_EDGE('',*,*,#616,.T.);
#145=ORIENTED_EDGE('',*,*,#617,.F.);
#146=ORIENTED_EDGE('',*,*,#618,.F.);
#147=ORIENTED_EDGE('',*,*,#619,.F.);
#148=ORIENTED_EDGE('',*,*,#620,.F.);
#149=ORIENTED_EDGE('',*,*,#615,.F.);
#150=ORIENTED_EDGE('',*,*,#621,.F.);
#151=ORIENTED_EDGE('',*,*,#619,.T.);
#152=ORIENTED_EDGE('',*,*,#622,.T.);
#153=ORIENTED_EDGE('',*,*,#623,.T.);
#154=ORIENTED_EDGE('',*,*,#624,.T.);
#155=ORIENTED_EDGE('',*,*,#625,.T.);
#156=ORIENTED_EDGE('',*,*,#626,.T.);
#157=ORIENTED_EDGE('',*,*,#627,.F.);
#158=ORIENTED_EDGE('',*,*,#628,.F.);
#159=ORIENTED_EDGE('',*,*,#629,.F.);
#160=ORIENTED_EDGE('',*,*,#630,.F.);
#161=ORIENTED_EDGE('',*,*,#626,.F.);
#162=ORIENTED_EDGE('',*,*,#631,.F.);
#163=ORIENTED_EDGE('',*,*,#628,.T.);
#164=ORIENTED_EDGE('',*,*,#632,.T.);
#165=ORIENTED_EDGE('',*,*,#624,.F.);
#166=ORIENTED_EDGE('',*,*,#633,.F.);
#167=ORIENTED_EDGE('',*,*,#630,.T.);
#168=ORIENTED_EDGE('',*,*,#634,.T.);
#169=ORIENTED_EDGE('',*,*,#623,.F.);
#170=ORIENTED_EDGE('',*,*,#632,.F.);
#171=ORIENTED_EDGE('',*,*,#627,.T.);
#172=ORIENTED_EDGE('',*,*,#633,.T.);
#173=ORIENTED_EDGE('',*,*,#635,.T.);
#174=ORIENTED_EDGE('',*,*,#636,.T.);
#175=ORIENTED_EDGE('',*,*,#637,.T.);
#176=ORIENTED_EDGE('',*,*,#638,.F.);
#177=ORIENTED_EDGE('',*,*,#639,.F.);
#178=ORIENTED_EDGE('',*,*,#640,.T.);
#179=ORIENTED_EDGE('',*,*,#641,.F.);
#180=ORIENTED_EDGE('',*,*,#642,.F.);
#181=ORIENTED_EDGE('',*,*,#638,.T.);
#182=ORIENTED_EDGE('',*,*,#643,.F.);
#183=ORIENTED_EDGE('',*,*,#640,.F.);
#184=ORIENTED_EDGE('',*,*,#644,.T.);
#185=ORIENTED_EDGE('',*,*,#645,.F.);
#186=ORIENTED_EDGE('',*,*,#646,.F.);
#187=ORIENTED_EDGE('',*,*,#647,.T.);
#188=ORIENTED_EDGE('',*,*,#648,.T.);
#189=ORIENTED_EDGE('',*,*,#649,.T.);
#190=ORIENTED_EDGE('',*,*,#650,.F.);
#191=ORIENTED_EDGE('',*,*,#651,.F.);
#192=ORIENTED_EDGE('',*,*,#652,.T.);
#193=ORIENTED_EDGE('',*,*,#647,.F.);
#194=ORIENTED_EDGE('',*,*,#653,.F.);
#195=ORIENTED_EDGE('',*,*,#651,.T.);
#196=ORIENTED_EDGE('',*,*,#654,.T.);
#197=ORIENTED_EDGE('',*,*,#646,.T.);
#198=ORIENTED_EDGE('',*,*,#655,.F.);
#199=ORIENTED_EDGE('',*,*,#652,.F.);
#200=ORIENTED_EDGE('',*,*,#653,.T.);
#201=ORIENTED_EDGE('',*,*,#645,.T.);
#202=ORIENTED_EDGE('',*,*,#656,.F.);
#203=ORIENTED_EDGE('',*,*,#649,.F.);
#204=ORIENTED_EDGE('',*,*,#655,.T.);
#205=ORIENTED_EDGE('',*,*,#657,.T.);
#206=ORIENTED_EDGE('',*,*,#658,.T.);
#207=ORIENTED_EDGE('',*,*,#659,.T.);
#208=ORIENTED_EDGE('',*,*,#660,.T.);
#209=ORIENTED_EDGE('',*,*,#661,.T.);
#210=ORIENTED_EDGE('',*,*,#662,.T.);
#211=ORIENTED_EDGE('',*,*,#663,.T.);
#212=ORIENTED_EDGE('',*,*,#664,.T.);
#213=ORIENTED_EDGE('',*,*,#665,.T.);
#214=ORIENTED_EDGE('',*,*,#609,.T.);
#215=ORIENTED_EDGE('',*,*,#666,.T.);
#216=ORIENTED_EDGE('',*,*,#667,.T.);
#217=ORIENTED_EDGE('',*,*,#668,.T.);
#218=ORIENTED_EDGE('',*,*,#669,.T.);
#219=ORIENTED_EDGE('',*,*,#670,.T.);
#220=ORIENTED_EDGE('',*,*,#671,.T.);
#221=ORIENTED_EDGE('',*,*,#672,.F.);
#222=ORIENTED_EDGE('',*,*,#673,.T.);
#223=ORIENTED_EDGE('',*,*,#674,.T.);
#224=ORIENTED_EDGE('',*,*,#675,.T.);
#225=ORIENTED_EDGE('',*,*,#676,.T.);
#226=ORIENTED_EDGE('',*,*,#677,.F.);
#227=ORIENTED_EDGE('',*,*,#678,.F.);
#228=ORIENTED_EDGE('',*,*,#679,.T.);
#229=ORIENTED_EDGE('',*,*,#582,.T.);
#230=ORIENTED_EDGE('',*,*,#680,.T.);
#231=ORIENTED_EDGE('',*,*,#675,.F.);
#232=ORIENTED_EDGE('',*,*,#681,.F.);
#233=ORIENTED_EDGE('',*,*,#682,.F.);
#234=ORIENTED_EDGE('',*,*,#683,.T.);
#235=ORIENTED_EDGE('',*,*,#583,.T.);
#236=ORIENTED_EDGE('',*,*,#679,.F.);
#237=ORIENTED_EDGE('',*,*,#684,.F.);
#238=ORIENTED_EDGE('',*,*,#685,.T.);
#239=ORIENTED_EDGE('',*,*,#584,.T.);
#240=ORIENTED_EDGE('',*,*,#683,.F.);
#241=ORIENTED_EDGE('',*,*,#686,.F.);
#242=ORIENTED_EDGE('',*,*,#687,.T.);
#243=ORIENTED_EDGE('',*,*,#585,.T.);
#244=ORIENTED_EDGE('',*,*,#685,.F.);
#245=ORIENTED_EDGE('',*,*,#688,.F.);
#246=ORIENTED_EDGE('',*,*,#689,.T.);
#247=ORIENTED_EDGE('',*,*,#586,.T.);
#248=ORIENTED_EDGE('',*,*,#687,.F.);
#249=ORIENTED_EDGE('',*,*,#690,.F.);
#250=ORIENTED_EDGE('',*,*,#691,.T.);
#251=ORIENTED_EDGE('',*,*,#587,.T.);
#252=ORIENTED_EDGE('',*,*,#689,.F.);
#253=ORIENTED_EDGE('',*,*,#692,.F.);
#254=ORIENTED_EDGE('',*,*,#693,.T.);
#255=ORIENTED_EDGE('',*,*,#598,.T.);
#256=ORIENTED_EDGE('',*,*,#588,.T.);
#257=ORIENTED_EDGE('',*,*,#691,.F.);
#258=ORIENTED_EDGE('',*,*,#694,.F.);
#259=ORIENTED_EDGE('',*,*,#695,.F.);
#260=ORIENTED_EDGE('',*,*,#696,.T.);
#261=ORIENTED_EDGE('',*,*,#599,.T.);
#262=ORIENTED_EDGE('',*,*,#693,.F.);
#263=ORIENTED_EDGE('',*,*,#697,.F.);
#264=ORIENTED_EDGE('',*,*,#698,.F.);
#265=ORIENTED_EDGE('',*,*,#681,.T.);
#266=ORIENTED_EDGE('',*,*,#678,.T.);
#267=ORIENTED_EDGE('',*,*,#699,.T.);
#268=ORIENTED_EDGE('',*,*,#700,.F.);
#269=ORIENTED_EDGE('',*,*,#701,.T.);
#270=ORIENTED_EDGE('',*,*,#697,.T.);
#271=ORIENTED_EDGE('',*,*,#695,.T.);
#272=ORIENTED_EDGE('',*,*,#702,.T.);
#273=ORIENTED_EDGE('',*,*,#604,.T.);
#274=ORIENTED_EDGE('',*,*,#703,.F.);
#275=ORIENTED_EDGE('',*,*,#704,.F.);
#276=ORIENTED_EDGE('',*,*,#705,.T.);
#277=ORIENTED_EDGE('',*,*,#592,.T.);
#278=ORIENTED_EDGE('',*,*,#601,.T.);
#279=ORIENTED_EDGE('',*,*,#702,.F.);
#280=ORIENTED_EDGE('',*,*,#706,.F.);
#281=ORIENTED_EDGE('',*,*,#707,.F.);
#282=ORIENTED_EDGE('',*,*,#708,.T.);
#283=ORIENTED_EDGE('',*,*,#589,.T.);
#284=ORIENTED_EDGE('',*,*,#705,.F.);
#285=ORIENTED_EDGE('',*,*,#709,.F.);
#286=ORIENTED_EDGE('',*,*,#710,.T.);
#287=ORIENTED_EDGE('',*,*,#590,.T.);
#288=ORIENTED_EDGE('',*,*,#708,.F.);
#289=ORIENTED_EDGE('',*,*,#711,.F.);
#290=ORIENTED_EDGE('',*,*,#712,.T.);
#291=ORIENTED_EDGE('',*,*,#713,.T.);
#292=ORIENTED_EDGE('',*,*,#706,.T.);
#293=ORIENTED_EDGE('',*,*,#704,.T.);
#294=ORIENTED_EDGE('',*,*,#714,.F.);
#295=ORIENTED_EDGE('',*,*,#545,.F.);
#296=ORIENTED_EDGE('',*,*,#715,.F.);
#297=ORIENTED_EDGE('',*,*,#642,.T.);
#298=ORIENTED_EDGE('',*,*,#716,.T.);
#299=ORIENTED_EDGE('',*,*,#712,.F.);
#300=ORIENTED_EDGE('',*,*,#703,.T.);
#301=ORIENTED_EDGE('',*,*,#603,.T.);
#302=ORIENTED_EDGE('',*,*,#581,.F.);
#303=ORIENTED_EDGE('',*,*,#515,.T.);
#304=ORIENTED_EDGE('',*,*,#573,.T.);
#305=ORIENTED_EDGE('',*,*,#717,.T.);
#306=ORIENTED_EDGE('',*,*,#542,.T.);
#307=ORIENTED_EDGE('',*,*,#549,.F.);
#308=ORIENTED_EDGE('',*,*,#546,.F.);
#309=ORIENTED_EDGE('',*,*,#714,.T.);
#310=ORIENTED_EDGE('',*,*,#602,.F.);
#311=ORIENTED_EDGE('',*,*,#591,.F.);
#312=ORIENTED_EDGE('',*,*,#710,.F.);
#313=ORIENTED_EDGE('',*,*,#718,.T.);
#314=ORIENTED_EDGE('',*,*,#713,.F.);
#315=ORIENTED_EDGE('',*,*,#716,.F.);
#316=ORIENTED_EDGE('',*,*,#641,.T.);
#317=ORIENTED_EDGE('',*,*,#643,.T.);
#318=ORIENTED_EDGE('',*,*,#637,.F.);
#319=ORIENTED_EDGE('',*,*,#719,.F.);
#320=ORIENTED_EDGE('',*,*,#666,.F.);
#321=ORIENTED_EDGE('',*,*,#612,.T.);
#322=ORIENTED_EDGE('',*,*,#720,.T.);
#323=ORIENTED_EDGE('',*,*,#698,.T.);
#324=ORIENTED_EDGE('',*,*,#721,.F.);
#325=ORIENTED_EDGE('',*,*,#661,.F.);
#326=ORIENTED_EDGE('',*,*,#722,.T.);
#327=ORIENTED_EDGE('',*,*,#566,.T.);
#328=ORIENTED_EDGE('',*,*,#723,.T.);
#329=ORIENTED_EDGE('',*,*,#724,.T.);
#330=ORIENTED_EDGE('',*,*,#654,.F.);
#331=ORIENTED_EDGE('',*,*,#650,.T.);
#332=ORIENTED_EDGE('',*,*,#656,.T.);
#333=ORIENTED_EDGE('',*,*,#648,.F.);
#334=ORIENTED_EDGE('',*,*,#561,.F.);
#335=ORIENTED_EDGE('',*,*,#557,.F.);
#336=ORIENTED_EDGE('',*,*,#560,.T.);
#337=ORIENTED_EDGE('',*,*,#551,.T.);
#338=ORIENTED_EDGE('',*,*,#725,.T.);
#339=ORIENTED_EDGE('',*,*,#571,.T.);
#340=ORIENTED_EDGE('',*,*,#726,.F.);
#341=ORIENTED_EDGE('',*,*,#673,.F.);
#342=ORIENTED_EDGE('',*,*,#727,.T.);
#343=ORIENTED_EDGE('',*,*,#568,.T.);
#344=ORIENTED_EDGE('',*,*,#728,.F.);
#345=ORIENTED_EDGE('',*,*,#663,.F.);
#346=ORIENTED_EDGE('',*,*,#715,.T.);
#347=ORIENTED_EDGE('',*,*,#544,.F.);
#348=ORIENTED_EDGE('',*,*,#548,.T.);
#349=ORIENTED_EDGE('',*,*,#540,.T.);
#350=ORIENTED_EDGE('',*,*,#729,.T.);
#351=ORIENTED_EDGE('',*,*,#578,.T.);
#352=ORIENTED_EDGE('',*,*,#730,.F.);
#353=ORIENTED_EDGE('',*,*,#668,.F.);
#354=ORIENTED_EDGE('',*,*,#731,.T.);
#355=ORIENTED_EDGE('',*,*,#635,.F.);
#356=ORIENTED_EDGE('',*,*,#644,.F.);
#357=ORIENTED_EDGE('',*,*,#639,.T.);
#358=ORIENTED_EDGE('',*,*,#732,.F.);
#359=ORIENTED_EDGE('',*,*,#733,.T.);
#360=ORIENTED_EDGE('',*,*,#734,.T.);
#361=ORIENTED_EDGE('',*,*,#735,.T.);
#362=ORIENTED_EDGE('',*,*,#736,.T.);
#363=ORIENTED_EDGE('',*,*,#572,.F.);
#364=ORIENTED_EDGE('',*,*,#725,.F.);
#365=ORIENTED_EDGE('',*,*,#672,.T.);
#366=ORIENTED_EDGE('',*,*,#577,.T.);
#367=ORIENTED_EDGE('',*,*,#737,.F.);
#368=ORIENTED_EDGE('',*,*,#669,.F.);
#369=ORIENTED_EDGE('',*,*,#730,.T.);
#370=ORIENTED_EDGE('',*,*,#659,.F.);
#371=ORIENTED_EDGE('',*,*,#738,.T.);
#372=ORIENTED_EDGE('',*,*,#564,.T.);
#373=ORIENTED_EDGE('',*,*,#739,.F.);
#374=ORIENTED_EDGE('',*,*,#570,.T.);
#375=ORIENTED_EDGE('',*,*,#736,.F.);
#376=ORIENTED_EDGE('',*,*,#674,.F.);
#377=ORIENTED_EDGE('',*,*,#726,.T.);
#378=ORIENTED_EDGE('',*,*,#740,.T.);
#379=ORIENTED_EDGE('',*,*,#565,.T.);
#380=ORIENTED_EDGE('',*,*,#738,.F.);
#381=ORIENTED_EDGE('',*,*,#658,.F.);
#382=ORIENTED_EDGE('',*,*,#741,.T.);
#383=ORIENTED_EDGE('',*,*,#596,.T.);
#384=ORIENTED_EDGE('',*,*,#742,.F.);
#385=ORIENTED_EDGE('',*,*,#735,.F.);
#386=ORIENTED_EDGE('',*,*,#743,.T.);
#387=ORIENTED_EDGE('',*,*,#593,.T.);
#388=ORIENTED_EDGE('',*,*,#741,.F.);
#389=ORIENTED_EDGE('',*,*,#734,.F.);
#390=ORIENTED_EDGE('',*,*,#744,.T.);
#391=ORIENTED_EDGE('',*,*,#607,.T.);
#392=ORIENTED_EDGE('',*,*,#594,.T.);
#393=ORIENTED_EDGE('',*,*,#743,.F.);
#394=ORIENTED_EDGE('',*,*,#733,.F.);
#395=ORIENTED_EDGE('',*,*,#745,.F.);
#396=ORIENTED_EDGE('',*,*,#746,.T.);
#397=ORIENTED_EDGE('',*,*,#608,.T.);
#398=ORIENTED_EDGE('',*,*,#744,.F.);
#399=ORIENTED_EDGE('',*,*,#747,.F.);
#400=ORIENTED_EDGE('',*,*,#748,.T.);
#401=ORIENTED_EDGE('',*,*,#613,.F.);
#402=ORIENTED_EDGE('',*,*,#749,.F.);
#403=ORIENTED_EDGE('',*,*,#671,.F.);
#404=ORIENTED_EDGE('',*,*,#750,.F.);
#405=ORIENTED_EDGE('',*,*,#751,.T.);
#406=ORIENTED_EDGE('',*,*,#747,.T.);
#407=ORIENTED_EDGE('',*,*,#745,.T.);
#408=ORIENTED_EDGE('',*,*,#711,.T.);
#409=ORIENTED_EDGE('',*,*,#709,.T.);
#410=ORIENTED_EDGE('',*,*,#707,.T.);
#411=ORIENTED_EDGE('',*,*,#718,.F.);
#412=ORIENTED_EDGE('',*,*,#720,.F.);
#413=ORIENTED_EDGE('',*,*,#611,.T.);
#414=ORIENTED_EDGE('',*,*,#752,.F.);
#415=ORIENTED_EDGE('',*,*,#694,.T.);
#416=ORIENTED_EDGE('',*,*,#692,.T.);
#417=ORIENTED_EDGE('',*,*,#690,.T.);
#418=ORIENTED_EDGE('',*,*,#688,.T.);
#419=ORIENTED_EDGE('',*,*,#686,.T.);
#420=ORIENTED_EDGE('',*,*,#684,.T.);
#421=ORIENTED_EDGE('',*,*,#682,.T.);
#422=ORIENTED_EDGE('',*,*,#753,.T.);
#423=ORIENTED_EDGE('',*,*,#723,.F.);
#424=ORIENTED_EDGE('',*,*,#569,.T.);
#425=ORIENTED_EDGE('',*,*,#727,.F.);
#426=ORIENTED_EDGE('',*,*,#662,.F.);
#427=ORIENTED_EDGE('',*,*,#721,.T.);
#428=ORIENTED_EDGE('',*,*,#699,.F.);
#429=ORIENTED_EDGE('',*,*,#677,.T.);
#430=ORIENTED_EDGE('',*,*,#563,.T.);
#431=ORIENTED_EDGE('',*,*,#754,.T.);
#432=ORIENTED_EDGE('',*,*,#600,.T.);
#433=ORIENTED_EDGE('',*,*,#696,.F.);
#434=ORIENTED_EDGE('',*,*,#701,.F.);
#435=ORIENTED_EDGE('',*,*,#755,.F.);
#436=ORIENTED_EDGE('',*,*,#660,.F.);
#437=ORIENTED_EDGE('',*,*,#739,.T.);
#438=ORIENTED_EDGE('',*,*,#636,.F.);
#439=ORIENTED_EDGE('',*,*,#731,.F.);
#440=ORIENTED_EDGE('',*,*,#667,.F.);
#441=ORIENTED_EDGE('',*,*,#719,.T.);
#442=ORIENTED_EDGE('',*,*,#756,.T.);
#443=ORIENTED_EDGE('',*,*,#518,.T.);
#444=ORIENTED_EDGE('',*,*,#757,.T.);
#445=ORIENTED_EDGE('',*,*,#575,.T.);
#446=ORIENTED_EDGE('',*,*,#724,.F.);
#447=ORIENTED_EDGE('',*,*,#753,.F.);
#448=ORIENTED_EDGE('',*,*,#676,.F.);
#449=ORIENTED_EDGE('',*,*,#680,.F.);
#450=ORIENTED_EDGE('',*,*,#567,.T.);
#451=ORIENTED_EDGE('',*,*,#722,.F.);
#452=ORIENTED_EDGE('',*,*,#664,.F.);
#453=ORIENTED_EDGE('',*,*,#728,.T.);
#454=ORIENTED_EDGE('',*,*,#543,.T.);
#455=ORIENTED_EDGE('',*,*,#717,.F.);
#456=ORIENTED_EDGE('',*,*,#579,.T.);
#457=ORIENTED_EDGE('',*,*,#729,.F.);
#458=ORIENTED_EDGE('',*,*,#522,.F.);
#459=ORIENTED_EDGE('',*,*,#758,.T.);
#460=ORIENTED_EDGE('',*,*,#605,.T.);
#461=ORIENTED_EDGE('',*,*,#746,.F.);
#462=ORIENTED_EDGE('',*,*,#751,.F.);
#463=ORIENTED_EDGE('',*,*,#759,.F.);
#464=ORIENTED_EDGE('',*,*,#617,.T.);
#465=ORIENTED_EDGE('',*,*,#760,.T.);
#466=ORIENTED_EDGE('',*,*,#523,.F.);
#467=ORIENTED_EDGE('',*,*,#760,.F.);
#468=ORIENTED_EDGE('',*,*,#620,.T.);
#469=ORIENTED_EDGE('',*,*,#621,.T.);
#470=ORIENTED_EDGE('',*,*,#614,.F.);
#471=ORIENTED_EDGE('',*,*,#748,.F.);
#472=ORIENTED_EDGE('',*,*,#670,.F.);
#473=ORIENTED_EDGE('',*,*,#737,.T.);
#474=ORIENTED_EDGE('',*,*,#576,.T.);
#475=ORIENTED_EDGE('',*,*,#757,.F.);
#476=ORIENTED_EDGE('',*,*,#521,.T.);
#477=ORIENTED_EDGE('',*,*,#527,.F.);
#478=ORIENTED_EDGE('',*,*,#574,.T.);
#479=ORIENTED_EDGE('',*,*,#517,.T.);
#480=ORIENTED_EDGE('',*,*,#580,.F.);
#481=ORIENTED_EDGE('',*,*,#597,.T.);
#482=ORIENTED_EDGE('',*,*,#754,.F.);
#483=ORIENTED_EDGE('',*,*,#562,.T.);
#484=ORIENTED_EDGE('',*,*,#740,.F.);
#485=ORIENTED_EDGE('',*,*,#657,.F.);
#486=ORIENTED_EDGE('',*,*,#755,.T.);
#487=ORIENTED_EDGE('',*,*,#700,.T.);
#488=ORIENTED_EDGE('',*,*,#752,.T.);
#489=ORIENTED_EDGE('',*,*,#610,.T.);
#490=ORIENTED_EDGE('',*,*,#665,.F.);
#491=ORIENTED_EDGE('',*,*,#749,.T.);
#492=ORIENTED_EDGE('',*,*,#616,.F.);
#493=ORIENTED_EDGE('',*,*,#622,.F.);
#494=ORIENTED_EDGE('',*,*,#618,.T.);
#495=ORIENTED_EDGE('',*,*,#759,.T.);
#496=ORIENTED_EDGE('',*,*,#750,.T.);
#497=ORIENTED_EDGE('',*,*,#732,.T.);
#498=ORIENTED_EDGE('',*,*,#742,.T.);
#499=ORIENTED_EDGE('',*,*,#595,.F.);
#500=ORIENTED_EDGE('',*,*,#606,.F.);
#501=ORIENTED_EDGE('',*,*,#758,.F.);
#502=ORIENTED_EDGE('',*,*,#525,.F.);
#503=ORIENTED_EDGE('',*,*,#526,.T.);
#504=ORIENTED_EDGE('',*,*,#519,.T.);
#505=ORIENTED_EDGE('',*,*,#756,.F.);
#506=ORIENTED_EDGE('',*,*,#629,.T.);
#507=ORIENTED_EDGE('',*,*,#631,.T.);
#508=ORIENTED_EDGE('',*,*,#625,.F.);
#509=ORIENTED_EDGE('',*,*,#634,.F.);
#510=ORIENTED_EDGE('',*,*,#534,.F.);
#511=ORIENTED_EDGE('',*,*,#536,.T.);
#512=ORIENTED_EDGE('',*,*,#530,.T.);
#513=ORIENTED_EDGE('',*,*,#539,.F.);
#514=EDGE_CURVE('',#761,#762,#923,.T.);
#515=EDGE_CURVE('',#763,#761,#924,.T.);
#516=EDGE_CURVE('',#764,#763,#925,.T.);
#517=EDGE_CURVE('',#762,#764,#926,.T.);
#518=EDGE_CURVE('',#765,#766,#927,.T.);
#519=EDGE_CURVE('',#767,#765,#928,.T.);
#520=EDGE_CURVE('',#768,#767,#929,.T.);
#521=EDGE_CURVE('',#766,#768,#930,.T.);
#522=EDGE_CURVE('',#769,#770,#931,.T.);
#523=EDGE_CURVE('',#770,#771,#932,.T.);
#524=EDGE_CURVE('',#771,#772,#933,.T.);
#525=EDGE_CURVE('',#772,#769,#934,.T.);
#526=EDGE_CURVE('',#772,#767,#935,.T.);
#527=EDGE_CURVE('',#771,#768,#936,.T.);
#528=EDGE_CURVE('',#773,#774,#937,.T.);
#529=EDGE_CURVE('',#775,#773,#938,.T.);
#530=EDGE_CURVE('',#776,#775,#939,.T.);
#531=EDGE_CURVE('',#774,#776,#940,.T.);
#532=EDGE_CURVE('',#777,#778,#941,.T.);
#533=EDGE_CURVE('',#778,#779,#942,.T.);
#534=EDGE_CURVE('',#779,#780,#943,.T.);
#535=EDGE_CURVE('',#780,#777,#944,.T.);
#536=EDGE_CURVE('',#779,#776,#945,.T.);
#537=EDGE_CURVE('',#778,#774,#946,.T.);
#538=EDGE_CURVE('',#777,#773,#947,.T.);
#539=EDGE_CURVE('',#780,#775,#948,.T.);
#540=EDGE_CURVE('',#781,#782,#949,.T.);
#541=EDGE_CURVE('',#781,#783,#950,.T.);
#542=EDGE_CURVE('',#784,#783,#951,.T.);
#543=EDGE_CURVE('',#782,#784,#952,.T.);
#544=EDGE_CURVE('',#785,#786,#953,.T.);
#545=EDGE_CURVE('',#786,#787,#954,.T.);
#546=EDGE_CURVE('',#787,#788,#955,.T.);
#547=EDGE_CURVE('',#785,#788,#956,.T.);
#548=EDGE_CURVE('',#785,#781,#957,.T.);
#549=EDGE_CURVE('',#788,#783,#958,.T.);
#550=EDGE_CURVE('',#789,#790,#959,.T.);
#551=EDGE_CURVE('',#791,#790,#960,.T.);
#552=EDGE_CURVE('',#792,#791,#961,.T.);
#553=EDGE_CURVE('',#792,#789,#962,.T.);
#554=EDGE_CURVE('',#793,#794,#963,.T.);
#555=EDGE_CURVE('',#795,#793,#964,.T.);
#556=EDGE_CURVE('',#795,#796,#965,.T.);
#557=EDGE_CURVE('',#796,#794,#966,.T.);
#558=EDGE_CURVE('',#795,#792,#967,.T.);
#559=EDGE_CURVE('',#793,#789,#968,.T.);
#560=EDGE_CURVE('',#796,#791,#969,.T.);
#561=EDGE_CURVE('',#794,#790,#970,.T.);
#562=EDGE_CURVE('',#797,#798,#971,.T.);
#563=EDGE_CURVE('',#799,#797,#972,.T.);
#564=EDGE_CURVE('',#800,#799,#973,.T.);
#565=EDGE_CURVE('',#798,#800,#974,.T.);
#566=EDGE_CURVE('',#801,#802,#975,.T.);
#567=EDGE_CURVE('',#803,#801,#976,.T.);
#568=EDGE_CURVE('',#804,#803,#977,.T.);
#569=EDGE_CURVE('',#802,#804,#978,.T.);
#570=EDGE_CURVE('',#805,#806,#979,.T.);
#571=EDGE_CURVE('',#807,#805,#980,.T.);
#572=EDGE_CURVE('',#807,#806,#981,.T.);
#573=EDGE_CURVE('',#761,#808,#982,.T.);
#574=EDGE_CURVE('',#809,#762,#983,.T.);
#575=EDGE_CURVE('',#810,#809,#984,.T.);
#576=EDGE_CURVE('',#811,#810,#985,.T.);
#577=EDGE_CURVE('',#812,#811,#986,.T.);
#578=EDGE_CURVE('',#813,#812,#987,.T.);
#579=EDGE_CURVE('',#808,#813,#988,.T.);
#580=EDGE_CURVE('',#814,#764,#989,.T.);
#581=EDGE_CURVE('',#763,#815,#990,.T.);
#582=EDGE_CURVE('',#816,#815,#991,.T.);
#583=EDGE_CURVE('',#817,#816,#992,.T.);
#584=EDGE_CURVE('',#818,#817,#993,.T.);
#585=EDGE_CURVE('',#819,#818,#994,.T.);
#586=EDGE_CURVE('',#820,#819,#995,.T.);
#587=EDGE_CURVE('',#821,#820,#996,.T.);
#588=EDGE_CURVE('',#814,#821,#997,.T.);
#589=EDGE_CURVE('',#822,#823,#998,.T.);
#590=EDGE_CURVE('',#824,#822,#999,.T.);
#591=EDGE_CURVE('',#824,#825,#1000,.T.);
#592=EDGE_CURVE('',#823,#825,#1001,.T.);
#593=EDGE_CURVE('',#826,#827,#1002,.T.);
#594=EDGE_CURVE('',#828,#826,#1003,.T.);
#595=EDGE_CURVE('',#828,#829,#1004,.T.);
#596=EDGE_CURVE('',#827,#829,#1005,.T.);
#597=EDGE_CURVE('',#814,#830,#1006,.T.);
#598=EDGE_CURVE('',#831,#814,#1007,.T.);
#599=EDGE_CURVE('',#832,#831,#1008,.T.);
#600=EDGE_CURVE('',#830,#832,#1009,.T.);
#601=EDGE_CURVE('',#825,#833,#1010,.T.);
#602=EDGE_CURVE('',#825,#834,#1011,.T.);
#603=EDGE_CURVE('',#835,#834,#1012,.T.);
#604=EDGE_CURVE('',#833,#835,#1013,.T.);
#605=EDGE_CURVE('',#836,#837,#1014,.T.);
#606=EDGE_CURVE('',#836,#828,#1015,.T.);
#607=EDGE_CURVE('',#838,#828,#1016,.T.);
#608=EDGE_CURVE('',#837,#838,#1017,.T.);
#609=EDGE_CURVE('',#839,#840,#1018,.T.);
#610=EDGE_CURVE('',#841,#839,#1019,.T.);
#611=EDGE_CURVE('',#842,#841,#1020,.T.);
#612=EDGE_CURVE('',#840,#842,#1021,.T.);
#613=EDGE_CURVE('',#843,#844,#1022,.T.);
#614=EDGE_CURVE('',#844,#845,#1023,.T.);
#615=EDGE_CURVE('',#845,#846,#1024,.T.);
#616=EDGE_CURVE('',#846,#843,#1025,.T.);
#617=EDGE_CURVE('',#847,#848,#1026,.T.);
#618=EDGE_CURVE('',#849,#847,#1027,.T.);
#619=EDGE_CURVE('',#850,#849,#1028,.T.);
#620=EDGE_CURVE('',#848,#850,#1029,.T.);
#621=EDGE_CURVE('',#850,#845,#1030,.T.);
#622=EDGE_CURVE('',#849,#846,#1031,.T.);
#623=EDGE_CURVE('',#851,#852,#1032,.T.);
#624=EDGE_CURVE('',#852,#853,#1033,.T.);
#625=EDGE_CURVE('',#853,#854,#1034,.T.);
#626=EDGE_CURVE('',#854,#851,#1035,.T.);
#627=EDGE_CURVE('',#855,#856,#1036,.T.);
#628=EDGE_CURVE('',#857,#855,#1037,.T.);
#629=EDGE_CURVE('',#858,#857,#1038,.T.);
#630=EDGE_CURVE('',#856,#858,#1039,.T.);
#631=EDGE_CURVE('',#857,#854,#1040,.T.);
#632=EDGE_CURVE('',#855,#851,#1041,.T.);
#633=EDGE_CURVE('',#856,#852,#1042,.T.);
#634=EDGE_CURVE('',#858,#853,#1043,.T.);
#635=EDGE_CURVE('',#859,#860,#1044,.T.);
#636=EDGE_CURVE('',#860,#861,#1045,.T.);
#637=EDGE_CURVE('',#861,#862,#1046,.T.);
#638=EDGE_CURVE('',#859,#862,#1047,.T.);
#639=EDGE_CURVE('',#863,#864,#1048,.T.);
#640=EDGE_CURVE('',#863,#865,#1049,.T.);
#641=EDGE_CURVE('',#866,#865,#1050,.T.);
#642=EDGE_CURVE('',#864,#866,#1051,.T.);
#643=EDGE_CURVE('',#865,#862,#1052,.T.);
#644=EDGE_CURVE('',#863,#859,#1053,.T.);
#645=EDGE_CURVE('',#867,#868,#1054,.T.);
#646=EDGE_CURVE('',#869,#867,#1055,.T.);
#647=EDGE_CURVE('',#869,#870,#1056,.T.);
#648=EDGE_CURVE('',#870,#868,#1057,.T.);
#649=EDGE_CURVE('',#871,#872,#1058,.T.);
#650=EDGE_CURVE('',#873,#872,#1059,.T.);
#651=EDGE_CURVE('',#874,#873,#1060,.T.);
#652=EDGE_CURVE('',#874,#871,#1061,.T.);
#653=EDGE_CURVE('',#874,#869,#1062,.T.);
#654=EDGE_CURVE('',#873,#870,#1063,.T.);
#655=EDGE_CURVE('',#871,#867,#1064,.T.);
#656=EDGE_CURVE('',#872,#868,#1065,.T.);
#657=EDGE_CURVE('',#875,#876,#1066,.T.);
#658=EDGE_CURVE('',#876,#877,#1067,.T.);
#659=EDGE_CURVE('',#877,#878,#1068,.T.);
#660=EDGE_CURVE('',#878,#875,#1069,.T.);
#661=EDGE_CURVE('',#879,#880,#1070,.T.);
#662=EDGE_CURVE('',#880,#881,#1071,.T.);
#663=EDGE_CURVE('',#881,#882,#1072,.T.);
#664=EDGE_CURVE('',#882,#879,#1073,.T.);
#665=EDGE_CURVE('',#883,#839,#1074,.T.);
#666=EDGE_CURVE('',#840,#884,#1075,.T.);
#667=EDGE_CURVE('',#884,#885,#1076,.T.);
#668=EDGE_CURVE('',#885,#886,#1077,.T.);
#669=EDGE_CURVE('',#886,#887,#1078,.T.);
#670=EDGE_CURVE('',#887,#888,#1079,.T.);
#671=EDGE_CURVE('',#888,#883,#1080,.T.);
#672=EDGE_CURVE('',#889,#890,#1081,.T.);
#673=EDGE_CURVE('',#889,#891,#1082,.T.);
#674=EDGE_CURVE('',#891,#890,#1083,.T.);
#675=EDGE_CURVE('',#892,#893,#1084,.T.);
#676=EDGE_CURVE('',#893,#894,#1085,.T.);
#677=EDGE_CURVE('',#895,#894,#1086,.T.);
#678=EDGE_CURVE('',#892,#895,#1087,.T.);
#679=EDGE_CURVE('',#896,#816,#1088,.T.);
#680=EDGE_CURVE('',#815,#893,#1089,.T.);
#681=EDGE_CURVE('',#897,#892,#1090,.T.);
#682=EDGE_CURVE('',#896,#897,#1091,.T.);
#683=EDGE_CURVE('',#898,#817,#1092,.T.);
#684=EDGE_CURVE('',#898,#896,#1093,.T.);
#685=EDGE_CURVE('',#899,#818,#1094,.T.);
#686=EDGE_CURVE('',#899,#898,#1095,.T.);
#687=EDGE_CURVE('',#900,#819,#1096,.T.);
#688=EDGE_CURVE('',#900,#899,#1097,.T.);
#689=EDGE_CURVE('',#901,#820,#1098,.T.);
#690=EDGE_CURVE('',#901,#900,#1099,.T.);
#691=EDGE_CURVE('',#902,#821,#1100,.T.);
#692=EDGE_CURVE('',#902,#901,#1101,.T.);
#693=EDGE_CURVE('',#903,#831,#1102,.T.);
#694=EDGE_CURVE('',#904,#902,#1103,.T.);
#695=EDGE_CURVE('',#903,#904,#1104,.T.);
#696=EDGE_CURVE('',#905,#832,#1105,.T.);
#697=EDGE_CURVE('',#905,#903,#1106,.T.);
#698=EDGE_CURVE('',#897,#906,#1107,.T.);
#699=EDGE_CURVE('',#895,#906,#1108,.T.);
#700=EDGE_CURVE('',#907,#904,#1109,.T.);
#701=EDGE_CURVE('',#907,#905,#1110,.T.);
#702=EDGE_CURVE('',#908,#833,#1111,.T.);
#703=EDGE_CURVE('',#909,#835,#1112,.T.);
#704=EDGE_CURVE('',#908,#909,#1113,.T.);
#705=EDGE_CURVE('',#910,#823,#1114,.T.);
#706=EDGE_CURVE('',#911,#908,#1115,.T.);
#707=EDGE_CURVE('',#910,#911,#1116,.T.);
#708=EDGE_CURVE('',#912,#822,#1117,.T.);
#709=EDGE_CURVE('',#912,#910,#1118,.T.);
#710=EDGE_CURVE('',#913,#824,#1119,.T.);
#711=EDGE_CURVE('',#913,#912,#1120,.T.);
#712=EDGE_CURVE('',#909,#914,#1121,.T.);
#713=EDGE_CURVE('',#914,#911,#1122,.T.);
#714=EDGE_CURVE('',#787,#834,#1123,.T.);
#715=EDGE_CURVE('',#864,#786,#1124,.T.);
#716=EDGE_CURVE('',#866,#914,#1125,.T.);
#717=EDGE_CURVE('',#808,#784,#1126,.T.);
#718=EDGE_CURVE('',#913,#911,#1127,.T.);
#719=EDGE_CURVE('',#884,#861,#1128,.T.);
#720=EDGE_CURVE('',#842,#897,#1129,.T.);
#721=EDGE_CURVE('',#880,#906,#1130,.T.);
#722=EDGE_CURVE('',#879,#801,#1131,.T.);
#723=EDGE_CURVE('',#802,#915,#1132,.T.);
#724=EDGE_CURVE('',#915,#815,#1133,.T.);
#725=EDGE_CURVE('',#889,#807,#1134,.T.);
#726=EDGE_CURVE('',#891,#805,#1135,.T.);
#727=EDGE_CURVE('',#881,#804,#1136,.T.);
#728=EDGE_CURVE('',#882,#803,#1137,.T.);
#729=EDGE_CURVE('',#782,#813,#1138,.T.);
#730=EDGE_CURVE('',#886,#812,#1139,.T.);
#731=EDGE_CURVE('',#885,#860,#1140,.T.);
#732=EDGE_CURVE('',#916,#917,#1141,.T.);
#733=EDGE_CURVE('',#916,#918,#1142,.T.);
#734=EDGE_CURVE('',#918,#919,#1143,.T.);
#735=EDGE_CURVE('',#919,#917,#1144,.T.);
#736=EDGE_CURVE('',#890,#806,#1145,.T.);
#737=EDGE_CURVE('',#887,#811,#1146,.T.);
#738=EDGE_CURVE('',#877,#800,#1147,.T.);
#739=EDGE_CURVE('',#878,#799,#1148,.T.);
#740=EDGE_CURVE('',#876,#798,#1149,.T.);
#741=EDGE_CURVE('',#919,#827,#1150,.T.);
#742=EDGE_CURVE('',#917,#829,#1151,.T.);
#743=EDGE_CURVE('',#918,#826,#1152,.T.);
#744=EDGE_CURVE('',#920,#838,#1153,.T.);
#745=EDGE_CURVE('',#920,#916,#1154,.T.);
#746=EDGE_CURVE('',#921,#837,#1155,.T.);
#747=EDGE_CURVE('',#921,#920,#1156,.T.);
#748=EDGE_CURVE('',#888,#844,#1157,.T.);
#749=EDGE_CURVE('',#883,#843,#1158,.T.);
#750=EDGE_CURVE('',#922,#916,#1159,.T.);
#751=EDGE_CURVE('',#922,#921,#1160,.T.);
#752=EDGE_CURVE('',#904,#841,#1161,.T.);
#753=EDGE_CURVE('',#894,#915,#1162,.T.);
#754=EDGE_CURVE('',#797,#830,#1163,.T.);
#755=EDGE_CURVE('',#875,#907,#1164,.T.);
#756=EDGE_CURVE('',#809,#765,#1165,.T.);
#757=EDGE_CURVE('',#766,#810,#1166,.T.);
#758=EDGE_CURVE('',#769,#836,#1167,.T.);
#759=EDGE_CURVE('',#847,#922,#1168,.T.);
#760=EDGE_CURVE('',#848,#770,#1169,.T.);
#761=VERTEX_POINT('',#2326);
#762=VERTEX_POINT('',#2327);
#763=VERTEX_POINT('',#2329);
#764=VERTEX_POINT('',#2331);
#765=VERTEX_POINT('',#2335);
#766=VERTEX_POINT('',#2336);
#767=VERTEX_POINT('',#2338);
#768=VERTEX_POINT('',#2340);
#769=VERTEX_POINT('',#2344);
#770=VERTEX_POINT('',#2345);
#771=VERTEX_POINT('',#2347);
#772=VERTEX_POINT('',#2349);
#773=VERTEX_POINT('',#2356);
#774=VERTEX_POINT('',#2357);
#775=VERTEX_POINT('',#2359);
#776=VERTEX_POINT('',#2361);
#777=VERTEX_POINT('',#2365);
#778=VERTEX_POINT('',#2366);
#779=VERTEX_POINT('',#2368);
#780=VERTEX_POINT('',#2370);
#781=VERTEX_POINT('',#2381);
#782=VERTEX_POINT('',#2382);
#783=VERTEX_POINT('',#2384);
#784=VERTEX_POINT('',#2386);
#785=VERTEX_POINT('',#2390);
#786=VERTEX_POINT('',#2391);
#787=VERTEX_POINT('',#2393);
#788=VERTEX_POINT('',#2395);
#789=VERTEX_POINT('',#2402);
#790=VERTEX_POINT('',#2403);
#791=VERTEX_POINT('',#2405);
#792=VERTEX_POINT('',#2407);
#793=VERTEX_POINT('',#2411);
#794=VERTEX_POINT('',#2412);
#795=VERTEX_POINT('',#2414);
#796=VERTEX_POINT('',#2416);
#797=VERTEX_POINT('',#2427);
#798=VERTEX_POINT('',#2428);
#799=VERTEX_POINT('',#2430);
#800=VERTEX_POINT('',#2432);
#801=VERTEX_POINT('',#2436);
#802=VERTEX_POINT('',#2437);
#803=VERTEX_POINT('',#2439);
#804=VERTEX_POINT('',#2441);
#805=VERTEX_POINT('',#2445);
#806=VERTEX_POINT('',#2446);
#807=VERTEX_POINT('',#2448);
#808=VERTEX_POINT('',#2452);
#809=VERTEX_POINT('',#2454);
#810=VERTEX_POINT('',#2456);
#811=VERTEX_POINT('',#2458);
#812=VERTEX_POINT('',#2460);
#813=VERTEX_POINT('',#2462);
#814=VERTEX_POINT('',#2466);
#815=VERTEX_POINT('',#2468);
#816=VERTEX_POINT('',#2470);
#817=VERTEX_POINT('',#2472);
#818=VERTEX_POINT('',#2474);
#819=VERTEX_POINT('',#2476);
#820=VERTEX_POINT('',#2478);
#821=VERTEX_POINT('',#2480);
#822=VERTEX_POINT('',#2484);
#823=VERTEX_POINT('',#2485);
#824=VERTEX_POINT('',#2487);
#825=VERTEX_POINT('',#2489);
#826=VERTEX_POINT('',#2493);
#827=VERTEX_POINT('',#2494);
#828=VERTEX_POINT('',#2496);
#829=VERTEX_POINT('',#2498);
#830=VERTEX_POINT('',#2502);
#831=VERTEX_POINT('',#2504);
#832=VERTEX_POINT('',#2506);
#833=VERTEX_POINT('',#2510);
#834=VERTEX_POINT('',#2512);
#835=VERTEX_POINT('',#2514);
#836=VERTEX_POINT('',#2518);
#837=VERTEX_POINT('',#2519);
#838=VERTEX_POINT('',#2522);
#839=VERTEX_POINT('',#2526);
#840=VERTEX_POINT('',#2527);
#841=VERTEX_POINT('',#2529);
#842=VERTEX_POINT('',#2531);
#843=VERTEX_POINT('',#2535);
#844=VERTEX_POINT('',#2536);
#845=VERTEX_POINT('',#2538);
#846=VERTEX_POINT('',#2540);
#847=VERTEX_POINT('',#2544);
#848=VERTEX_POINT('',#2545);
#849=VERTEX_POINT('',#2547);
#850=VERTEX_POINT('',#2549);
#851=VERTEX_POINT('',#2556);
#852=VERTEX_POINT('',#2557);
#853=VERTEX_POINT('',#2559);
#854=VERTEX_POINT('',#2561);
#855=VERTEX_POINT('',#2565);
#856=VERTEX_POINT('',#2566);
#857=VERTEX_POINT('',#2568);
#858=VERTEX_POINT('',#2570);
#859=VERTEX_POINT('',#2581);
#860=VERTEX_POINT('',#2582);
#861=VERTEX_POINT('',#2584);
#862=VERTEX_POINT('',#2586);
#863=VERTEX_POINT('',#2590);
#864=VERTEX_POINT('',#2591);
#865=VERTEX_POINT('',#2593);
#866=VERTEX_POINT('',#2595);
#867=VERTEX_POINT('',#2602);
#868=VERTEX_POINT('',#2603);
#869=VERTEX_POINT('',#2605);
#870=VERTEX_POINT('',#2607);
#871=VERTEX_POINT('',#2611);
#872=VERTEX_POINT('',#2612);
#873=VERTEX_POINT('',#2614);
#874=VERTEX_POINT('',#2616);
#875=VERTEX_POINT('',#2627);
#876=VERTEX_POINT('',#2628);
#877=VERTEX_POINT('',#2630);
#878=VERTEX_POINT('',#2632);
#879=VERTEX_POINT('',#2636);
#880=VERTEX_POINT('',#2637);
#881=VERTEX_POINT('',#2639);
#882=VERTEX_POINT('',#2641);
#883=VERTEX_POINT('',#2645);
#884=VERTEX_POINT('',#2647);
#885=VERTEX_POINT('',#2649);
#886=VERTEX_POINT('',#2651);
#887=VERTEX_POINT('',#2653);
#888=VERTEX_POINT('',#2655);
#889=VERTEX_POINT('',#2659);
#890=VERTEX_POINT('',#2660);
#891=VERTEX_POINT('',#2662);
#892=VERTEX_POINT('',#2666);
#893=VERTEX_POINT('',#2667);
#894=VERTEX_POINT('',#2669);
#895=VERTEX_POINT('',#2671);
#896=VERTEX_POINT('',#2675);
#897=VERTEX_POINT('',#2678);
#898=VERTEX_POINT('',#2682);
#899=VERTEX_POINT('',#2686);
#900=VERTEX_POINT('',#2690);
#901=VERTEX_POINT('',#2694);
#902=VERTEX_POINT('',#2698);
#903=VERTEX_POINT('',#2702);
#904=VERTEX_POINT('',#2704);
#905=VERTEX_POINT('',#2708);
#906=VERTEX_POINT('',#2712);
#907=VERTEX_POINT('',#2716);
#908=VERTEX_POINT('',#2720);
#909=VERTEX_POINT('',#2722);
#910=VERTEX_POINT('',#2726);
#911=VERTEX_POINT('',#2728);
#912=VERTEX_POINT('',#2732);
#913=VERTEX_POINT('',#2736);
#914=VERTEX_POINT('',#2740);
#915=VERTEX_POINT('',#2754);
#916=VERTEX_POINT('',#2767);
#917=VERTEX_POINT('',#2768);
#918=VERTEX_POINT('',#2770);
#919=VERTEX_POINT('',#2772);
#920=VERTEX_POINT('',#2789);
#921=VERTEX_POINT('',#2793);
#922=VERTEX_POINT('',#2800);
#923=LINE('',#2325,#1170);
#924=LINE('',#2328,#1171);
#925=LINE('',#2330,#1172);
#926=LINE('',#2332,#1173);
#927=LINE('',#2334,#1174);
#928=LINE('',#2337,#1175);
#929=LINE('',#2339,#1176);
#930=LINE('',#2341,#1177);
#931=LINE('',#2343,#1178);
#932=LINE('',#2346,#1179);
#933=LINE('',#2348,#1180);
#934=LINE('',#2350,#1181);
#935=LINE('',#2352,#1182);
#936=LINE('',#2353,#1183);
#937=LINE('',#2355,#1184);
#938=LINE('',#2358,#1185);
#939=LINE('',#2360,#1186);
#940=LINE('',#2362,#1187);
#941=LINE('',#2364,#1188);
#942=LINE('',#2367,#1189);
#943=LINE('',#2369,#1190);
#944=LINE('',#2371,#1191);
#945=LINE('',#2373,#1192);
#946=LINE('',#2374,#1193);
#947=LINE('',#2376,#1194);
#948=LINE('',#2377,#1195);
#949=LINE('',#2380,#1196);
#950=LINE('',#2383,#1197);
#951=LINE('',#2385,#1198);
#952=LINE('',#2387,#1199);
#953=LINE('',#2389,#1200);
#954=LINE('',#2392,#1201);
#955=LINE('',#2394,#1202);
#956=LINE('',#2396,#1203);
#957=LINE('',#2398,#1204);
#958=LINE('',#2399,#1205);
#959=LINE('',#2401,#1206);
#960=LINE('',#2404,#1207);
#961=LINE('',#2406,#1208);
#962=LINE('',#2408,#1209);
#963=LINE('',#2410,#1210);
#964=LINE('',#2413,#1211);
#965=LINE('',#2415,#1212);
#966=LINE('',#2417,#1213);
#967=LINE('',#2419,#1214);
#968=LINE('',#2420,#1215);
#969=LINE('',#2422,#1216);
#970=LINE('',#2424,#1217);
#971=LINE('',#2426,#1218);
#972=LINE('',#2429,#1219);
#973=LINE('',#2431,#1220);
#974=LINE('',#2433,#1221);
#975=LINE('',#2435,#1222);
#976=LINE('',#2438,#1223);
#977=LINE('',#2440,#1224);
#978=LINE('',#2442,#1225);
#979=LINE('',#2444,#1226);
#980=LINE('',#2447,#1227);
#981=LINE('',#2449,#1228);
#982=LINE('',#2451,#1229);
#983=LINE('',#2453,#1230);
#984=LINE('',#2455,#1231);
#985=LINE('',#2457,#1232);
#986=LINE('',#2459,#1233);
#987=LINE('',#2461,#1234);
#988=LINE('',#2463,#1235);
#989=LINE('',#2465,#1236);
#990=LINE('',#2467,#1237);
#991=LINE('',#2469,#1238);
#992=LINE('',#2471,#1239);
#993=LINE('',#2473,#1240);
#994=LINE('',#2475,#1241);
#995=LINE('',#2477,#1242);
#996=LINE('',#2479,#1243);
#997=LINE('',#2481,#1244);
#998=LINE('',#2483,#1245);
#999=LINE('',#2486,#1246);
#1000=LINE('',#2488,#1247);
#1001=LINE('',#2490,#1248);
#1002=LINE('',#2492,#1249);
#1003=LINE('',#2495,#1250);
#1004=LINE('',#2497,#1251);
#1005=LINE('',#2499,#1252);
#1006=LINE('',#2501,#1253);
#1007=LINE('',#2503,#1254);
#1008=LINE('',#2505,#1255);
#1009=LINE('',#2507,#1256);
#1010=LINE('',#2509,#1257);
#1011=LINE('',#2511,#1258);
#1012=LINE('',#2513,#1259);
#1013=LINE('',#2515,#1260);
#1014=LINE('',#2517,#1261);
#1015=LINE('',#2520,#1262);
#1016=LINE('',#2521,#1263);
#1017=LINE('',#2523,#1264);
#1018=LINE('',#2525,#1265);
#1019=LINE('',#2528,#1266);
#1020=LINE('',#2530,#1267);
#1021=LINE('',#2532,#1268);
#1022=LINE('',#2534,#1269);
#1023=LINE('',#2537,#1270);
#1024=LINE('',#2539,#1271);
#1025=LINE('',#2541,#1272);
#1026=LINE('',#2543,#1273);
#1027=LINE('',#2546,#1274);
#1028=LINE('',#2548,#1275);
#1029=LINE('',#2550,#1276);
#1030=LINE('',#2552,#1277);
#1031=LINE('',#2553,#1278);
#1032=LINE('',#2555,#1279);
#1033=LINE('',#2558,#1280);
#1034=LINE('',#2560,#1281);
#1035=LINE('',#2562,#1282);
#1036=LINE('',#2564,#1283);
#1037=LINE('',#2567,#1284);
#1038=LINE('',#2569,#1285);
#1039=LINE('',#2571,#1286);
#1040=LINE('',#2573,#1287);
#1041=LINE('',#2574,#1288);
#1042=LINE('',#2576,#1289);
#1043=LINE('',#2577,#1290);
#1044=LINE('',#2580,#1291);
#1045=LINE('',#2583,#1292);
#1046=LINE('',#2585,#1293);
#1047=LINE('',#2587,#1294);
#1048=LINE('',#2589,#1295);
#1049=LINE('',#2592,#1296);
#1050=LINE('',#2594,#1297);
#1051=LINE('',#2596,#1298);
#1052=LINE('',#2598,#1299);
#1053=LINE('',#2599,#1300);
#1054=LINE('',#2601,#1301);
#1055=LINE('',#2604,#1302);
#1056=LINE('',#2606,#1303);
#1057=LINE('',#2608,#1304);
#1058=LINE('',#2610,#1305);
#1059=LINE('',#2613,#1306);
#1060=LINE('',#2615,#1307);
#1061=LINE('',#2617,#1308);
#1062=LINE('',#2619,#1309);
#1063=LINE('',#2620,#1310);
#1064=LINE('',#2622,#1311);
#1065=LINE('',#2624,#1312);
#1066=LINE('',#2626,#1313);
#1067=LINE('',#2629,#1314);
#1068=LINE('',#2631,#1315);
#1069=LINE('',#2633,#1316);
#1070=LINE('',#2635,#1317);
#1071=LINE('',#2638,#1318);
#1072=LINE('',#2640,#1319);
#1073=LINE('',#2642,#1320);
#1074=LINE('',#2644,#1321);
#1075=LINE('',#2646,#1322);
#1076=LINE('',#2648,#1323);
#1077=LINE('',#2650,#1324);
#1078=LINE('',#2652,#1325);
#1079=LINE('',#2654,#1326);
#1080=LINE('',#2656,#1327);
#1081=LINE('',#2658,#1328);
#1082=LINE('',#2661,#1329);
#1083=LINE('',#2663,#1330);
#1084=LINE('',#2665,#1331);
#1085=LINE('',#2668,#1332);
#1086=LINE('',#2670,#1333);
#1087=LINE('',#2672,#1334);
#1088=LINE('',#2674,#1335);
#1089=LINE('',#2676,#1336);
#1090=LINE('',#2677,#1337);
#1091=LINE('',#2679,#1338);
#1092=LINE('',#2681,#1339);
#1093=LINE('',#2683,#1340);
#1094=LINE('',#2685,#1341);
#1095=LINE('',#2687,#1342);
#1096=LINE('',#2689,#1343);
#1097=LINE('',#2691,#1344);
#1098=LINE('',#2693,#1345);
#1099=LINE('',#2695,#1346);
#1100=LINE('',#2697,#1347);
#1101=LINE('',#2699,#1348);
#1102=LINE('',#2701,#1349);
#1103=LINE('',#2703,#1350);
#1104=LINE('',#2705,#1351);
#1105=LINE('',#2707,#1352);
#1106=LINE('',#2709,#1353);
#1107=LINE('',#2711,#1354);
#1108=LINE('',#2713,#1355);
#1109=LINE('',#2715,#1356);
#1110=LINE('',#2717,#1357);
#1111=LINE('',#2719,#1358);
#1112=LINE('',#2721,#1359);
#1113=LINE('',#2723,#1360);
#1114=LINE('',#2725,#1361);
#1115=LINE('',#2727,#1362);
#1116=LINE('',#2729,#1363);
#1117=LINE('',#2731,#1364);
#1118=LINE('',#2733,#1365);
#1119=LINE('',#2735,#1366);
#1120=LINE('',#2737,#1367);
#1121=LINE('',#2739,#1368);
#1122=LINE('',#2741,#1369);
#1123=LINE('',#2743,#1370);
#1124=LINE('',#2744,#1371);
#1125=LINE('',#2745,#1372);
#1126=LINE('',#2747,#1373);
#1127=LINE('',#2748,#1374);
#1128=LINE('',#2749,#1375);
#1129=LINE('',#2750,#1376);
#1130=LINE('',#2751,#1377);
#1131=LINE('',#2752,#1378);
#1132=LINE('',#2753,#1379);
#1133=LINE('',#2755,#1380);
#1134=LINE('',#2757,#1381);
#1135=LINE('',#2758,#1382);
#1136=LINE('',#2759,#1383);
#1137=LINE('',#2760,#1384);
#1138=LINE('',#2762,#1385);
#1139=LINE('',#2763,#1386);
#1140=LINE('',#2764,#1387);
#1141=LINE('',#2766,#1388);
#1142=LINE('',#2769,#1389);
#1143=LINE('',#2771,#1390);
#1144=LINE('',#2773,#1391);
#1145=LINE('',#2775,#1392);
#1146=LINE('',#2776,#1393);
#1147=LINE('',#2778,#1394);
#1148=LINE('',#2779,#1395);
#1149=LINE('',#2781,#1396);
#1150=LINE('',#2783,#1397);
#1151=LINE('',#2784,#1398);
#1152=LINE('',#2786,#1399);
#1153=LINE('',#2788,#1400);
#1154=LINE('',#2790,#1401);
#1155=LINE('',#2792,#1402);
#1156=LINE('',#2794,#1403);
#1157=LINE('',#2796,#1404);
#1158=LINE('',#2797,#1405);
#1159=LINE('',#2799,#1406);
#1160=LINE('',#2801,#1407);
#1161=LINE('',#2804,#1408);
#1162=LINE('',#2806,#1409);
#1163=LINE('',#2808,#1410);
#1164=LINE('',#2809,#1411);
#1165=LINE('',#2812,#1412);
#1166=LINE('',#2813,#1413);
#1167=LINE('',#2818,#1414);
#1168=LINE('',#2819,#1415);
#1169=LINE('',#2820,#1416);
#1170=VECTOR('',#1898,1000.);
#1171=VECTOR('',#1899,1000.);
#1172=VECTOR('',#1900,1000.);
#1173=VECTOR('',#1901,1000.);
#1174=VECTOR('',#1904,1000.);
#1175=VECTOR('',#1905,1000.);
#1176=VECTOR('',#1906,1000.);
#1177=VECTOR('',#1907,1000.);
#1178=VECTOR('',#1910,1000.);
#1179=VECTOR('',#1911,1000.);
#1180=VECTOR('',#1912,1000.);
#1181=VECTOR('',#1913,1000.);
#1182=VECTOR('',#1916,1000.);
#1183=VECTOR('',#1917,1000.);
#1184=VECTOR('',#1920,1000.);
#1185=VECTOR('',#1921,1000.);
#1186=VECTOR('',#1922,1000.);
#1187=VECTOR('',#1923,1000.);
#1188=VECTOR('',#1926,1000.);
#1189=VECTOR('',#1927,1000.);
#1190=VECTOR('',#1928,1000.);
#1191=VECTOR('',#1929,1000.);
#1192=VECTOR('',#1932,1000.);
#1193=VECTOR('',#1933,1000.);
#1194=VECTOR('',#1936,1000.);
#1195=VECTOR('',#1937,1000.);
#1196=VECTOR('',#1942,1000.);
#1197=VECTOR('',#1943,1000.);
#1198=VECTOR('',#1944,1000.);
#1199=VECTOR('',#1945,1000.);
#1200=VECTOR('',#1948,1000.);
#1201=VECTOR('',#1949,1000.);
#1202=VECTOR('',#1950,1000.);
#1203=VECTOR('',#1951,1000.);
#1204=VECTOR('',#1954,1000.);
#1205=VECTOR('',#1955,1000.);
#1206=VECTOR('',#1958,1000.);
#1207=VECTOR('',#1959,1000.);
#1208=VECTOR('',#1960,1000.);
#1209=VECTOR('',#1961,1000.);
#1210=VECTOR('',#1964,1000.);
#1211=VECTOR('',#1965,1000.);
#1212=VECTOR('',#1966,1000.);
#1213=VECTOR('',#1967,1000.);
#1214=VECTOR('',#1970,1000.);
#1215=VECTOR('',#1971,1000.);
#1216=VECTOR('',#1974,1000.);
#1217=VECTOR('',#1977,1000.);
#1218=VECTOR('',#1980,1000.);
#1219=VECTOR('',#1981,1000.);
#1220=VECTOR('',#1982,1000.);
#1221=VECTOR('',#1983,1000.);
#1222=VECTOR('',#1986,1000.);
#1223=VECTOR('',#1987,1000.);
#1224=VECTOR('',#1988,1000.);
#1225=VECTOR('',#1989,1000.);
#1226=VECTOR('',#1992,1000.);
#1227=VECTOR('',#1993,1000.);
#1228=VECTOR('',#1994,1000.);
#1229=VECTOR('',#1997,1000.);
#1230=VECTOR('',#1998,1000.);
#1231=VECTOR('',#1999,1000.);
#1232=VECTOR('',#2000,1000.);
#1233=VECTOR('',#2001,1000.);
#1234=VECTOR('',#2002,1000.);
#1235=VECTOR('',#2003,1000.);
#1236=VECTOR('',#2006,1000.);
#1237=VECTOR('',#2007,1000.);
#1238=VECTOR('',#2008,1000.);
#1239=VECTOR('',#2009,1000.);
#1240=VECTOR('',#2010,1000.);
#1241=VECTOR('',#2011,1000.);
#1242=VECTOR('',#2012,1000.);
#1243=VECTOR('',#2013,1000.);
#1244=VECTOR('',#2014,1000.);
#1245=VECTOR('',#2017,1000.);
#1246=VECTOR('',#2018,1000.);
#1247=VECTOR('',#2019,1000.);
#1248=VECTOR('',#2020,1000.);
#1249=VECTOR('',#2023,1000.);
#1250=VECTOR('',#2024,1000.);
#1251=VECTOR('',#2025,1000.);
#1252=VECTOR('',#2026,1000.);
#1253=VECTOR('',#2029,1000.);
#1254=VECTOR('',#2030,1000.);
#1255=VECTOR('',#2031,1000.);
#1256=VECTOR('',#2032,1000.);
#1257=VECTOR('',#2035,1000.);
#1258=VECTOR('',#2036,1000.);
#1259=VECTOR('',#2037,1000.);
#1260=VECTOR('',#2038,1000.);
#1261=VECTOR('',#2041,1000.);
#1262=VECTOR('',#2042,1000.);
#1263=VECTOR('',#2043,1000.);
#1264=VECTOR('',#2044,1000.);
#1265=VECTOR('',#2047,1000.);
#1266=VECTOR('',#2048,1000.);
#1267=VECTOR('',#2049,1000.);
#1268=VECTOR('',#2050,1000.);
#1269=VECTOR('',#2053,1000.);
#1270=VECTOR('',#2054,1000.);
#1271=VECTOR('',#2055,1000.);
#1272=VECTOR('',#2056,1000.);
#1273=VECTOR('',#2059,1000.);
#1274=VECTOR('',#2060,1000.);
#1275=VECTOR('',#2061,1000.);
#1276=VECTOR('',#2062,1000.);
#1277=VECTOR('',#2065,1000.);
#1278=VECTOR('',#2066,1000.);
#1279=VECTOR('',#2069,1000.);
#1280=VECTOR('',#2070,1000.);
#1281=VECTOR('',#2071,1000.);
#1282=VECTOR('',#2072,1000.);
#1283=VECTOR('',#2075,1000.);
#1284=VECTOR('',#2076,1000.);
#1285=VECTOR('',#2077,1000.);
#1286=VECTOR('',#2078,1000.);
#1287=VECTOR('',#2081,1000.);
#1288=VECTOR('',#2082,1000.);
#1289=VECTOR('',#2085,1000.);
#1290=VECTOR('',#2086,1000.);
#1291=VECTOR('',#2091,1000.);
#1292=VECTOR('',#2092,1000.);
#1293=VECTOR('',#2093,1000.);
#1294=VECTOR('',#2094,1000.);
#1295=VECTOR('',#2097,1000.);
#1296=VECTOR('',#2098,1000.);
#1297=VECTOR('',#2099,1000.);
#1298=VECTOR('',#2100,1000.);
#1299=VECTOR('',#2103,1000.);
#1300=VECTOR('',#2104,1000.);
#1301=VECTOR('',#2107,1000.);
#1302=VECTOR('',#2108,1000.);
#1303=VECTOR('',#2109,1000.);
#1304=VECTOR('',#2110,1000.);
#1305=VECTOR('',#2113,1000.);
#1306=VECTOR('',#2114,1000.);
#1307=VECTOR('',#2115,1000.);
#1308=VECTOR('',#2116,1000.);
#1309=VECTOR('',#2119,1000.);
#1310=VECTOR('',#2120,1000.);
#1311=VECTOR('',#2123,1000.);
#1312=VECTOR('',#2126,1000.);
#1313=VECTOR('',#2129,1000.);
#1314=VECTOR('',#2130,1000.);
#1315=VECTOR('',#2131,1000.);
#1316=VECTOR('',#2132,1000.);
#1317=VECTOR('',#2135,1000.);
#1318=VECTOR('',#2136,1000.);
#1319=VECTOR('',#2137,1000.);
#1320=VECTOR('',#2138,1000.);
#1321=VECTOR('',#2141,1000.);
#1322=VECTOR('',#2142,1000.);
#1323=VECTOR('',#2143,1000.);
#1324=VECTOR('',#2144,1000.);
#1325=VECTOR('',#2145,1000.);
#1326=VECTOR('',#2146,1000.);
#1327=VECTOR('',#2147,1000.);
#1328=VECTOR('',#2150,1000.);
#1329=VECTOR('',#2151,1000.);
#1330=VECTOR('',#2152,1000.);
#1331=VECTOR('',#2155,1000.);
#1332=VECTOR('',#2156,1000.);
#1333=VECTOR('',#2157,1000.);
#1334=VECTOR('',#2158,1000.);
#1335=VECTOR('',#2161,1000.);
#1336=VECTOR('',#2162,1000.);
#1337=VECTOR('',#2163,1000.);
#1338=VECTOR('',#2164,1000.);
#1339=VECTOR('',#2167,1000.);
#1340=VECTOR('',#2168,1000.);
#1341=VECTOR('',#2171,1000.);
#1342=VECTOR('',#2172,1000.);
#1343=VECTOR('',#2175,1000.);
#1344=VECTOR('',#2176,1000.);
#1345=VECTOR('',#2179,1000.);
#1346=VECTOR('',#2180,1000.);
#1347=VECTOR('',#2183,1000.);
#1348=VECTOR('',#2184,1000.);
#1349=VECTOR('',#2187,1000.);
#1350=VECTOR('',#2188,1000.);
#1351=VECTOR('',#2189,1000.);
#1352=VECTOR('',#2192,1000.);
#1353=VECTOR('',#2193,1000.);
#1354=VECTOR('',#2196,1000.);
#1355=VECTOR('',#2197,1000.);
#1356=VECTOR('',#2200,1000.);
#1357=VECTOR('',#2201,1000.);
#1358=VECTOR('',#2204,1000.);
#1359=VECTOR('',#2205,1000.);
#1360=VECTOR('',#2206,1000.);
#1361=VECTOR('',#2209,1000.);
#1362=VECTOR('',#2210,1000.);
#1363=VECTOR('',#2211,1000.);
#1364=VECTOR('',#2214,1000.);
#1365=VECTOR('',#2215,1000.);
#1366=VECTOR('',#2218,1000.);
#1367=VECTOR('',#2219,1000.);
#1368=VECTOR('',#2222,1000.);
#1369=VECTOR('',#2223,1000.);
#1370=VECTOR('',#2226,1000.);
#1371=VECTOR('',#2227,1000.);
#1372=VECTOR('',#2228,1000.);
#1373=VECTOR('',#2231,1000.);
#1374=VECTOR('',#2232,1000.);
#1375=VECTOR('',#2233,1000.);
#1376=VECTOR('',#2234,1000.);
#1377=VECTOR('',#2235,1000.);
#1378=VECTOR('',#2236,1000.);
#1379=VECTOR('',#2237,1000.);
#1380=VECTOR('',#2238,1000.);
#1381=VECTOR('',#2241,1000.);
#1382=VECTOR('',#2242,1000.);
#1383=VECTOR('',#2243,1000.);
#1384=VECTOR('',#2244,1000.);
#1385=VECTOR('',#2247,1000.);
#1386=VECTOR('',#2248,1000.);
#1387=VECTOR('',#2249,1000.);
#1388=VECTOR('',#2252,1000.);
#1389=VECTOR('',#2253,1000.);
#1390=VECTOR('',#2254,1000.);
#1391=VECTOR('',#2255,1000.);
#1392=VECTOR('',#2258,1000.);
#1393=VECTOR('',#2259,1000.);
#1394=VECTOR('',#2262,1000.);
#1395=VECTOR('',#2263,1000.);
#1396=VECTOR('',#2266,1000.);
#1397=VECTOR('',#2269,1000.);
#1398=VECTOR('',#2270,1000.);
#1399=VECTOR('',#2273,1000.);
#1400=VECTOR('',#2276,1000.);
#1401=VECTOR('',#2277,1000.);
#1402=VECTOR('',#2280,1000.);
#1403=VECTOR('',#2281,1000.);
#1404=VECTOR('',#2284,1000.);
#1405=VECTOR('',#2285,1000.);
#1406=VECTOR('',#2288,1000.);
#1407=VECTOR('',#2289,1000.);
#1408=VECTOR('',#2294,1000.);
#1409=VECTOR('',#2297,1000.);
#1410=VECTOR('',#2300,1000.);
#1411=VECTOR('',#2301,1000.);
#1412=VECTOR('',#2306,1000.);
#1413=VECTOR('',#2307,1000.);
#1414=VECTOR('',#2316,1000.);
#1415=VECTOR('',#2317,1000.);
#1416=VECTOR('',#2318,1000.);
#1417=EDGE_LOOP('',(#20,#21,#22,#23));
#1418=EDGE_LOOP('',(#24,#25,#26,#27));
#1419=EDGE_LOOP('',(#28,#29,#30,#31));
#1420=EDGE_LOOP('',(#32,#33,#34,#35));
#1421=EDGE_LOOP('',(#36,#37,#38,#39));
#1422=EDGE_LOOP('',(#40,#41,#42,#43));
#1423=EDGE_LOOP('',(#44,#45,#46,#47));
#1424=EDGE_LOOP('',(#48,#49,#50,#51));
#1425=EDGE_LOOP('',(#52,#53,#54,#55));
#1426=EDGE_LOOP('',(#56,#57,#58,#59));
#1427=EDGE_LOOP('',(#60,#61,#62,#63));
#1428=EDGE_LOOP('',(#64,#65,#66,#67));
#1429=EDGE_LOOP('',(#68,#69,#70,#71));
#1430=EDGE_LOOP('',(#72,#73,#74,#75));
#1431=EDGE_LOOP('',(#76,#77,#78,#79));
#1432=EDGE_LOOP('',(#80,#81,#82,#83));
#1433=EDGE_LOOP('',(#84,#85,#86,#87));
#1434=EDGE_LOOP('',(#88,#89,#90,#91));
#1435=EDGE_LOOP('',(#92,#93,#94,#95));
#1436=EDGE_LOOP('',(#96,#97,#98));
#1437=EDGE_LOOP('',(#99,#100,#101,#102,#103,#104,#105,#106));
#1438=EDGE_LOOP('',(#107,#108,#109,#110,#111,#112,#113,#114,#115,#116));
#1439=EDGE_LOOP('',(#117,#118,#119,#120));
#1440=EDGE_LOOP('',(#121,#122,#123,#124));
#1441=EDGE_LOOP('',(#125,#126,#127,#128));
#1442=EDGE_LOOP('',(#129,#130,#131,#132));
#1443=EDGE_LOOP('',(#133,#134,#135,#136));
#1444=EDGE_LOOP('',(#137,#138,#139,#140));
#1445=EDGE_LOOP('',(#141,#142,#143,#144));
#1446=EDGE_LOOP('',(#145,#146,#147,#148));
#1447=EDGE_LOOP('',(#149,#150,#151,#152));
#1448=EDGE_LOOP('',(#153,#154,#155,#156));
#1449=EDGE_LOOP('',(#157,#158,#159,#160));
#1450=EDGE_LOOP('',(#161,#162,#163,#164));
#1451=EDGE_LOOP('',(#165,#166,#167,#168));
#1452=EDGE_LOOP('',(#169,#170,#171,#172));
#1453=EDGE_LOOP('',(#173,#174,#175,#176));
#1454=EDGE_LOOP('',(#177,#178,#179,#180));
#1455=EDGE_LOOP('',(#181,#182,#183,#184));
#1456=EDGE_LOOP('',(#185,#186,#187,#188));
#1457=EDGE_LOOP('',(#189,#190,#191,#192));
#1458=EDGE_LOOP('',(#193,#194,#195,#196));
#1459=EDGE_LOOP('',(#197,#198,#199,#200));
#1460=EDGE_LOOP('',(#201,#202,#203,#204));
#1461=EDGE_LOOP('',(#205,#206,#207,#208));
#1462=EDGE_LOOP('',(#209,#210,#211,#212));
#1463=EDGE_LOOP('',(#213,#214,#215,#216,#217,#218,#219,#220));
#1464=EDGE_LOOP('',(#221,#222,#223));
#1465=EDGE_LOOP('',(#224,#225,#226,#227));
#1466=EDGE_LOOP('',(#228,#229,#230,#231,#232,#233));
#1467=EDGE_LOOP('',(#234,#235,#236,#237));
#1468=EDGE_LOOP('',(#238,#239,#240,#241));
#1469=EDGE_LOOP('',(#242,#243,#244,#245));
#1470=EDGE_LOOP('',(#246,#247,#248,#249));
#1471=EDGE_LOOP('',(#250,#251,#252,#253));
#1472=EDGE_LOOP('',(#254,#255,#256,#257,#258,#259));
#1473=EDGE_LOOP('',(#260,#261,#262,#263));
#1474=EDGE_LOOP('',(#264,#265,#266,#267));
#1475=EDGE_LOOP('',(#268,#269,#270,#271));
#1476=EDGE_LOOP('',(#272,#273,#274,#275));
#1477=EDGE_LOOP('',(#276,#277,#278,#279,#280,#281));
#1478=EDGE_LOOP('',(#282,#283,#284,#285));
#1479=EDGE_LOOP('',(#286,#287,#288,#289));
#1480=EDGE_LOOP('',(#290,#291,#292,#293));
#1481=EDGE_LOOP('',(#294,#295,#296,#297,#298,#299,#300,#301));
#1482=EDGE_LOOP('',(#302,#303,#304,#305,#306,#307,#308,#309,#310,#311,#312,
#313,#314,#315,#316,#317,#318,#319,#320,#321,#322,#323,#324,#325,#326,#327,
#328,#329));
#1483=EDGE_LOOP('',(#330,#331,#332,#333));
#1484=EDGE_LOOP('',(#334,#335,#336,#337));
#1485=EDGE_LOOP('',(#338,#339,#340,#341));
#1486=EDGE_LOOP('',(#342,#343,#344,#345));
#1487=EDGE_LOOP('',(#346,#347,#348,#349,#350,#351,#352,#353,#354,#355,#356,
#357));
#1488=EDGE_LOOP('',(#358,#359,#360,#361));
#1489=EDGE_LOOP('',(#362,#363,#364,#365));
#1490=EDGE_LOOP('',(#366,#367,#368,#369));
#1491=EDGE_LOOP('',(#370,#371,#372,#373));
#1492=EDGE_LOOP('',(#374,#375,#376,#377));
#1493=EDGE_LOOP('',(#378,#379,#380,#381));
#1494=EDGE_LOOP('',(#382,#383,#384,#385));
#1495=EDGE_LOOP('',(#386,#387,#388,#389));
#1496=EDGE_LOOP('',(#390,#391,#392,#393,#394,#395));
#1497=EDGE_LOOP('',(#396,#397,#398,#399));
#1498=EDGE_LOOP('',(#400,#401,#402,#403));
#1499=EDGE_LOOP('',(#404,#405,#406,#407));
#1500=EDGE_LOOP('',(#408,#409,#410,#411));
#1501=EDGE_LOOP('',(#412,#413,#414,#415,#416,#417,#418,#419,#420,#421));
#1502=EDGE_LOOP('',(#422,#423,#424,#425,#426,#427,#428,#429));
#1503=EDGE_LOOP('',(#430,#431,#432,#433,#434,#435,#436,#437));
#1504=EDGE_LOOP('',(#438,#439,#440,#441));
#1505=EDGE_LOOP('',(#442,#443,#444,#445));
#1506=EDGE_LOOP('',(#446,#447,#448,#449));
#1507=EDGE_LOOP('',(#450,#451,#452,#453));
#1508=EDGE_LOOP('',(#454,#455,#456,#457));
#1509=EDGE_LOOP('',(#458,#459,#460,#461,#462,#463,#464,#465));
#1510=EDGE_LOOP('',(#466,#467,#468,#469,#470,#471,#472,#473,#474,#475,#476,
#477));
#1511=EDGE_LOOP('',(#478,#479,#480,#481,#482,#483,#484,#485,#486,#487,#488,
#489,#490,#491,#492,#493,#494,#495,#496,#497,#498,#499,#500,#501,#502,#503,
#504,#505));
#1512=EDGE_LOOP('',(#506,#507,#508,#509));
#1513=EDGE_LOOP('',(#510,#511,#512,#513));
#1514=FACE_BOUND('',#1417,.T.);
#1515=FACE_BOUND('',#1418,.T.);
#1516=FACE_BOUND('',#1419,.T.);
#1517=FACE_BOUND('',#1420,.T.);
#1518=FACE_BOUND('',#1421,.T.);
#1519=FACE_BOUND('',#1422,.T.);
#1520=FACE_BOUND('',#1423,.T.);
#1521=FACE_BOUND('',#1424,.T.);
#1522=FACE_BOUND('',#1425,.T.);
#1523=FACE_BOUND('',#1426,.T.);
#1524=FACE_BOUND('',#1427,.T.);
#1525=FACE_BOUND('',#1428,.T.);
#1526=FACE_BOUND('',#1429,.T.);
#1527=FACE_BOUND('',#1430,.T.);
#1528=FACE_BOUND('',#1431,.T.);
#1529=FACE_BOUND('',#1432,.T.);
#1530=FACE_BOUND('',#1433,.T.);
#1531=FACE_BOUND('',#1434,.T.);
#1532=FACE_BOUND('',#1435,.T.);
#1533=FACE_BOUND('',#1436,.T.);
#1534=FACE_BOUND('',#1437,.T.);
#1535=FACE_BOUND('',#1438,.T.);
#1536=FACE_BOUND('',#1439,.T.);
#1537=FACE_BOUND('',#1440,.T.);
#1538=FACE_BOUND('',#1441,.T.);
#1539=FACE_BOUND('',#1442,.T.);
#1540=FACE_BOUND('',#1443,.T.);
#1541=FACE_BOUND('',#1444,.T.);
#1542=FACE_BOUND('',#1445,.T.);
#1543=FACE_BOUND('',#1446,.T.);
#1544=FACE_BOUND('',#1447,.T.);
#1545=FACE_BOUND('',#1448,.T.);
#1546=FACE_BOUND('',#1449,.T.);
#1547=FACE_BOUND('',#1450,.T.);
#1548=FACE_BOUND('',#1451,.T.);
#1549=FACE_BOUND('',#1452,.T.);
#1550=FACE_BOUND('',#1453,.T.);
#1551=FACE_BOUND('',#1454,.T.);
#1552=FACE_BOUND('',#1455,.T.);
#1553=FACE_BOUND('',#1456,.T.);
#1554=FACE_BOUND('',#1457,.T.);
#1555=FACE_BOUND('',#1458,.T.);
#1556=FACE_BOUND('',#1459,.T.);
#1557=FACE_BOUND('',#1460,.T.);
#1558=FACE_BOUND('',#1461,.T.);
#1559=FACE_BOUND('',#1462,.T.);
#1560=FACE_BOUND('',#1463,.T.);
#1561=FACE_BOUND('',#1464,.T.);
#1562=FACE_BOUND('',#1465,.T.);
#1563=FACE_BOUND('',#1466,.T.);
#1564=FACE_BOUND('',#1467,.T.);
#1565=FACE_BOUND('',#1468,.T.);
#1566=FACE_BOUND('',#1469,.T.);
#1567=FACE_BOUND('',#1470,.T.);
#1568=FACE_BOUND('',#1471,.T.);
#1569=FACE_BOUND('',#1472,.T.);
#1570=FACE_BOUND('',#1473,.T.);
#1571=FACE_BOUND('',#1474,.T.);
#1572=FACE_BOUND('',#1475,.T.);
#1573=FACE_BOUND('',#1476,.T.);
#1574=FACE_BOUND('',#1477,.T.);
#1575=FACE_BOUND('',#1478,.T.);
#1576=FACE_BOUND('',#1479,.T.);
#1577=FACE_BOUND('',#1480,.T.);
#1578=FACE_BOUND('',#1481,.T.);
#1579=FACE_BOUND('',#1482,.T.);
#1580=FACE_BOUND('',#1483,.T.);
#1581=FACE_BOUND('',#1484,.T.);
#1582=FACE_BOUND('',#1485,.T.);
#1583=FACE_BOUND('',#1486,.T.);
#1584=FACE_BOUND('',#1487,.T.);
#1585=FACE_BOUND('',#1488,.T.);
#1586=FACE_BOUND('',#1489,.T.);
#1587=FACE_BOUND('',#1490,.T.);
#1588=FACE_BOUND('',#1491,.T.);
#1589=FACE_BOUND('',#1492,.T.);
#1590=FACE_BOUND('',#1493,.T.);
#1591=FACE_BOUND('',#1494,.T.);
#1592=FACE_BOUND('',#1495,.T.);
#1593=FACE_BOUND('',#1496,.T.);
#1594=FACE_BOUND('',#1497,.T.);
#1595=FACE_BOUND('',#1498,.T.);
#1596=FACE_BOUND('',#1499,.T.);
#1597=FACE_BOUND('',#1500,.T.);
#1598=FACE_BOUND('',#1501,.T.);
#1599=FACE_BOUND('',#1502,.T.);
#1600=FACE_BOUND('',#1503,.T.);
#1601=FACE_BOUND('',#1504,.T.);
#1602=FACE_BOUND('',#1505,.T.);
#1603=FACE_BOUND('',#1506,.T.);
#1604=FACE_BOUND('',#1507,.T.);
#1605=FACE_BOUND('',#1508,.T.);
#1606=FACE_BOUND('',#1509,.T.);
#1607=FACE_BOUND('',#1510,.T.);
#1608=FACE_BOUND('',#1511,.T.);
#1609=FACE_BOUND('',#1512,.T.);
#1610=FACE_BOUND('',#1513,.T.);
#1611=PLANE('',#1804);
#1612=PLANE('',#1805);
#1613=PLANE('',#1806);
#1614=PLANE('',#1807);
#1615=PLANE('',#1808);
#1616=PLANE('',#1809);
#1617=PLANE('',#1810);
#1618=PLANE('',#1811);
#1619=PLANE('',#1812);
#1620=PLANE('',#1813);
#1621=PLANE('',#1814);
#1622=PLANE('',#1815);
#1623=PLANE('',#1816);
#1624=PLANE('',#1817);
#1625=PLANE('',#1818);
#1626=PLANE('',#1819);
#1627=PLANE('',#1820);
#1628=PLANE('',#1821);
#1629=PLANE('',#1822);
#1630=PLANE('',#1823);
#1631=PLANE('',#1824);
#1632=PLANE('',#1825);
#1633=PLANE('',#1826);
#1634=PLANE('',#1827);
#1635=PLANE('',#1828);
#1636=PLANE('',#1829);
#1637=PLANE('',#1830);
#1638=PLANE('',#1831);
#1639=PLANE('',#1832);
#1640=PLANE('',#1833);
#1641=PLANE('',#1834);
#1642=PLANE('',#1835);
#1643=PLANE('',#1836);
#1644=PLANE('',#1837);
#1645=PLANE('',#1838);
#1646=PLANE('',#1839);
#1647=PLANE('',#1840);
#1648=PLANE('',#1841);
#1649=PLANE('',#1842);
#1650=PLANE('',#1843);
#1651=PLANE('',#1844);
#1652=PLANE('',#1845);
#1653=PLANE('',#1846);
#1654=PLANE('',#1847);
#1655=PLANE('',#1848);
#1656=PLANE('',#1849);
#1657=PLANE('',#1850);
#1658=PLANE('',#1851);
#1659=PLANE('',#1852);
#1660=PLANE('',#1853);
#1661=PLANE('',#1854);
#1662=PLANE('',#1855);
#1663=PLANE('',#1856);
#1664=PLANE('',#1857);
#1665=PLANE('',#1858);
#1666=PLANE('',#1859);
#1667=PLANE('',#1860);
#1668=PLANE('',#1861);
#1669=PLANE('',#1862);
#1670=PLANE('',#1863);
#1671=PLANE('',#1864);
#1672=PLANE('',#1865);
#1673=PLANE('',#1866);
#1674=PLANE('',#1867);
#1675=PLANE('',#1868);
#1676=PLANE('',#1869);
#1677=PLANE('',#1870);
#1678=PLANE('',#1871);
#1679=PLANE('',#1872);
#1680=PLANE('',#1873);
#1681=PLANE('',#1874);
#1682=PLANE('',#1875);
#1683=PLANE('',#1876);
#1684=PLANE('',#1877);
#1685=PLANE('',#1878);
#1686=PLANE('',#1879);
#1687=PLANE('',#1880);
#1688=PLANE('',#1881);
#1689=PLANE('',#1882);
#1690=PLANE('',#1883);
#1691=PLANE('',#1884);
#1692=PLANE('',#1885);
#1693=PLANE('',#1886);
#1694=PLANE('',#1887);
#1695=PLANE('',#1888);
#1696=PLANE('',#1889);
#1697=PLANE('',#1890);
#1698=PLANE('',#1891);
#1699=PLANE('',#1892);
#1700=PLANE('',#1893);
#1701=ADVANCED_FACE('',(#1514),#1611,.F.);
#1702=ADVANCED_FACE('',(#1515),#1612,.F.);
#1703=ADVANCED_FACE('',(#1516),#1613,.T.);
#1704=ADVANCED_FACE('',(#1517),#1614,.F.);
#1705=ADVANCED_FACE('',(#1518),#1615,.F.);
#1706=ADVANCED_FACE('',(#1519),#1616,.T.);
#1707=ADVANCED_FACE('',(#1520),#1617,.F.);
#1708=ADVANCED_FACE('',(#1521),#1618,.F.);
#1709=ADVANCED_FACE('',(#1522),#1619,.F.);
#1710=ADVANCED_FACE('',(#1523),#1620,.T.);
#1711=ADVANCED_FACE('',(#1524),#1621,.F.);
#1712=ADVANCED_FACE('',(#1525),#1622,.T.);
#1713=ADVANCED_FACE('',(#1526),#1623,.T.);
#1714=ADVANCED_FACE('',(#1527),#1624,.F.);
#1715=ADVANCED_FACE('',(#1528),#1625,.T.);
#1716=ADVANCED_FACE('',(#1529),#1626,.F.);
#1717=ADVANCED_FACE('',(#1530),#1627,.T.);
#1718=ADVANCED_FACE('',(#1531),#1628,.T.);
#1719=ADVANCED_FACE('',(#1532),#1629,.F.);
#1720=ADVANCED_FACE('',(#1533),#1630,.F.);
#1721=ADVANCED_FACE('',(#1534),#1631,.T.);
#1722=ADVANCED_FACE('',(#1535),#1632,.F.);
#1723=ADVANCED_FACE('',(#1536),#1633,.F.);
#1724=ADVANCED_FACE('',(#1537),#1634,.F.);
#1725=ADVANCED_FACE('',(#1538),#1635,.T.);
#1726=ADVANCED_FACE('',(#1539),#1636,.F.);
#1727=ADVANCED_FACE('',(#1540),#1637,.F.);
#1728=ADVANCED_FACE('',(#1541),#1638,.F.);
#1729=ADVANCED_FACE('',(#1542),#1639,.F.);
#1730=ADVANCED_FACE('',(#1543),#1640,.T.);
#1731=ADVANCED_FACE('',(#1544),#1641,.T.);
#1732=ADVANCED_FACE('',(#1545),#1642,.F.);
#1733=ADVANCED_FACE('',(#1546),#1643,.T.);
#1734=ADVANCED_FACE('',(#1547),#1644,.T.);
#1735=ADVANCED_FACE('',(#1548),#1645,.T.);
#1736=ADVANCED_FACE('',(#1549),#1646,.T.);
#1737=ADVANCED_FACE('',(#1550),#1647,.T.);
#1738=ADVANCED_FACE('',(#1551),#1648,.F.);
#1739=ADVANCED_FACE('',(#1552),#1649,.F.);
#1740=ADVANCED_FACE('',(#1553),#1650,.T.);
#1741=ADVANCED_FACE('',(#1554),#1651,.F.);
#1742=ADVANCED_FACE('',(#1555),#1652,.T.);
#1743=ADVANCED_FACE('',(#1556),#1653,.F.);
#1744=ADVANCED_FACE('',(#1557),#1654,.F.);
#1745=ADVANCED_FACE('',(#1558),#1655,.T.);
#1746=ADVANCED_FACE('',(#1559),#1656,.F.);
#1747=ADVANCED_FACE('',(#1560),#1657,.T.);
#1748=ADVANCED_FACE('',(#1561),#1658,.F.);
#1749=ADVANCED_FACE('',(#1562),#1659,.F.);
#1750=ADVANCED_FACE('',(#1563),#1660,.F.);
#1751=ADVANCED_FACE('',(#1564),#1661,.F.);
#1752=ADVANCED_FACE('',(#1565),#1662,.F.);
#1753=ADVANCED_FACE('',(#1566),#1663,.F.);
#1754=ADVANCED_FACE('',(#1567),#1664,.F.);
#1755=ADVANCED_FACE('',(#1568),#1665,.F.);
#1756=ADVANCED_FACE('',(#1569),#1666,.F.);
#1757=ADVANCED_FACE('',(#1570),#1667,.F.);
#1758=ADVANCED_FACE('',(#1571),#1668,.T.);
#1759=ADVANCED_FACE('',(#1572),#1669,.T.);
#1760=ADVANCED_FACE('',(#1573),#1670,.F.);
#1761=ADVANCED_FACE('',(#1574),#1671,.F.);
#1762=ADVANCED_FACE('',(#1575),#1672,.F.);
#1763=ADVANCED_FACE('',(#1576),#1673,.F.);
#1764=ADVANCED_FACE('',(#1577),#1674,.F.);
#1765=ADVANCED_FACE('',(#1578),#1675,.F.);
#1766=ADVANCED_FACE('',(#1579,#1580,#1581),#1676,.F.);
#1767=ADVANCED_FACE('',(#1582,#1583),#1677,.F.);
#1768=ADVANCED_FACE('',(#1584),#1678,.F.);
#1769=ADVANCED_FACE('',(#1585),#1679,.F.);
#1770=ADVANCED_FACE('',(#1586,#1587),#1680,.F.);
#1771=ADVANCED_FACE('',(#1588,#1589),#1681,.F.);
#1772=ADVANCED_FACE('',(#1590),#1682,.F.);
#1773=ADVANCED_FACE('',(#1591),#1683,.F.);
#1774=ADVANCED_FACE('',(#1592),#1684,.F.);
#1775=ADVANCED_FACE('',(#1593),#1685,.F.);
#1776=ADVANCED_FACE('',(#1594),#1686,.F.);
#1777=ADVANCED_FACE('',(#1595),#1687,.F.);
#1778=ADVANCED_FACE('',(#1596),#1688,.F.);
#1779=ADVANCED_FACE('',(#1597),#1689,.F.);
#1780=ADVANCED_FACE('',(#1598),#1690,.F.);
#1781=ADVANCED_FACE('',(#1599),#1691,.F.);
#1782=ADVANCED_FACE('',(#1600),#1692,.F.);
#1783=ADVANCED_FACE('',(#1601),#1693,.F.);
#1784=ADVANCED_FACE('',(#1602),#1694,.F.);
#1785=ADVANCED_FACE('',(#1603),#1695,.T.);
#1786=ADVANCED_FACE('',(#1604),#1696,.F.);
#1787=ADVANCED_FACE('',(#1605),#1697,.F.);
#1788=ADVANCED_FACE('',(#1606),#1698,.F.);
#1789=ADVANCED_FACE('',(#1607),#1699,.F.);
#1790=ADVANCED_FACE('',(#1608,#1609,#1610),#1700,.F.);
#1791=CLOSED_SHELL('',(#1701,#1702,#1703,#1704,#1705,#1706,#1707,#1708,
#1709,#1710,#1711,#1712,#1713,#1714,#1715,#1716,#1717,#1718,#1719,#1720,
#1721,#1722,#1723,#1724,#1725,#1726,#1727,#1728,#1729,#1730,#1731,#1732,
#1733,#1734,#1735,#1736,#1737,#1738,#1739,#1740,#1741,#1742,#1743,#1744,
#1745,#1746,#1747,#1748,#1749,#1750,#1751,#1752,#1753,#1754,#1755,#1756,
#1757,#1758,#1759,#1760,#1761,#1762,#1763,#1764,#1765,#1766,#1767,#1768,
#1769,#1770,#1771,#1772,#1773,#1774,#1775,#1776,#1777,#1778,#1779,#1780,
#1781,#1782,#1783,#1784,#1785,#1786,#1787,#1788,#1789,#1790));
#1792=STYLED_ITEM('',(#1793),#1800);
#1793=PRESENTATION_STYLE_ASSIGNMENT((#1794));
#1794=SURFACE_STYLE_USAGE(.BOTH.,#1795);
#1795=SURFACE_SIDE_STYLE('',(#1796));
#1796=SURFACE_STYLE_FILL_AREA(#1797);
#1797=FILL_AREA_STYLE('',(#1798));
#1798=FILL_AREA_STYLE_COLOUR('',#1799);
#1799=COLOUR_RGB('',0.699999988079071,0.699999988079071,0.699999988079071);
#1800=MANIFOLD_SOLID_BREP('¾µÏò1',#1791);
#1801=SHAPE_DEFINITION_REPRESENTATION(#2829,#1802);
#1802=SHAPE_REPRESENTATION('CBR3030',(#1803),#2824);
#1803=AXIS2_PLACEMENT_3D('',#2323,#1894,#1895);
#1804=AXIS2_PLACEMENT_3D('',#2324,#1896,#1897);
#1805=AXIS2_PLACEMENT_3D('',#2333,#1902,#1903);
#1806=AXIS2_PLACEMENT_3D('',#2342,#1908,#1909);
#1807=AXIS2_PLACEMENT_3D('',#2351,#1914,#1915);
#1808=AXIS2_PLACEMENT_3D('',#2354,#1918,#1919);
#1809=AXIS2_PLACEMENT_3D('',#2363,#1924,#1925);
#1810=AXIS2_PLACEMENT_3D('',#2372,#1930,#1931);
#1811=AXIS2_PLACEMENT_3D('',#2375,#1934,#1935);
#1812=AXIS2_PLACEMENT_3D('',#2378,#1938,#1939);
#1813=AXIS2_PLACEMENT_3D('',#2379,#1940,#1941);
#1814=AXIS2_PLACEMENT_3D('',#2388,#1946,#1947);
#1815=AXIS2_PLACEMENT_3D('',#2397,#1952,#1953);
#1816=AXIS2_PLACEMENT_3D('',#2400,#1956,#1957);
#1817=AXIS2_PLACEMENT_3D('',#2409,#1962,#1963);
#1818=AXIS2_PLACEMENT_3D('',#2418,#1968,#1969);
#1819=AXIS2_PLACEMENT_3D('',#2421,#1972,#1973);
#1820=AXIS2_PLACEMENT_3D('',#2423,#1975,#1976);
#1821=AXIS2_PLACEMENT_3D('',#2425,#1978,#1979);
#1822=AXIS2_PLACEMENT_3D('',#2434,#1984,#1985);
#1823=AXIS2_PLACEMENT_3D('',#2443,#1990,#1991);
#1824=AXIS2_PLACEMENT_3D('',#2450,#1995,#1996);
#1825=AXIS2_PLACEMENT_3D('',#2464,#2004,#2005);
#1826=AXIS2_PLACEMENT_3D('',#2482,#2015,#2016);
#1827=AXIS2_PLACEMENT_3D('',#2491,#2021,#2022);
#1828=AXIS2_PLACEMENT_3D('',#2500,#2027,#2028);
#1829=AXIS2_PLACEMENT_3D('',#2508,#2033,#2034);
#1830=AXIS2_PLACEMENT_3D('',#2516,#2039,#2040);
#1831=AXIS2_PLACEMENT_3D('',#2524,#2045,#2046);
#1832=AXIS2_PLACEMENT_3D('',#2533,#2051,#2052);
#1833=AXIS2_PLACEMENT_3D('',#2542,#2057,#2058);
#1834=AXIS2_PLACEMENT_3D('',#2551,#2063,#2064);
#1835=AXIS2_PLACEMENT_3D('',#2554,#2067,#2068);
#1836=AXIS2_PLACEMENT_3D('',#2563,#2073,#2074);
#1837=AXIS2_PLACEMENT_3D('',#2572,#2079,#2080);
#1838=AXIS2_PLACEMENT_3D('',#2575,#2083,#2084);
#1839=AXIS2_PLACEMENT_3D('',#2578,#2087,#2088);
#1840=AXIS2_PLACEMENT_3D('',#2579,#2089,#2090);
#1841=AXIS2_PLACEMENT_3D('',#2588,#2095,#2096);
#1842=AXIS2_PLACEMENT_3D('',#2597,#2101,#2102);
#1843=AXIS2_PLACEMENT_3D('',#2600,#2105,#2106);
#1844=AXIS2_PLACEMENT_3D('',#2609,#2111,#2112);
#1845=AXIS2_PLACEMENT_3D('',#2618,#2117,#2118);
#1846=AXIS2_PLACEMENT_3D('',#2621,#2121,#2122);
#1847=AXIS2_PLACEMENT_3D('',#2623,#2124,#2125);
#1848=AXIS2_PLACEMENT_3D('',#2625,#2127,#2128);
#1849=AXIS2_PLACEMENT_3D('',#2634,#2133,#2134);
#1850=AXIS2_PLACEMENT_3D('',#2643,#2139,#2140);
#1851=AXIS2_PLACEMENT_3D('',#2657,#2148,#2149);
#1852=AXIS2_PLACEMENT_3D('',#2664,#2153,#2154);
#1853=AXIS2_PLACEMENT_3D('',#2673,#2159,#2160);
#1854=AXIS2_PLACEMENT_3D('',#2680,#2165,#2166);
#1855=AXIS2_PLACEMENT_3D('',#2684,#2169,#2170);
#1856=AXIS2_PLACEMENT_3D('',#2688,#2173,#2174);
#1857=AXIS2_PLACEMENT_3D('',#2692,#2177,#2178);
#1858=AXIS2_PLACEMENT_3D('',#2696,#2181,#2182);
#1859=AXIS2_PLACEMENT_3D('',#2700,#2185,#2186);
#1860=AXIS2_PLACEMENT_3D('',#2706,#2190,#2191);
#1861=AXIS2_PLACEMENT_3D('',#2710,#2194,#2195);
#1862=AXIS2_PLACEMENT_3D('',#2714,#2198,#2199);
#1863=AXIS2_PLACEMENT_3D('',#2718,#2202,#2203);
#1864=AXIS2_PLACEMENT_3D('',#2724,#2207,#2208);
#1865=AXIS2_PLACEMENT_3D('',#2730,#2212,#2213);
#1866=AXIS2_PLACEMENT_3D('',#2734,#2216,#2217);
#1867=AXIS2_PLACEMENT_3D('',#2738,#2220,#2221);
#1868=AXIS2_PLACEMENT_3D('',#2742,#2224,#2225);
#1869=AXIS2_PLACEMENT_3D('',#2746,#2229,#2230);
#1870=AXIS2_PLACEMENT_3D('',#2756,#2239,#2240);
#1871=AXIS2_PLACEMENT_3D('',#2761,#2245,#2246);
#1872=AXIS2_PLACEMENT_3D('',#2765,#2250,#2251);
#1873=AXIS2_PLACEMENT_3D('',#2774,#2256,#2257);
#1874=AXIS2_PLACEMENT_3D('',#2777,#2260,#2261);
#1875=AXIS2_PLACEMENT_3D('',#2780,#2264,#2265);
#1876=AXIS2_PLACEMENT_3D('',#2782,#2267,#2268);
#1877=AXIS2_PLACEMENT_3D('',#2785,#2271,#2272);
#1878=AXIS2_PLACEMENT_3D('',#2787,#2274,#2275);
#1879=AXIS2_PLACEMENT_3D('',#2791,#2278,#2279);
#1880=AXIS2_PLACEMENT_3D('',#2795,#2282,#2283);
#1881=AXIS2_PLACEMENT_3D('',#2798,#2286,#2287);
#1882=AXIS2_PLACEMENT_3D('',#2802,#2290,#2291);
#1883=AXIS2_PLACEMENT_3D('',#2803,#2292,#2293);
#1884=AXIS2_PLACEMENT_3D('',#2805,#2295,#2296);
#1885=AXIS2_PLACEMENT_3D('',#2807,#2298,#2299);
#1886=AXIS2_PLACEMENT_3D('',#2810,#2302,#2303);
#1887=AXIS2_PLACEMENT_3D('',#2811,#2304,#2305);
#1888=AXIS2_PLACEMENT_3D('',#2814,#2308,#2309);
#1889=AXIS2_PLACEMENT_3D('',#2815,#2310,#2311);
#1890=AXIS2_PLACEMENT_3D('',#2816,#2312,#2313);
#1891=AXIS2_PLACEMENT_3D('',#2817,#2314,#2315);
#1892=AXIS2_PLACEMENT_3D('',#2821,#2319,#2320);
#1893=AXIS2_PLACEMENT_3D('',#2822,#2321,#2322);
#1894=DIRECTION('',(0.,0.,1.));
#1895=DIRECTION('',(1.,0.,0.));
#1896=DIRECTION('',(0.707106781186545,-1.76635401601924E-15,0.70710678118655));
#1897=DIRECTION('',(0.70710678118655,-1.65841015948474E-15,-0.707106781186545));
#1898=DIRECTION('',(0.70710678118655,-1.65841015948474E-15,-0.707106781186545));
#1899=DIRECTION('',(-2.42167397246362E-15,-1.,-7.63278329429809E-17));
#1900=DIRECTION('',(-0.70710678118655,1.65841015948474E-15,0.707106781186545));
#1901=DIRECTION('',(2.42167397246362E-15,1.,7.63278329429809E-17));
#1902=DIRECTION('',(-2.42167397246362E-15,-1.,-7.63278329429809E-17));
#1903=DIRECTION('',(-1.,2.42167397246362E-15,-5.27355936696951E-16));
#1904=DIRECTION('',(0.707106781186535,-1.76635401601922E-15,0.70710678118656));
#1905=DIRECTION('',(1.,-2.42167397246362E-15,5.27355936696951E-16));
#1906=DIRECTION('',(-0.819152044288989,2.02749903155885E-15,-0.57357643635105));
#1907=DIRECTION('',(-7.17465202518788E-16,-7.63278329429792E-17,1.));
#1908=DIRECTION('',(-2.42167397246362E-15,-1.,-7.63278329429809E-17));
#1909=DIRECTION('',(-1.,2.42167397246362E-15,-5.27355936696951E-16));
#1910=DIRECTION('',(0.707106781186535,-1.76635401601922E-15,0.70710678118656));
#1911=DIRECTION('',(-7.17465202518788E-16,-7.63278329429792E-17,1.));
#1912=DIRECTION('',(-0.819152044288989,2.02749903155885E-15,-0.57357643635105));
#1913=DIRECTION('',(1.,-2.42167397246362E-15,5.27355936696951E-16));
#1914=DIRECTION('',(-0.57357643635105,1.32649102673838E-15,0.819152044288989));
#1915=DIRECTION('',(0.819152044288989,-2.02749903155885E-15,0.57357643635105));
#1916=DIRECTION('',(-2.42167397246362E-15,-1.,-7.63278329429809E-17));
#1917=DIRECTION('',(-2.42167397246362E-15,-1.,-7.63278329429809E-17));
#1918=DIRECTION('',(-2.42167397246362E-15,-1.,-7.63278329429809E-17));
#1919=DIRECTION('',(-1.,2.42167397246362E-15,-5.27355936696951E-16));
#1920=DIRECTION('',(-1.,2.42167397246362E-15,-5.27355936696951E-16));
#1921=DIRECTION('',(-1.74409098274708E-14,-7.63278329429386E-17,1.));
#1922=DIRECTION('',(1.,-2.42167397246362E-15,5.27355936696951E-16));
#1923=DIRECTION('',(-0.707106781186549,1.76635401601925E-15,-0.707106781186546));
#1924=DIRECTION('',(-2.42167397246362E-15,-1.,-7.63278329429809E-17));
#1925=DIRECTION('',(-1.,2.42167397246362E-15,-5.27355936696951E-16));
#1926=DIRECTION('',(-1.,2.42167397246362E-15,-5.27355936696951E-16));
#1927=DIRECTION('',(-0.707106781186549,1.76635401601925E-15,-0.707106781186546));
#1928=DIRECTION('',(1.,-2.42167397246362E-15,5.27355936696951E-16));
#1929=DIRECTION('',(-1.74409098274708E-14,-7.63278329429386E-17,1.));
#1930=DIRECTION('',(-0.707106781186546,1.65841015948473E-15,0.707106781186549));
#1931=DIRECTION('',(0.707106781186549,-1.76635401601925E-15,0.707106781186546));
#1932=DIRECTION('',(-2.42167397246362E-15,-1.,-7.63278329429809E-17));
#1933=DIRECTION('',(-2.42167397246362E-15,-1.,-7.63278329429809E-17));
#1934=DIRECTION('',(1.,-2.42167397246362E-15,1.74409098274708E-14));
#1935=DIRECTION('',(1.74409098274708E-14,7.63278329429386E-17,-1.));
#1936=DIRECTION('',(-2.42167397246362E-15,-1.,-7.63278329429809E-17));
#1937=DIRECTION('',(-2.42167397246362E-15,-1.,-7.63278329429809E-17));
#1938=DIRECTION('',(-5.27355936696951E-16,-7.63278329429796E-17,1.));
#1939=DIRECTION('',(2.42167397246362E-15,1.,7.63278329429809E-17));
#1940=DIRECTION('',(2.42167397246362E-15,1.,7.63278329429809E-17));
#1941=DIRECTION('',(1.,-2.42167397246362E-15,5.27355936696951E-16));
#1942=DIRECTION('',(-1.,2.42167397246362E-15,-5.27355936696951E-16));
#1943=DIRECTION('',(-0.573576436351044,1.45153922752115E-15,-0.819152044288993));
#1944=DIRECTION('',(5.27355936696951E-16,7.63278329429796E-17,-1.));
#1945=DIRECTION('',(-0.707106781186537,1.76635401601922E-15,-0.707106781186558));
#1946=DIRECTION('',(2.42167397246362E-15,1.,7.63278329429809E-17));
#1947=DIRECTION('',(1.,-2.42167397246362E-15,5.27355936696951E-16));
#1948=DIRECTION('',(-1.,2.42167397246362E-15,-5.27355936696951E-16));
#1949=DIRECTION('',(-0.707106781186537,1.76635401601922E-15,-0.707106781186558));
#1950=DIRECTION('',(5.27355936696951E-16,7.63278329429796E-17,-1.));
#1951=DIRECTION('',(-0.573576436351044,1.45153922752115E-15,-0.819152044288993));
#1952=DIRECTION('',(-0.819152044288993,1.93993933873119E-15,0.573576436351044));
#1953=DIRECTION('',(0.573576436351044,-1.45153922752115E-15,0.819152044288993));
#1954=DIRECTION('',(-2.42167397246362E-15,-1.,-7.63278329429809E-17));
#1955=DIRECTION('',(-2.42167397246362E-15,-1.,-7.63278329429809E-17));
#1956=DIRECTION('',(2.42167397246362E-15,1.,7.63278329429809E-17));
#1957=DIRECTION('',(1.,-2.42167397246362E-15,5.27355936696951E-16));
#1958=DIRECTION('',(-0.707106781186552,1.76635401601926E-15,-0.707106781186543));
#1959=DIRECTION('',(-4.93069637407053E-16,7.63278329429821E-17,-1.));
#1960=DIRECTION('',(-1.,2.42167397246362E-15,-5.27355936696951E-16));
#1961=DIRECTION('',(5.27355936696951E-16,7.63278329429796E-17,-1.));
#1962=DIRECTION('',(2.42167397246362E-15,1.,7.63278329429809E-17));
#1963=DIRECTION('',(1.,-2.42167397246362E-15,5.27355936696951E-16));
#1964=DIRECTION('',(-0.707106781186552,1.76635401601926E-15,-0.707106781186543));
#1965=DIRECTION('',(5.27355936696951E-16,7.63278329429796E-17,-1.));
#1966=DIRECTION('',(-1.,2.42167397246362E-15,-5.27355936696951E-16));
#1967=DIRECTION('',(-4.93069637407053E-16,7.63278329429821E-17,-1.));
#1968=DIRECTION('',(-1.,2.42167397246362E-15,-5.27355936696951E-16));
#1969=DIRECTION('',(-2.42167397246362E-15,-1.,-7.63278329429809E-17));
#1970=DIRECTION('',(-2.42167397246362E-15,-1.,-7.63278329429809E-17));
#1971=DIRECTION('',(-2.42167397246362E-15,-1.,-7.63278329429809E-17));
#1972=DIRECTION('',(-5.27355936696951E-16,-7.63278329429796E-17,1.));
#1973=DIRECTION('',(2.42167397246362E-15,1.,7.63278329429809E-17));
#1974=DIRECTION('',(-2.42167397246362E-15,-1.,-7.63278329429809E-17));
#1975=DIRECTION('',(-0.707106781186543,1.65841015948473E-15,0.707106781186552));
#1976=DIRECTION('',(0.707106781186552,-1.76635401601926E-15,0.707106781186543));
#1977=DIRECTION('',(-2.42167397246362E-15,-1.,-7.63278329429809E-17));
#1978=DIRECTION('',(2.42167397246362E-15,1.,7.63278329429809E-17));
#1979=DIRECTION('',(1.,-2.42167397246362E-15,5.27355936696951E-16));
#1980=DIRECTION('',(1.,-2.42167397246362E-15,5.27355936696951E-16));
#1981=DIRECTION('',(-0.70710678118655,1.76635401601926E-15,-0.707106781186545));
#1982=DIRECTION('',(-1.,2.42167397246362E-15,-5.27355936696951E-16));
#1983=DIRECTION('',(-1.39471767468536E-15,-7.63278329429776E-17,1.));
#1984=DIRECTION('',(-2.42167397246362E-15,-1.,-7.63278329429809E-17));
#1985=DIRECTION('',(-1.,2.42167397246362E-15,-5.27355936696951E-16));
#1986=DIRECTION('',(-4.93069637407053E-16,7.63278329429821E-17,-1.));
#1987=DIRECTION('',(-1.,2.42167397246362E-15,-5.27355936696951E-16));
#1988=DIRECTION('',(-5.27355936696951E-16,-7.63278329429796E-17,1.));
#1989=DIRECTION('',(0.707106781186548,-1.76635401601925E-15,0.707106781186547));
#1990=DIRECTION('',(-2.42167397246362E-15,-1.,-7.63278329429809E-17));
#1991=DIRECTION('',(-1.,2.42167397246362E-15,-5.27355936696951E-16));
#1992=DIRECTION('',(1.,-2.42167397246362E-15,5.27355936696951E-16));
#1993=DIRECTION('',(5.27355936696951E-16,7.63278329429796E-17,-1.));
#1994=DIRECTION('',(0.707106781186548,-1.65841015948474E-15,-0.707106781186547));
#1995=DIRECTION('',(-2.42167397246362E-15,-1.,-7.63278329429809E-17));
#1996=DIRECTION('',(-1.,2.42167397246362E-15,-5.27355936696951E-16));
#1997=DIRECTION('',(-5.27355936696951E-16,-7.63278329429796E-17,1.));
#1998=DIRECTION('',(-1.,2.42167397246362E-15,-5.27355936696951E-16));
#1999=DIRECTION('',(-0.707106781186535,1.76635401601922E-15,-0.70710678118656));
#2000=DIRECTION('',(5.27355936696951E-16,7.63278329429796E-17,-1.));
#2001=DIRECTION('',(0.707106781186548,-1.65841015948474E-15,-0.707106781186547));
#2002=DIRECTION('',(1.,-2.42167397246362E-15,5.27355936696951E-16));
#2003=DIRECTION('',(0.707106781186537,-1.76635401601922E-15,0.707106781186558));
#2004=DIRECTION('',(-2.42167397246362E-15,-1.,-7.63278329429809E-17));
#2005=DIRECTION('',(-1.,2.42167397246362E-15,-5.27355936696951E-16));
#2006=DIRECTION('',(-1.,2.42167397246362E-15,-5.27355936696951E-16));
#2007=DIRECTION('',(-5.27355936696951E-16,-7.63278329429796E-17,1.));
#2008=DIRECTION('',(-0.707106781186531,1.76635401601921E-15,-0.707106781186564));
#2009=DIRECTION('',(-0.707106781186557,1.65841015948476E-15,0.707106781186538));
#2010=DIRECTION('',(0.707106781186554,-1.76635401601926E-15,0.707106781186541));
#2011=DIRECTION('',(-0.707106781186548,1.65841015948474E-15,0.707106781186547));
#2012=DIRECTION('',(-0.707106781186537,1.76635401601922E-15,-0.707106781186558));
#2013=DIRECTION('',(-0.707106781186544,1.65841015948473E-15,0.707106781186551));
#2014=DIRECTION('',(0.707106781186535,-1.76635401601922E-15,0.70710678118656));
#2015=DIRECTION('',(-2.42167397246362E-15,-1.,-7.63278329429809E-17));
#2016=DIRECTION('',(-1.,2.42167397246362E-15,-5.27355936696951E-16));
#2017=DIRECTION('',(-0.707106781186562,1.65841015948477E-15,0.707106781186533));
#2018=DIRECTION('',(0.707106781186535,-1.76635401601922E-15,0.70710678118656));
#2019=DIRECTION('',(-5.27355936696951E-16,-7.63278329429796E-17,1.));
#2020=DIRECTION('',(-0.707106781186534,1.76635401601922E-15,-0.707106781186561));
#2021=DIRECTION('',(-2.42167397246362E-15,-1.,-7.63278329429809E-17));
#2022=DIRECTION('',(-1.,2.42167397246362E-15,-5.27355936696951E-16));
#2023=DIRECTION('',(-0.707106781186566,1.65841015948478E-15,0.707106781186529));
#2024=DIRECTION('',(0.707106781186548,-1.76635401601925E-15,0.707106781186547));
#2025=DIRECTION('',(-1.,2.42167397246362E-15,-5.27355936696951E-16));
#2026=DIRECTION('',(-0.70710678118653,1.76635401601921E-15,-0.707106781186565));
#2027=DIRECTION('',(-2.42167397246362E-15,-1.,-7.63278329429809E-17));
#2028=DIRECTION('',(-1.,2.42167397246362E-15,-5.27355936696951E-16));
#2029=DIRECTION('',(1.,-2.42167397246362E-15,5.27355936696951E-16));
#2030=DIRECTION('',(0.707106781186535,-1.76635401601922E-15,0.70710678118656));
#2031=DIRECTION('',(-0.70710678118656,1.65841015948477E-15,0.707106781186535));
#2032=DIRECTION('',(-0.707106781186536,1.76635401601922E-15,-0.707106781186559));
#2033=DIRECTION('',(2.42167397246362E-15,1.,7.63278329429809E-17));
#2034=DIRECTION('',(1.,-2.42167397246362E-15,5.27355936696951E-16));
#2035=DIRECTION('',(-0.707106781186534,1.76635401601922E-15,-0.707106781186561));
#2036=DIRECTION('',(-5.27355936696951E-16,-7.63278329429796E-17,1.));
#2037=DIRECTION('',(0.707106781186552,-1.76635401601926E-15,0.707106781186543));
#2038=DIRECTION('',(-0.707106781186558,1.65841015948476E-15,0.707106781186537));
#2039=DIRECTION('',(2.42167397246362E-15,1.,7.63278329429809E-17));
#2040=DIRECTION('',(1.,-2.42167397246362E-15,5.27355936696951E-16));
#2041=DIRECTION('',(-0.70710678118653,1.76635401601921E-15,-0.707106781186565));
#2042=DIRECTION('',(-1.,2.42167397246362E-15,-5.27355936696951E-16));
#2043=DIRECTION('',(0.707106781186548,-1.76635401601925E-15,0.707106781186547));
#2044=DIRECTION('',(-0.707106781186556,1.65841015948476E-15,0.707106781186539));
#2045=DIRECTION('',(0.707106781186546,-1.76635401601924E-15,0.707106781186549));
#2046=DIRECTION('',(0.707106781186549,-1.65841015948474E-15,-0.707106781186546));
#2047=DIRECTION('',(-0.707106781186549,1.65841015948474E-15,0.707106781186546));
#2048=DIRECTION('',(2.42167397246362E-15,1.,7.63278329429809E-17));
#2049=DIRECTION('',(0.707106781186549,-1.65841015948474E-15,-0.707106781186546));
#2050=DIRECTION('',(-2.42167397246362E-15,-1.,-7.63278329429809E-17));
#2051=DIRECTION('',(2.42167397246362E-15,1.,7.63278329429809E-17));
#2052=DIRECTION('',(-1.,2.42167397246362E-15,-5.27355936696951E-16));
#2053=DIRECTION('',(0.707106781186535,-1.76635401601922E-15,0.70710678118656));
#2054=DIRECTION('',(-7.17465202518788E-16,-7.63278329429792E-17,1.));
#2055=DIRECTION('',(-0.819152044288989,2.02749903155885E-15,-0.57357643635105));
#2056=DIRECTION('',(1.,-2.42167397246362E-15,5.27355936696951E-16));
#2057=DIRECTION('',(2.42167397246362E-15,1.,7.63278329429809E-17));
#2058=DIRECTION('',(-1.,2.42167397246362E-15,-5.27355936696951E-16));
#2059=DIRECTION('',(0.707106781186535,-1.76635401601922E-15,0.70710678118656));
#2060=DIRECTION('',(1.,-2.42167397246362E-15,5.27355936696951E-16));
#2061=DIRECTION('',(-0.819152044288989,2.02749903155885E-15,-0.57357643635105));
#2062=DIRECTION('',(-7.17465202518788E-16,-7.63278329429792E-17,1.));
#2063=DIRECTION('',(0.57357643635105,-1.32649102673838E-15,-0.819152044288989));
#2064=DIRECTION('',(-0.819152044288989,2.02749903155885E-15,-0.57357643635105));
#2065=DIRECTION('',(2.42167397246362E-15,1.,7.63278329429809E-17));
#2066=DIRECTION('',(2.42167397246362E-15,1.,7.63278329429809E-17));
#2067=DIRECTION('',(2.42167397246362E-15,1.,7.63278329429809E-17));
#2068=DIRECTION('',(-1.,2.42167397246362E-15,-5.27355936696951E-16));
#2069=DIRECTION('',(-1.,2.42167397246362E-15,-5.27355936696951E-16));
#2070=DIRECTION('',(-0.707106781186549,1.76635401601925E-15,-0.707106781186546));
#2071=DIRECTION('',(1.,-2.42167397246362E-15,5.27355936696951E-16));
#2072=DIRECTION('',(-1.74409098274708E-14,-7.63278329429386E-17,1.));
#2073=DIRECTION('',(2.42167397246362E-15,1.,7.63278329429809E-17));
#2074=DIRECTION('',(-1.,2.42167397246362E-15,-5.27355936696951E-16));
#2075=DIRECTION('',(-1.,2.42167397246362E-15,-5.27355936696951E-16));
#2076=DIRECTION('',(-1.74409098274708E-14,-7.63278329429386E-17,1.));
#2077=DIRECTION('',(1.,-2.42167397246362E-15,5.27355936696951E-16));
#2078=DIRECTION('',(-0.707106781186549,1.76635401601925E-15,-0.707106781186546));
#2079=DIRECTION('',(-1.,2.42167397246362E-15,-1.74409098274708E-14));
#2080=DIRECTION('',(-1.74409098274708E-14,-7.63278329429386E-17,1.));
#2081=DIRECTION('',(2.42167397246362E-15,1.,7.63278329429809E-17));
#2082=DIRECTION('',(2.42167397246362E-15,1.,7.63278329429809E-17));
#2083=DIRECTION('',(0.707106781186546,-1.65841015948473E-15,-0.707106781186549));
#2084=DIRECTION('',(-0.707106781186549,1.76635401601925E-15,-0.707106781186546));
#2085=DIRECTION('',(2.42167397246362E-15,1.,7.63278329429809E-17));
#2086=DIRECTION('',(2.42167397246362E-15,1.,7.63278329429809E-17));
#2087=DIRECTION('',(5.27355936696951E-16,7.63278329429796E-17,-1.));
#2088=DIRECTION('',(-2.42167397246362E-15,-1.,-7.63278329429809E-17));
#2089=DIRECTION('',(-2.42167397246362E-15,-1.,-7.63278329429809E-17));
#2090=DIRECTION('',(1.,-2.42167397246362E-15,5.27355936696951E-16));
#2091=DIRECTION('',(-1.,2.42167397246362E-15,-5.27355936696951E-16));
#2092=DIRECTION('',(-0.707106781186537,1.76635401601922E-15,-0.707106781186558));
#2093=DIRECTION('',(5.27355936696951E-16,7.63278329429796E-17,-1.));
#2094=DIRECTION('',(-0.573576436351044,1.45153922752115E-15,-0.819152044288993));
#2095=DIRECTION('',(-2.42167397246362E-15,-1.,-7.63278329429809E-17));
#2096=DIRECTION('',(1.,-2.42167397246362E-15,5.27355936696951E-16));
#2097=DIRECTION('',(-1.,2.42167397246362E-15,-5.27355936696951E-16));
#2098=DIRECTION('',(-0.573576436351044,1.45153922752115E-15,-0.819152044288993));
#2099=DIRECTION('',(5.27355936696951E-16,7.63278329429796E-17,-1.));
#2100=DIRECTION('',(-0.707106781186537,1.76635401601922E-15,-0.707106781186558));
#2101=DIRECTION('',(0.819152044288993,-1.93993933873119E-15,-0.573576436351044));
#2102=DIRECTION('',(-0.573576436351044,1.45153922752115E-15,-0.819152044288993));
#2103=DIRECTION('',(2.42167397246362E-15,1.,7.63278329429809E-17));
#2104=DIRECTION('',(2.42167397246362E-15,1.,7.63278329429809E-17));
#2105=DIRECTION('',(-2.42167397246362E-15,-1.,-7.63278329429809E-17));
#2106=DIRECTION('',(1.,-2.42167397246362E-15,5.27355936696951E-16));
#2107=DIRECTION('',(-0.707106781186552,1.76635401601926E-15,-0.707106781186543));
#2108=DIRECTION('',(5.27355936696951E-16,7.63278329429796E-17,-1.));
#2109=DIRECTION('',(-1.,2.42167397246362E-15,-5.27355936696951E-16));
#2110=DIRECTION('',(-4.93069637407053E-16,7.63278329429821E-17,-1.));
#2111=DIRECTION('',(-2.42167397246362E-15,-1.,-7.63278329429809E-17));
#2112=DIRECTION('',(1.,-2.42167397246362E-15,5.27355936696951E-16));
#2113=DIRECTION('',(-0.707106781186552,1.76635401601926E-15,-0.707106781186543));
#2114=DIRECTION('',(-4.93069637407053E-16,7.63278329429821E-17,-1.));
#2115=DIRECTION('',(-1.,2.42167397246362E-15,-5.27355936696951E-16));
#2116=DIRECTION('',(5.27355936696951E-16,7.63278329429796E-17,-1.));
#2117=DIRECTION('',(5.27355936696951E-16,7.63278329429796E-17,-1.));
#2118=DIRECTION('',(-2.42167397246362E-15,-1.,-7.63278329429809E-17));
#2119=DIRECTION('',(2.42167397246362E-15,1.,7.63278329429809E-17));
#2120=DIRECTION('',(2.42167397246362E-15,1.,7.63278329429809E-17));
#2121=DIRECTION('',(1.,-2.42167397246362E-15,5.27355936696951E-16));
#2122=DIRECTION('',(2.42167397246362E-15,1.,7.63278329429809E-17));
#2123=DIRECTION('',(2.42167397246362E-15,1.,7.63278329429809E-17));
#2124=DIRECTION('',(0.707106781186543,-1.65841015948473E-15,-0.707106781186552));
#2125=DIRECTION('',(-0.707106781186552,1.76635401601926E-15,-0.707106781186543));
#2126=DIRECTION('',(2.42167397246362E-15,1.,7.63278329429809E-17));
#2127=DIRECTION('',(-2.42167397246362E-15,-1.,-7.63278329429809E-17));
#2128=DIRECTION('',(1.,-2.42167397246362E-15,5.27355936696951E-16));
#2129=DIRECTION('',(1.,-2.42167397246362E-15,5.27355936696951E-16));
#2130=DIRECTION('',(-1.39471767468536E-15,-7.63278329429776E-17,1.));
#2131=DIRECTION('',(-1.,2.42167397246362E-15,-5.27355936696951E-16));
#2132=DIRECTION('',(-0.70710678118655,1.76635401601926E-15,-0.707106781186545));
#2133=DIRECTION('',(2.42167397246362E-15,1.,7.63278329429809E-17));
#2134=DIRECTION('',(-1.,2.42167397246362E-15,-5.27355936696951E-16));
#2135=DIRECTION('',(-4.93069637407053E-16,7.63278329429821E-17,-1.));
#2136=DIRECTION('',(0.707106781186548,-1.76635401601925E-15,0.707106781186547));
#2137=DIRECTION('',(-5.27355936696951E-16,-7.63278329429796E-17,1.));
#2138=DIRECTION('',(-1.,2.42167397246362E-15,-5.27355936696951E-16));
#2139=DIRECTION('',(2.42167397246362E-15,1.,7.63278329429809E-17));
#2140=DIRECTION('',(-1.,2.42167397246362E-15,-5.27355936696951E-16));
#2141=DIRECTION('',(-1.,2.42167397246362E-15,-5.27355936696951E-16));
#2142=DIRECTION('',(-5.27355936696951E-16,-7.63278329429796E-17,1.));
#2143=DIRECTION('',(0.707106781186537,-1.76635401601922E-15,0.707106781186558));
#2144=DIRECTION('',(1.,-2.42167397246362E-15,5.27355936696951E-16));
#2145=DIRECTION('',(0.707106781186548,-1.65841015948474E-15,-0.707106781186547));
#2146=DIRECTION('',(5.27355936696951E-16,7.63278329429796E-17,-1.));
#2147=DIRECTION('',(-0.707106781186535,1.76635401601922E-15,-0.70710678118656));
#2148=DIRECTION('',(2.42167397246362E-15,1.,7.63278329429809E-17));
#2149=DIRECTION('',(-1.,2.42167397246362E-15,-5.27355936696951E-16));
#2150=DIRECTION('',(0.707106781186548,-1.65841015948474E-15,-0.707106781186547));
#2151=DIRECTION('',(5.27355936696951E-16,7.63278329429796E-17,-1.));
#2152=DIRECTION('',(1.,-2.42167397246362E-15,5.27355936696951E-16));
#2153=DIRECTION('',(0.707106781186528,-1.7663540160192E-15,0.707106781186567));
#2154=DIRECTION('',(0.707106781186567,-1.65841015948478E-15,-0.707106781186528));
#2155=DIRECTION('',(-2.42167397246362E-15,-1.,-7.63278329429809E-17));
#2156=DIRECTION('',(-0.707106781186567,1.65841015948479E-15,0.707106781186528));
#2157=DIRECTION('',(-2.42167397246362E-15,-1.,-7.63278329429809E-17));
#2158=DIRECTION('',(-0.707106781186567,1.65841015948479E-15,0.707106781186528));
#2159=DIRECTION('',(-0.707106781186564,1.65841015948478E-15,0.707106781186531));
#2160=DIRECTION('',(0.707106781186531,-1.76635401601921E-15,0.707106781186564));
#2161=DIRECTION('',(-2.42167397246362E-15,-1.,-7.63278329429809E-17));
#2162=DIRECTION('',(-0.707106781186531,1.76635401601921E-15,-0.707106781186564));
#2163=DIRECTION('',(-0.707106781186544,1.76635401601924E-15,-0.707106781186551));
#2164=DIRECTION('',(-0.707106781186544,1.76635401601924E-15,-0.707106781186551));
#2165=DIRECTION('',(0.707106781186538,-1.76635401601923E-15,0.707106781186557));
#2166=DIRECTION('',(0.707106781186557,-1.65841015948476E-15,-0.707106781186538));
#2167=DIRECTION('',(-2.42167397246362E-15,-1.,-7.63278329429809E-17));
#2168=DIRECTION('',(-0.707106781186557,1.65841015948476E-15,0.707106781186538));
#2169=DIRECTION('',(0.707106781186541,-1.65841015948472E-15,-0.707106781186554));
#2170=DIRECTION('',(-0.707106781186554,1.76635401601926E-15,-0.707106781186541));
#2171=DIRECTION('',(-2.42167397246362E-15,-1.,-7.63278329429809E-17));
#2172=DIRECTION('',(0.707106781186554,-1.76635401601926E-15,0.707106781186541));
#2173=DIRECTION('',(0.707106781186547,-1.76635401601925E-15,0.707106781186548));
#2174=DIRECTION('',(0.707106781186548,-1.65841015948474E-15,-0.707106781186547));
#2175=DIRECTION('',(-2.42167397246362E-15,-1.,-7.63278329429809E-17));
#2176=DIRECTION('',(-0.707106781186548,1.65841015948474E-15,0.707106781186547));
#2177=DIRECTION('',(-0.707106781186558,1.65841015948476E-15,0.707106781186537));
#2178=DIRECTION('',(0.707106781186537,-1.76635401601922E-15,0.707106781186558));
#2179=DIRECTION('',(-2.42167397246362E-15,-1.,-7.63278329429809E-17));
#2180=DIRECTION('',(-0.707106781186537,1.76635401601922E-15,-0.707106781186558));
#2181=DIRECTION('',(0.707106781186551,-1.76635401601926E-15,0.707106781186544));
#2182=DIRECTION('',(0.707106781186544,-1.65841015948473E-15,-0.707106781186551));
#2183=DIRECTION('',(-2.42167397246362E-15,-1.,-7.63278329429809E-17));
#2184=DIRECTION('',(-0.707106781186544,1.65841015948473E-15,0.707106781186551));
#2185=DIRECTION('',(0.70710678118656,-1.65841015948477E-15,-0.707106781186535));
#2186=DIRECTION('',(-0.707106781186535,1.76635401601922E-15,-0.70710678118656));
#2187=DIRECTION('',(-2.42167397246362E-15,-1.,-7.63278329429809E-17));
#2188=DIRECTION('',(0.707106781186531,-1.76635401601921E-15,0.707106781186564));
#2189=DIRECTION('',(0.707106781186531,-1.76635401601921E-15,0.707106781186564));
#2190=DIRECTION('',(0.707106781186535,-1.76635401601922E-15,0.70710678118656));
#2191=DIRECTION('',(0.70710678118656,-1.65841015948477E-15,-0.707106781186535));
#2192=DIRECTION('',(-2.42167397246362E-15,-1.,-7.63278329429809E-17));
#2193=DIRECTION('',(-0.70710678118656,1.65841015948477E-15,0.707106781186535));
#2194=DIRECTION('',(2.42167397246362E-15,1.,7.63278329429809E-17));
#2195=DIRECTION('',(-1.,2.42167397246362E-15,-5.27355936696951E-16));
#2196=DIRECTION('',(-5.27355936696951E-16,-7.63278329429796E-17,1.));
#2197=DIRECTION('',(0.707106781186534,-1.76635401601922E-15,0.707106781186561));
#2198=DIRECTION('',(2.42167397246362E-15,1.,7.63278329429809E-17));
#2199=DIRECTION('',(-1.,2.42167397246362E-15,-5.27355936696951E-16));
#2200=DIRECTION('',(-1.,2.42167397246362E-15,-5.27355936696951E-16));
#2201=DIRECTION('',(-0.70710678118655,1.76635401601926E-15,-0.707106781186545));
#2202=DIRECTION('',(0.707106781186537,-1.76635401601922E-15,0.707106781186558));
#2203=DIRECTION('',(0.707106781186558,-1.65841015948476E-15,-0.707106781186537));
#2204=DIRECTION('',(-2.42167397246362E-15,-1.,-7.63278329429809E-17));
#2205=DIRECTION('',(-2.42167397246362E-15,-1.,-7.63278329429809E-17));
#2206=DIRECTION('',(-0.707106781186558,1.65841015948476E-15,0.707106781186537));
#2207=DIRECTION('',(-0.707106781186561,1.65841015948477E-15,0.707106781186534));
#2208=DIRECTION('',(0.707106781186534,-1.76635401601922E-15,0.707106781186561));
#2209=DIRECTION('',(-2.42167397246362E-15,-1.,-7.63278329429809E-17));
#2210=DIRECTION('',(-0.707106781186538,1.76635401601923E-15,-0.707106781186557));
#2211=DIRECTION('',(-0.707106781186538,1.76635401601923E-15,-0.707106781186557));
#2212=DIRECTION('',(0.707106781186533,-1.76635401601921E-15,0.707106781186562));
#2213=DIRECTION('',(0.707106781186562,-1.65841015948477E-15,-0.707106781186533));
#2214=DIRECTION('',(-2.42167397246362E-15,-1.,-7.63278329429809E-17));
#2215=DIRECTION('',(-0.707106781186562,1.65841015948477E-15,0.707106781186533));
#2216=DIRECTION('',(0.70710678118656,-1.65841015948477E-15,-0.707106781186535));
#2217=DIRECTION('',(-0.707106781186535,1.76635401601922E-15,-0.70710678118656));
#2218=DIRECTION('',(-2.42167397246362E-15,-1.,-7.63278329429809E-17));
#2219=DIRECTION('',(0.707106781186535,-1.76635401601922E-15,0.70710678118656));
#2220=DIRECTION('',(-2.42167397246362E-15,-1.,-7.63278329429809E-17));
#2221=DIRECTION('',(1.,-2.42167397246362E-15,5.27355936696951E-16));
#2222=DIRECTION('',(0.707106781186533,-1.76635401601921E-15,0.707106781186563));
#2223=DIRECTION('',(5.27355936696951E-16,7.63278329429796E-17,-1.));
#2224=DIRECTION('',(0.707106781186558,-1.65841015948476E-15,-0.707106781186537));
#2225=DIRECTION('',(-0.707106781186537,1.76635401601922E-15,-0.707106781186558));
#2226=DIRECTION('',(2.42167397246362E-15,1.,7.63278329429809E-17));
#2227=DIRECTION('',(-2.42167397246362E-15,-1.,-7.63278329429809E-17));
#2228=DIRECTION('',(-2.42167397246362E-15,-1.,-7.63278329429809E-17));
#2229=DIRECTION('',(1.,-2.42167397246362E-15,5.27355936696951E-16));
#2230=DIRECTION('',(2.42167397246362E-15,1.,7.63278329429809E-17));
#2231=DIRECTION('',(2.42167397246362E-15,1.,7.63278329429809E-17));
#2232=DIRECTION('',(-5.27355936696951E-16,-7.63278329429796E-17,1.));
#2233=DIRECTION('',(-2.42167397246362E-15,-1.,-7.63278329429809E-17));
#2234=DIRECTION('',(-5.27355936696951E-16,-7.63278329429796E-17,1.));
#2235=DIRECTION('',(2.42167397246362E-15,1.,7.63278329429809E-17));
#2236=DIRECTION('',(-2.42167397246362E-15,-1.,-7.63278329429809E-17));
#2237=DIRECTION('',(-2.42167397246362E-15,-1.,-7.63278329429809E-17));
#2238=DIRECTION('',(5.27355936696951E-16,7.63278329429796E-17,-1.));
#2239=DIRECTION('',(-1.,2.42167397246362E-15,-5.27355936696951E-16));
#2240=DIRECTION('',(-2.42167397246362E-15,-1.,-7.63278329429809E-17));
#2241=DIRECTION('',(-2.42167397246362E-15,-1.,-7.63278329429809E-17));
#2242=DIRECTION('',(-2.42167397246362E-15,-1.,-7.63278329429809E-17));
#2243=DIRECTION('',(-2.42167397246362E-15,-1.,-7.63278329429809E-17));
#2244=DIRECTION('',(-2.42167397246362E-15,-1.,-7.63278329429809E-17));
#2245=DIRECTION('',(5.27355936696951E-16,7.63278329429796E-17,-1.));
#2246=DIRECTION('',(-2.42167397246362E-15,-1.,-7.63278329429809E-17));
#2247=DIRECTION('',(-2.42167397246362E-15,-1.,-7.63278329429809E-17));
#2248=DIRECTION('',(-2.42167397246362E-15,-1.,-7.63278329429809E-17));
#2249=DIRECTION('',(-2.42167397246362E-15,-1.,-7.63278329429809E-17));
#2250=DIRECTION('',(2.42167397246362E-15,1.,7.63278329429809E-17));
#2251=DIRECTION('',(-1.,2.42167397246362E-15,-5.27355936696951E-16));
#2252=DIRECTION('',(-1.,2.42167397246362E-15,-5.27355936696951E-16));
#2253=DIRECTION('',(0.707106781186532,-1.76635401601921E-15,0.707106781186563));
#2254=DIRECTION('',(-0.707106781186566,1.65841015948478E-15,0.707106781186529));
#2255=DIRECTION('',(-0.70710678118653,1.76635401601921E-15,-0.707106781186565));
#2256=DIRECTION('',(-0.707106781186553,1.76635401601926E-15,-0.707106781186542));
#2257=DIRECTION('',(-0.707106781186542,1.65841015948472E-15,0.707106781186553));
#2258=DIRECTION('',(-2.42167397246362E-15,-1.,-7.63278329429809E-17));
#2259=DIRECTION('',(-2.42167397246362E-15,-1.,-7.63278329429809E-17));
#2260=DIRECTION('',(5.27355936696951E-16,7.63278329429796E-17,-1.));
#2261=DIRECTION('',(-2.42167397246362E-15,-1.,-7.63278329429809E-17));
#2262=DIRECTION('',(-2.42167397246362E-15,-1.,-7.63278329429809E-17));
#2263=DIRECTION('',(-2.42167397246362E-15,-1.,-7.63278329429809E-17));
#2264=DIRECTION('',(1.,-2.42167397246362E-15,5.27355936696951E-16));
#2265=DIRECTION('',(2.42167397246362E-15,1.,7.63278329429809E-17));
#2266=DIRECTION('',(-2.42167397246362E-15,-1.,-7.63278329429809E-17));
#2267=DIRECTION('',(-0.707106781186565,1.65841015948478E-15,0.70710678118653));
#2268=DIRECTION('',(0.70710678118653,-1.76635401601921E-15,0.707106781186565));
#2269=DIRECTION('',(-2.42167397246362E-15,-1.,-7.63278329429809E-17));
#2270=DIRECTION('',(-2.42167397246362E-15,-1.,-7.63278329429809E-17));
#2271=DIRECTION('',(0.707106781186529,-1.7663540160192E-15,0.707106781186566));
#2272=DIRECTION('',(0.707106781186566,-1.65841015948478E-15,-0.707106781186529));
#2273=DIRECTION('',(-2.42167397246362E-15,-1.,-7.63278329429809E-17));
#2274=DIRECTION('',(0.707106781186547,-1.65841015948473E-15,-0.707106781186548));
#2275=DIRECTION('',(-0.707106781186548,1.76635401601925E-15,-0.707106781186547));
#2276=DIRECTION('',(-2.42167397246362E-15,-1.,-7.63278329429809E-17));
#2277=DIRECTION('',(0.707106781186532,-1.76635401601921E-15,0.707106781186563));
#2278=DIRECTION('',(0.707106781186539,-1.76635401601923E-15,0.707106781186556));
#2279=DIRECTION('',(0.707106781186556,-1.65841015948476E-15,-0.707106781186539));
#2280=DIRECTION('',(-2.42167397246362E-15,-1.,-7.63278329429809E-17));
#2281=DIRECTION('',(-0.707106781186556,1.65841015948476E-15,0.707106781186539));
#2282=DIRECTION('',(-0.707106781186565,1.65841015948478E-15,0.70710678118653));
#2283=DIRECTION('',(0.70710678118653,-1.76635401601921E-15,0.707106781186565));
#2284=DIRECTION('',(-2.42167397246362E-15,-1.,-7.63278329429809E-17));
#2285=DIRECTION('',(-2.42167397246362E-15,-1.,-7.63278329429809E-17));
#2286=DIRECTION('',(-2.42167397246362E-15,-1.,-7.63278329429809E-17));
#2287=DIRECTION('',(1.,-2.42167397246362E-15,5.27355936696951E-16));
#2288=DIRECTION('',(-1.,2.42167397246362E-15,-5.27355936696951E-16));
#2289=DIRECTION('',(-0.707106781186546,1.76635401601925E-15,-0.707106781186549));
#2290=DIRECTION('',(2.42167397246362E-15,1.,7.63278329429809E-17));
#2291=DIRECTION('',(-1.,2.42167397246362E-15,-5.27355936696951E-16));
#2292=DIRECTION('',(2.42167397246362E-15,1.,7.63278329429809E-17));
#2293=DIRECTION('',(-1.,2.42167397246362E-15,-5.27355936696951E-16));
#2294=DIRECTION('',(-1.,2.42167397246362E-15,-5.27355936696951E-16));
#2295=DIRECTION('',(0.707106781186546,-1.65841015948473E-15,-0.707106781186549));
#2296=DIRECTION('',(-0.707106781186549,1.76635401601925E-15,-0.707106781186546));
#2297=DIRECTION('',(0.707106781186549,-1.76635401601925E-15,0.707106781186546));
#2298=DIRECTION('',(-0.707106781186559,1.65841015948476E-15,0.707106781186536));
#2299=DIRECTION('',(0.707106781186536,-1.76635401601922E-15,0.707106781186559));
#2300=DIRECTION('',(-2.42167397246362E-15,-1.,-7.63278329429809E-17));
#2301=DIRECTION('',(2.42167397246362E-15,1.,7.63278329429809E-17));
#2302=DIRECTION('',(0.707106781186558,-1.65841015948476E-15,-0.707106781186537));
#2303=DIRECTION('',(-0.707106781186537,1.76635401601922E-15,-0.707106781186558));
#2304=DIRECTION('',(-0.707106781186565,1.65841015948478E-15,0.70710678118653));
#2305=DIRECTION('',(0.70710678118653,-1.76635401601921E-15,0.707106781186565));
#2306=DIRECTION('',(2.42167397246362E-15,1.,7.63278329429809E-17));
#2307=DIRECTION('',(-2.42167397246362E-15,-1.,-7.63278329429809E-17));
#2308=DIRECTION('',(-2.42167397246362E-15,-1.,-7.63278329429809E-17));
#2309=DIRECTION('',(-1.,2.42167397246362E-15,-5.27355936696951E-16));
#2310=DIRECTION('',(-5.27355936696951E-16,-7.63278329429796E-17,1.));
#2311=DIRECTION('',(2.42167397246362E-15,1.,7.63278329429809E-17));
#2312=DIRECTION('',(0.707106781186558,-1.65841015948476E-15,-0.707106781186537));
#2313=DIRECTION('',(-0.707106781186537,1.76635401601922E-15,-0.707106781186558));
#2314=DIRECTION('',(-0.707106781186565,1.65841015948478E-15,0.70710678118653));
#2315=DIRECTION('',(0.70710678118653,-1.76635401601921E-15,0.707106781186565));
#2316=DIRECTION('',(2.42167397246362E-15,1.,7.63278329429809E-17));
#2317=DIRECTION('',(-2.42167397246362E-15,-1.,-7.63278329429809E-17));
#2318=DIRECTION('',(-2.42167397246362E-15,-1.,-7.63278329429809E-17));
#2319=DIRECTION('',(-1.,2.42167397246362E-15,-5.27355936696951E-16));
#2320=DIRECTION('',(-2.42167397246362E-15,-1.,-7.63278329429809E-17));
#2321=DIRECTION('',(-5.27355936696951E-16,-7.63278329429796E-17,1.));
#2322=DIRECTION('',(2.42167397246362E-15,1.,7.63278329429809E-17));
#2323=CARTESIAN_POINT('',(0.,0.,0.));
#2324=CARTESIAN_POINT('',(29.9999659852242,66.445982564283,-2.49999999999995));
#2325=CARTESIAN_POINT('',(16.4999659852241,49.445982564283,10.9999999999999));
#2326=CARTESIAN_POINT('',(28.9999659852241,49.445982564283,-1.49999999999996));
#2327=CARTESIAN_POINT('',(29.9999659852241,49.445982564283,-2.49999999999995));
#2328=CARTESIAN_POINT('',(28.9999659852242,72.445982564283,-1.49999999999994));
#2329=CARTESIAN_POINT('',(28.9999659852241,58.445982564283,-1.49999999999995));
#2330=CARTESIAN_POINT('',(29.9999659852242,58.445982564283,-2.49999999999995));
#2331=CARTESIAN_POINT('',(29.9999659852242,58.445982564283,-2.49999999999995));
#2332=CARTESIAN_POINT('',(29.9999659852242,66.445982564283,-2.49999999999995));
#2333=CARTESIAN_POINT('',(54.9999659852241,52.4459825642829,-2.49999999999993));
#2334=CARTESIAN_POINT('',(54.9999659852241,52.4459825642829,-2.49999999999993));
#2335=CARTESIAN_POINT('',(54.9999659852241,52.4459825642829,-2.49999999999993));
#2336=CARTESIAN_POINT('',(55.9999659852241,52.4459825642829,-1.49999999999993));
#2337=CARTESIAN_POINT('',(51.7155219649978,52.4459825642829,-2.49999999999994));
#2338=CARTESIAN_POINT('',(51.7155219649978,52.4459825642829,-2.49999999999994));
#2339=CARTESIAN_POINT('',(55.9999659852241,52.4459825642829,0.500000000000056));
#2340=CARTESIAN_POINT('',(55.9999659852241,52.4459825642829,0.500000000000056));
#2341=CARTESIAN_POINT('',(55.9999659852241,52.4459825642829,-1.49999999999993));
#2342=CARTESIAN_POINT('',(54.9999659852241,56.4459825642829,-2.49999999999994));
#2343=CARTESIAN_POINT('',(54.9999659852241,56.4459825642829,-2.49999999999994));
#2344=CARTESIAN_POINT('',(54.9999659852241,56.4459825642829,-2.49999999999994));
#2345=CARTESIAN_POINT('',(55.9999659852241,56.4459825642829,-1.49999999999993));
#2346=CARTESIAN_POINT('',(55.9999659852241,56.4459825642829,-1.49999999999993));
#2347=CARTESIAN_POINT('',(55.9999659852241,56.4459825642829,0.500000000000068));
#2348=CARTESIAN_POINT('',(55.9999659852241,56.4459825642829,0.500000000000068));
#2349=CARTESIAN_POINT('',(51.7155219649978,56.4459825642829,-2.49999999999994));
#2350=CARTESIAN_POINT('',(51.7155219649978,56.4459825642829,-2.49999999999994));
#2351=CARTESIAN_POINT('',(55.9999659852241,56.4459825642829,0.500000000000068));
#2352=CARTESIAN_POINT('',(51.7155219649978,56.4459825642829,-2.49999999999994));
#2353=CARTESIAN_POINT('',(55.9999659852241,56.4459825642829,0.500000000000068));
#2354=CARTESIAN_POINT('',(49.9999659852241,52.4459825642829,-0.499999999999941));
#2355=CARTESIAN_POINT('',(49.9999659852241,52.4459825642829,-0.499999999999941));
#2356=CARTESIAN_POINT('',(49.9999659852241,52.4459825642829,-0.499999999999941));
#2357=CARTESIAN_POINT('',(34.9999659852241,52.445982564283,-0.499999999999949));
#2358=CARTESIAN_POINT('',(49.9999659852241,52.4459825642829,-2.49999999999994));
#2359=CARTESIAN_POINT('',(49.9999659852241,52.4459825642829,-2.49999999999994));
#2360=CARTESIAN_POINT('',(49.9999659852241,52.4459825642829,-2.49999999999994));
#2361=CARTESIAN_POINT('',(32.9999659852241,52.445982564283,-2.49999999999995));
#2362=CARTESIAN_POINT('',(34.9999659852241,52.445982564283,-0.499999999999949));
#2363=CARTESIAN_POINT('',(49.9999659852241,56.4459825642829,-0.499999999999943));
#2364=CARTESIAN_POINT('',(49.9999659852241,56.4459825642829,-0.499999999999943));
#2365=CARTESIAN_POINT('',(49.9999659852241,56.4459825642829,-0.499999999999943));
#2366=CARTESIAN_POINT('',(34.9999659852241,56.445982564283,-0.499999999999952));
#2367=CARTESIAN_POINT('',(34.9999659852241,56.445982564283,-0.499999999999952));
#2368=CARTESIAN_POINT('',(32.9999659852241,56.445982564283,-2.49999999999995));
#2369=CARTESIAN_POINT('',(49.9999659852241,56.4459825642829,-2.49999999999994));
#2370=CARTESIAN_POINT('',(49.9999659852241,56.4459825642829,-2.49999999999994));
#2371=CARTESIAN_POINT('',(49.9999659852241,56.4459825642829,-2.49999999999994));
#2372=CARTESIAN_POINT('',(34.9999659852241,56.445982564283,-0.499999999999952));
#2373=CARTESIAN_POINT('',(32.9999659852241,56.445982564283,-2.49999999999995));
#2374=CARTESIAN_POINT('',(34.9999659852241,56.445982564283,-0.499999999999952));
#2375=CARTESIAN_POINT('',(49.9999659852241,56.4459825642829,-2.49999999999994));
#2376=CARTESIAN_POINT('',(49.9999659852241,56.4459825642829,-0.499999999999943));
#2377=CARTESIAN_POINT('',(49.9999659852241,56.4459825642829,-2.49999999999994));
#2378=CARTESIAN_POINT('',(49.9999659852241,56.4459825642829,-0.499999999999943));
#2379=CARTESIAN_POINT('',(28.9999659852241,52.445982564283,24.5));
#2380=CARTESIAN_POINT('',(31.9999659852241,52.445982564283,24.5));
#2381=CARTESIAN_POINT('',(31.9999659852241,52.445982564283,24.5));
#2382=CARTESIAN_POINT('',(29.9999659852241,52.445982564283,24.5));
#2383=CARTESIAN_POINT('',(31.9999659852241,52.445982564283,24.5));
#2384=CARTESIAN_POINT('',(28.9999659852241,52.445982564283,20.2155559797737));
#2385=CARTESIAN_POINT('',(28.9999659852241,52.445982564283,23.5));
#2386=CARTESIAN_POINT('',(28.9999659852241,52.445982564283,23.5));
#2387=CARTESIAN_POINT('',(29.9999659852241,52.445982564283,24.5));
#2388=CARTESIAN_POINT('',(28.9999659852241,56.445982564283,24.5));
#2389=CARTESIAN_POINT('',(31.9999659852241,56.445982564283,24.5));
#2390=CARTESIAN_POINT('',(31.9999659852241,56.445982564283,24.5));
#2391=CARTESIAN_POINT('',(29.9999659852241,56.445982564283,24.5));
#2392=CARTESIAN_POINT('',(29.9999659852241,56.445982564283,24.5));
#2393=CARTESIAN_POINT('',(28.9999659852241,56.445982564283,23.5));
#2394=CARTESIAN_POINT('',(28.9999659852241,56.445982564283,23.5));
#2395=CARTESIAN_POINT('',(28.9999659852241,56.445982564283,20.2155559797737));
#2396=CARTESIAN_POINT('',(31.9999659852241,56.445982564283,24.5));
#2397=CARTESIAN_POINT('',(31.9999659852241,56.445982564283,24.5));
#2398=CARTESIAN_POINT('',(31.9999659852241,56.445982564283,24.5));
#2399=CARTESIAN_POINT('',(28.9999659852241,56.445982564283,20.2155559797737));
#2400=CARTESIAN_POINT('',(47.804760408589,52.4459825642829,13.3516309845921));
#2401=CARTESIAN_POINT('',(44.3281786892027,52.4459825642829,16.8282127039784));
#2402=CARTESIAN_POINT('',(30.9999659852241,52.445982564283,3.50000000000002));
#2403=CARTESIAN_POINT('',(28.9999659852241,52.445982564283,1.50000000000004));
#2404=CARTESIAN_POINT('',(28.9999659852241,52.445982564283,13.3516309845921));
#2405=CARTESIAN_POINT('',(28.9999659852241,52.445982564283,18.5));
#2406=CARTESIAN_POINT('',(47.804760408589,52.4459825642829,18.5));
#2407=CARTESIAN_POINT('',(30.9999659852241,52.445982564283,18.5));
#2408=CARTESIAN_POINT('',(30.9999659852241,52.445982564283,13.3516309845921));
#2409=CARTESIAN_POINT('',(47.804760408589,56.4459825642829,13.3516309845921));
#2410=CARTESIAN_POINT('',(44.3281786892027,56.4459825642829,16.8282127039784));
#2411=CARTESIAN_POINT('',(30.9999659852241,56.445982564283,3.50000000000003));
#2412=CARTESIAN_POINT('',(28.9999659852241,56.445982564283,1.50000000000005));
#2413=CARTESIAN_POINT('',(30.9999659852241,56.445982564283,13.3516309845921));
#2414=CARTESIAN_POINT('',(30.9999659852241,56.445982564283,18.5));
#2415=CARTESIAN_POINT('',(47.804760408589,56.4459825642829,18.5));
#2416=CARTESIAN_POINT('',(28.9999659852241,56.445982564283,18.5));
#2417=CARTESIAN_POINT('',(28.9999659852241,56.445982564283,13.3516309845921));
#2418=CARTESIAN_POINT('',(30.9999659852241,56.445982564283,13.3516309845921));
#2419=CARTESIAN_POINT('',(30.9999659852241,56.445982564283,18.5));
#2420=CARTESIAN_POINT('',(30.9999659852241,56.445982564283,3.50000000000003));
#2421=CARTESIAN_POINT('',(47.804760408589,56.4459825642829,18.5));
#2422=CARTESIAN_POINT('',(28.9999659852241,56.445982564283,18.5));
#2423=CARTESIAN_POINT('',(44.3281786892027,56.4459825642829,16.8282127039784));
#2424=CARTESIAN_POINT('',(28.9999659852241,56.445982564283,1.50000000000005));
#2425=CARTESIAN_POINT('',(49.9999659852241,59.1959825642829,-2.49999999999995));
#2426=CARTESIAN_POINT('',(49.9999659852241,59.1959825642829,-2.49999999999995));
#2427=CARTESIAN_POINT('',(32.9999659852241,59.195982564283,-2.49999999999996));
#2428=CARTESIAN_POINT('',(49.9999659852241,59.1959825642829,-2.49999999999995));
#2429=CARTESIAN_POINT('',(32.9999659852241,59.195982564283,-2.49999999999996));
#2430=CARTESIAN_POINT('',(38.9999659852242,59.195982564283,3.50000000000005));
#2431=CARTESIAN_POINT('',(38.9999659852242,59.195982564283,3.50000000000005));
#2432=CARTESIAN_POINT('',(49.9999659852241,59.1959825642829,3.50000000000005));
#2433=CARTESIAN_POINT('',(49.9999659852241,59.1959825642829,3.50000000000005));
#2434=CARTESIAN_POINT('',(28.9999659852241,59.195982564283,18.5000000000001));
#2435=CARTESIAN_POINT('',(28.9999659852241,59.195982564283,1.50000000000005));
#2436=CARTESIAN_POINT('',(28.9999659852241,59.195982564283,18.5000000000001));
#2437=CARTESIAN_POINT('',(28.9999659852241,59.195982564283,1.50000000000007));
#2438=CARTESIAN_POINT('',(28.9999659852241,59.195982564283,18.5000000000001));
#2439=CARTESIAN_POINT('',(34.9999659852241,59.195982564283,18.5000000000001));
#2440=CARTESIAN_POINT('',(34.9999659852241,59.195982564283,18.5000000000001));
#2441=CARTESIAN_POINT('',(34.9999659852241,59.195982564283,7.50000000000005));
#2442=CARTESIAN_POINT('',(34.9999659852241,59.195982564283,7.50000000000005));
#2443=CARTESIAN_POINT('',(31.9999659852241,52.445982564283,26.5));
#2444=CARTESIAN_POINT('',(34.9999659852241,52.445982564283,3.50000000000003));
#2445=CARTESIAN_POINT('',(34.9999659852241,52.445982564283,3.50000000000003));
#2446=CARTESIAN_POINT('',(54.9999659852241,52.4459825642829,3.50000000000004));
#2447=CARTESIAN_POINT('',(34.9999659852241,52.445982564283,23.5));
#2448=CARTESIAN_POINT('',(34.9999659852241,52.445982564283,23.5));
#2449=CARTESIAN_POINT('',(33.9999659852241,52.445982564283,24.5));
#2450=CARTESIAN_POINT('',(31.9999659852241,49.445982564283,26.5));
#2451=CARTESIAN_POINT('',(28.9999659852241,49.445982564283,-2.49999999999995));
#2452=CARTESIAN_POINT('',(28.9999659852241,49.445982564283,23.5));
#2453=CARTESIAN_POINT('',(54.9999659852241,49.4459825642829,-2.49999999999994));
#2454=CARTESIAN_POINT('',(54.9999659852241,49.4459825642829,-2.49999999999994));
#2455=CARTESIAN_POINT('',(55.9999659852241,49.4459825642829,-1.49999999999994));
#2456=CARTESIAN_POINT('',(55.9999659852241,49.4459825642829,-1.49999999999994));
#2457=CARTESIAN_POINT('',(55.9999659852241,49.4459825642829,2.50000000000006));
#2458=CARTESIAN_POINT('',(55.9999659852241,49.4459825642829,2.50000000000006));
#2459=CARTESIAN_POINT('',(33.9999659852241,49.445982564283,24.5));
#2460=CARTESIAN_POINT('',(33.9999659852241,49.445982564283,24.5));
#2461=CARTESIAN_POINT('',(29.9999659852241,49.445982564283,24.5));
#2462=CARTESIAN_POINT('',(29.9999659852241,49.445982564283,24.5));
#2463=CARTESIAN_POINT('',(28.9999659852241,49.445982564283,23.5));
#2464=CARTESIAN_POINT('',(28.9999659852241,58.445982564283,24.5));
#2465=CARTESIAN_POINT('',(54.9999659852241,58.4459825642829,-2.49999999999994));
#2466=CARTESIAN_POINT('',(31.5857524228511,58.445982564283,-2.49999999999996));
#2467=CARTESIAN_POINT('',(28.9999659852241,58.445982564283,-2.49999999999995));
#2468=CARTESIAN_POINT('',(28.9999659852241,58.445982564283,0.0857864376269486));
#2469=CARTESIAN_POINT('',(28.9999659852241,58.445982564283,0.085786437626907));
#2470=CARTESIAN_POINT('',(29.7070727664107,58.445982564283,0.792893218813494));
#2471=CARTESIAN_POINT('',(29.7070727664107,58.445982564283,0.792893218813494));
#2472=CARTESIAN_POINT('',(30.6464125946309,58.445982564283,-0.146446609406662));
#2473=CARTESIAN_POINT('',(30.6464125946309,58.445982564283,-0.146446609406662));
#2474=CARTESIAN_POINT('',(29.9393058134443,58.445982564283,-0.853553390593214));
#2475=CARTESIAN_POINT('',(29.9393058134443,58.445982564283,-0.853553390593214));
#2476=CARTESIAN_POINT('',(30.6464125946309,58.445982564283,-1.56066017177979));
#2477=CARTESIAN_POINT('',(30.6464125946309,58.445982564283,-1.56066017177979));
#2478=CARTESIAN_POINT('',(31.3535193758174,58.445982564283,-0.85355339059322));
#2479=CARTESIAN_POINT('',(31.3535193758174,58.445982564283,-0.85355339059322));
#2480=CARTESIAN_POINT('',(32.2928592040376,58.445982564283,-1.7928932188134));
#2481=CARTESIAN_POINT('',(32.2928592040376,58.445982564283,-1.7928932188134));
#2482=CARTESIAN_POINT('',(28.9999659852241,58.445982564283,24.5));
#2483=CARTESIAN_POINT('',(29.7070727664096,58.445982564283,22.7928932188124));
#2484=CARTESIAN_POINT('',(30.7677329381895,58.445982564283,21.7322330470326));
#2485=CARTESIAN_POINT('',(29.7070727664096,58.445982564283,22.7928932188124));
#2486=CARTESIAN_POINT('',(30.7677329381895,58.445982564283,21.7322330470326));
#2487=CARTESIAN_POINT('',(28.9999659852241,58.445982564283,19.9644660940672));
#2488=CARTESIAN_POINT('',(28.9999659852241,58.445982564283,-2.49999999999995));
#2489=CARTESIAN_POINT('',(28.9999659852241,58.445982564283,22.0857864376269));
#2490=CARTESIAN_POINT('',(28.9999659852241,58.445982564283,22.0857864376269));
#2491=CARTESIAN_POINT('',(28.9999659852241,58.445982564283,24.5));
#2492=CARTESIAN_POINT('',(53.2321990322572,58.4459825642829,-0.732233047034151));
#2493=CARTESIAN_POINT('',(54.292859204037,58.4459825642829,-1.79289321881395));
#2494=CARTESIAN_POINT('',(53.2321990322572,58.4459825642829,-0.732233047034151));
#2495=CARTESIAN_POINT('',(54.292859204037,58.4459825642829,-1.79289321881395));
#2496=CARTESIAN_POINT('',(53.5857524228511,58.4459825642829,-2.49999999999994));
#2497=CARTESIAN_POINT('',(54.9999659852241,58.4459825642829,-2.49999999999994));
#2498=CARTESIAN_POINT('',(51.4644320792915,58.4459825642829,-2.49999999999994));
#2499=CARTESIAN_POINT('',(51.4644320792915,58.4459825642829,-2.49999999999994));
#2500=CARTESIAN_POINT('',(34.9999659852241,58.445982564283,3.50000000000004));
#2501=CARTESIAN_POINT('',(34.9999659852241,58.445982564283,-2.49999999999995));
#2502=CARTESIAN_POINT('',(32.9999659852241,58.445982564283,-2.49999999999996));
#2503=CARTESIAN_POINT('',(32.2928592040376,58.445982564283,-1.7928932188134));
#2504=CARTESIAN_POINT('',(30.171538860478,58.445982564283,-3.91421356237306));
#2505=CARTESIAN_POINT('',(30.8786456416646,58.445982564283,-4.62132034355959));
#2506=CARTESIAN_POINT('',(30.8786456416646,58.445982564283,-4.62132034355959));
#2507=CARTESIAN_POINT('',(32.9999659852241,58.445982564283,-2.49999999999996));
#2508=CARTESIAN_POINT('',(33.7677329381904,58.445982564283,24.7322330470337));
#2509=CARTESIAN_POINT('',(28.9999659852241,58.445982564283,22.0857864376269));
#2510=CARTESIAN_POINT('',(27.5857524228506,58.445982564283,20.6715728752533));
#2511=CARTESIAN_POINT('',(28.9999659852241,58.445982564283,-2.49999999999995));
#2512=CARTESIAN_POINT('',(28.9999659852241,58.445982564283,23.5));
#2513=CARTESIAN_POINT('',(29.9999659852241,58.445982564283,24.5));
#2514=CARTESIAN_POINT('',(26.878645641664,58.445982564283,21.3786796564399));
#2515=CARTESIAN_POINT('',(27.5857524228506,58.445982564283,20.6715728752533));
#2516=CARTESIAN_POINT('',(55.9999659852241,58.4459825642829,3.50000000000006));
#2517=CARTESIAN_POINT('',(54.9999659852241,58.4459825642829,-2.49999999999994));
#2518=CARTESIAN_POINT('',(54.9999659852241,58.4459825642829,-2.49999999999994));
#2519=CARTESIAN_POINT('',(52.8786456416646,58.4459825642829,-4.62132034355959));
#2520=CARTESIAN_POINT('',(54.9999659852241,58.4459825642829,-2.49999999999994));
#2521=CARTESIAN_POINT('',(54.292859204037,58.4459825642829,-1.79289321881395));
#2522=CARTESIAN_POINT('',(52.171538860478,58.4459825642829,-3.91421356237305));
#2523=CARTESIAN_POINT('',(52.8786456416646,58.4459825642829,-4.62132034355959));
#2524=CARTESIAN_POINT('',(28.9999659852242,72.445982564283,-1.49999999999994));
#2525=CARTESIAN_POINT('',(16.4999659852242,75.445982564283,11.));
#2526=CARTESIAN_POINT('',(29.9999659852242,75.445982564283,-2.49999999999996));
#2527=CARTESIAN_POINT('',(28.9999659852242,75.445982564283,-1.49999999999996));
#2528=CARTESIAN_POINT('',(29.9999659852242,66.445982564283,-2.49999999999995));
#2529=CARTESIAN_POINT('',(29.9999659852242,66.445982564283,-2.49999999999995));
#2530=CARTESIAN_POINT('',(28.9999659852242,66.445982564283,-1.49999999999995));
#2531=CARTESIAN_POINT('',(28.9999659852242,66.445982564283,-1.49999999999995));
#2532=CARTESIAN_POINT('',(28.9999659852242,72.445982564283,-1.49999999999994));
#2533=CARTESIAN_POINT('',(54.9999659852242,72.4459825642829,-2.49999999999993));
#2534=CARTESIAN_POINT('',(54.9999659852242,72.4459825642829,-2.49999999999993));
#2535=CARTESIAN_POINT('',(54.9999659852242,72.4459825642829,-2.49999999999992));
#2536=CARTESIAN_POINT('',(55.9999659852241,72.4459825642829,-1.49999999999993));
#2537=CARTESIAN_POINT('',(55.9999659852241,72.4459825642829,-1.49999999999993));
#2538=CARTESIAN_POINT('',(55.9999659852241,72.4459825642829,0.500000000000059));
#2539=CARTESIAN_POINT('',(55.9999659852241,72.4459825642829,0.500000000000059));
#2540=CARTESIAN_POINT('',(51.7155219649978,72.4459825642829,-2.49999999999993));
#2541=CARTESIAN_POINT('',(51.7155219649978,72.4459825642829,-2.49999999999993));
#2542=CARTESIAN_POINT('',(54.9999659852242,68.4459825642829,-2.49999999999994));
#2543=CARTESIAN_POINT('',(54.9999659852242,68.4459825642829,-2.49999999999994));
#2544=CARTESIAN_POINT('',(54.9999659852242,68.4459825642829,-2.49999999999994));
#2545=CARTESIAN_POINT('',(55.9999659852241,68.4459825642829,-1.49999999999993));
#2546=CARTESIAN_POINT('',(51.7155219649978,68.4459825642829,-2.49999999999994));
#2547=CARTESIAN_POINT('',(51.7155219649978,68.4459825642829,-2.49999999999994));
#2548=CARTESIAN_POINT('',(55.9999659852241,68.4459825642829,0.500000000000061));
#2549=CARTESIAN_POINT('',(55.9999659852241,68.4459825642829,0.500000000000061));
#2550=CARTESIAN_POINT('',(55.9999659852241,68.4459825642829,-1.49999999999993));
#2551=CARTESIAN_POINT('',(55.9999659852241,68.4459825642829,0.500000000000061));
#2552=CARTESIAN_POINT('',(55.9999659852241,68.4459825642829,0.500000000000061));
#2553=CARTESIAN_POINT('',(51.7155219649978,68.4459825642829,-2.49999999999994));
#2554=CARTESIAN_POINT('',(49.9999659852241,72.4459825642829,-0.499999999999938));
#2555=CARTESIAN_POINT('',(49.9999659852241,72.4459825642829,-0.499999999999938));
#2556=CARTESIAN_POINT('',(49.9999659852241,72.4459825642829,-0.499999999999938));
#2557=CARTESIAN_POINT('',(34.9999659852241,72.445982564283,-0.499999999999947));
#2558=CARTESIAN_POINT('',(34.9999659852241,72.445982564283,-0.499999999999947));
#2559=CARTESIAN_POINT('',(32.9999659852241,72.445982564283,-2.49999999999995));
#2560=CARTESIAN_POINT('',(49.9999659852242,72.4459825642829,-2.49999999999994));
#2561=CARTESIAN_POINT('',(49.9999659852242,72.4459825642829,-2.49999999999994));
#2562=CARTESIAN_POINT('',(49.9999659852242,72.4459825642829,-2.49999999999994));
#2563=CARTESIAN_POINT('',(49.9999659852241,68.4459825642829,-0.499999999999943));
#2564=CARTESIAN_POINT('',(49.9999659852241,68.4459825642829,-0.499999999999943));
#2565=CARTESIAN_POINT('',(49.9999659852241,68.4459825642829,-0.499999999999943));
#2566=CARTESIAN_POINT('',(34.9999659852241,68.445982564283,-0.499999999999951));
#2567=CARTESIAN_POINT('',(49.9999659852242,68.4459825642829,-2.49999999999994));
#2568=CARTESIAN_POINT('',(49.9999659852242,68.4459825642829,-2.49999999999994));
#2569=CARTESIAN_POINT('',(49.9999659852242,68.4459825642829,-2.49999999999994));
#2570=CARTESIAN_POINT('',(32.9999659852241,68.445982564283,-2.49999999999995));
#2571=CARTESIAN_POINT('',(34.9999659852241,68.445982564283,-0.499999999999951));
#2572=CARTESIAN_POINT('',(49.9999659852242,68.4459825642829,-2.49999999999994));
#2573=CARTESIAN_POINT('',(49.9999659852242,68.4459825642829,-2.49999999999994));
#2574=CARTESIAN_POINT('',(49.9999659852241,68.4459825642829,-0.499999999999943));
#2575=CARTESIAN_POINT('',(34.9999659852241,68.445982564283,-0.499999999999951));
#2576=CARTESIAN_POINT('',(34.9999659852241,68.445982564283,-0.499999999999951));
#2577=CARTESIAN_POINT('',(32.9999659852241,68.445982564283,-2.49999999999995));
#2578=CARTESIAN_POINT('',(49.9999659852241,68.4459825642829,-0.499999999999943));
#2579=CARTESIAN_POINT('',(28.9999659852242,72.445982564283,24.5));
#2580=CARTESIAN_POINT('',(31.9999659852242,72.445982564283,24.5));
#2581=CARTESIAN_POINT('',(31.9999659852242,72.445982564283,24.5));
#2582=CARTESIAN_POINT('',(29.9999659852242,72.445982564283,24.5));
#2583=CARTESIAN_POINT('',(29.9999659852242,72.445982564283,24.5));
#2584=CARTESIAN_POINT('',(28.9999659852242,72.445982564283,23.5));
#2585=CARTESIAN_POINT('',(28.9999659852242,72.445982564283,23.5));
#2586=CARTESIAN_POINT('',(28.9999659852242,72.445982564283,20.2155559797737));
#2587=CARTESIAN_POINT('',(31.9999659852242,72.445982564283,24.5));
#2588=CARTESIAN_POINT('',(28.9999659852242,68.445982564283,24.5));
#2589=CARTESIAN_POINT('',(31.9999659852241,68.445982564283,24.5));
#2590=CARTESIAN_POINT('',(31.9999659852241,68.445982564283,24.5));
#2591=CARTESIAN_POINT('',(29.9999659852242,68.445982564283,24.5));
#2592=CARTESIAN_POINT('',(31.9999659852241,68.445982564283,24.5));
#2593=CARTESIAN_POINT('',(28.9999659852242,68.445982564283,20.2155559797737));
#2594=CARTESIAN_POINT('',(28.9999659852242,68.445982564283,23.5));
#2595=CARTESIAN_POINT('',(28.9999659852242,68.445982564283,23.5));
#2596=CARTESIAN_POINT('',(29.9999659852242,68.445982564283,24.5));
#2597=CARTESIAN_POINT('',(31.9999659852241,68.445982564283,24.5));
#2598=CARTESIAN_POINT('',(28.9999659852242,68.445982564283,20.2155559797737));
#2599=CARTESIAN_POINT('',(31.9999659852241,68.445982564283,24.5));
#2600=CARTESIAN_POINT('',(47.804760408589,72.4459825642829,13.3516309845921));
#2601=CARTESIAN_POINT('',(44.3281786892028,72.4459825642829,16.8282127039784));
#2602=CARTESIAN_POINT('',(30.9999659852242,72.445982564283,3.50000000000002));
#2603=CARTESIAN_POINT('',(28.9999659852242,72.445982564283,1.50000000000004));
#2604=CARTESIAN_POINT('',(30.9999659852242,72.445982564283,13.3516309845921));
#2605=CARTESIAN_POINT('',(30.9999659852242,72.445982564283,18.5));
#2606=CARTESIAN_POINT('',(47.804760408589,72.4459825642829,18.5));
#2607=CARTESIAN_POINT('',(28.9999659852242,72.445982564283,18.5));
#2608=CARTESIAN_POINT('',(28.9999659852242,72.445982564283,13.3516309845921));
#2609=CARTESIAN_POINT('',(47.804760408589,68.4459825642829,13.3516309845921));
#2610=CARTESIAN_POINT('',(44.3281786892028,68.4459825642829,16.8282127039784));
#2611=CARTESIAN_POINT('',(30.9999659852242,68.445982564283,3.50000000000002));
#2612=CARTESIAN_POINT('',(28.9999659852242,68.445982564283,1.50000000000005));
#2613=CARTESIAN_POINT('',(28.9999659852242,68.445982564283,13.3516309845921));
#2614=CARTESIAN_POINT('',(28.9999659852242,68.445982564283,18.5));
#2615=CARTESIAN_POINT('',(47.804760408589,68.4459825642829,18.5));
#2616=CARTESIAN_POINT('',(30.9999659852242,68.445982564283,18.5));
#2617=CARTESIAN_POINT('',(30.9999659852242,68.445982564283,13.3516309845921));
#2618=CARTESIAN_POINT('',(47.804760408589,68.4459825642829,18.5));
#2619=CARTESIAN_POINT('',(30.9999659852242,68.445982564283,18.5));
#2620=CARTESIAN_POINT('',(28.9999659852242,68.445982564283,18.5));
#2621=CARTESIAN_POINT('',(30.9999659852242,68.445982564283,13.3516309845921));
#2622=CARTESIAN_POINT('',(30.9999659852242,68.445982564283,3.50000000000002));
#2623=CARTESIAN_POINT('',(44.3281786892028,68.4459825642829,16.8282127039784));
#2624=CARTESIAN_POINT('',(28.9999659852242,68.445982564283,1.50000000000005));
#2625=CARTESIAN_POINT('',(49.9999659852242,65.6959825642829,-2.49999999999994));
#2626=CARTESIAN_POINT('',(49.9999659852242,65.6959825642829,-2.49999999999994));
#2627=CARTESIAN_POINT('',(32.9999659852241,65.695982564283,-2.49999999999995));
#2628=CARTESIAN_POINT('',(49.9999659852242,65.6959825642829,-2.49999999999994));
#2629=CARTESIAN_POINT('',(49.9999659852242,65.6959825642829,3.50000000000005));
#2630=CARTESIAN_POINT('',(49.9999659852242,65.6959825642829,3.50000000000005));
#2631=CARTESIAN_POINT('',(38.9999659852242,65.6959825642829,3.50000000000004));
#2632=CARTESIAN_POINT('',(38.9999659852242,65.6959825642829,3.50000000000004));
#2633=CARTESIAN_POINT('',(32.9999659852241,65.695982564283,-2.49999999999995));
#2634=CARTESIAN_POINT('',(28.9999659852242,65.695982564283,18.5));
#2635=CARTESIAN_POINT('',(28.9999659852242,65.695982564283,1.50000000000005));
#2636=CARTESIAN_POINT('',(28.9999659852242,65.695982564283,18.5));
#2637=CARTESIAN_POINT('',(28.9999659852242,65.695982564283,1.50000000000006));
#2638=CARTESIAN_POINT('',(34.9999659852242,65.695982564283,7.50000000000004));
#2639=CARTESIAN_POINT('',(34.9999659852242,65.695982564283,7.50000000000004));
#2640=CARTESIAN_POINT('',(34.9999659852241,65.695982564283,18.5000000000001));
#2641=CARTESIAN_POINT('',(34.9999659852241,65.695982564283,18.5000000000001));
#2642=CARTESIAN_POINT('',(28.9999659852242,65.695982564283,18.5));
#2643=CARTESIAN_POINT('',(31.9999659852241,75.445982564283,26.5000000000001));
#2644=CARTESIAN_POINT('',(54.9999659852242,75.4459825642829,-2.49999999999993));
#2645=CARTESIAN_POINT('',(54.9999659852242,75.4459825642829,-2.49999999999993));
#2646=CARTESIAN_POINT('',(28.9999659852242,75.445982564283,-2.49999999999995));
#2647=CARTESIAN_POINT('',(28.9999659852242,75.445982564283,23.5));
#2648=CARTESIAN_POINT('',(28.9999659852242,75.445982564283,23.5));
#2649=CARTESIAN_POINT('',(29.9999659852242,75.445982564283,24.5));
#2650=CARTESIAN_POINT('',(29.9999659852242,75.445982564283,24.5));
#2651=CARTESIAN_POINT('',(33.9999659852242,75.445982564283,24.5));
#2652=CARTESIAN_POINT('',(33.9999659852242,75.445982564283,24.5));
#2653=CARTESIAN_POINT('',(55.9999659852242,75.4459825642829,2.50000000000007));
#2654=CARTESIAN_POINT('',(55.9999659852242,75.4459825642829,2.50000000000007));
#2655=CARTESIAN_POINT('',(55.9999659852242,75.4459825642829,-1.49999999999993));
#2656=CARTESIAN_POINT('',(55.9999659852242,75.4459825642829,-1.49999999999993));
#2657=CARTESIAN_POINT('',(31.9999659852241,72.445982564283,26.5));
#2658=CARTESIAN_POINT('',(33.9999659852241,72.445982564283,24.5));
#2659=CARTESIAN_POINT('',(34.9999659852242,72.445982564283,23.5));
#2660=CARTESIAN_POINT('',(54.9999659852242,72.4459825642829,3.50000000000005));
#2661=CARTESIAN_POINT('',(34.9999659852242,72.445982564283,23.5));
#2662=CARTESIAN_POINT('',(34.9999659852242,72.4459825642829,3.50000000000004));
#2663=CARTESIAN_POINT('',(34.9999659852242,72.4459825642829,3.50000000000004));
#2664=CARTESIAN_POINT('',(27.5857524228511,66.445982564283,-1.32842712474622));
#2665=CARTESIAN_POINT('',(27.5857524228511,66.445982564283,-1.32842712474622));
#2666=CARTESIAN_POINT('',(27.5857524228511,66.445982564283,-1.32842712474622));
#2667=CARTESIAN_POINT('',(27.585752422851,58.445982564283,-1.32842712474623));
#2668=CARTESIAN_POINT('',(27.585752422851,58.445982564283,-1.32842712474623));
#2669=CARTESIAN_POINT('',(26.8786456416645,58.445982564283,-0.621320343559702));
#2670=CARTESIAN_POINT('',(26.8786456416645,66.445982564283,-0.621320343559699));
#2671=CARTESIAN_POINT('',(26.8786456416645,66.445982564283,-0.621320343559699));
#2672=CARTESIAN_POINT('',(27.5857524228511,66.445982564283,-1.32842712474622));
#2673=CARTESIAN_POINT('',(28.9999659852241,66.445982564283,0.0857864376269026));
#2674=CARTESIAN_POINT('',(29.7070727664107,66.445982564283,0.79289321881349));
#2675=CARTESIAN_POINT('',(29.7070727664107,66.445982564283,0.79289321881349));
#2676=CARTESIAN_POINT('',(28.9999659852241,58.445982564283,0.085786437626907));
#2677=CARTESIAN_POINT('',(28.9999659852241,66.445982564283,0.0857864376269026));
#2678=CARTESIAN_POINT('',(28.9999659852242,66.445982564283,0.0857864376269442));
#2679=CARTESIAN_POINT('',(28.9999659852241,66.445982564283,0.0857864376269026));
#2680=CARTESIAN_POINT('',(29.7070727664107,66.445982564283,0.79289321881349));
#2681=CARTESIAN_POINT('',(30.6464125946309,66.445982564283,-0.146446609406659));
#2682=CARTESIAN_POINT('',(30.6464125946309,66.445982564283,-0.146446609406659));
#2683=CARTESIAN_POINT('',(29.7070727664107,66.445982564283,0.79289321881349));
#2684=CARTESIAN_POINT('',(30.6464125946309,66.445982564283,-0.146446609406659));
#2685=CARTESIAN_POINT('',(29.9393058134443,66.445982564283,-0.853553390593212));
#2686=CARTESIAN_POINT('',(29.9393058134443,66.445982564283,-0.853553390593212));
#2687=CARTESIAN_POINT('',(30.6464125946309,66.445982564283,-0.146446609406659));
#2688=CARTESIAN_POINT('',(29.9393058134443,66.445982564283,-0.853553390593212));
#2689=CARTESIAN_POINT('',(30.6464125946309,66.445982564283,-1.56066017177978));
#2690=CARTESIAN_POINT('',(30.6464125946309,66.445982564283,-1.56066017177978));
#2691=CARTESIAN_POINT('',(29.9393058134443,66.445982564283,-0.853553390593212));
#2692=CARTESIAN_POINT('',(30.6464125946309,66.445982564283,-1.56066017177978));
#2693=CARTESIAN_POINT('',(31.3535193758174,66.445982564283,-0.853553390593218));
#2694=CARTESIAN_POINT('',(31.3535193758174,66.445982564283,-0.853553390593218));
#2695=CARTESIAN_POINT('',(30.6464125946309,66.445982564283,-1.56066017177978));
#2696=CARTESIAN_POINT('',(31.3535193758174,66.445982564283,-0.853553390593218));
#2697=CARTESIAN_POINT('',(32.2928592040376,66.445982564283,-1.7928932188134));
#2698=CARTESIAN_POINT('',(32.2928592040376,66.445982564283,-1.7928932188134));
#2699=CARTESIAN_POINT('',(31.3535193758174,66.445982564283,-0.853553390593218));
#2700=CARTESIAN_POINT('',(32.2928592040376,66.445982564283,-1.7928932188134));
#2701=CARTESIAN_POINT('',(30.171538860478,66.445982564283,-3.91421356237306));
#2702=CARTESIAN_POINT('',(30.171538860478,66.445982564283,-3.91421356237306));
#2703=CARTESIAN_POINT('',(30.171538860478,66.445982564283,-3.91421356237306));
#2704=CARTESIAN_POINT('',(31.5857524228511,66.445982564283,-2.49999999999995));
#2705=CARTESIAN_POINT('',(30.171538860478,66.445982564283,-3.91421356237306));
#2706=CARTESIAN_POINT('',(30.8786456416646,66.445982564283,-4.62132034355958));
#2707=CARTESIAN_POINT('',(30.8786456416646,66.445982564283,-4.62132034355958));
#2708=CARTESIAN_POINT('',(30.8786456416646,66.445982564283,-4.62132034355958));
#2709=CARTESIAN_POINT('',(30.8786456416646,66.445982564283,-4.62132034355958));
#2710=CARTESIAN_POINT('',(34.9999659852242,66.445982564283,3.50000000000004));
#2711=CARTESIAN_POINT('',(28.9999659852242,66.445982564283,-2.49999999999995));
#2712=CARTESIAN_POINT('',(28.9999659852242,66.445982564283,1.50000000000005));
#2713=CARTESIAN_POINT('',(26.8786456416645,66.445982564283,-0.621320343559699));
#2714=CARTESIAN_POINT('',(34.9999659852242,66.445982564283,3.50000000000004));
#2715=CARTESIAN_POINT('',(51.4644320792915,66.4459825642829,-2.49999999999994));
#2716=CARTESIAN_POINT('',(32.9999659852241,66.445982564283,-2.49999999999995));
#2717=CARTESIAN_POINT('',(34.9999659852242,66.445982564283,-0.499999999999923));
#2718=CARTESIAN_POINT('',(27.5857524228506,66.445982564283,20.6715728752533));
#2719=CARTESIAN_POINT('',(27.5857524228506,66.445982564283,20.6715728752533));
#2720=CARTESIAN_POINT('',(27.5857524228506,66.445982564283,20.6715728752533));
#2721=CARTESIAN_POINT('',(26.878645641664,66.445982564283,21.3786796564399));
#2722=CARTESIAN_POINT('',(26.878645641664,66.445982564283,21.3786796564399));
#2723=CARTESIAN_POINT('',(27.5857524228506,66.445982564283,20.6715728752533));
#2724=CARTESIAN_POINT('',(28.9999659852241,66.445982564283,22.0857864376269));
#2725=CARTESIAN_POINT('',(29.7070727664096,66.445982564283,22.7928932188124));
#2726=CARTESIAN_POINT('',(29.7070727664096,66.445982564283,22.7928932188124));
#2727=CARTESIAN_POINT('',(28.9999659852241,66.445982564283,22.0857864376269));
#2728=CARTESIAN_POINT('',(28.9999659852241,66.445982564283,22.0857864376269));
#2729=CARTESIAN_POINT('',(28.9999659852241,66.445982564283,22.0857864376269));
#2730=CARTESIAN_POINT('',(29.7070727664096,66.445982564283,22.7928932188124));
#2731=CARTESIAN_POINT('',(30.7677329381895,66.445982564283,21.7322330470326));
#2732=CARTESIAN_POINT('',(30.7677329381895,66.445982564283,21.7322330470326));
#2733=CARTESIAN_POINT('',(29.7070727664096,66.445982564283,22.7928932188124));
#2734=CARTESIAN_POINT('',(30.7677329381895,66.445982564283,21.7322330470326));
#2735=CARTESIAN_POINT('',(28.9999659852241,66.445982564283,19.9644660940672));
#2736=CARTESIAN_POINT('',(28.9999659852241,66.445982564283,19.9644660940672));
#2737=CARTESIAN_POINT('',(30.7677329381895,66.445982564283,21.7322330470326));
#2738=CARTESIAN_POINT('',(33.7677329381904,66.445982564283,24.7322330470337));
#2739=CARTESIAN_POINT('',(26.878645641664,66.445982564283,21.3786796564399));
#2740=CARTESIAN_POINT('',(28.9999659852241,66.445982564283,23.5));
#2741=CARTESIAN_POINT('',(28.9999659852242,66.445982564283,-2.49999999999995));
#2742=CARTESIAN_POINT('',(29.9999659852242,72.445982564283,24.5));
#2743=CARTESIAN_POINT('',(28.9999659852241,52.445982564283,23.5));
#2744=CARTESIAN_POINT('',(29.9999659852242,72.445982564283,24.5));
#2745=CARTESIAN_POINT('',(28.9999659852242,72.445982564283,23.5));
#2746=CARTESIAN_POINT('',(28.9999659852242,72.445982564283,-2.49999999999994));
#2747=CARTESIAN_POINT('',(28.9999659852241,52.445982564283,23.5));
#2748=CARTESIAN_POINT('',(28.9999659852242,66.445982564283,-2.49999999999995));
#2749=CARTESIAN_POINT('',(28.9999659852242,72.445982564283,23.5));
#2750=CARTESIAN_POINT('',(28.9999659852242,66.445982564283,-2.49999999999995));
#2751=CARTESIAN_POINT('',(28.9999659852242,65.695982564283,1.50000000000005));
#2752=CARTESIAN_POINT('',(28.9999659852242,66.445982564283,18.5));
#2753=CARTESIAN_POINT('',(28.9999659852241,59.195982564283,1.50000000000005));
#2754=CARTESIAN_POINT('',(28.9999659852241,58.445982564283,1.50000000000008));
#2755=CARTESIAN_POINT('',(28.9999659852241,58.445982564283,3.50000000000004));
#2756=CARTESIAN_POINT('',(34.9999659852242,72.445982564283,23.5));
#2757=CARTESIAN_POINT('',(34.9999659852242,72.445982564283,23.5));
#2758=CARTESIAN_POINT('',(34.9999659852242,72.4459825642829,3.50000000000004));
#2759=CARTESIAN_POINT('',(34.9999659852242,66.445982564283,7.50000000000004));
#2760=CARTESIAN_POINT('',(34.9999659852241,66.445982564283,18.5000000000001));
#2761=CARTESIAN_POINT('',(33.9999659852241,72.445982564283,24.5));
#2762=CARTESIAN_POINT('',(29.9999659852242,72.445982564283,24.5));
#2763=CARTESIAN_POINT('',(33.9999659852241,72.445982564283,24.5));
#2764=CARTESIAN_POINT('',(29.9999659852242,72.445982564283,24.5));
#2765=CARTESIAN_POINT('',(28.9999659852241,66.445982564283,24.5));
#2766=CARTESIAN_POINT('',(54.9999659852242,66.4459825642829,-2.49999999999993));
#2767=CARTESIAN_POINT('',(53.5857524228511,66.4459825642829,-2.49999999999994));
#2768=CARTESIAN_POINT('',(51.4644320792915,66.4459825642829,-2.49999999999994));
#2769=CARTESIAN_POINT('',(52.171538860478,66.4459825642829,-3.91421356237305));
#2770=CARTESIAN_POINT('',(54.2928592040371,66.4459825642829,-1.79289321881395));
#2771=CARTESIAN_POINT('',(53.2321990322572,66.4459825642829,-0.732233047034148));
#2772=CARTESIAN_POINT('',(53.2321990322572,66.4459825642829,-0.732233047034148));
#2773=CARTESIAN_POINT('',(51.4644320792915,66.4459825642829,-2.49999999999994));
#2774=CARTESIAN_POINT('',(55.9999659852241,66.4459825642829,2.50000000000006));
#2775=CARTESIAN_POINT('',(54.9999659852242,66.4459825642829,3.50000000000005));
#2776=CARTESIAN_POINT('',(55.9999659852241,66.4459825642829,2.50000000000006));
#2777=CARTESIAN_POINT('',(54.9999659852242,66.4459825642829,3.50000000000005));
#2778=CARTESIAN_POINT('',(49.9999659852242,66.4459825642829,3.50000000000005));
#2779=CARTESIAN_POINT('',(38.9999659852242,66.4459825642829,3.50000000000004));
#2780=CARTESIAN_POINT('',(49.9999659852242,66.4459825642829,3.50000000000005));
#2781=CARTESIAN_POINT('',(49.9999659852242,66.4459825642829,-2.49999999999994));
#2782=CARTESIAN_POINT('',(51.4644320792915,66.4459825642829,-2.49999999999994));
#2783=CARTESIAN_POINT('',(53.2321990322572,66.4459825642829,-0.732233047034148));
#2784=CARTESIAN_POINT('',(51.4644320792915,66.4459825642829,-2.49999999999994));
#2785=CARTESIAN_POINT('',(53.2321990322572,66.4459825642829,-0.732233047034148));
#2786=CARTESIAN_POINT('',(54.2928592040371,66.4459825642829,-1.79289321881395));
#2787=CARTESIAN_POINT('',(54.2928592040371,66.4459825642829,-1.79289321881395));
#2788=CARTESIAN_POINT('',(52.171538860478,66.4459825642829,-3.91421356237305));
#2789=CARTESIAN_POINT('',(52.171538860478,66.4459825642829,-3.91421356237305));
#2790=CARTESIAN_POINT('',(52.171538860478,66.4459825642829,-3.91421356237305));
#2791=CARTESIAN_POINT('',(52.8786456416646,66.4459825642829,-4.62132034355958));
#2792=CARTESIAN_POINT('',(52.8786456416646,66.4459825642829,-4.62132034355958));
#2793=CARTESIAN_POINT('',(52.8786456416646,66.4459825642829,-4.62132034355958));
#2794=CARTESIAN_POINT('',(52.8786456416646,66.4459825642829,-4.62132034355958));
#2795=CARTESIAN_POINT('',(54.9999659852241,66.4459825642829,-2.49999999999993));
#2796=CARTESIAN_POINT('',(55.9999659852241,66.4459825642829,-1.49999999999993));
#2797=CARTESIAN_POINT('',(54.9999659852242,72.4459825642829,-2.49999999999993));
#2798=CARTESIAN_POINT('',(55.9999659852241,66.4459825642829,3.50000000000005));
#2799=CARTESIAN_POINT('',(54.9999659852242,66.4459825642829,-2.49999999999993));
#2800=CARTESIAN_POINT('',(54.9999659852241,66.4459825642829,-2.49999999999993));
#2801=CARTESIAN_POINT('',(54.9999659852241,66.4459825642829,-2.49999999999993));
#2802=CARTESIAN_POINT('',(28.9999659852241,66.445982564283,24.5));
#2803=CARTESIAN_POINT('',(28.9999659852241,66.445982564283,24.5));
#2804=CARTESIAN_POINT('',(54.9999659852242,66.4459825642829,-2.49999999999993));
#2805=CARTESIAN_POINT('',(34.9999659852242,66.445982564283,7.50000000000004));
#2806=CARTESIAN_POINT('',(34.9999659852241,58.445982564283,7.50000000000005));
#2807=CARTESIAN_POINT('',(32.9999659852241,66.445982564283,-2.49999999999995));
#2808=CARTESIAN_POINT('',(32.9999659852241,59.195982564283,-2.49999999999996));
#2809=CARTESIAN_POINT('',(32.9999659852241,65.695982564283,-2.49999999999995));
#2810=CARTESIAN_POINT('',(29.9999659852242,72.445982564283,24.5));
#2811=CARTESIAN_POINT('',(54.9999659852241,66.4459825642829,-2.49999999999993));
#2812=CARTESIAN_POINT('',(54.9999659852241,52.4459825642829,-2.49999999999993));
#2813=CARTESIAN_POINT('',(55.9999659852241,66.4459825642829,-1.49999999999993));
#2814=CARTESIAN_POINT('',(34.9999659852241,58.445982564283,3.50000000000004));
#2815=CARTESIAN_POINT('',(28.9999659852242,66.445982564283,18.5));
#2816=CARTESIAN_POINT('',(29.9999659852242,72.445982564283,24.5));
#2817=CARTESIAN_POINT('',(54.9999659852241,66.4459825642829,-2.49999999999993));
#2818=CARTESIAN_POINT('',(54.9999659852241,52.4459825642829,-2.49999999999993));
#2819=CARTESIAN_POINT('',(54.9999659852242,72.4459825642829,-2.49999999999993));
#2820=CARTESIAN_POINT('',(55.9999659852241,66.4459825642829,-1.49999999999993));
#2821=CARTESIAN_POINT('',(55.9999659852241,66.4459825642829,-1.49999999999993));
#2822=CARTESIAN_POINT('',(51.4644320792915,66.4459825642829,-2.49999999999994));
#2823=MECHANICAL_DESIGN_GEOMETRIC_PRESENTATION_REPRESENTATION('',(#1792),
#2824);
#2824=(
GEOMETRIC_REPRESENTATION_CONTEXT(3)
GLOBAL_UNCERTAINTY_ASSIGNED_CONTEXT((#2825))
GLOBAL_UNIT_ASSIGNED_CONTEXT((#2828,#2827,#2826))
REPRESENTATION_CONTEXT('CBR3030','TOP_LEVEL_ASSEMBLY_PART')
);
#2825=UNCERTAINTY_MEASURE_WITH_UNIT(LENGTH_MEASURE(0.005),#2828,
'DISTANCE_ACCURACY_VALUE','Maximum Tolerance applied to model');
#2826=(
NAMED_UNIT(*)
SI_UNIT($,.STERADIAN.)
SOLID_ANGLE_UNIT()
);
#2827=(
NAMED_UNIT(*)
PLANE_ANGLE_UNIT()
SI_UNIT($,.RADIAN.)
);
#2828=(
LENGTH_UNIT()
NAMED_UNIT(*)
SI_UNIT(.MILLI.,.METRE.)
);
#2829=PRODUCT_DEFINITION_SHAPE('','',#2830);
#2830=PRODUCT_DEFINITION('','',#2832,#2831);
#2831=PRODUCT_DEFINITION_CONTEXT('',#2838,'design');
#2832=PRODUCT_DEFINITION_FORMATION_WITH_SPECIFIED_SOURCE('','',#2834,
 .NOT_KNOWN.);
#2833=PRODUCT_RELATED_PRODUCT_CATEGORY('','',(#2834));
#2834=PRODUCT('CBR3030','CBR3030','CBR3030',(#2836));
#2835=PRODUCT_CATEGORY('','');
#2836=PRODUCT_CONTEXT('',#2838,'mechanical');
#2837=APPLICATION_PROTOCOL_DEFINITION('international standard',
'automotive_design',2010,#2838);
#2838=APPLICATION_CONTEXT(
'core data for automotive mechanical design processes');
ENDSEC;
END-ISO-10303-21;
