ISO-10303-21;
HEADER;
/* Generated by software containing ST-Developer
 * from STEP Tools, Inc. (www.steptools.com) 
 */

FILE_DESCRIPTION(
/* description */ ('STEP AP214'),
/* implementation_level */ '2;1');

FILE_NAME(
/* name */ 'KP08 SUPPORT BEARING.step',
/* time_stamp */ '2025-11-16T01:13:50+05:30',
/* author */ (''),
/* organization */ (''),
/* preprocessor_version */ 'ST-DEVELOPER v20.1',
/* originating_system */ 'Autodesk Translation Framework v14.21.0.0',
/* authorisation */ '');

FILE_SCHEMA (('AUTOMOTIVE_DESIGN { 1 0 10303 214 3 1 1 }'));
ENDSEC;

DATA;
#10=MECHANICAL_DESIGN_GEOMETRIC_PRESENTATION_REPRESENTATION('',(#13,#14,
#15,#16),#7811);
#11=SHAPE_REPRESENTATION_RELATIONSHIP('SRR','None',#7818,#12);
#12=ADVANCED_BREP_SHAPE_REPRESENTATION('',(#17,#18,#19,#20),#7810);
#13=STYLED_ITEM('',(#7828),#17);
#14=STYLED_ITEM('',(#7829),#18);
#15=STYLED_ITEM('',(#7830),#19);
#16=STYLED_ITEM('',(#7831),#20);
#17=MANIFOLD_SOLID_BREP('Body1',#3164);
#18=MANIFOLD_SOLID_BREP('Body2',#3165);
#19=MANIFOLD_SOLID_BREP('Body3',#3166);
#20=MANIFOLD_SOLID_BREP('Body4',#3167);
#21=SPHERICAL_SURFACE('',#3410,0.5);
#22=SPHERICAL_SURFACE('',#3418,0.5);
#23=SPHERICAL_SURFACE('',#3426,0.5);
#24=SPHERICAL_SURFACE('',#3434,0.5);
#25=SPHERICAL_SURFACE('',#3439,0.5);
#26=SPHERICAL_SURFACE('',#3444,0.5);
#27=SPHERICAL_SURFACE('',#3454,0.5);
#28=SPHERICAL_SURFACE('',#3459,0.5);
#29=SPHERICAL_SURFACE('',#3464,0.5);
#30=SPHERICAL_SURFACE('',#3469,0.5);
#31=SPHERICAL_SURFACE('',#3476,0.5);
#32=SPHERICAL_SURFACE('',#3481,0.5);
#33=(
BOUNDED_CURVE()
B_SPLINE_CURVE(3,(#5779,#5780,#5781,#5782,#5783,#5784,#5785,#5786,#5787,
#5788),.UNSPECIFIED.,.F.,.F.)
B_SPLINE_CURVE_WITH_KNOTS((4,2,2,2,4),(3.14159265358979,3.53429173528852,
3.92699081698724,4.31968989868597,4.71238898038469),.UNSPECIFIED.)
CURVE()
GEOMETRIC_REPRESENTATION_ITEM()
RATIONAL_B_SPLINE_CURVE((1.,1.,1.,1.,1.,1.,1.,1.,1.,1.))
REPRESENTATION_ITEM('')
);
#34=(
BOUNDED_CURVE()
B_SPLINE_CURVE(3,(#5812,#5813,#5814,#5815,#5816,#5817,#5818,#5819,#5820,
#5821),.UNSPECIFIED.,.F.,.F.)
B_SPLINE_CURVE_WITH_KNOTS((4,2,2,2,4),(3.14159265358979,3.53429173528852,
3.92699081698724,4.31968989868597,4.71238898038469),.UNSPECIFIED.)
CURVE()
GEOMETRIC_REPRESENTATION_ITEM()
RATIONAL_B_SPLINE_CURVE((1.,1.,1.,1.,1.,1.,1.,1.,1.,1.))
REPRESENTATION_ITEM('')
);
#35=(
BOUNDED_CURVE()
B_SPLINE_CURVE(3,(#5829,#5830,#5831,#5832,#5833,#5834,#5835,#5836,#5837,
#5838),.UNSPECIFIED.,.F.,.F.)
B_SPLINE_CURVE_WITH_KNOTS((4,2,2,2,4),(4.71238898038469,5.10508806208341,
5.49778714378214,5.89048622548086,6.28318530717959),.UNSPECIFIED.)
CURVE()
GEOMETRIC_REPRESENTATION_ITEM()
RATIONAL_B_SPLINE_CURVE((1.,1.,1.,1.,1.,1.,1.,1.,1.,1.))
REPRESENTATION_ITEM('')
);
#36=(
BOUNDED_CURVE()
B_SPLINE_CURVE(3,(#5857,#5858,#5859,#5860,#5861,#5862,#5863,#5864,#5865,
#5866),.UNSPECIFIED.,.F.,.F.)
B_SPLINE_CURVE_WITH_KNOTS((4,2,2,2,4),(4.71238898038469,5.10508806208341,
5.49778714378214,5.89048622548086,6.28318530717959),.UNSPECIFIED.)
CURVE()
GEOMETRIC_REPRESENTATION_ITEM()
RATIONAL_B_SPLINE_CURVE((1.,1.,1.,1.,1.,1.,1.,1.,1.,1.))
REPRESENTATION_ITEM('')
);
#37=FACE_BOUND('',#922,.T.);
#38=FACE_BOUND('',#927,.T.);
#39=FACE_BOUND('',#928,.T.);
#40=FACE_BOUND('',#944,.T.);
#41=FACE_BOUND('',#946,.T.);
#42=FACE_BOUND('',#959,.T.);
#43=FACE_BOUND('',#968,.T.);
#44=FACE_BOUND('',#970,.T.);
#45=FACE_BOUND('',#1094,.T.);
#46=FACE_BOUND('',#1096,.T.);
#47=FACE_BOUND('',#1102,.T.);
#48=FACE_BOUND('',#1104,.T.);
#49=FACE_BOUND('',#1106,.T.);
#50=FACE_BOUND('',#1108,.T.);
#51=FACE_BOUND('',#1112,.T.);
#52=FACE_BOUND('',#1114,.T.);
#53=PLANE('',#3227);
#54=PLANE('',#3228);
#55=PLANE('',#3231);
#56=PLANE('',#3232);
#57=PLANE('',#3233);
#58=PLANE('',#3240);
#59=PLANE('',#3243);
#60=PLANE('',#3244);
#61=PLANE('',#3248);
#62=PLANE('',#3252);
#63=PLANE('',#3263);
#64=PLANE('',#3264);
#65=PLANE('',#3267);
#66=PLANE('',#3268);
#67=PLANE('',#3269);
#68=PLANE('',#3270);
#69=PLANE('',#3271);
#70=PLANE('',#3272);
#71=PLANE('',#3273);
#72=PLANE('',#3274);
#73=PLANE('',#3275);
#74=PLANE('',#3280);
#75=PLANE('',#3285);
#76=PLANE('',#3286);
#77=PLANE('',#3287);
#78=PLANE('',#3288);
#79=PLANE('',#3289);
#80=PLANE('',#3290);
#81=PLANE('',#3291);
#82=PLANE('',#3292);
#83=PLANE('',#3293);
#84=PLANE('',#3294);
#85=PLANE('',#3295);
#86=PLANE('',#3296);
#87=PLANE('',#3297);
#88=PLANE('',#3298);
#89=PLANE('',#3301);
#90=PLANE('',#3304);
#91=PLANE('',#3307);
#92=PLANE('',#3310);
#93=PLANE('',#3313);
#94=PLANE('',#3314);
#95=PLANE('',#3317);
#96=PLANE('',#3320);
#97=PLANE('',#3321);
#98=PLANE('',#3484);
#99=PLANE('',#3485);
#100=PLANE('',#3486);
#101=PLANE('',#3487);
#102=PLANE('',#3488);
#103=PLANE('',#3489);
#104=PLANE('',#3490);
#105=PLANE('',#3491);
#106=PLANE('',#3492);
#107=PLANE('',#3493);
#108=PLANE('',#3494);
#109=PLANE('',#3495);
#110=PLANE('',#3507);
#111=PLANE('',#3508);
#112=PLANE('',#3522);
#113=PLANE('',#3523);
#114=PLANE('',#3530);
#115=PLANE('',#3531);
#116=CONICAL_SURFACE('',#3211,2.5,0.785398163397453);
#117=CONICAL_SURFACE('',#3215,3.00000000000001,0.785398163397446);
#118=CONICAL_SURFACE('',#3496,6.25,0.785398163397443);
#119=CONICAL_SURFACE('',#3499,6.,0.785398163397455);
#120=CONICAL_SURFACE('',#3511,5.75,0.785398163397447);
#121=CONICAL_SURFACE('',#3514,5.75,0.785398163397447);
#122=LINE('',#4684,#314);
#123=LINE('',#4691,#315);
#124=LINE('',#4700,#316);
#125=LINE('',#4705,#317);
#126=LINE('',#4709,#318);
#127=LINE('',#4741,#319);
#128=LINE('',#4743,#320);
#129=LINE('',#4745,#321);
#130=LINE('',#4800,#322);
#131=LINE('',#4801,#323);
#132=LINE('',#4805,#324);
#133=LINE('',#4807,#325);
#134=LINE('',#4809,#326);
#135=LINE('',#4811,#327);
#136=LINE('',#4813,#328);
#137=LINE('',#4872,#329);
#138=LINE('',#4883,#330);
#139=LINE('',#4898,#331);
#140=LINE('',#4900,#332);
#141=LINE('',#4902,#333);
#142=LINE('',#4957,#334);
#143=LINE('',#4958,#335);
#144=LINE('',#4962,#336);
#145=LINE('',#4964,#337);
#146=LINE('',#4966,#338);
#147=LINE('',#4968,#339);
#148=LINE('',#4970,#340);
#149=LINE('',#5029,#341);
#150=LINE('',#5031,#342);
#151=LINE('',#5033,#343);
#152=LINE('',#5069,#344);
#153=LINE('',#5071,#345);
#154=LINE('',#5073,#346);
#155=LINE('',#5075,#347);
#156=LINE('',#5077,#348);
#157=LINE('',#5080,#349);
#158=LINE('',#5084,#350);
#159=LINE('',#5086,#351);
#160=LINE('',#5088,#352);
#161=LINE('',#5089,#353);
#162=LINE('',#5097,#354);
#163=LINE('',#5099,#355);
#164=LINE('',#5101,#356);
#165=LINE('',#5106,#357);
#166=LINE('',#5114,#358);
#167=LINE('',#5115,#359);
#168=LINE('',#5118,#360);
#169=LINE('',#5122,#361);
#170=LINE('',#5124,#362);
#171=LINE('',#5128,#363);
#172=LINE('',#5130,#364);
#173=LINE('',#5135,#365);
#174=LINE('',#5137,#366);
#175=LINE('',#5139,#367);
#176=LINE('',#5143,#368);
#177=LINE('',#5146,#369);
#178=LINE('',#5148,#370);
#179=LINE('',#5150,#371);
#180=LINE('',#5152,#372);
#181=LINE('',#5154,#373);
#182=LINE('',#5155,#374);
#183=LINE('',#5158,#375);
#184=LINE('',#5160,#376);
#185=LINE('',#5162,#377);
#186=LINE('',#5164,#378);
#187=LINE('',#5166,#379);
#188=LINE('',#5167,#380);
#189=LINE('',#5170,#381);
#190=LINE('',#5173,#382);
#191=LINE('',#5177,#383);
#192=LINE('',#5178,#384);
#193=LINE('',#5180,#385);
#194=LINE('',#5181,#386);
#195=LINE('',#5184,#387);
#196=LINE('',#5186,#388);
#197=LINE('',#5188,#389);
#198=LINE('',#5189,#390);
#199=LINE('',#5192,#391);
#200=LINE('',#5195,#392);
#201=LINE('',#5199,#393);
#202=LINE('',#5200,#394);
#203=LINE('',#5201,#395);
#204=LINE('',#5205,#396);
#205=LINE('',#5207,#397);
#206=LINE('',#5209,#398);
#207=LINE('',#5210,#399);
#208=LINE('',#5214,#400);
#209=LINE('',#5215,#401);
#210=LINE('',#5216,#402);
#211=LINE('',#5220,#403);
#212=LINE('',#5221,#404);
#213=LINE('',#5222,#405);
#214=LINE('',#5226,#406);
#215=LINE('',#5227,#407);
#216=LINE('',#5228,#408);
#217=LINE('',#5232,#409);
#218=LINE('',#5233,#410);
#219=LINE('',#5234,#411);
#220=LINE('',#5236,#412);
#221=LINE('',#5237,#413);
#222=LINE('',#5239,#414);
#223=LINE('',#5243,#415);
#224=LINE('',#5247,#416);
#225=LINE('',#5256,#417);
#226=LINE('',#5260,#418);
#227=LINE('',#5270,#419);
#228=LINE('',#5272,#420);
#229=LINE('',#5274,#421);
#230=LINE('',#5276,#422);
#231=LINE('',#5278,#423);
#232=LINE('',#5279,#424);
#233=LINE('',#5282,#425);
#234=LINE('',#5284,#426);
#235=LINE('',#5285,#427);
#236=LINE('',#5288,#428);
#237=LINE('',#5290,#429);
#238=LINE('',#5291,#430);
#239=LINE('',#5294,#431);
#240=LINE('',#5295,#432);
#241=LINE('',#5298,#433);
#242=LINE('',#5299,#434);
#243=LINE('',#5302,#435);
#244=LINE('',#5303,#436);
#245=LINE('',#5306,#437);
#246=LINE('',#5307,#438);
#247=LINE('',#5309,#439);
#248=LINE('',#5312,#440);
#249=LINE('',#5313,#441);
#250=LINE('',#5317,#442);
#251=LINE('',#5318,#443);
#252=LINE('',#5320,#444);
#253=LINE('',#5321,#445);
#254=LINE('',#5324,#446);
#255=LINE('',#5326,#447);
#256=LINE('',#5328,#448);
#257=LINE('',#5329,#449);
#258=LINE('',#5332,#450);
#259=LINE('',#5333,#451);
#260=LINE('',#5339,#452);
#261=LINE('',#5341,#453);
#262=LINE('',#5343,#454);
#263=LINE('',#5345,#455);
#264=LINE('',#5347,#456);
#265=LINE('',#5350,#457);
#266=LINE('',#5354,#458);
#267=LINE('',#5356,#459);
#268=LINE('',#5358,#460);
#269=LINE('',#5364,#461);
#270=LINE('',#5366,#462);
#271=LINE('',#5419,#463);
#272=LINE('',#5421,#464);
#273=LINE('',#5442,#465);
#274=LINE('',#5495,#466);
#275=LINE('',#5497,#467);
#276=LINE('',#5504,#468);
#277=LINE('',#5508,#469);
#278=LINE('',#5512,#470);
#279=LINE('',#5515,#471);
#280=LINE('',#5516,#472);
#281=LINE('',#5564,#473);
#282=LINE('',#5566,#474);
#283=LINE('',#5574,#475);
#284=LINE('',#5576,#476);
#285=LINE('',#5587,#477);
#286=LINE('',#5589,#478);
#287=LINE('',#5609,#479);
#288=LINE('',#5611,#480);
#289=LINE('',#7533,#481);
#290=LINE('',#7534,#482);
#291=LINE('',#7536,#483);
#292=LINE('',#7538,#484);
#293=LINE('',#7540,#485);
#294=LINE('',#7542,#486);
#295=LINE('',#7545,#487);
#296=LINE('',#7546,#488);
#297=LINE('',#7548,#489);
#298=LINE('',#7550,#490);
#299=LINE('',#7552,#491);
#300=LINE('',#7554,#492);
#301=LINE('',#7560,#493);
#302=LINE('',#7568,#494);
#303=LINE('',#7571,#495);
#304=LINE('',#7576,#496);
#305=LINE('',#7624,#497);
#306=LINE('',#7703,#498);
#307=LINE('',#7746,#499);
#308=LINE('',#7754,#500);
#309=LINE('',#7759,#501);
#310=LINE('',#7761,#502);
#311=LINE('',#7764,#503);
#312=LINE('',#7765,#504);
#313=LINE('',#7804,#505);
#314=VECTOR('',#3592,10.5);
#315=VECTOR('',#3599,2.5);
#316=VECTOR('',#3610,3.00000000000001);
#317=VECTOR('',#3617,2.5);
#318=VECTOR('',#3622,2.5);
#319=VECTOR('',#3633,1000.);
#320=VECTOR('',#3634,1000.);
#321=VECTOR('',#3635,1000.);
#322=VECTOR('',#3636,1000.);
#323=VECTOR('',#3637,1000.);
#324=VECTOR('',#3640,1000.);
#325=VECTOR('',#3641,1000.);
#326=VECTOR('',#3642,1000.);
#327=VECTOR('',#3643,1000.);
#328=VECTOR('',#3644,1000.);
#329=VECTOR('',#3647,1000.);
#330=VECTOR('',#3648,1000.);
#331=VECTOR('',#3653,1000.);
#332=VECTOR('',#3654,1000.);
#333=VECTOR('',#3655,1000.);
#334=VECTOR('',#3656,1000.);
#335=VECTOR('',#3657,1000.);
#336=VECTOR('',#3660,1000.);
#337=VECTOR('',#3661,1000.);
#338=VECTOR('',#3662,1000.);
#339=VECTOR('',#3663,1000.);
#340=VECTOR('',#3664,1000.);
#341=VECTOR('',#3667,1000.);
#342=VECTOR('',#3668,1000.);
#343=VECTOR('',#3669,1000.);
#344=VECTOR('',#3686,1000.);
#345=VECTOR('',#3687,1000.);
#346=VECTOR('',#3688,1000.);
#347=VECTOR('',#3689,1000.);
#348=VECTOR('',#3690,1000.);
#349=VECTOR('',#3693,1000.);
#350=VECTOR('',#3696,1000.);
#351=VECTOR('',#3697,1000.);
#352=VECTOR('',#3698,1000.);
#353=VECTOR('',#3699,1000.);
#354=VECTOR('',#3706,1000.);
#355=VECTOR('',#3707,1000.);
#356=VECTOR('',#3708,1000.);
#357=VECTOR('',#3713,1000.);
#358=VECTOR('',#3720,1000.);
#359=VECTOR('',#3721,1000.);
#360=VECTOR('',#3724,1000.);
#361=VECTOR('',#3729,1000.);
#362=VECTOR('',#3730,1000.);
#363=VECTOR('',#3735,1000.);
#364=VECTOR('',#3736,1000.);
#365=VECTOR('',#3741,1000.);
#366=VECTOR('',#3742,1000.);
#367=VECTOR('',#3743,1000.);
#368=VECTOR('',#3748,1000.);
#369=VECTOR('',#3749,1000.);
#370=VECTOR('',#3750,1000.);
#371=VECTOR('',#3751,1000.);
#372=VECTOR('',#3752,1000.);
#373=VECTOR('',#3753,1000.);
#374=VECTOR('',#3754,1000.);
#375=VECTOR('',#3755,1000.);
#376=VECTOR('',#3756,1000.);
#377=VECTOR('',#3757,1000.);
#378=VECTOR('',#3758,1000.);
#379=VECTOR('',#3759,1000.);
#380=VECTOR('',#3760,1000.);
#381=VECTOR('',#3763,1000.);
#382=VECTOR('',#3766,1000.);
#383=VECTOR('',#3769,1000.);
#384=VECTOR('',#3770,1000.);
#385=VECTOR('',#3771,1000.);
#386=VECTOR('',#3772,1000.);
#387=VECTOR('',#3775,1000.);
#388=VECTOR('',#3776,1000.);
#389=VECTOR('',#3777,1000.);
#390=VECTOR('',#3778,1000.);
#391=VECTOR('',#3781,1000.);
#392=VECTOR('',#3784,1000.);
#393=VECTOR('',#3787,1000.);
#394=VECTOR('',#3788,1000.);
#395=VECTOR('',#3789,1000.);
#396=VECTOR('',#3792,1000.);
#397=VECTOR('',#3793,1000.);
#398=VECTOR('',#3794,1000.);
#399=VECTOR('',#3795,1000.);
#400=VECTOR('',#3798,1000.);
#401=VECTOR('',#3799,1000.);
#402=VECTOR('',#3800,1000.);
#403=VECTOR('',#3803,1000.);
#404=VECTOR('',#3804,1000.);
#405=VECTOR('',#3805,1000.);
#406=VECTOR('',#3808,1000.);
#407=VECTOR('',#3809,1000.);
#408=VECTOR('',#3810,1000.);
#409=VECTOR('',#3813,1000.);
#410=VECTOR('',#3814,1000.);
#411=VECTOR('',#3815,1000.);
#412=VECTOR('',#3818,1000.);
#413=VECTOR('',#3819,1000.);
#414=VECTOR('',#3822,1000.);
#415=VECTOR('',#3825,1000.);
#416=VECTOR('',#3828,1000.);
#417=VECTOR('',#3837,1000.);
#418=VECTOR('',#3840,1000.);
#419=VECTOR('',#3851,1000.);
#420=VECTOR('',#3852,1000.);
#421=VECTOR('',#3853,1000.);
#422=VECTOR('',#3854,1000.);
#423=VECTOR('',#3855,1000.);
#424=VECTOR('',#3856,1000.);
#425=VECTOR('',#3859,1000.);
#426=VECTOR('',#3860,1000.);
#427=VECTOR('',#3861,1000.);
#428=VECTOR('',#3864,1000.);
#429=VECTOR('',#3865,1000.);
#430=VECTOR('',#3866,1000.);
#431=VECTOR('',#3869,1000.);
#432=VECTOR('',#3870,1000.);
#433=VECTOR('',#3873,1000.);
#434=VECTOR('',#3874,1000.);
#435=VECTOR('',#3877,1000.);
#436=VECTOR('',#3878,1000.);
#437=VECTOR('',#3881,1000.);
#438=VECTOR('',#3882,1000.);
#439=VECTOR('',#3885,1000.);
#440=VECTOR('',#3888,1000.);
#441=VECTOR('',#3889,1000.);
#442=VECTOR('',#3892,1000.);
#443=VECTOR('',#3893,1000.);
#444=VECTOR('',#3894,1000.);
#445=VECTOR('',#3895,1000.);
#446=VECTOR('',#3898,1000.);
#447=VECTOR('',#3899,1000.);
#448=VECTOR('',#3900,1000.);
#449=VECTOR('',#3901,1000.);
#450=VECTOR('',#3904,1000.);
#451=VECTOR('',#3905,1000.);
#452=VECTOR('',#3910,1000.);
#453=VECTOR('',#3911,1000.);
#454=VECTOR('',#3912,1000.);
#455=VECTOR('',#3913,1000.);
#456=VECTOR('',#3914,1000.);
#457=VECTOR('',#3917,1000.);
#458=VECTOR('',#3920,1000.);
#459=VECTOR('',#3921,1000.);
#460=VECTOR('',#3922,1000.);
#461=VECTOR('',#3929,1000.);
#462=VECTOR('',#3930,1000.);
#463=VECTOR('',#3935,1000.);
#464=VECTOR('',#3936,1000.);
#465=VECTOR('',#3939,1000.);
#466=VECTOR('',#3944,1000.);
#467=VECTOR('',#3945,1000.);
#468=VECTOR('',#3946,1000.);
#469=VECTOR('',#3949,1000.);
#470=VECTOR('',#3952,1000.);
#471=VECTOR('',#3957,1000.);
#472=VECTOR('',#3958,1000.);
#473=VECTOR('',#3961,1000.);
#474=VECTOR('',#3962,1000.);
#475=VECTOR('',#3963,1000.);
#476=VECTOR('',#3964,1000.);
#477=VECTOR('',#3975,1000.);
#478=VECTOR('',#3976,1000.);
#479=VECTOR('',#3977,1000.);
#480=VECTOR('',#3978,1000.);
#481=VECTOR('',#4309,1000.);
#482=VECTOR('',#4310,1000.);
#483=VECTOR('',#4313,1000.);
#484=VECTOR('',#4316,1000.);
#485=VECTOR('',#4319,1000.);
#486=VECTOR('',#4322,1000.);
#487=VECTOR('',#4327,1000.);
#488=VECTOR('',#4328,1000.);
#489=VECTOR('',#4331,1000.);
#490=VECTOR('',#4334,1000.);
#491=VECTOR('',#4337,1000.);
#492=VECTOR('',#4340,1000.);
#493=VECTOR('',#4347,6.25);
#494=VECTOR('',#4356,6.);
#495=VECTOR('',#4361,6.);
#496=VECTOR('',#4366,10.);
#497=VECTOR('',#4375,0.75);
#498=VECTOR('',#4378,0.75);
#499=VECTOR('',#4383,5.75);
#500=VECTOR('',#4392,5.75);
#501=VECTOR('',#4399,4.);
#502=VECTOR('',#4400,4.);
#503=VECTOR('',#4405,6.);
#504=VECTOR('',#4406,6.);
#505=VECTOR('',#4421,10.);
#506=CYLINDRICAL_SURFACE('',#3208,10.5);
#507=CYLINDRICAL_SURFACE('',#3219,2.5);
#508=CYLINDRICAL_SURFACE('',#3221,2.5);
#509=CYLINDRICAL_SURFACE('',#3223,11.75);
#510=CYLINDRICAL_SURFACE('',#3229,13.75);
#511=CYLINDRICAL_SURFACE('',#3236,11.75);
#512=CYLINDRICAL_SURFACE('',#3261,13.75);
#513=CYLINDRICAL_SURFACE('',#3265,13.75);
#514=CYLINDRICAL_SURFACE('',#3322,10.);
#515=CYLINDRICAL_SURFACE('',#3324,10.);
#516=CYLINDRICAL_SURFACE('',#3326,10.);
#517=CYLINDRICAL_SURFACE('',#3328,10.);
#518=CYLINDRICAL_SURFACE('',#3330,0.5);
#519=CYLINDRICAL_SURFACE('',#3332,0.500000000000001);
#520=CYLINDRICAL_SURFACE('',#3334,0.500000000000001);
#521=CYLINDRICAL_SURFACE('',#3336,0.5);
#522=CYLINDRICAL_SURFACE('',#3338,0.500000000000001);
#523=CYLINDRICAL_SURFACE('',#3340,0.5);
#524=CYLINDRICAL_SURFACE('',#3342,0.5);
#525=CYLINDRICAL_SURFACE('',#3344,0.500000000000001);
#526=CYLINDRICAL_SURFACE('',#3370,0.5);
#527=CYLINDRICAL_SURFACE('',#3375,0.5);
#528=CYLINDRICAL_SURFACE('',#3376,0.5);
#529=CYLINDRICAL_SURFACE('',#3384,0.5);
#530=CYLINDRICAL_SURFACE('',#3385,0.5);
#531=CYLINDRICAL_SURFACE('',#3388,0.5);
#532=CYLINDRICAL_SURFACE('',#3390,0.499999999999999);
#533=CYLINDRICAL_SURFACE('',#3392,0.499999999999999);
#534=CYLINDRICAL_SURFACE('',#3395,0.5);
#535=CYLINDRICAL_SURFACE('',#3397,0.5);
#536=CYLINDRICAL_SURFACE('',#3400,0.5);
#537=CYLINDRICAL_SURFACE('',#3403,0.5);
#538=CYLINDRICAL_SURFACE('',#3405,0.5);
#539=CYLINDRICAL_SURFACE('',#3408,0.5);
#540=CYLINDRICAL_SURFACE('',#3412,0.5);
#541=CYLINDRICAL_SURFACE('',#3413,0.5);
#542=CYLINDRICAL_SURFACE('',#3416,0.5);
#543=CYLINDRICAL_SURFACE('',#3420,0.5);
#544=CYLINDRICAL_SURFACE('',#3421,0.5);
#545=CYLINDRICAL_SURFACE('',#3424,0.5);
#546=CYLINDRICAL_SURFACE('',#3428,0.5);
#547=CYLINDRICAL_SURFACE('',#3429,0.5);
#548=CYLINDRICAL_SURFACE('',#3432,0.5);
#549=CYLINDRICAL_SURFACE('',#3436,0.5);
#550=CYLINDRICAL_SURFACE('',#3437,0.500000000000001);
#551=CYLINDRICAL_SURFACE('',#3441,0.5);
#552=CYLINDRICAL_SURFACE('',#3457,0.5);
#553=CYLINDRICAL_SURFACE('',#3461,0.500000000000001);
#554=CYLINDRICAL_SURFACE('',#3462,0.500000000000001);
#555=CYLINDRICAL_SURFACE('',#3466,0.5);
#556=CYLINDRICAL_SURFACE('',#3479,0.5);
#557=CYLINDRICAL_SURFACE('',#3483,0.500000000000001);
#558=CYLINDRICAL_SURFACE('',#3503,6.);
#559=CYLINDRICAL_SURFACE('',#3504,10.);
#560=CYLINDRICAL_SURFACE('',#3509,0.75);
#561=CYLINDRICAL_SURFACE('',#3510,0.75);
#562=CYLINDRICAL_SURFACE('',#3518,4.);
#563=CYLINDRICAL_SURFACE('',#3521,6.);
#564=CYLINDRICAL_SURFACE('',#3527,10.);
#565=ELLIPSE('',#3187,0.584727518321561,0.499999997332356);
#566=ELLIPSE('',#3189,0.584727528629344,0.500000001767191);
#567=ELLIPSE('',#3224,10.7464494998757,8.99632759093642);
#568=ELLIPSE('',#3226,10.7464494996042,8.99632759049285);
#569=ELLIPSE('',#3234,9.17865939285175,7.99574574479085);
#570=ELLIPSE('',#3235,9.1786593934428,7.99574574577091);
#571=ELLIPSE('',#3237,10.7464494994801,8.99632759027953);
#572=ELLIPSE('',#3238,10.7464494997546,8.99632759074609);
#573=ELLIPSE('',#3253,0.500476342581551,0.499999999999894);
#574=ELLIPSE('',#3256,0.500476342581727,0.500000000000067);
#575=ELLIPSE('',#3257,0.500476342581675,0.500000000000027);
#576=ELLIPSE('',#3260,0.500476342581549,0.499999999999882);
#577=ELLIPSE('',#3302,9.17865939317598,7.99574574533213);
#578=ELLIPSE('',#3303,9.17865939192583,7.99574574324281);
#579=ELLIPSE('',#3305,11.1658779163248,9.37885915533084);
#580=ELLIPSE('',#3309,11.1658779156075,9.37885915423047);
#581=ELLIPSE('',#3316,11.1658779180538,9.37885915811708);
#582=ELLIPSE('',#3318,11.1658779161546,9.37885915515118);
#583=ELLIPSE('',#3333,3.37404775529145,0.499999999999239);
#584=ELLIPSE('',#3335,3.37404775528813,0.499999999999006);
#585=ELLIPSE('',#3339,3.37404775530535,0.50000000000398);
#586=ELLIPSE('',#3345,3.37404775511817,0.499999999951107);
#587=ELLIPSE('',#3387,0.541196100146183,0.499999999999948);
#588=ELLIPSE('',#3389,0.541196100146039,0.499999999999842);
#589=ELLIPSE('',#3394,0.541196100146024,0.49999999999982);
#590=ELLIPSE('',#3396,0.541196100146293,0.500000000000125);
#591=B_SPLINE_CURVE_WITH_KNOTS('',3,(#4452,#4453,#4454,#4455,#4456,#4457,
#4458,#4459,#4460,#4461,#4462,#4463,#4464,#4465,#4466,#4467,#4468,#4469,
#4470,#4471,#4472,#4473,#4474,#4475,#4476),.UNSPECIFIED.,.F.,.F.,(4,3,3,
3,3,3,3,3,4),(1.73472347597681E-18,1.20304448759773E-5,3.13325897965134E-5,
5.61462837966769E-5,8.47461574076161E-5,0.000116650538308477,0.000147216813814941,
0.000179821902809496,0.000192487112005306),.UNSPECIFIED.);
#592=B_SPLINE_CURVE_WITH_KNOTS('',3,(#4481,#4482,#4483,#4484,#4485,#4486,
#4487,#4488,#4489,#4490),.UNSPECIFIED.,.F.,.F.,(4,3,3,4),(0.000718067756230271,
0.000782444085608543,0.000850784899025778,0.000876612247164854),
 .UNSPECIFIED.);
#593=B_SPLINE_CURVE_WITH_KNOTS('',3,(#4505,#4506,#4507,#4508,#4509,#4510,
#4511,#4512,#4513,#4514,#4515,#4516,#4517,#4518,#4519,#4520,#4521,#4522,
#4523,#4524,#4525,#4526,#4527,#4528,#4529),.UNSPECIFIED.,.F.,.F.,(4,3,3,
3,3,3,3,3,4),(0.,1.20304448759757E-5,3.1332589796391E-5,5.61462838008223E-5,
8.4746157416335E-5,0.00011665053832147,0.000147216813815367,0.000179821902810279,
0.0001924871120053),.UNSPECIFIED.);
#594=B_SPLINE_CURVE_WITH_KNOTS('',3,(#4534,#4535,#4536,#4537,#4538,#4539,
#4540,#4541,#4542,#4543),.UNSPECIFIED.,.F.,.F.,(4,3,3,4),(0.000718067756230279,
0.000782444085614219,0.000850784899037984,0.000876612247164862),
 .UNSPECIFIED.);
#595=B_SPLINE_CURVE_WITH_KNOTS('',3,(#4550,#4551,#4552,#4553,#4554,#4555,
#4556,#4557,#4558,#4559,#4560,#4561,#4562),.UNSPECIFIED.,.F.,.F.,(4,3,3,
3,4),(0.00142059092162068,0.00147583313773271,0.00200793986841771,0.00252815981746047,
0.00291943310509313),.UNSPECIFIED.);
#596=B_SPLINE_CURVE_WITH_KNOTS('',3,(#4570,#4571,#4572,#4573,#4574,#4575,
#4576,#4577,#4578,#4579,#4580,#4581,#4582,#4583,#4584,#4585),
 .UNSPECIFIED.,.F.,.F.,(4,3,3,3,3,4),(0.,0.000432298881905709,0.000878910232651203,
0.00134965668664618,0.0014481627255711,0.00149942693966951),
 .UNSPECIFIED.);
#597=B_SPLINE_CURVE_WITH_KNOTS('',3,(#4586,#4587,#4588,#4589,#4590,#4591,
#4592,#4593,#4594,#4595),.UNSPECIFIED.,.F.,.F.,(4,3,3,4),(0.0014994270228709,
0.00206627577965955,0.00266477527343463,0.0029224159869055),
 .UNSPECIFIED.);
#598=B_SPLINE_CURVE_WITH_KNOTS('',3,(#4596,#4597,#4598,#4599,#4600,#4601,
#4602,#4603,#4604,#4605),.UNSPECIFIED.,.F.,.F.,(4,3,3,4),(0.,0.000568227329483809,
0.0011054625105551,0.00142059082250872),.UNSPECIFIED.);
#599=B_SPLINE_CURVE_WITH_KNOTS('',3,(#4609,#4610,#4611,#4612,#4613,#4614,
#4615,#4616,#4617,#4618,#4619,#4620,#4621),.UNSPECIFIED.,.F.,.F.,(4,3,3,
3,4),(0.00142059092162068,0.00147583313773281,0.00200793986833458,0.00252815981717003,
0.00291943310509323),.UNSPECIFIED.);
#600=B_SPLINE_CURVE_WITH_KNOTS('',3,(#4629,#4630,#4631,#4632,#4633,#4634,
#4635,#4636,#4637,#4638,#4639,#4640,#4641,#4642,#4643,#4644),
 .UNSPECIFIED.,.F.,.F.,(4,3,3,3,3,4),(0.,0.000432298882083984,0.000878910232971971,
0.00134965668706717,0.00144816272557111,0.0014994269396695),
 .UNSPECIFIED.);
#601=B_SPLINE_CURVE_WITH_KNOTS('',3,(#4649,#4650,#4651,#4652,#4653,#4654,
#4655,#4656,#4657,#4658),.UNSPECIFIED.,.F.,.F.,(4,3,3,4),(0.0014994270228709,
0.00206627577971258,0.00266477527347178,0.0029224159869055),
 .UNSPECIFIED.);
#602=B_SPLINE_CURVE_WITH_KNOTS('',3,(#4661,#4662,#4663,#4664,#4665,#4666,
#4667,#4668,#4669,#4670),.UNSPECIFIED.,.F.,.F.,(4,3,3,4),(0.,0.000568227329495478,
0.00110546251054316,0.00142059082250872),.UNSPECIFIED.);
#603=B_SPLINE_CURVE_WITH_KNOTS('',3,(#4714,#4715,#4716,#4717,#4718,#4719,
#4720,#4721,#4722,#4723),.UNSPECIFIED.,.F.,.F.,(4,3,3,4),(0.000855975959634332,
0.0012830092588658,0.00168055962428309,0.00176886361522443),
 .UNSPECIFIED.);
#604=B_SPLINE_CURVE_WITH_KNOTS('',3,(#4727,#4728,#4729,#4730,#4731,#4732,
#4733,#4734,#4735,#4736),.UNSPECIFIED.,.F.,.F.,(4,3,3,4),(0.,0.000391261049932519,
0.000810140605368638,0.00090033626503591),.UNSPECIFIED.);
#605=B_SPLINE_CURVE_WITH_KNOTS('',3,(#4747,#4748,#4749,#4750,#4751,#4752,
#4753,#4754,#4755,#4756,#4757,#4758,#4759,#4760,#4761,#4762,#4763,#4764,
#4765,#4766,#4767,#4768,#4769,#4770,#4771,#4772,#4773,#4774,#4775,#4776,
#4777,#4778,#4779,#4780,#4781,#4782,#4783,#4784,#4785,#4786,#4787,#4788,
#4789,#4790,#4791,#4792,#4793,#4794,#4795,#4796,#4797,#4798),
 .UNSPECIFIED.,.F.,.F.,(4,3,3,3,3,3,3,3,3,3,3,3,3,3,3,3,3,4),(0.,7.27813757877954E-5,
8.01183515276615E-5,0.000113072071208411,0.000133218038611869,0.000153344668170091,
0.000160236703055323,0.000173456968891227,0.00019360422110091,0.000233938584039307,
0.000240355054582985,0.000314551615414766,0.000320473406110646,0.000475766423864178,
0.000636998548712277,0.000640946812221282,0.000959480263569801,0.00128189362444256),
 .UNSPECIFIED.);
#606=B_SPLINE_CURVE_WITH_KNOTS('',3,(#4814,#4815,#4816,#4817,#4818,#4819,
#4820,#4821,#4822,#4823,#4824,#4825,#4826,#4827,#4828,#4829,#4830,#4831,
#4832,#4833,#4834,#4835,#4836,#4837,#4838,#4839,#4840,#4841,#4842,#4843,
#4844,#4845,#4846,#4847,#4848,#4849,#4850,#4851,#4852,#4853,#4854,#4855,
#4856,#4857,#4858,#4859,#4860,#4861,#4862,#4863,#4864,#4865,#4866,#4867,
#4868),.UNSPECIFIED.,.F.,.F.,(4,3,3,3,3,3,3,3,3,3,3,3,3,3,3,3,3,3,4),(0.,
0.000321640448556609,0.00063941028878519,0.000643349087235159,0.000804194694928112,
0.000959115433177781,0.000965023027734429,0.00103904171927593,0.00104544280779854,
0.00108568047832384,0.00110577943210282,0.00111896800537408,0.0011258435447684,
0.00114592350298014,0.00116602811242723,0.00119889429147222,0.00120626452962802,
0.00125783370947299,0.00127882057757037),.UNSPECIFIED.);
#607=B_SPLINE_CURVE_WITH_KNOTS('',3,(#4873,#4874,#4875,#4876),
 .UNSPECIFIED.,.F.,.F.,(4,4),(0.,0.000926842394124306),.UNSPECIFIED.);
#608=B_SPLINE_CURVE_WITH_KNOTS('',3,(#4878,#4879,#4880,#4881),
 .UNSPECIFIED.,.F.,.F.,(4,4),(0.,0.000926842394124305),.UNSPECIFIED.);
#609=B_SPLINE_CURVE_WITH_KNOTS('',3,(#4885,#4886,#4887,#4888),
 .UNSPECIFIED.,.F.,.F.,(4,4),(1.0842021724855E-19,0.00092684239412431),
 .UNSPECIFIED.);
#610=B_SPLINE_CURVE_WITH_KNOTS('',3,(#4891,#4892,#4893,#4894),
 .UNSPECIFIED.,.F.,.F.,(4,4),(0.,0.00092684239412431),.UNSPECIFIED.);
#611=B_SPLINE_CURVE_WITH_KNOTS('',3,(#4904,#4905,#4906,#4907,#4908,#4909,
#4910,#4911,#4912,#4913,#4914,#4915,#4916,#4917,#4918,#4919,#4920,#4921,
#4922,#4923,#4924,#4925,#4926,#4927,#4928,#4929,#4930,#4931,#4932,#4933,
#4934,#4935,#4936,#4937,#4938,#4939,#4940,#4941,#4942,#4943,#4944,#4945,
#4946,#4947,#4948,#4949,#4950,#4951,#4952,#4953,#4954,#4955),
 .UNSPECIFIED.,.F.,.F.,(4,3,3,3,3,3,3,3,3,3,3,3,3,3,3,3,3,4),(0.,7.27813757877318E-5,
8.01183515275967E-5,0.000113072071208311,0.000133218038611751,0.000153344668169963,
0.000160236703055193,0.000173456968891097,0.000193604221100769,0.000233938584039115,
0.00024035505458279,0.000314551615414502,0.000320473406110387,0.000475766423863754,
0.000636998548711786,0.000640946812220788,0.00095948026356913,0.00128189362444159),
 .UNSPECIFIED.);
#612=B_SPLINE_CURVE_WITH_KNOTS('',3,(#4971,#4972,#4973,#4974,#4975,#4976,
#4977,#4978,#4979,#4980,#4981,#4982,#4983,#4984,#4985,#4986,#4987,#4988,
#4989,#4990,#4991,#4992,#4993,#4994,#4995,#4996,#4997,#4998,#4999,#5000,
#5001,#5002,#5003,#5004,#5005,#5006,#5007,#5008,#5009,#5010,#5011,#5012,
#5013,#5014,#5015,#5016,#5017,#5018,#5019,#5020,#5021,#5022,#5023,#5024,
#5025),.UNSPECIFIED.,.F.,.F.,(4,3,3,3,3,3,3,3,3,3,3,3,3,3,3,3,3,3,4),(0.,
0.000321640448556654,0.000639410288785197,0.000643349087235175,0.000804194694928132,
0.000959115433177796,0.000965023027734447,0.00103904171927594,0.00104544280779856,
0.00108568047832386,0.00110577943210284,0.00111896800537409,0.00112584354476843,
0.00114592350298017,0.00116602811242725,0.00119889429147224,0.00120626452962804,
0.001257833709475,0.00127882057757039),.UNSPECIFIED.);
#613=B_SPLINE_CURVE_WITH_KNOTS('',3,(#5039,#5040,#5041,#5042,#5043,#5044,
#5045,#5046,#5047,#5048),.UNSPECIFIED.,.F.,.F.,(4,3,3,4),(0.,0.000391261049916622,
0.000810140605333323,0.000900336265044844),.UNSPECIFIED.);
#614=B_SPLINE_CURVE_WITH_KNOTS('',3,(#5053,#5054,#5055,#5056,#5057,#5058,
#5059,#5060,#5061,#5062),.UNSPECIFIED.,.F.,.F.,(4,3,3,4),(0.000855975959651057,
0.0012830092588218,0.00168055962418672,0.00176886361522443),
 .UNSPECIFIED.);
#615=B_SPLINE_CURVE_WITH_KNOTS('',3,(#5368,#5369,#5370,#5371,#5372,#5373,
#5374,#5375,#5376,#5377,#5378,#5379,#5380,#5381,#5382,#5383,#5384,#5385,
#5386,#5387,#5388,#5389,#5390,#5391,#5392,#5393,#5394,#5395,#5396,#5397,
#5398,#5399,#5400,#5401,#5402,#5403,#5404,#5405,#5406,#5407,#5408,#5409,
#5410,#5411,#5412,#5413),.UNSPECIFIED.,.F.,.F.,(4,3,3,3,3,3,3,3,3,3,3,3,
3,3,3,4),(1.55771125744078,1.63879517738398,1.71796746840539,1.79933592074879,
1.87443326246754,1.88070437309218,1.96067209403848,2.0390577141523,2.11508626969098,
2.17643552646615,2.26816940706368,2.35805297637561,2.44793654568753,2.54638705222786,
2.64001006126754,2.69826523005041),.UNSPECIFIED.);
#616=B_SPLINE_CURVE_WITH_KNOTS('',3,(#5423,#5424,#5425,#5426,#5427,#5428,
#5429,#5430,#5431,#5432),.UNSPECIFIED.,.F.,.F.,(4,3,3,4),(-4.47995255651626E-6,
6.55839903504078E-5,0.000133437476082475,0.000154592274554007),
 .UNSPECIFIED.);
#617=B_SPLINE_CURVE_WITH_KNOTS('',3,(#5433,#5434,#5435,#5436,#5437,#5438),
 .UNSPECIFIED.,.F.,.F.,(4,2,4),(1.06753140917159E-10,0.000105407790969481,
0.000210813363005042),.UNSPECIFIED.);
#618=B_SPLINE_CURVE_WITH_KNOTS('',3,(#5448,#5449,#5450,#5451,#5452,#5453,
#5454,#5455,#5456,#5457,#5458,#5459,#5460,#5461,#5462,#5463,#5464,#5465,
#5466,#5467,#5468,#5469,#5470,#5471,#5472,#5473,#5474,#5475,#5476,#5477,
#5478,#5479,#5480,#5481,#5482,#5483,#5484,#5485,#5486,#5487,#5488,#5489,
#5490,#5491,#5492,#5493),.UNSPECIFIED.,.F.,.F.,(4,3,3,3,3,3,3,3,3,3,3,3,
3,3,3,4),(3.58492007712315,3.67800816441488,3.77572526266312,3.83524876148709,
3.9236976760204,4.01522372836527,4.10674978071014,4.18290541508105,4.2604984732396,
4.34054688979705,4.40248093408546,4.47756985700899,4.55540350259797,4.63501519393814,
4.7172881405626,4.7254740497388),.UNSPECIFIED.);
#619=B_SPLINE_CURVE_WITH_KNOTS('',3,(#5498,#5499,#5500,#5501,#5502,#5503),
 .UNSPECIFIED.,.F.,.F.,(4,2,4),(2.21197176224227E-9,0.000105245073501177,
0.000210487918078765),.UNSPECIFIED.);
#620=B_SPLINE_CURVE_WITH_KNOTS('',3,(#5520,#5521,#5522,#5523,#5524,#5525,
#5526,#5527,#5528,#5529,#5530,#5531,#5532,#5533,#5534,#5535,#5536,#5537,
#5538,#5539,#5540,#5541,#5542,#5543,#5544,#5545,#5546,#5547,#5548,#5549,
#5550,#5551,#5552,#5553,#5554,#5555,#5556,#5557,#5558,#5559,#5560,#5561,
#5562),.UNSPECIFIED.,.F.,.F.,(4,3,3,3,3,3,3,3,3,3,3,3,3,3,4),(0.443327423539384,
0.55109111327724,0.662396050614665,0.704449640065518,0.79853539824521,0.895008396086316,
0.980721580414554,1.06421089553426,1.14899895277007,1.23582532523195,1.27345635565998,
1.3578070134118,1.44362111916903,1.53184739852843,1.58388139614901),
 .UNSPECIFIED.);
#621=B_SPLINE_CURVE_WITH_KNOTS('',3,(#5567,#5568,#5569,#5570,#5571,#5572),
 .UNSPECIFIED.,.F.,.F.,(4,2,4),(2.21197176317361E-9,0.000105245073501183,
0.000210487918078771),.UNSPECIFIED.);
#622=B_SPLINE_CURVE_WITH_KNOTS('',3,(#5591,#5592,#5593,#5594,#5595,#5596,
#5597,#5598,#5599,#5600),.UNSPECIFIED.,.F.,.F.,(4,3,3,4),(-4.4799525565036E-6,
6.55839903013852E-5,0.000133437475997453,0.000154592274554012),
 .UNSPECIFIED.);
#623=B_SPLINE_CURVE_WITH_KNOTS('',3,(#5602,#5603,#5604,#5605,#5606,#5607),
 .UNSPECIFIED.,.F.,.F.,(4,2,4),(1.06753142393064E-10,0.000105407790969477,
0.000210813363005036),.UNSPECIFIED.);
#624=B_SPLINE_CURVE_WITH_KNOTS('',3,(#5612,#5613,#5614,#5615,#5616,#5617,
#5618,#5619,#5620,#5621,#5622,#5623,#5624,#5625,#5626,#5627,#5628,#5629,
#5630,#5631,#5632,#5633,#5634,#5635,#5636,#5637,#5638,#5639,#5640,#5641,
#5642,#5643,#5644,#5645,#5646,#5647,#5648,#5649,#5650,#5651,#5652,#5653,
#5654,#5655,#5656,#5657),.UNSPECIFIED.,.F.,.F.,(4,3,3,3,3,3,3,3,3,3,3,3,
3,3,3,4),(4.69930391103058,4.78038783097484,4.85956012199784,4.9409285743405,
5.01602591606078,5.02229702668317,5.10226474763244,5.18065036774937,5.25667892329176,
5.31802818005795,5.40976206065568,5.49964562996825,5.58952919928082,5.68797970580006,
5.78160271482558,5.83985788364623),.UNSPECIFIED.);
#625=B_SPLINE_CURVE_WITH_KNOTS('',3,(#5661,#5662,#5663,#5664,#5665,#5666),
 .UNSPECIFIED.,.F.,.F.,(4,2,4),(2.16840434497101E-19,0.00145963462366182,
0.00291926924732365),.UNSPECIFIED.);
#626=B_SPLINE_CURVE_WITH_KNOTS('',3,(#5669,#5670,#5671,#5672,#5673,#5674,
#5675),.UNSPECIFIED.,.F.,.F.,(4,3,4),(0.,0.000569280348901198,0.000850922475361831),
 .UNSPECIFIED.);
#627=B_SPLINE_CURVE_WITH_KNOTS('',3,(#5677,#5678,#5679,#5680,#5681,#5682,
#5683,#5684,#5685,#5686,#5687,#5688,#5689,#5690,#5691,#5692,#5693,#5694,
#5695,#5696,#5697,#5698),.UNSPECIFIED.,.F.,.F.,(4,3,3,3,3,3,3,4),(9.59758397313594E-17,
0.000550858283070533,0.00113833574208338,0.00145585210501859,0.00145787667036769,
0.00213512970108919,0.00283520625821233,0.00291575334073529),
 .UNSPECIFIED.);
#628=B_SPLINE_CURVE_WITH_KNOTS('',3,(#5700,#5701,#5702,#5703,#5704,#5705,
#5706),.UNSPECIFIED.,.F.,.F.,(4,3,4),(0.,0.000569280348900929,0.000850922475361831),
 .UNSPECIFIED.);
#629=B_SPLINE_CURVE_WITH_KNOTS('',3,(#5709,#5710,#5711,#5712,#5713,#5714),
 .UNSPECIFIED.,.F.,.F.,(4,2,4),(2.16840434497101E-19,0.00145963462366182,
0.00291926924732365),.UNSPECIFIED.);
#630=B_SPLINE_CURVE_WITH_KNOTS('',3,(#5717,#5718,#5719,#5720,#5721,#5722,
#5723),.UNSPECIFIED.,.F.,.F.,(4,3,4),(0.,0.000569280348899989,0.000850922475361827),
 .UNSPECIFIED.);
#631=B_SPLINE_CURVE_WITH_KNOTS('',3,(#5725,#5726,#5727,#5728,#5729,#5730,
#5731,#5732,#5733,#5734,#5735,#5736,#5737,#5738,#5739,#5740,#5741,#5742,
#5743,#5744,#5745,#5746),.UNSPECIFIED.,.F.,.F.,(4,3,3,3,3,3,3,4),(0.,0.000550858283071102,
0.00113833574209224,0.00145585210501858,0.0014578766703676,0.00213512970106011,
0.0028352062581933,0.00291575334073519),.UNSPECIFIED.);
#632=B_SPLINE_CURVE_WITH_KNOTS('',3,(#5748,#5749,#5750,#5751,#5752,#5753,
#5754),.UNSPECIFIED.,.F.,.F.,(4,3,4),(0.,0.000569280348899981,0.000850922475361827),
 .UNSPECIFIED.);
#633=B_SPLINE_CURVE_WITH_KNOTS('',3,(#5758,#5759,#5760,#5761,#5762,#5763,
#5764,#5765,#5766,#5767,#5768,#5769,#5770),.UNSPECIFIED.,.F.,.F.,(4,3,3,
3,4),(1.5707963267949,1.96349540849362,2.35619449019234,2.74889357189107,
3.14159265358979),.UNSPECIFIED.);
#634=B_SPLINE_CURVE_WITH_KNOTS('',3,(#5775,#5776,#5777,#5778),
 .UNSPECIFIED.,.F.,.F.,(4,4),(0.000174130632654968,0.0010387855320436),
 .UNSPECIFIED.);
#635=B_SPLINE_CURVE_WITH_KNOTS('',3,(#5791,#5792,#5793,#5794),
 .UNSPECIFIED.,.F.,.F.,(4,4),(8.67361737988404E-19,0.00086465489939059),
 .UNSPECIFIED.);
#636=B_SPLINE_CURVE_WITH_KNOTS('',3,(#5796,#5797,#5798,#5799,#5800,#5801,
#5802,#5803,#5804,#5805,#5806,#5807,#5808),.UNSPECIFIED.,.F.,.F.,(4,3,3,
3,4),(1.5707963267949,1.96349540849362,2.35619449019234,2.74889357189107,
3.14159265358979),.UNSPECIFIED.);
#637=B_SPLINE_CURVE_WITH_KNOTS('',3,(#5824,#5825,#5826,#5827),
 .UNSPECIFIED.,.F.,.F.,(4,4),(2.60208521396521E-18,0.000864654899399133),
 .UNSPECIFIED.);
#638=B_SPLINE_CURVE_WITH_KNOTS('',3,(#5842,#5843,#5844,#5845,#5846,#5847,
#5848,#5849,#5850,#5851,#5852,#5853,#5854),.UNSPECIFIED.,.F.,.F.,(4,3,3,
3,4),(8.50307237815208E-15,0.392699081698724,0.785398163397449,1.17809724509617,
1.5707963267949),.UNSPECIFIED.);
#639=B_SPLINE_CURVE_WITH_KNOTS('',3,(#5871,#5872,#5873,#5874),
 .UNSPECIFIED.,.F.,.F.,(4,4),(0.000174130632627637,0.0010387855320436),
 .UNSPECIFIED.);
#640=B_SPLINE_CURVE_WITH_KNOTS('',3,(#5875,#5876,#5877,#5878,#5879,#5880,
#5881,#5882,#5883,#5884,#5885,#5886,#5887),.UNSPECIFIED.,.F.,.F.,(4,3,3,
3,4),(6.68866004249759E-15,0.392699081698723,0.785398163397447,1.17809724509617,
1.5707963267949),.UNSPECIFIED.);
#641=B_SPLINE_CURVE_WITH_KNOTS('',3,(#6081,#6082,#6083,#6084,#6085,#6086,
#6087,#6088,#6089,#6090,#6091,#6092,#6093,#6094,#6095,#6096,#6097,#6098,
#6099,#6100,#6101,#6102,#6103,#6104,#6105,#6106,#6107,#6108,#6109,#6110,
#6111,#6112,#6113,#6114,#6115,#6116,#6117),.UNSPECIFIED.,.F.,.F.,(4,3,3,
3,3,3,3,3,3,3,3,3,4),(0.,0.1213705704094,0.244014038621079,0.369618421963711,
0.496769326046411,0.625046221886303,0.709905001023199,0.840298289775462,
0.972369267610555,1.10233783988708,1.22983343255612,1.35417007490342,1.41987536238915),
 .UNSPECIFIED.);
#642=B_SPLINE_CURVE_WITH_KNOTS('',3,(#6171,#6172,#6173,#6174,#6175,#6176,
#6177,#6178,#6179,#6180,#6181,#6182,#6183,#6184,#6185,#6186,#6187,#6188,
#6189,#6190,#6191,#6192,#6193,#6194,#6195,#6196,#6197,#6198,#6199,#6200,
#6201,#6202,#6203,#6204,#6205,#6206,#6207,#6208,#6209,#6210,#6211,#6212,
#6213),.UNSPECIFIED.,.F.,.F.,(4,3,3,3,3,3,3,3,3,3,3,3,3,3,4),(1.72171729120064,
1.84756891699727,1.97545883188255,2.10714421167672,2.18065278797938,2.31029342058718,
2.4406273406772,2.56908275090259,2.60820473350883,2.73584218061873,2.86194895278573,
2.98537454842519,3.0454605497091,3.1742771229536,3.2799793510637),
 .UNSPECIFIED.);
#643=B_SPLINE_CURVE_WITH_KNOTS('',3,(#6215,#6216,#6217,#6218,#6219,#6220,
#6221,#6222,#6223,#6224,#6225,#6226,#6227,#6228,#6229,#6230,#6231,#6232,
#6233,#6234,#6235,#6236,#6237,#6238,#6239,#6240,#6241,#6242,#6243,#6244,
#6245,#6246,#6247,#6248,#6249,#6250,#6251),.UNSPECIFIED.,.F.,.F.,(4,3,3,
3,3,3,3,3,3,3,3,3,4),(1.08420217248551E-16,0.121370570409456,0.244014038621048,
0.369618421963333,0.49676932604552,0.625046221884827,0.709905001023041,
0.840298289774546,0.972369267608887,1.10233783988492,1.22983343255369,1.35417007490075,
1.41987536238915),.UNSPECIFIED.);
#644=B_SPLINE_CURVE_WITH_KNOTS('',3,(#6308,#6309,#6310,#6311,#6312,#6313,
#6314,#6315,#6316,#6317,#6318,#6319,#6320,#6321,#6322,#6323,#6324,#6325,
#6326,#6327,#6328,#6329,#6330,#6331,#6332,#6333,#6334,#6335,#6336,#6337,
#6338,#6339,#6340,#6341,#6342,#6343,#6344,#6345,#6346,#6347,#6348,#6349,
#6350),.UNSPECIFIED.,.F.,.F.,(4,3,3,3,3,3,3,3,3,3,3,3,3,3,4),(1.72171729120064,
1.8475689169976,1.97545883188308,2.1071442116771,2.18065278797966,2.31029342058703,
2.44062734067663,2.56908275090177,2.60820473350904,2.73584218061872,2.86194895278564,
2.98537454842504,3.04546054970914,3.17427712295524,3.27997935106372),
 .UNSPECIFIED.);
#645=B_SPLINE_CURVE_WITH_KNOTS('',3,(#6383,#6384,#6385,#6386,#6387,#6388,
#6389,#6390,#6391,#6392,#6393,#6394,#6395,#6396,#6397,#6398,#6399,#6400,
#6401,#6402,#6403,#6404,#6405,#6406,#6407,#6408,#6409,#6410,#6411,#6412,
#6413,#6414,#6415,#6416,#6417,#6418,#6419,#6420,#6421,#6422,#6423,#6424,
#6425,#6426,#6427,#6428,#6429,#6430,#6431,#6432,#6433,#6434,#6435,#6436,
#6437,#6438,#6439,#6440,#6441,#6442,#6443,#6444,#6445,#6446,#6447,#6448,
#6449,#6450,#6451,#6452,#6453,#6454,#6455,#6456,#6457,#6458,#6459,#6460,
#6461,#6462,#6463,#6464,#6465,#6466,#6467,#6468,#6469,#6470,#6471,#6472,
#6473,#6474,#6475,#6476,#6477,#6478,#6479),.UNSPECIFIED.,.F.,.F.,(4,3,3,
3,3,3,3,3,3,3,3,3,3,3,3,3,3,3,3,3,3,3,3,3,3,3,3,3,3,3,3,3,4),(0.000192487118015611,
0.000225506129803069,0.000240493737344067,0.000280098642839994,0.000315615916862875,
0.000369655802598769,0.000409595759371221,0.000444661335577735,0.000449535716143672,
0.000455803536695773,0.000495252789268193,0.000525728441669767,0.000552485324506115,
0.000576902160120905,0.000599006847541091,0.000606645863087809,0.000644546961785973,
0.000677805612178646,0.000707117200542941,0.000719119955375934,0.00074591317140447,
0.000772706387433006,0.000811072033685273,0.000848348502731431,0.00088450335517057,
0.00088994307321275,0.000936814588188116,0.000982436374056096,0.00103267248676323,
0.00107737976060444,0.00113772952614336,0.00120026712976,0.00124562196483228),
 .UNSPECIFIED.);
#646=B_SPLINE_CURVE_WITH_KNOTS('',3,(#6513,#6514,#6515,#6516,#6517,#6518,
#6519,#6520,#6521,#6522,#6523,#6524,#6525,#6526,#6527,#6528,#6529,#6530,
#6531,#6532,#6533,#6534,#6535,#6536,#6537,#6538,#6539,#6540,#6541,#6542,
#6543,#6544,#6545,#6546,#6547,#6548,#6549,#6550,#6551,#6552,#6553,#6554,
#6555,#6556,#6557,#6558,#6559,#6560,#6561,#6562,#6563,#6564,#6565,#6566,
#6567,#6568,#6569,#6570,#6571,#6572,#6573,#6574,#6575,#6576,#6577,#6578,
#6579,#6580,#6581,#6582),.UNSPECIFIED.,.F.,.F.,(4,3,3,3,3,3,3,3,3,3,3,3,
3,3,3,3,3,3,3,3,3,3,3,4),(0.,5.62550016358583E-5,0.00011228666706053,0.000167785027094502,
0.000222821227257774,0.000277117612966253,0.000311103747992121,0.000360698918897263,
0.000412006364857245,0.000454633508422307,0.00046665562198818,0.000523412912983732,
0.00058132858045239,0.000622207495984239,0.000680627095034783,0.000741924352180063,
0.000759395716270666,0.000824014450579482,0.000891895662595582,0.000933311243976357,
0.00100805459840457,0.00109473769346667,0.00118582446237062,0.00124441499196848),
 .UNSPECIFIED.);
#647=B_SPLINE_CURVE_WITH_KNOTS('',3,(#6613,#6614,#6615,#6616,#6617,#6618,
#6619,#6620,#6621,#6622,#6623,#6624,#6625,#6626,#6627,#6628,#6629,#6630,
#6631,#6632,#6633,#6634,#6635,#6636,#6637,#6638,#6639,#6640,#6641,#6642,
#6643,#6644,#6645,#6646,#6647,#6648,#6649,#6650,#6651,#6652,#6653,#6654,
#6655,#6656,#6657,#6658,#6659,#6660,#6661,#6662,#6663,#6664,#6665,#6666,
#6667,#6668,#6669,#6670,#6671,#6672,#6673,#6674,#6675,#6676,#6677,#6678,
#6679,#6680,#6681,#6682),.UNSPECIFIED.,.F.,.F.,(4,3,3,3,3,3,3,3,3,3,3,3,
3,3,3,3,3,3,3,3,3,3,3,4),(1.73472347597681E-18,5.62550016358239E-5,0.000112286667060476,
0.000167785027094398,0.000222821227257592,0.000277117612965943,0.00031110374799212,
0.000360698918897186,0.00041200636485693,0.000454633508422306,0.000466655621988179,
0.000523412912983736,0.00058132858045251,0.000622207495984238,0.000680627095034763,
0.000741924352179979,0.000759395716270666,0.000824014450579155,0.000891895662594747,
0.000933311243976354,0.00100805459840455,0.00109473769346468,0.00118582446237786,
0.00124441499196847),.UNSPECIFIED.);
#648=B_SPLINE_CURVE_WITH_KNOTS('',3,(#6704,#6705,#6706,#6707,#6708,#6709,
#6710,#6711,#6712,#6713,#6714,#6715,#6716,#6717,#6718,#6719,#6720,#6721,
#6722,#6723,#6724,#6725,#6726,#6727,#6728,#6729,#6730,#6731,#6732,#6733,
#6734,#6735,#6736,#6737,#6738,#6739,#6740,#6741,#6742,#6743,#6744,#6745,
#6746,#6747,#6748,#6749,#6750,#6751,#6752,#6753,#6754,#6755,#6756,#6757,
#6758,#6759,#6760,#6761,#6762,#6763,#6764,#6765,#6766,#6767,#6768,#6769,
#6770,#6771,#6772,#6773,#6774,#6775,#6776,#6777,#6778,#6779,#6780,#6781,
#6782,#6783,#6784,#6785,#6786,#6787,#6788,#6789,#6790,#6791,#6792,#6793,
#6794,#6795,#6796,#6797,#6798,#6799,#6800),.UNSPECIFIED.,.F.,.F.,(4,3,3,
3,3,3,3,3,3,3,3,3,3,3,3,3,3,3,3,3,3,3,3,3,3,3,3,3,3,3,3,3,4),(0.000192487118015611,
0.000225506129802684,0.000240493737343853,0.000280098642845288,0.000315615916862689,
0.00036965580259833,0.000409595759370896,0.000444661335576122,0.000449535716143462,
0.000455803536695774,0.000495252789268102,0.000525728441669471,0.00055248532450563,
0.000576902160120239,0.000599006847540217,0.000606645863087896,0.000644546961785367,
0.000677805612177425,0.0007071172005411,0.000719119955375937,0.000745913171404465,
0.000772706387432992,0.000811072033684898,0.0008483485027307,0.00088450335516951,
0.000889943073212749,0.000936814588188041,0.0009824363740561,0.00103267248676317,
0.00107737976060449,0.00113772952614339,0.00120026712976016,0.00124562196483228),
 .UNSPECIFIED.);
#649=B_SPLINE_CURVE_WITH_KNOTS('',3,(#6803,#6804,#6805,#6806,#6807,#6808,
#6809,#6810,#6811,#6812,#6813,#6814,#6815),.UNSPECIFIED.,.F.,.F.,(4,3,3,
3,4),(0.,3.4968253922249E-5,7.65440323619293E-5,0.000127438435129312,0.000156406172705535),
 .UNSPECIFIED.);
#650=B_SPLINE_CURVE_WITH_KNOTS('',3,(#6902,#6903,#6904,#6905,#6906,#6907,
#6908,#6909,#6910,#6911,#6912,#6913,#6914),.UNSPECIFIED.,.F.,.F.,(4,3,3,
3,4),(-5.32264633457504E-6,4.17419930666659E-5,9.1823055521547E-5,0.000128130570330966,
0.000151083526370882),.UNSPECIFIED.);
#651=B_SPLINE_CURVE_WITH_KNOTS('',3,(#7001,#7002,#7003,#7004,#7005,#7006,
#7007,#7008,#7009,#7010,#7011,#7012,#7013),.UNSPECIFIED.,.F.,.F.,(4,3,3,
3,4),(0.,3.49682539220531E-5,7.65440323632144E-5,0.000127438435121757,0.000156406172705535),
 .UNSPECIFIED.);
#652=B_SPLINE_CURVE_WITH_KNOTS('',3,(#7100,#7101,#7102,#7103,#7104,#7105,
#7106,#7107,#7108,#7109,#7110,#7111,#7112),.UNSPECIFIED.,.F.,.F.,(4,3,3,
3,4),(-5.32264633457278E-6,4.17419930737962E-5,9.18230555209313E-5,0.000128130570330426,
0.000151083526370883),.UNSPECIFIED.);
#653=B_SPLINE_CURVE_WITH_KNOTS('',3,(#7583,#7584,#7585,#7586,#7587,#7588,
#7589,#7590,#7591,#7592),.UNSPECIFIED.,.F.,.F.,(4,2,2,2,4),(0.226266289585225,
0.254549693924372,0.282833098263519,0.311116266320678,0.339399434377837),
 .UNSPECIFIED.);
#654=B_SPLINE_CURVE_WITH_KNOTS('',3,(#7594,#7595,#7596,#7597,#7598,#7599,
#7600,#7601,#7602,#7603,#7604,#7605,#7606,#7607,#7608,#7609,#7610,#7611,
#7612),.UNSPECIFIED.,.F.,.F.,(4,2,2,2,3,2,2,2,4),(-0.113133144792612,-0.0848499767354531,
-0.0565668086782939,-0.028283404339147,0.,0.028283404339147,0.0565668086782941,
0.0848499767354532,0.113133144792612),.UNSPECIFIED.);
#655=B_SPLINE_CURVE_WITH_KNOTS('',3,(#7613,#7614,#7615,#7616,#7617,#7618,
#7619,#7620,#7621,#7622),.UNSPECIFIED.,.F.,.F.,(4,2,2,2,4),(0.113133144792612,
0.141416312849772,0.169699480906931,0.197982885246078,0.226266289585225),
 .UNSPECIFIED.);
#656=B_SPLINE_CURVE_WITH_KNOTS('',3,(#7626,#7627,#7628,#7629,#7630,#7631,
#7632,#7633,#7634,#7635),.UNSPECIFIED.,.F.,.F.,(4,2,2,2,4),(0.226589638466921,
0.25491395344991,0.283238268432899,0.31156136306664,0.339884457700381),
 .UNSPECIFIED.);
#657=B_SPLINE_CURVE_WITH_KNOTS('',3,(#7637,#7638,#7639,#7640,#7641,#7642,
#7643,#7644,#7645,#7646,#7647,#7648,#7649,#7650,#7651,#7652,#7653,#7654,
#7655),.UNSPECIFIED.,.F.,.F.,(4,2,2,2,3,2,2,2,4),(-0.113294819233461,-0.0849717245997196,
-0.0566486299659786,-0.0283243149829893,0.,0.0283243149829892,0.0566486299659784,
0.0849717245997194,0.11329481923346),.UNSPECIFIED.);
#658=B_SPLINE_CURVE_WITH_KNOTS('',3,(#7656,#7657,#7658,#7659,#7660,#7661,
#7662,#7663,#7664,#7665),.UNSPECIFIED.,.F.,.F.,(4,2,2,2,4),(0.11329481923346,
0.141617913867201,0.169941008500942,0.198265323483931,0.226589638466921),
 .UNSPECIFIED.);
#659=B_SPLINE_CURVE_WITH_KNOTS('',3,(#7668,#7669,#7670,#7671,#7672,#7673,
#7674,#7675,#7676,#7677,#7678,#7679,#7680,#7681,#7682,#7683,#7684,#7685,
#7686,#7687,#7688,#7689,#7690,#7691,#7692,#7693,#7694,#7695,#7696,#7697,
#7698,#7699,#7700,#7701),.UNSPECIFIED.,.T.,.F.,(4,2,2,2,2,2,2,2,2,2,2,2,
2,2,2,2,4),(0.,0.0282834043391469,0.0565668086782939,0.084849976735453,
0.113133144792612,0.141416312849771,0.16969948090693,0.197982885246077,
0.226266289585224,0.254549693924371,0.282833098263518,0.311116266320678,
0.339399434377837,0.367682602434996,0.395965770492155,0.424249174831302,
0.452532579170449),.UNSPECIFIED.);
#660=B_SPLINE_CURVE_WITH_KNOTS('',3,(#7705,#7706,#7707,#7708,#7709,#7710,
#7711,#7712,#7713,#7714,#7715,#7716,#7717,#7718,#7719,#7720,#7721,#7722),
 .UNSPECIFIED.,.F.,.F.,(4,2,2,2,2,2,2,2,4),(0.11329481923346,0.141617913867201,
0.169941008500942,0.198265323483931,0.226589638466921,0.25491395344991,
0.283238268432899,0.31156136306664,0.339884457700381),.UNSPECIFIED.);
#661=B_SPLINE_CURVE_WITH_KNOTS('',3,(#7723,#7724,#7725,#7726,#7727,#7728,
#7729,#7730,#7731,#7732,#7733,#7734,#7735,#7736,#7737,#7738,#7739,#7740,
#7741),.UNSPECIFIED.,.F.,.F.,(4,2,2,2,3,2,2,2,4),(-0.113294819233461,-0.0849717245997196,
-0.0566486299659786,-0.0283243149829893,0.,0.0283243149829892,0.0566486299659785,
0.0849717245997194,0.11329481923346),.UNSPECIFIED.);
#662=(
BOUNDED_SURFACE()
B_SPLINE_SURFACE(3,2,((#4438,#4439,#4440),(#4441,#4442,#4443),(#4444,#4445,
#4446),(#4447,#4448,#4449)),.UNSPECIFIED.,.F.,.F.,.F.)
B_SPLINE_SURFACE_WITH_KNOTS((4,4),(3,3),(-8.88178419700125E-16,0.354831128584688),
(0.806340810218497,1.),.UNSPECIFIED.)
GEOMETRIC_REPRESENTATION_ITEM()
RATIONAL_B_SPLINE_SURFACE(((0.938523759980461,0.961879493608366,1.),(0.938524644481781,
0.961880042074541,1.),(0.937928689827876,0.961510499415685,1.),(0.936760617634878,
0.960786195140002,1.)))
REPRESENTATION_ITEM('')
SURFACE()
);
#663=(
BOUNDED_SURFACE()
B_SPLINE_SURFACE(3,2,((#4491,#4492,#4493),(#4494,#4495,#4496),(#4497,#4498,
#4499),(#4500,#4501,#4502)),.UNSPECIFIED.,.F.,.F.,.F.)
B_SPLINE_SURFACE_WITH_KNOTS((4,4),(3,3),(-8.88178419700125E-16,0.354831128584681),
(0.806340810218494,1.),.UNSPECIFIED.)
GEOMETRIC_REPRESENTATION_ITEM()
RATIONAL_B_SPLINE_SURFACE(((0.93852375998046,0.961879493608365,1.),(0.938524644481781,
0.961880042074541,1.),(0.937928689827875,0.961510499415684,1.),(0.936760617634878,
0.960786195140002,1.)))
REPRESENTATION_ITEM('')
SURFACE()
);
#664=(
BOUNDED_SURFACE()
B_SPLINE_SURFACE(3,2,((#5888,#5889,#5890),(#5891,#5892,#5893),(#5894,#5895,
#5896),(#5897,#5898,#5899),(#5900,#5901,#5902),(#5903,#5904,#5905),(#5906,
#5907,#5908),(#5909,#5910,#5911),(#5912,#5913,#5914),(#5915,#5916,#5917)),
 .UNSPECIFIED.,.F.,.F.,.F.)
B_SPLINE_SURFACE_WITH_KNOTS((4,2,2,2,4),(3,3),(4.71238898038469,5.10508806208341,
5.49778714378214,5.89048622548086,6.28318530717959),(0.,1.),
 .UNSPECIFIED.)
GEOMETRIC_REPRESENTATION_ITEM()
RATIONAL_B_SPLINE_SURFACE(((1.,1.,1.),(1.,1.00015858551767,1.),(1.,0.986729182933028,
1.),(1.,0.938655656829286,1.),(1.,0.90381287514438,1.),(1.,0.828237932424502,
1.),(1.,0.787678499149097,1.),(1.,0.726551740548109,1.),(1.,0.706675755848822,
1.),(1.,0.707106781186548,1.)))
REPRESENTATION_ITEM('')
SURFACE()
);
#665=(
BOUNDED_SURFACE()
B_SPLINE_SURFACE(3,2,((#5925,#5926,#5927),(#5928,#5929,#5930),(#5931,#5932,
#5933),(#5934,#5935,#5936),(#5937,#5938,#5939),(#5940,#5941,#5942),(#5943,
#5944,#5945),(#5946,#5947,#5948),(#5949,#5950,#5951),(#5952,#5953,#5954)),
 .UNSPECIFIED.,.F.,.F.,.F.)
B_SPLINE_SURFACE_WITH_KNOTS((4,2,2,2,4),(3,3),(4.71238898038469,5.10508806208341,
5.49778714378214,5.89048622548086,6.28318530717959),(0.,1.),
 .UNSPECIFIED.)
GEOMETRIC_REPRESENTATION_ITEM()
RATIONAL_B_SPLINE_SURFACE(((1.,1.,1.),(1.,1.00015858551767,1.),(1.,0.986729182933038,
1.),(1.,0.938655656829276,1.),(1.,0.903812875144422,1.),(1.,0.828237932424455,
1.),(1.,0.787678499148956,1.),(1.,0.726551740548248,1.),(1.,0.706675755848714,
1.),(1.,0.707106781186546,1.)))
REPRESENTATION_ITEM('')
SURFACE()
);
#666=(
BOUNDED_SURFACE()
B_SPLINE_SURFACE(3,2,((#5955,#5956,#5957),(#5958,#5959,#5960),(#5961,#5962,
#5963),(#5964,#5965,#5966),(#5967,#5968,#5969),(#5970,#5971,#5972),(#5973,
#5974,#5975),(#5976,#5977,#5978),(#5979,#5980,#5981),(#5982,#5983,#5984)),
 .UNSPECIFIED.,.F.,.F.,.F.)
B_SPLINE_SURFACE_WITH_KNOTS((4,2,2,2,4),(3,3),(3.14159265358979,3.53429173528852,
3.92699081698724,4.31968989868597,4.71238898038469),(0.,1.),
 .UNSPECIFIED.)
GEOMETRIC_REPRESENTATION_ITEM()
RATIONAL_B_SPLINE_SURFACE(((1.,0.707106781186549,1.),(1.,0.706675755848815,
1.),(1.,0.726551740548116,1.),(1.,0.787678499149089,1.),(1.,0.828237932424429,
1.),(1.,0.90381287514445,1.),(1.,0.938655656829246,1.),(1.,0.986729182933067,
1.),(1.,1.00015858551765,1.),(1.,1.,1.)))
REPRESENTATION_ITEM('')
SURFACE()
);
#667=(
BOUNDED_SURFACE()
B_SPLINE_SURFACE(3,2,((#5992,#5993,#5994),(#5995,#5996,#5997),(#5998,#5999,
#6000),(#6001,#6002,#6003),(#6004,#6005,#6006),(#6007,#6008,#6009),(#6010,
#6011,#6012),(#6013,#6014,#6015),(#6016,#6017,#6018),(#6019,#6020,#6021)),
 .UNSPECIFIED.,.F.,.F.,.F.)
B_SPLINE_SURFACE_WITH_KNOTS((4,2,2,2,4),(3,3),(3.14159265358979,3.53429173528852,
3.92699081698724,4.31968989868597,4.71238898038469),(0.,1.),
 .UNSPECIFIED.)
GEOMETRIC_REPRESENTATION_ITEM()
RATIONAL_B_SPLINE_SURFACE(((1.,0.707106781186548,1.),(1.,0.706675755848789,
1.),(1.,0.726551740548146,1.),(1.,0.787678499149056,1.),(1.,0.828237932424419,
1.),(1.,0.903812875144457,1.),(1.,0.938655656829275,1.),(1.,0.986729182933037,
1.),(1.,1.00015858551767,1.),(1.,1.,1.)))
REPRESENTATION_ITEM('')
SURFACE()
);
#668=(
BOUNDED_SURFACE()
B_SPLINE_SURFACE(3,2,((#6022,#6023,#6024),(#6025,#6026,#6027),(#6028,#6029,
#6030),(#6031,#6032,#6033)),.UNSPECIFIED.,.F.,.F.,.F.)
B_SPLINE_SURFACE_WITH_KNOTS((4,4),(3,3),(0.00604356836833764,0.00697958720811788),
(0.,1.),.UNSPECIFIED.)
GEOMETRIC_REPRESENTATION_ITEM()
RATIONAL_B_SPLINE_SURFACE(((1.,0.707106781186548,1.),(1.,0.7542717782973,
1.),(1.,0.794711529128748,1.),(1.,0.830728573770764,1.)))
REPRESENTATION_ITEM('')
SURFACE()
);
#669=(
BOUNDED_SURFACE()
B_SPLINE_SURFACE(3,2,((#6038,#6039,#6040),(#6041,#6042,#6043),(#6044,#6045,
#6046),(#6047,#6048,#6049)),.UNSPECIFIED.,.F.,.F.,.F.)
B_SPLINE_SURFACE_WITH_KNOTS((4,4),(3,3),(0.00604356836833741,0.00697958720812919),
(0.,1.),.UNSPECIFIED.)
GEOMETRIC_REPRESENTATION_ITEM()
RATIONAL_B_SPLINE_SURFACE(((1.,0.707106781186549,1.),(1.,0.754271778297876,
1.),(1.,0.79471152912975,1.),(1.,0.830728573772094,1.)))
REPRESENTATION_ITEM('')
SURFACE()
);
#670=(
BOUNDED_SURFACE()
B_SPLINE_SURFACE(3,2,((#6051,#6052,#6053),(#6054,#6055,#6056),(#6057,#6058,
#6059),(#6060,#6061,#6062)),.UNSPECIFIED.,.F.,.F.,.F.)
B_SPLINE_SURFACE_WITH_KNOTS((4,4),(3,3),(0.0060435683683374,0.00697958720812917),
(0.,1.),.UNSPECIFIED.)
GEOMETRIC_REPRESENTATION_ITEM()
RATIONAL_B_SPLINE_SURFACE(((1.,0.707106781186549,1.),(1.,0.754271778297875,
1.),(1.,0.79471152912975,1.),(1.,0.830728573772093,1.)))
REPRESENTATION_ITEM('')
SURFACE()
);
#671=(
BOUNDED_SURFACE()
B_SPLINE_SURFACE(3,2,((#6067,#6068,#6069),(#6070,#6071,#6072),(#6073,#6074,
#6075),(#6076,#6077,#6078)),.UNSPECIFIED.,.F.,.F.,.F.)
B_SPLINE_SURFACE_WITH_KNOTS((4,4),(3,3),(0.00604356836833766,0.00697958720811791),
(0.,1.),.UNSPECIFIED.)
GEOMETRIC_REPRESENTATION_ITEM()
RATIONAL_B_SPLINE_SURFACE(((1.,0.70710678118655,1.),(1.,0.754271778297299,
1.),(1.,0.79471152912875,1.),(1.,0.830728573770766,1.)))
REPRESENTATION_ITEM('')
SURFACE()
);
#672=(
BOUNDED_SURFACE()
B_SPLINE_SURFACE(3,2,((#6119,#6120,#6121),(#6122,#6123,#6124),(#6125,#6126,
#6127),(#6128,#6129,#6130)),.UNSPECIFIED.,.F.,.F.,.F.)
B_SPLINE_SURFACE_WITH_KNOTS((4,4),(3,3),(1.65563439193827,1.86225312127276),
(0.,1.),.UNSPECIFIED.)
GEOMETRIC_REPRESENTATION_ITEM()
RATIONAL_B_SPLINE_SURFACE(((1.,0.708412361152156,1.),(1.,0.709468754595394,
1.),(1.,0.710513389593929,1.),(1.,0.711524398291839,1.)))
REPRESENTATION_ITEM('')
SURFACE()
);
#673=(
BOUNDED_SURFACE()
B_SPLINE_SURFACE(3,2,((#6132,#6133,#6134),(#6135,#6136,#6137),(#6138,#6139,
#6140),(#6141,#6142,#6143)),.UNSPECIFIED.,.F.,.F.,.F.)
B_SPLINE_SURFACE_WITH_KNOTS((4,4),(3,3),(0.,0.000893196041060184),(0.,1.),
 .UNSPECIFIED.)
GEOMETRIC_REPRESENTATION_ITEM()
RATIONAL_B_SPLINE_SURFACE(((1.,0.707106781186548,1.),(1.,0.708211839345038,
1.),(1.,0.70864689709105,1.),(1.,0.708412361152156,1.)))
REPRESENTATION_ITEM('')
SURFACE()
);
#674=(
BOUNDED_SURFACE()
B_SPLINE_SURFACE(3,2,((#6144,#6145,#6146),(#6147,#6148,#6149),(#6150,#6151,
#6152),(#6153,#6154,#6155)),.UNSPECIFIED.,.F.,.F.,.F.)
B_SPLINE_SURFACE_WITH_KNOTS((4,4),(3,3),(0.,0.000893196041060184),(0.,1.),
 .UNSPECIFIED.)
GEOMETRIC_REPRESENTATION_ITEM()
RATIONAL_B_SPLINE_SURFACE(((1.,0.708412361152156,1.),(1.,0.708646897091051,
1.),(1.,0.708211839345037,1.),(1.,0.707106781186548,1.)))
REPRESENTATION_ITEM('')
SURFACE()
);
#675=(
BOUNDED_SURFACE()
B_SPLINE_SURFACE(3,2,((#6157,#6158,#6159),(#6160,#6161,#6162),(#6163,#6164,
#6165),(#6166,#6167,#6168)),.UNSPECIFIED.,.F.,.F.,.F.)
B_SPLINE_SURFACE_WITH_KNOTS((4,4),(3,3),(1.27933953231703,1.48595826165152),
(0.,1.),.UNSPECIFIED.)
GEOMETRIC_REPRESENTATION_ITEM()
RATIONAL_B_SPLINE_SURFACE(((1.,0.711524398291839,1.),(1.,0.71051338959393,
1.),(1.,0.709468754595394,1.),(1.,0.708412361152156,1.)))
REPRESENTATION_ITEM('')
SURFACE()
);
#676=(
BOUNDED_SURFACE()
B_SPLINE_SURFACE(3,2,((#6253,#6254,#6255),(#6256,#6257,#6258),(#6259,#6260,
#6261),(#6262,#6263,#6264)),.UNSPECIFIED.,.F.,.F.,.F.)
B_SPLINE_SURFACE_WITH_KNOTS((4,4),(3,3),(4.79722704552807,5.00384577486256),
(0.,1.),.UNSPECIFIED.)
GEOMETRIC_REPRESENTATION_ITEM()
RATIONAL_B_SPLINE_SURFACE(((1.,0.708412361152156,1.),(1.,0.709468754595394,
1.),(1.,0.710513389593929,1.),(1.,0.711524398291839,1.)))
REPRESENTATION_ITEM('')
SURFACE()
);
#677=(
BOUNDED_SURFACE()
B_SPLINE_SURFACE(3,2,((#6266,#6267,#6268),(#6269,#6270,#6271),(#6272,#6273,
#6274),(#6275,#6276,#6277)),.UNSPECIFIED.,.F.,.F.,.F.)
B_SPLINE_SURFACE_WITH_KNOTS((4,4),(3,3),(0.,0.000893196041060188),(0.,1.),
 .UNSPECIFIED.)
GEOMETRIC_REPRESENTATION_ITEM()
RATIONAL_B_SPLINE_SURFACE(((1.,0.707106781186548,1.),(1.,0.708211839345037,
1.),(1.,0.708646897091051,1.),(1.,0.708412361152156,1.)))
REPRESENTATION_ITEM('')
SURFACE()
);
#678=(
BOUNDED_SURFACE()
B_SPLINE_SURFACE(3,2,((#6281,#6282,#6283),(#6284,#6285,#6286),(#6287,#6288,
#6289),(#6290,#6291,#6292)),.UNSPECIFIED.,.F.,.F.,.F.)
B_SPLINE_SURFACE_WITH_KNOTS((4,4),(3,3),(-4.33680868994202E-19,0.000893196041060188),
(0.,1.),.UNSPECIFIED.)
GEOMETRIC_REPRESENTATION_ITEM()
RATIONAL_B_SPLINE_SURFACE(((1.,0.708412361152156,1.),(1.,0.708646897091053,
1.),(1.,0.708211839345036,1.),(1.,0.707106781186548,1.)))
REPRESENTATION_ITEM('')
SURFACE()
);
#679=(
BOUNDED_SURFACE()
B_SPLINE_SURFACE(3,2,((#6294,#6295,#6296),(#6297,#6298,#6299),(#6300,#6301,
#6302),(#6303,#6304,#6305)),.UNSPECIFIED.,.F.,.F.,.F.)
B_SPLINE_SURFACE_WITH_KNOTS((4,4),(3,3),(4.42093218590682,4.62755091524131),
(0.,1.),.UNSPECIFIED.)
GEOMETRIC_REPRESENTATION_ITEM()
RATIONAL_B_SPLINE_SURFACE(((1.,0.711524398291839,1.),(1.,0.710513389593931,
1.),(1.,0.709468754595393,1.),(1.,0.708412361152156,1.)))
REPRESENTATION_ITEM('')
SURFACE()
);
#680=(
BOUNDED_SURFACE()
B_SPLINE_SURFACE(3,2,((#6365,#6366,#6367),(#6368,#6369,#6370),(#6371,#6372,
#6373),(#6374,#6375,#6376),(#6377,#6378,#6379),(#6380,#6381,#6382)),
 .UNSPECIFIED.,.F.,.F.,.F.)
B_SPLINE_SURFACE_WITH_KNOTS((4,2,4),(3,3),(4.86330994479043,5.57324762598501,
6.28318530717959),(0.,1.),.UNSPECIFIED.)
GEOMETRIC_REPRESENTATION_ITEM()
RATIONAL_B_SPLINE_SURFACE(((1.,0.722363962059754,1.),(1.,0.745938109194927,
1.),(1.,0.766710542563637,1.),(1.,0.795357872330899,1.),(1.,0.803236946000551,
1.),(1.,0.803156739245663,1.)))
REPRESENTATION_ITEM('')
SURFACE()
);
#681=(
BOUNDED_SURFACE()
B_SPLINE_SURFACE(3,2,((#6483,#6484,#6485),(#6486,#6487,#6488),(#6489,#6490,
#6491),(#6492,#6493,#6494),(#6495,#6496,#6497),(#6498,#6499,#6500),(#6501,
#6502,#6503),(#6504,#6505,#6506),(#6507,#6508,#6509),(#6510,#6511,#6512)),
 .UNSPECIFIED.,.F.,.F.,.F.)
B_SPLINE_SURFACE_WITH_KNOTS((4,2,2,2,4),(3,3),(2.77824227283077,3.22404870861781,
3.66985514440486,4.1156615801919,4.56146801597895),(0.,1.),
 .UNSPECIFIED.)
GEOMETRIC_REPRESENTATION_ITEM()
RATIONAL_B_SPLINE_SURFACE(((1.,0.79723893727077,1.),(1.,0.802056187244299,
1.),(1.,0.803955566309555,1.),(1.,0.801744147894272,1.),(1.,0.797620824421696,
1.),(1.,0.783880571976475,1.),(1.,0.774262778235583,1.),(1.,0.750880117925021,
1.),(1.,0.737127942190419,1.),(1.,0.722363962059753,1.)))
REPRESENTATION_ITEM('')
SURFACE()
);
#682=(
BOUNDED_SURFACE()
B_SPLINE_SURFACE(3,2,((#6583,#6584,#6585),(#6586,#6587,#6588),(#6589,#6590,
#6591),(#6592,#6593,#6594),(#6595,#6596,#6597),(#6598,#6599,#6600),(#6601,
#6602,#6603),(#6604,#6605,#6606),(#6607,#6608,#6609),(#6610,#6611,#6612)),
 .UNSPECIFIED.,.F.,.F.,.F.)
B_SPLINE_SURFACE_WITH_KNOTS((4,2,2,2,4),(3,3),(2.77824227283078,3.22404870861782,
3.66985514440486,4.1156615801919,4.56146801597895),(0.,1.),
 .UNSPECIFIED.)
GEOMETRIC_REPRESENTATION_ITEM()
RATIONAL_B_SPLINE_SURFACE(((1.,0.797238937270771,1.),(1.,0.802056187244243,
1.),(1.,0.803955566309629,1.),(1.,0.801744147894197,1.),(1.,0.797620824421746,
1.),(1.,0.783880571976425,1.),(1.,0.774262778235548,1.),(1.,0.750880117925054,
1.),(1.,0.737127942190393,1.),(1.,0.722363962059754,1.)))
REPRESENTATION_ITEM('')
SURFACE()
);
#683=(
BOUNDED_SURFACE()
B_SPLINE_SURFACE(3,2,((#6686,#6687,#6688),(#6689,#6690,#6691),(#6692,#6693,
#6694),(#6695,#6696,#6697),(#6698,#6699,#6700),(#6701,#6702,#6703)),
 .UNSPECIFIED.,.F.,.F.,.F.)
B_SPLINE_SURFACE_WITH_KNOTS((4,2,4),(3,3),(4.86330994479043,5.57324762598501,
6.28318530717959),(0.,1.),.UNSPECIFIED.)
GEOMETRIC_REPRESENTATION_ITEM()
RATIONAL_B_SPLINE_SURFACE(((1.,0.722363962059753,1.),(1.,0.745938109194968,
1.),(1.,0.766710542563583,1.),(1.,0.795357872330952,1.),(1.,0.803236946000511,
1.),(1.,0.803156739245662,1.)))
REPRESENTATION_ITEM('')
SURFACE()
);
#684=(
BOUNDED_SURFACE()
B_SPLINE_SURFACE(3,2,((#6816,#6817,#6818),(#6819,#6820,#6821),(#6822,#6823,
#6824),(#6825,#6826,#6827),(#6828,#6829,#6830),(#6831,#6832,#6833),(#6834,
#6835,#6836),(#6837,#6838,#6839),(#6840,#6841,#6842),(#6843,#6844,#6845),
(#6846,#6847,#6848),(#6849,#6850,#6851),(#6852,#6853,#6854),(#6855,#6856,
#6857),(#6858,#6859,#6860),(#6861,#6862,#6863),(#6864,#6865,#6866),(#6867,
#6868,#6869),(#6870,#6871,#6872),(#6873,#6874,#6875),(#6876,#6877,#6878),
(#6879,#6880,#6881),(#6882,#6883,#6884),(#6885,#6886,#6887),(#6888,#6889,
#6890),(#6891,#6892,#6893)),.UNSPECIFIED.,.F.,.F.,.F.)
B_SPLINE_SURFACE_WITH_KNOTS((4,2,2,2,2,2,2,2,2,2,2,2,4),(3,3),(0.,0.000321674356244572,
0.000643348712489144,0.00080418589061143,0.000965023068733716,0.00104544165779486,
0.00108565095232543,0.00110575559959072,0.001125860246856,0.00114596489412129,
0.00116606954138657,0.00120627883591714,0.00128669742497829),(0.,1.),
 .UNSPECIFIED.)
GEOMETRIC_REPRESENTATION_ITEM()
RATIONAL_B_SPLINE_SURFACE(((1.,0.707106781186547,1.),(1.,0.712751714253273,
1.),(1.,0.719528890907938,1.),(1.,0.739668168402865,1.),(1.,0.752464935268344,
1.),(1.,0.782571621440273,1.),(1.,0.794543295245016,1.),(1.,0.824887507503786,
1.),(1.,0.843021399717663,1.),(1.,0.881229169012423,1.),(1.,0.895891584584156,
1.),(1.,0.922948639231094,1.),(1.,0.932986224929451,1.),(1.,0.948448913048441,
1.),(1.,0.953673768893663,1.),(1.,0.962458159781658,1.),(1.,0.965968852573546,
1.),(1.,0.968167939910833,1.),(1.,0.966825288199561,1.),(1.,0.961456800916051,
1.),(1.,0.957607135455671,1.),(1.,0.945690354199264,1.),(1.,0.937080762338241,
1.),(1.,0.913395387477198,1.),(1.,0.899527574817955,1.),(1.,0.887214183845699,
1.)))
REPRESENTATION_ITEM('')
SURFACE()
);
#685=(
BOUNDED_SURFACE()
B_SPLINE_SURFACE(3,2,((#6915,#6916,#6917),(#6918,#6919,#6920),(#6921,#6922,
#6923),(#6924,#6925,#6926),(#6927,#6928,#6929),(#6930,#6931,#6932),(#6933,
#6934,#6935),(#6936,#6937,#6938),(#6939,#6940,#6941),(#6942,#6943,#6944),
(#6945,#6946,#6947),(#6948,#6949,#6950),(#6951,#6952,#6953),(#6954,#6955,
#6956),(#6957,#6958,#6959),(#6960,#6961,#6962),(#6963,#6964,#6965),(#6966,
#6967,#6968),(#6969,#6970,#6971),(#6972,#6973,#6974),(#6975,#6976,#6977),
(#6978,#6979,#6980),(#6981,#6982,#6983),(#6984,#6985,#6986),(#6987,#6988,
#6989),(#6990,#6991,#6992)),.UNSPECIFIED.,.F.,.F.,.F.)
B_SPLINE_SURFACE_WITH_KNOTS((4,2,2,2,2,2,2,2,2,2,2,2,4),(3,3),(-7.77193478938468E-5,
0.00032167435624456,0.00064334871248912,0.0008041858906114,0.00096502306873368,
0.00104544165779482,0.00108565095232539,0.00110575559959067,0.00112586024685596,
0.00114596489412124,0.00116606954138653,0.0012062788359171,0.00128669742497824),
(0.,1.00024301138614),.UNSPECIFIED.)
GEOMETRIC_REPRESENTATION_ITEM()
RATIONAL_B_SPLINE_SURFACE(((1.,0.703110871202488,1.00014429487744),(1.,
0.70959850661968,1.00014114173889),(1.,0.717027228903932,1.00013753121069),
(1.,0.739604904803628,1.00012655794606),(1.,0.752404781429194,1.00012033691453),
(1.,0.78251878386858,1.00010570082358),(1.,0.794493366926457,1.00009988090353),
(1.,0.824844953174181,1.00008512934144),(1.,0.842983252130069,1.0000763137151),
(1.,0.881200306348291,1.00005773935646),(1.,0.895866285054667,1.00005061135683),
(1.,0.922929914872619,1.00003745781643),(1.,0.932969939818977,1.00003257813568),
(1.,0.948436385547282,1.00002506109085),(1.,0.953662511092006,1.00002252107482),
(1.,0.962449036686972,1.00001825062329),(1.,0.965960582617247,1.000016543932),
(1.,0.968160204357756,1.00001547486575),(1.,0.966817226366981,1.00001612758363),
(1.,0.961447434479711,1.00001873742477),(1.,0.957596833506834,1.00002060890453),
(1.,0.945677156337162,1.00002640213908),(1.,0.937065472247471,1.00003058761365),
(1.,0.913374341569533,1.00004210204266),(1.,0.89950315887521,1.00004884375333),
(1.,0.887186775608174,1.00005482979607)))
REPRESENTATION_ITEM('')
SURFACE()
);
#686=(
BOUNDED_SURFACE()
B_SPLINE_SURFACE(3,2,((#7014,#7015,#7016),(#7017,#7018,#7019),(#7020,#7021,
#7022),(#7023,#7024,#7025),(#7026,#7027,#7028),(#7029,#7030,#7031),(#7032,
#7033,#7034),(#7035,#7036,#7037),(#7038,#7039,#7040),(#7041,#7042,#7043),
(#7044,#7045,#7046),(#7047,#7048,#7049),(#7050,#7051,#7052),(#7053,#7054,
#7055),(#7056,#7057,#7058),(#7059,#7060,#7061),(#7062,#7063,#7064),(#7065,
#7066,#7067),(#7068,#7069,#7070),(#7071,#7072,#7073),(#7074,#7075,#7076),
(#7077,#7078,#7079),(#7080,#7081,#7082),(#7083,#7084,#7085),(#7086,#7087,
#7088),(#7089,#7090,#7091)),.UNSPECIFIED.,.F.,.F.,.F.)
B_SPLINE_SURFACE_WITH_KNOTS((4,2,2,2,2,2,2,2,2,2,2,2,4),(3,3),(0.,0.000321674356244577,
0.000643348712489154,0.000804185890611443,0.000965023068733732,0.00104544165779488,
0.00108565095232545,0.00110575559959073,0.00112586024685602,0.00114596489412131,
0.00116606954138659,0.00120627883591716,0.00128669742497831),(0.,1.),
 .UNSPECIFIED.)
GEOMETRIC_REPRESENTATION_ITEM()
RATIONAL_B_SPLINE_SURFACE(((1.,0.707106781186547,1.),(1.,0.712751714253246,
1.),(1.,0.719528890907976,1.),(1.,0.739668168402831,1.),(1.,0.752464935268369,
1.),(1.,0.782571621440263,1.),(1.,0.794543295244998,1.),(1.,0.82488750750381,
1.),(1.,0.843021399717435,1.),(1.,0.881229169012555,1.),(1.,0.895891584584182,
1.),(1.,0.922948639231129,1.),(1.,0.932986224929387,1.),(1.,0.948448913048492,
1.),(1.,0.953673768893636,1.),(1.,0.962458159781689,1.),(1.,0.965968852573566,
1.),(1.,0.968167939910821,1.),(1.,0.966825288199459,1.),(1.,0.96145680091614,
1.),(1.,0.957607135455751,1.),(1.,0.945690354199055,1.),(1.,0.937080762338437,
1.),(1.,0.913395387476809,1.),(1.,0.89952757481826,1.),(1.,0.887214183845695,
1.)))
REPRESENTATION_ITEM('')
SURFACE()
);
#687=(
BOUNDED_SURFACE()
B_SPLINE_SURFACE(3,2,((#7113,#7114,#7115),(#7116,#7117,#7118),(#7119,#7120,
#7121),(#7122,#7123,#7124),(#7125,#7126,#7127),(#7128,#7129,#7130),(#7131,
#7132,#7133),(#7134,#7135,#7136),(#7137,#7138,#7139),(#7140,#7141,#7142),
(#7143,#7144,#7145),(#7146,#7147,#7148),(#7149,#7150,#7151),(#7152,#7153,
#7154),(#7155,#7156,#7157),(#7158,#7159,#7160),(#7161,#7162,#7163),(#7164,
#7165,#7166),(#7167,#7168,#7169),(#7170,#7171,#7172),(#7173,#7174,#7175),
(#7176,#7177,#7178),(#7179,#7180,#7181),(#7182,#7183,#7184),(#7185,#7186,
#7187),(#7188,#7189,#7190)),.UNSPECIFIED.,.F.,.F.,.F.)
B_SPLINE_SURFACE_WITH_KNOTS((4,2,2,2,2,2,2,2,2,2,2,2,4),(3,3),(-7.77193477159224E-5,
0.000321674356244588,0.000643348712489176,0.00080418589061147,0.000965023068733764,
0.00104544165779491,0.00108565095232548,0.00110575559959077,0.00112586024685606,
0.00114596489412135,0.00116606954138663,0.00120627883591721,0.00128669742497835),
(0.,1.000243011386),.UNSPECIFIED.)
GEOMETRIC_REPRESENTATION_ITEM()
RATIONAL_B_SPLINE_SURFACE(((1.,0.703110871211077,1.00014429487735),(1.,
0.709598506626547,1.0001411417388),(1.,0.717027228909397,1.00013753121061),
(1.,0.73960490480379,1.00012655794598),(1.,0.752404781429185,1.00012033691446),
(1.,0.78251878386865,1.00010570082352),(1.,0.794493366926459,1.00009988090347),
(1.,0.824844953174272,1.00008512934139),(1.,0.842983252130549,1.00007631371505),
(1.,0.881200306348133,1.00005773935642),(1.,0.895866285053209,1.0000506113568),
(1.,0.922929914873448,1.00003745781641),(1.,0.932969939819139,1.00003257813566),
(1.,0.948436385547314,1.00002506109083),(1.,0.953662511091998,1.00002252107481),
(1.,0.962449036687111,1.00001825062328),(1.,0.965960582617282,1.00001654393199),
(1.,0.968160204357766,1.00001547486574),(1.,0.966817226366845,1.00001612758362),
(1.,0.96144743447981,1.00001873742476),(1.,0.957596833506698,1.00002060890452),
(1.,0.945677156337298,1.00002640213906),(1.,0.937065472247259,1.00003058761363),
(1.,0.913374341569903,1.00004210204264),(1.,0.899503158874934,1.0000488437533),
(1.,0.887186775608194,1.00005482979604)))
REPRESENTATION_ITEM('')
SURFACE()
);
#688=(
BOUNDED_SURFACE()
B_SPLINE_SURFACE(3,2,((#7203,#7204,#7205),(#7206,#7207,#7208),(#7209,#7210,
#7211),(#7212,#7213,#7214),(#7215,#7216,#7217),(#7218,#7219,#7220),(#7221,
#7222,#7223),(#7224,#7225,#7226),(#7227,#7228,#7229),(#7230,#7231,#7232)),
 .UNSPECIFIED.,.F.,.F.,.F.)
B_SPLINE_SURFACE_WITH_KNOTS((4,2,2,2,4),(3,3),(0.112276061188855,0.210497369085785,
0.308334513042681,0.406171656999577,0.504392964898872),(-0.000384163942399431,
1.),.UNSPECIFIED.)
GEOMETRIC_REPRESENTATION_ITEM()
RATIONAL_B_SPLINE_SURFACE(((1.00002626005853,0.96582180726018,1.),(1.00003248421286,
0.957720898197445,1.),(1.00004075163422,0.946960620555749,1.),(1.00006260447561,
0.918518542864588,1.),(1.00007619202156,0.900833975875215,1.),(1.00010955598048,
0.857409860235222,1.),(1.00012935250531,0.831644135446833,1.),(1.00017499344251,
0.772241192894433,1.),(1.00020083992366,0.738601282563918,1.),(1.00022887010331,
0.702119228206333,1.)))
REPRESENTATION_ITEM('')
SURFACE()
);
#689=(
BOUNDED_SURFACE()
B_SPLINE_SURFACE(3,2,((#7236,#7237,#7238),(#7239,#7240,#7241),(#7242,#7243,
#7244),(#7245,#7246,#7247)),.UNSPECIFIED.,.F.,.F.,.F.)
B_SPLINE_SURFACE_WITH_KNOTS((4,4),(3,3),(4.8549160250923,5.09239422755693),
(0.,1.),.UNSPECIFIED.)
GEOMETRIC_REPRESENTATION_ITEM()
RATIONAL_B_SPLINE_SURFACE(((1.,0.721393209883005,1.),(1.,0.729196617397809,
1.),(1.,0.736737232651494,1.),(1.,0.743836209391756,1.)))
REPRESENTATION_ITEM('')
SURFACE()
);
#690=(
BOUNDED_SURFACE()
B_SPLINE_SURFACE(3,2,((#7249,#7250,#7251),(#7252,#7253,#7254),(#7255,#7256,
#7257),(#7258,#7259,#7260)),.UNSPECIFIED.,.F.,.F.,.F.)
B_SPLINE_SURFACE_WITH_KNOTS((4,4),(3,3),(0.00919818425035602,0.00940068633181076),
(0.,1.),.UNSPECIFIED.)
GEOMETRIC_REPRESENTATION_ITEM()
RATIONAL_B_SPLINE_SURFACE(((1.,0.721393209883005,1.),(1.,0.7272059983951,
1.),(1.,0.73293856301035,1.),(1.,0.738598605741031,1.)))
REPRESENTATION_ITEM('')
SURFACE()
);
#691=(
BOUNDED_SURFACE()
B_SPLINE_SURFACE(3,2,((#7262,#7263,#7264),(#7265,#7266,#7267),(#7268,#7269,
#7270),(#7271,#7272,#7273),(#7274,#7275,#7276),(#7277,#7278,#7279)),
 .UNSPECIFIED.,.F.,.F.,.F.)
B_SPLINE_SURFACE_WITH_KNOTS((4,2,4),(3,3),(0.0115237287174148,0.013036292721828,
0.0145488567262412),(0.,1.),.UNSPECIFIED.)
GEOMETRIC_REPRESENTATION_ITEM()
RATIONAL_B_SPLINE_SURFACE(((1.,0.738598605741032,1.),(1.,0.780205536788312,
1.),(1.,0.81125349729845,1.),(1.,0.853532949608837,1.),(1.,0.864549956021255,
1.),(1.,0.866025403784438,1.)))
REPRESENTATION_ITEM('')
SURFACE()
);
#692=(
BOUNDED_SURFACE()
B_SPLINE_SURFACE(3,2,((#7283,#7284,#7285),(#7286,#7287,#7288),(#7289,#7290,
#7291),(#7292,#7293,#7294),(#7295,#7296,#7297),(#7298,#7299,#7300)),
 .UNSPECIFIED.,.F.,.F.,.F.)
B_SPLINE_SURFACE_WITH_KNOTS((4,2,4),(3,3),(0.0114633225914192,0.0130195373524471,
0.014575752113475),(0.,1.),.UNSPECIFIED.)
GEOMETRIC_REPRESENTATION_ITEM()
RATIONAL_B_SPLINE_SURFACE(((1.,0.866025403784439,1.),(1.,0.864550793269274,
1.),(1.,0.853446937861239,1.),(1.,0.810986198573913,1.),(1.,0.780135354658381,
1.),(1.,0.738598605741022,1.)))
REPRESENTATION_ITEM('')
SURFACE()
);
#693=(
BOUNDED_SURFACE()
B_SPLINE_SURFACE(3,2,((#7302,#7303,#7304),(#7305,#7306,#7307),(#7308,#7309,
#7310),(#7311,#7312,#7313)),.UNSPECIFIED.,.F.,.F.,.F.)
B_SPLINE_SURFACE_WITH_KNOTS((4,4),(3,3),(0.00919818425035602,0.00940068633181065),
(0.,1.),.UNSPECIFIED.)
GEOMETRIC_REPRESENTATION_ITEM()
RATIONAL_B_SPLINE_SURFACE(((1.,0.721393209883005,1.),(1.,0.727205998395094,
1.),(1.,0.732938563010349,1.),(1.,0.73859860574102,1.)))
REPRESENTATION_ITEM('')
SURFACE()
);
#694=(
BOUNDED_SURFACE()
B_SPLINE_SURFACE(3,2,((#7315,#7316,#7317),(#7318,#7319,#7320),(#7321,#7322,
#7323),(#7324,#7325,#7326)),.UNSPECIFIED.,.F.,.F.,.F.)
B_SPLINE_SURFACE_WITH_KNOTS((4,4),(3,3),(1.19079107962377,1.42826928208729),
(0.,1.),.UNSPECIFIED.)
GEOMETRIC_REPRESENTATION_ITEM()
RATIONAL_B_SPLINE_SURFACE(((1.,0.743836209391656,1.),(1.,0.736737232651423,
1.),(1.,0.729196617397772,1.),(1.,0.721393209883005,1.)))
REPRESENTATION_ITEM('')
SURFACE()
);
#695=(
BOUNDED_SURFACE()
B_SPLINE_SURFACE(3,2,((#7330,#7331,#7332),(#7333,#7334,#7335),(#7336,#7337,
#7338),(#7339,#7340,#7341),(#7342,#7343,#7344),(#7345,#7346,#7347),(#7348,
#7349,#7350),(#7351,#7352,#7353),(#7354,#7355,#7356),(#7357,#7358,#7359)),
 .UNSPECIFIED.,.F.,.F.,.F.)
B_SPLINE_SURFACE_WITH_KNOTS((4,2,2,2,4),(3,3),(0.495607035099446,0.593828342999711,
0.691665486955897,0.789502630912084,0.887723938812349),(-0.00038416394407974,
1.),.UNSPECIFIED.)
GEOMETRIC_REPRESENTATION_ITEM()
RATIONAL_B_SPLINE_SURFACE(((1.00022887010432,0.702119228203942,1.),(1.00020083992454,
0.73860128256226,1.),(1.00017499344327,0.772241192892771,1.),(1.00012935250587,
0.831644135446004,1.),(1.00010955598096,0.857409860233882,1.),(1.00007619202189,
0.90083397587424,1.),(1.00006260447589,0.918518542863415,1.),(1.0000407516344,
0.946960620555418,1.),(1.000032484213,0.957720898197418,1.),(1.00002626005865,
0.965821807260418,1.)))
REPRESENTATION_ITEM('')
SURFACE()
);
#696=(
BOUNDED_SURFACE()
B_SPLINE_SURFACE(3,2,((#7372,#7373,#7374),(#7375,#7376,#7377),(#7378,#7379,
#7380),(#7381,#7382,#7383),(#7384,#7385,#7386),(#7387,#7388,#7389),(#7390,
#7391,#7392),(#7393,#7394,#7395),(#7396,#7397,#7398),(#7399,#7400,#7401)),
 .UNSPECIFIED.,.F.,.F.,.F.)
B_SPLINE_SURFACE_WITH_KNOTS((4,2,2,2,4),(3,3),(0.495607035110819,0.593828343000079,
0.691665486956633,0.789502630913188,0.887723938802448),(-0.000384163932705488,
1.),.UNSPECIFIED.)
GEOMETRIC_REPRESENTATION_ITEM()
RATIONAL_B_SPLINE_SURFACE(((1.00022887009753,0.702119228220013,1.),(1.00020083991858,
0.738601282573251,1.),(1.00017499343809,0.772241192898963,1.),(1.00012935250204,
0.831644135448451,1.),(1.00010955597771,0.85740986023618,1.),(1.00007619201964,
0.900833975875685,1.),(1.00006260447403,0.91851854286489,1.),(1.00004075163319,
0.946960620554794,1.),(1.00003248421204,0.957720898195852,1.),(1.00002626005787,
0.96582180725836,1.)))
REPRESENTATION_ITEM('')
SURFACE()
);
#697=(
BOUNDED_SURFACE()
B_SPLINE_SURFACE(3,2,((#7405,#7406,#7407),(#7408,#7409,#7410),(#7411,#7412,
#7413),(#7414,#7415,#7416)),.UNSPECIFIED.,.F.,.F.,.F.)
B_SPLINE_SURFACE_WITH_KNOTS((4,4),(3,3),(4.33238373321272,4.56986193567708),
(0.,1.),.UNSPECIFIED.)
GEOMETRIC_REPRESENTATION_ITEM()
RATIONAL_B_SPLINE_SURFACE(((1.,0.743836209391732,1.),(1.,0.736737232651476,
1.),(1.,0.729196617397799,1.),(1.,0.721393209883005,1.)))
REPRESENTATION_ITEM('')
SURFACE()
);
#698=(
BOUNDED_SURFACE()
B_SPLINE_SURFACE(3,2,((#7418,#7419,#7420),(#7421,#7422,#7423),(#7424,#7425,
#7426),(#7427,#7428,#7429)),.UNSPECIFIED.,.F.,.F.,.F.)
B_SPLINE_SURFACE_WITH_KNOTS((4,4),(3,3),(0.00919818425035615,0.00940068633181089),
(0.,1.),.UNSPECIFIED.)
GEOMETRIC_REPRESENTATION_ITEM()
RATIONAL_B_SPLINE_SURFACE(((1.,0.721393209883005,1.),(1.,0.727205998395099,
1.),(1.,0.732938563010354,1.),(1.,0.73859860574103,1.)))
REPRESENTATION_ITEM('')
SURFACE()
);
#699=(
BOUNDED_SURFACE()
B_SPLINE_SURFACE(3,2,((#7431,#7432,#7433),(#7434,#7435,#7436),(#7437,#7438,
#7439),(#7440,#7441,#7442),(#7443,#7444,#7445),(#7446,#7447,#7448)),
 .UNSPECIFIED.,.F.,.F.,.F.)
B_SPLINE_SURFACE_WITH_KNOTS((4,2,4),(3,3),(0.0114633225914195,0.0130195373524475,
0.0145757521134754),(0.,1.),.UNSPECIFIED.)
GEOMETRIC_REPRESENTATION_ITEM()
RATIONAL_B_SPLINE_SURFACE(((1.,0.866025403784439,1.),(1.,0.864550793269145,
1.),(1.,0.853446937861414,1.),(1.,0.810986198573745,1.),(1.,0.78013535465852,
1.),(1.,0.738598605741031,1.)))
REPRESENTATION_ITEM('')
SURFACE()
);
#700=(
BOUNDED_SURFACE()
B_SPLINE_SURFACE(3,2,((#7449,#7450,#7451),(#7452,#7453,#7454),(#7455,#7456,
#7457),(#7458,#7459,#7460),(#7461,#7462,#7463),(#7464,#7465,#7466)),
 .UNSPECIFIED.,.F.,.F.,.F.)
B_SPLINE_SURFACE_WITH_KNOTS((4,2,4),(3,3),(0.0115237287174146,0.0130362927218278,
0.014548856726241),(0.,1.),.UNSPECIFIED.)
GEOMETRIC_REPRESENTATION_ITEM()
RATIONAL_B_SPLINE_SURFACE(((1.,0.738598605741031,1.),(1.,0.780205536788439,
1.),(1.,0.811253497298279,1.),(1.,0.853532949609008,1.),(1.,0.864549956021127,
1.),(1.,0.866025403784439,1.)))
REPRESENTATION_ITEM('')
SURFACE()
);
#701=(
BOUNDED_SURFACE()
B_SPLINE_SURFACE(3,2,((#7468,#7469,#7470),(#7471,#7472,#7473),(#7474,#7475,
#7476),(#7477,#7478,#7479)),.UNSPECIFIED.,.F.,.F.,.F.)
B_SPLINE_SURFACE_WITH_KNOTS((4,4),(3,3),(0.00919818425035615,0.00940068633181089),
(0.,1.),.UNSPECIFIED.)
GEOMETRIC_REPRESENTATION_ITEM()
RATIONAL_B_SPLINE_SURFACE(((1.,0.721393209883005,1.),(1.,0.727205998395099,
1.),(1.,0.732938563010354,1.),(1.,0.73859860574103,1.)))
REPRESENTATION_ITEM('')
SURFACE()
);
#702=(
BOUNDED_SURFACE()
B_SPLINE_SURFACE(3,2,((#7481,#7482,#7483),(#7484,#7485,#7486),(#7487,#7488,
#7489),(#7490,#7491,#7492)),.UNSPECIFIED.,.F.,.F.,.F.)
B_SPLINE_SURFACE_WITH_KNOTS((4,4),(3,3),(1.71332337150251,1.95080157396632),
(0.,1.),.UNSPECIFIED.)
GEOMETRIC_REPRESENTATION_ITEM()
RATIONAL_B_SPLINE_SURFACE(((1.,0.721393209883005,1.),(1.,0.729196617397781,
1.),(1.,0.736737232651442,1.),(1.,0.743836209391683,1.)))
REPRESENTATION_ITEM('')
SURFACE()
);
#703=(
BOUNDED_SURFACE()
B_SPLINE_SURFACE(3,2,((#7496,#7497,#7498),(#7499,#7500,#7501),(#7502,#7503,
#7504),(#7505,#7506,#7507),(#7508,#7509,#7510),(#7511,#7512,#7513),(#7514,
#7515,#7516),(#7517,#7518,#7519),(#7520,#7521,#7522),(#7523,#7524,#7525)),
 .UNSPECIFIED.,.F.,.F.,.F.)
B_SPLINE_SURFACE_WITH_KNOTS((4,2,2,2,4),(3,3),(0.232962283715373,0.312364203770431,
0.390948686065851,0.469533168361271,0.548935088416328),(-0.000817437759638455,
1.),.UNSPECIFIED.)
GEOMETRIC_REPRESENTATION_ITEM()
RATIONAL_B_SPLINE_SURFACE(((1.00005562288326,0.965977297595272,1.),(1.00006962867728,
0.957410410481343,1.),(1.00008837566919,0.945943487349051,1.),(1.00013725791738,
0.916043811432137,1.),(1.00016732604907,0.897652116566655,1.),(1.0002397058263,
0.853379768998109,1.),(1.00028203759203,0.827486809418005,1.),(1.00037783000978,
0.768893713728391,1.),(1.00043134747577,0.736158826355901,1.),(1.00048826580691,
0.70134374075822,1.)))
REPRESENTATION_ITEM('')
SURFACE()
);
#704=(
BOUNDED_SURFACE()
B_SPLINE_SURFACE(2,2,((#7768,#7769,#7770,#7771,#7772,#7773,#7774,#7775,
#7776),(#7777,#7778,#7779,#7780,#7781,#7782,#7783,#7784,#7785),(#7786,#7787,
#7788,#7789,#7790,#7791,#7792,#7793,#7794)),.UNSPECIFIED.,.F.,.T.,.F.)
B_SPLINE_SURFACE_WITH_KNOTS((3,3),(3,2,2,2,3),(-0.150568272776686,0.150568272776686),
(-3.14159265358979,-1.5707963267949,0.,1.5707963267949,3.14159265358979),
 .UNSPECIFIED.)
GEOMETRIC_REPRESENTATION_ITEM()
RATIONAL_B_SPLINE_SURFACE(((1.,0.707106781186548,1.,0.707106781186548,1.,
0.707106781186548,1.,0.707106781186548,1.),(0.988685996664268,0.699106572705484,
0.988685996664268,0.699106572705484,0.988685996664268,0.699106572705484,
0.988685996664268,0.699106572705484,0.988685996664268),(1.,0.707106781186548,
1.,0.707106781186548,1.,0.707106781186548,1.,0.707106781186548,1.)))
REPRESENTATION_ITEM('')
SURFACE()
);
#705=FACE_OUTER_BOUND('',#902,.T.);
#706=FACE_OUTER_BOUND('',#903,.T.);
#707=FACE_OUTER_BOUND('',#904,.T.);
#708=FACE_OUTER_BOUND('',#905,.T.);
#709=FACE_OUTER_BOUND('',#906,.T.);
#710=FACE_OUTER_BOUND('',#907,.T.);
#711=FACE_OUTER_BOUND('',#908,.T.);
#712=FACE_OUTER_BOUND('',#909,.T.);
#713=FACE_OUTER_BOUND('',#910,.T.);
#714=FACE_OUTER_BOUND('',#911,.T.);
#715=FACE_OUTER_BOUND('',#912,.T.);
#716=FACE_OUTER_BOUND('',#913,.T.);
#717=FACE_OUTER_BOUND('',#914,.T.);
#718=FACE_OUTER_BOUND('',#915,.T.);
#719=FACE_OUTER_BOUND('',#916,.T.);
#720=FACE_OUTER_BOUND('',#917,.T.);
#721=FACE_OUTER_BOUND('',#918,.T.);
#722=FACE_OUTER_BOUND('',#919,.T.);
#723=FACE_OUTER_BOUND('',#920,.T.);
#724=FACE_OUTER_BOUND('',#921,.T.);
#725=FACE_OUTER_BOUND('',#923,.T.);
#726=FACE_OUTER_BOUND('',#924,.T.);
#727=FACE_OUTER_BOUND('',#925,.T.);
#728=FACE_OUTER_BOUND('',#926,.T.);
#729=FACE_OUTER_BOUND('',#929,.T.);
#730=FACE_OUTER_BOUND('',#930,.T.);
#731=FACE_OUTER_BOUND('',#931,.T.);
#732=FACE_OUTER_BOUND('',#932,.T.);
#733=FACE_OUTER_BOUND('',#933,.T.);
#734=FACE_OUTER_BOUND('',#934,.T.);
#735=FACE_OUTER_BOUND('',#935,.T.);
#736=FACE_OUTER_BOUND('',#936,.T.);
#737=FACE_OUTER_BOUND('',#937,.T.);
#738=FACE_OUTER_BOUND('',#938,.T.);
#739=FACE_OUTER_BOUND('',#939,.T.);
#740=FACE_OUTER_BOUND('',#940,.T.);
#741=FACE_OUTER_BOUND('',#941,.T.);
#742=FACE_OUTER_BOUND('',#942,.T.);
#743=FACE_OUTER_BOUND('',#943,.T.);
#744=FACE_OUTER_BOUND('',#945,.T.);
#745=FACE_OUTER_BOUND('',#947,.T.);
#746=FACE_OUTER_BOUND('',#948,.T.);
#747=FACE_OUTER_BOUND('',#949,.T.);
#748=FACE_OUTER_BOUND('',#950,.T.);
#749=FACE_OUTER_BOUND('',#951,.T.);
#750=FACE_OUTER_BOUND('',#952,.T.);
#751=FACE_OUTER_BOUND('',#953,.T.);
#752=FACE_OUTER_BOUND('',#954,.T.);
#753=FACE_OUTER_BOUND('',#955,.T.);
#754=FACE_OUTER_BOUND('',#956,.T.);
#755=FACE_OUTER_BOUND('',#957,.T.);
#756=FACE_OUTER_BOUND('',#958,.T.);
#757=FACE_OUTER_BOUND('',#960,.T.);
#758=FACE_OUTER_BOUND('',#961,.T.);
#759=FACE_OUTER_BOUND('',#962,.T.);
#760=FACE_OUTER_BOUND('',#963,.T.);
#761=FACE_OUTER_BOUND('',#964,.T.);
#762=FACE_OUTER_BOUND('',#965,.T.);
#763=FACE_OUTER_BOUND('',#966,.T.);
#764=FACE_OUTER_BOUND('',#967,.T.);
#765=FACE_OUTER_BOUND('',#969,.T.);
#766=FACE_OUTER_BOUND('',#971,.T.);
#767=FACE_OUTER_BOUND('',#972,.T.);
#768=FACE_OUTER_BOUND('',#973,.T.);
#769=FACE_OUTER_BOUND('',#974,.T.);
#770=FACE_OUTER_BOUND('',#975,.T.);
#771=FACE_OUTER_BOUND('',#976,.T.);
#772=FACE_OUTER_BOUND('',#977,.T.);
#773=FACE_OUTER_BOUND('',#978,.T.);
#774=FACE_OUTER_BOUND('',#979,.T.);
#775=FACE_OUTER_BOUND('',#980,.T.);
#776=FACE_OUTER_BOUND('',#981,.T.);
#777=FACE_OUTER_BOUND('',#982,.T.);
#778=FACE_OUTER_BOUND('',#983,.T.);
#779=FACE_OUTER_BOUND('',#984,.T.);
#780=FACE_OUTER_BOUND('',#985,.T.);
#781=FACE_OUTER_BOUND('',#986,.T.);
#782=FACE_OUTER_BOUND('',#987,.T.);
#783=FACE_OUTER_BOUND('',#988,.T.);
#784=FACE_OUTER_BOUND('',#989,.T.);
#785=FACE_OUTER_BOUND('',#990,.T.);
#786=FACE_OUTER_BOUND('',#991,.T.);
#787=FACE_OUTER_BOUND('',#992,.T.);
#788=FACE_OUTER_BOUND('',#993,.T.);
#789=FACE_OUTER_BOUND('',#994,.T.);
#790=FACE_OUTER_BOUND('',#995,.T.);
#791=FACE_OUTER_BOUND('',#996,.T.);
#792=FACE_OUTER_BOUND('',#997,.T.);
#793=FACE_OUTER_BOUND('',#998,.T.);
#794=FACE_OUTER_BOUND('',#999,.T.);
#795=FACE_OUTER_BOUND('',#1000,.T.);
#796=FACE_OUTER_BOUND('',#1001,.T.);
#797=FACE_OUTER_BOUND('',#1002,.T.);
#798=FACE_OUTER_BOUND('',#1003,.T.);
#799=FACE_OUTER_BOUND('',#1004,.T.);
#800=FACE_OUTER_BOUND('',#1005,.T.);
#801=FACE_OUTER_BOUND('',#1006,.T.);
#802=FACE_OUTER_BOUND('',#1007,.T.);
#803=FACE_OUTER_BOUND('',#1008,.T.);
#804=FACE_OUTER_BOUND('',#1009,.T.);
#805=FACE_OUTER_BOUND('',#1010,.T.);
#806=FACE_OUTER_BOUND('',#1011,.T.);
#807=FACE_OUTER_BOUND('',#1012,.T.);
#808=FACE_OUTER_BOUND('',#1013,.T.);
#809=FACE_OUTER_BOUND('',#1014,.T.);
#810=FACE_OUTER_BOUND('',#1015,.T.);
#811=FACE_OUTER_BOUND('',#1016,.T.);
#812=FACE_OUTER_BOUND('',#1017,.T.);
#813=FACE_OUTER_BOUND('',#1018,.T.);
#814=FACE_OUTER_BOUND('',#1019,.T.);
#815=FACE_OUTER_BOUND('',#1020,.T.);
#816=FACE_OUTER_BOUND('',#1021,.T.);
#817=FACE_OUTER_BOUND('',#1022,.T.);
#818=FACE_OUTER_BOUND('',#1023,.T.);
#819=FACE_OUTER_BOUND('',#1024,.T.);
#820=FACE_OUTER_BOUND('',#1025,.T.);
#821=FACE_OUTER_BOUND('',#1026,.T.);
#822=FACE_OUTER_BOUND('',#1027,.T.);
#823=FACE_OUTER_BOUND('',#1028,.T.);
#824=FACE_OUTER_BOUND('',#1029,.T.);
#825=FACE_OUTER_BOUND('',#1030,.T.);
#826=FACE_OUTER_BOUND('',#1031,.T.);
#827=FACE_OUTER_BOUND('',#1032,.T.);
#828=FACE_OUTER_BOUND('',#1033,.T.);
#829=FACE_OUTER_BOUND('',#1034,.T.);
#830=FACE_OUTER_BOUND('',#1035,.T.);
#831=FACE_OUTER_BOUND('',#1036,.T.);
#832=FACE_OUTER_BOUND('',#1037,.T.);
#833=FACE_OUTER_BOUND('',#1038,.T.);
#834=FACE_OUTER_BOUND('',#1039,.T.);
#835=FACE_OUTER_BOUND('',#1040,.T.);
#836=FACE_OUTER_BOUND('',#1041,.T.);
#837=FACE_OUTER_BOUND('',#1042,.T.);
#838=FACE_OUTER_BOUND('',#1043,.T.);
#839=FACE_OUTER_BOUND('',#1044,.T.);
#840=FACE_OUTER_BOUND('',#1045,.T.);
#841=FACE_OUTER_BOUND('',#1046,.T.);
#842=FACE_OUTER_BOUND('',#1047,.T.);
#843=FACE_OUTER_BOUND('',#1048,.T.);
#844=FACE_OUTER_BOUND('',#1049,.T.);
#845=FACE_OUTER_BOUND('',#1050,.T.);
#846=FACE_OUTER_BOUND('',#1051,.T.);
#847=FACE_OUTER_BOUND('',#1052,.T.);
#848=FACE_OUTER_BOUND('',#1053,.T.);
#849=FACE_OUTER_BOUND('',#1054,.T.);
#850=FACE_OUTER_BOUND('',#1055,.T.);
#851=FACE_OUTER_BOUND('',#1056,.T.);
#852=FACE_OUTER_BOUND('',#1057,.T.);
#853=FACE_OUTER_BOUND('',#1058,.T.);
#854=FACE_OUTER_BOUND('',#1059,.T.);
#855=FACE_OUTER_BOUND('',#1060,.T.);
#856=FACE_OUTER_BOUND('',#1061,.T.);
#857=FACE_OUTER_BOUND('',#1062,.T.);
#858=FACE_OUTER_BOUND('',#1063,.T.);
#859=FACE_OUTER_BOUND('',#1064,.T.);
#860=FACE_OUTER_BOUND('',#1065,.T.);
#861=FACE_OUTER_BOUND('',#1066,.T.);
#862=FACE_OUTER_BOUND('',#1067,.T.);
#863=FACE_OUTER_BOUND('',#1068,.T.);
#864=FACE_OUTER_BOUND('',#1069,.T.);
#865=FACE_OUTER_BOUND('',#1070,.T.);
#866=FACE_OUTER_BOUND('',#1071,.T.);
#867=FACE_OUTER_BOUND('',#1072,.T.);
#868=FACE_OUTER_BOUND('',#1073,.T.);
#869=FACE_OUTER_BOUND('',#1074,.T.);
#870=FACE_OUTER_BOUND('',#1075,.T.);
#871=FACE_OUTER_BOUND('',#1076,.T.);
#872=FACE_OUTER_BOUND('',#1077,.T.);
#873=FACE_OUTER_BOUND('',#1078,.T.);
#874=FACE_OUTER_BOUND('',#1079,.T.);
#875=FACE_OUTER_BOUND('',#1080,.T.);
#876=FACE_OUTER_BOUND('',#1081,.T.);
#877=FACE_OUTER_BOUND('',#1082,.T.);
#878=FACE_OUTER_BOUND('',#1083,.T.);
#879=FACE_OUTER_BOUND('',#1084,.T.);
#880=FACE_OUTER_BOUND('',#1085,.T.);
#881=FACE_OUTER_BOUND('',#1086,.T.);
#882=FACE_OUTER_BOUND('',#1087,.T.);
#883=FACE_OUTER_BOUND('',#1088,.T.);
#884=FACE_OUTER_BOUND('',#1089,.T.);
#885=FACE_OUTER_BOUND('',#1090,.T.);
#886=FACE_OUTER_BOUND('',#1091,.T.);
#887=FACE_OUTER_BOUND('',#1092,.T.);
#888=FACE_OUTER_BOUND('',#1093,.T.);
#889=FACE_OUTER_BOUND('',#1095,.T.);
#890=FACE_OUTER_BOUND('',#1097,.T.);
#891=FACE_OUTER_BOUND('',#1098,.T.);
#892=FACE_OUTER_BOUND('',#1099,.T.);
#893=FACE_OUTER_BOUND('',#1100,.T.);
#894=FACE_OUTER_BOUND('',#1101,.T.);
#895=FACE_OUTER_BOUND('',#1103,.T.);
#896=FACE_OUTER_BOUND('',#1105,.T.);
#897=FACE_OUTER_BOUND('',#1107,.T.);
#898=FACE_OUTER_BOUND('',#1109,.T.);
#899=FACE_OUTER_BOUND('',#1110,.T.);
#900=FACE_OUTER_BOUND('',#1111,.T.);
#901=FACE_OUTER_BOUND('',#1113,.T.);
#902=EDGE_LOOP('',(#2025,#2026,#2027,#2028));
#903=EDGE_LOOP('',(#2029,#2030,#2031,#2032));
#904=EDGE_LOOP('',(#2033,#2034,#2035,#2036));
#905=EDGE_LOOP('',(#2037,#2038,#2039,#2040,#2041,#2042,#2043,#2044,#2045,
#2046,#2047));
#906=EDGE_LOOP('',(#2048,#2049,#2050,#2051,#2052,#2053,#2054,#2055,#2056,
#2057,#2058));
#907=EDGE_LOOP('',(#2059,#2060,#2061,#2062));
#908=EDGE_LOOP('',(#2063,#2064,#2065,#2066));
#909=EDGE_LOOP('',(#2067,#2068,#2069,#2070,#2071));
#910=EDGE_LOOP('',(#2072,#2073,#2074,#2075,#2076));
#911=EDGE_LOOP('',(#2077,#2078,#2079,#2080,#2081));
#912=EDGE_LOOP('',(#2082,#2083,#2084,#2085,#2086));
#913=EDGE_LOOP('',(#2087,#2088,#2089,#2090,#2091,#2092));
#914=EDGE_LOOP('',(#2093,#2094,#2095,#2096,#2097,#2098));
#915=EDGE_LOOP('',(#2099,#2100,#2101,#2102,#2103,#2104));
#916=EDGE_LOOP('',(#2105,#2106,#2107,#2108,#2109,#2110,#2111,#2112));
#917=EDGE_LOOP('',(#2113,#2114,#2115,#2116,#2117,#2118));
#918=EDGE_LOOP('',(#2119,#2120,#2121,#2122,#2123,#2124));
#919=EDGE_LOOP('',(#2125,#2126,#2127,#2128,#2129,#2130));
#920=EDGE_LOOP('',(#2131,#2132,#2133,#2134,#2135,#2136));
#921=EDGE_LOOP('',(#2137,#2138,#2139,#2140,#2141,#2142,#2143,#2144));
#922=EDGE_LOOP('',(#2145));
#923=EDGE_LOOP('',(#2146,#2147,#2148,#2149));
#924=EDGE_LOOP('',(#2150,#2151,#2152,#2153,#2154,#2155));
#925=EDGE_LOOP('',(#2156,#2157,#2158,#2159,#2160,#2161));
#926=EDGE_LOOP('',(#2162,#2163,#2164,#2165,#2166,#2167,#2168,#2169,#2170,
#2171,#2172,#2173,#2174,#2175,#2176,#2177,#2178,#2179,#2180,#2181,#2182,
#2183,#2184,#2185));
#927=EDGE_LOOP('',(#2186,#2187,#2188,#2189,#2190,#2191));
#928=EDGE_LOOP('',(#2192,#2193,#2194,#2195,#2196,#2197));
#929=EDGE_LOOP('',(#2198,#2199,#2200,#2201));
#930=EDGE_LOOP('',(#2202,#2203,#2204,#2205,#2206,#2207));
#931=EDGE_LOOP('',(#2208,#2209,#2210,#2211,#2212,#2213));
#932=EDGE_LOOP('',(#2214,#2215,#2216,#2217));
#933=EDGE_LOOP('',(#2218,#2219,#2220,#2221));
#934=EDGE_LOOP('',(#2222,#2223,#2224,#2225));
#935=EDGE_LOOP('',(#2226,#2227,#2228,#2229));
#936=EDGE_LOOP('',(#2230,#2231,#2232,#2233));
#937=EDGE_LOOP('',(#2234,#2235,#2236,#2237));
#938=EDGE_LOOP('',(#2238,#2239,#2240,#2241));
#939=EDGE_LOOP('',(#2242,#2243,#2244,#2245));
#940=EDGE_LOOP('',(#2246,#2247,#2248,#2249));
#941=EDGE_LOOP('',(#2250,#2251,#2252,#2253,#2254,#2255));
#942=EDGE_LOOP('',(#2256,#2257,#2258,#2259,#2260,#2261));
#943=EDGE_LOOP('',(#2262,#2263,#2264,#2265,#2266,#2267));
#944=EDGE_LOOP('',(#2268));
#945=EDGE_LOOP('',(#2269,#2270,#2271,#2272,#2273,#2274));
#946=EDGE_LOOP('',(#2275));
#947=EDGE_LOOP('',(#2276,#2277,#2278,#2279));
#948=EDGE_LOOP('',(#2280,#2281,#2282,#2283));
#949=EDGE_LOOP('',(#2284,#2285,#2286,#2287));
#950=EDGE_LOOP('',(#2288,#2289,#2290,#2291));
#951=EDGE_LOOP('',(#2292,#2293,#2294,#2295));
#952=EDGE_LOOP('',(#2296,#2297,#2298,#2299));
#953=EDGE_LOOP('',(#2300,#2301,#2302,#2303));
#954=EDGE_LOOP('',(#2304,#2305,#2306,#2307));
#955=EDGE_LOOP('',(#2308,#2309,#2310,#2311,#2312,#2313));
#956=EDGE_LOOP('',(#2314,#2315,#2316,#2317,#2318,#2319));
#957=EDGE_LOOP('',(#2320,#2321,#2322,#2323));
#958=EDGE_LOOP('',(#2324,#2325,#2326,#2327,#2328,#2329,#2330,#2331));
#959=EDGE_LOOP('',(#2332));
#960=EDGE_LOOP('',(#2333,#2334,#2335,#2336,#2337,#2338));
#961=EDGE_LOOP('',(#2339,#2340,#2341,#2342,#2343,#2344,#2345,#2346,#2347));
#962=EDGE_LOOP('',(#2348,#2349,#2350,#2351,#2352,#2353,#2354,#2355,#2356));
#963=EDGE_LOOP('',(#2357,#2358,#2359,#2360));
#964=EDGE_LOOP('',(#2361,#2362,#2363,#2364));
#965=EDGE_LOOP('',(#2365,#2366,#2367,#2368,#2369,#2370,#2371,#2372,#2373));
#966=EDGE_LOOP('',(#2374,#2375,#2376,#2377,#2378,#2379,#2380,#2381,#2382));
#967=EDGE_LOOP('',(#2383));
#968=EDGE_LOOP('',(#2384));
#969=EDGE_LOOP('',(#2385));
#970=EDGE_LOOP('',(#2386));
#971=EDGE_LOOP('',(#2387,#2388,#2389,#2390,#2391));
#972=EDGE_LOOP('',(#2392,#2393,#2394,#2395,#2396));
#973=EDGE_LOOP('',(#2397,#2398,#2399,#2400,#2401));
#974=EDGE_LOOP('',(#2402,#2403,#2404,#2405,#2406));
#975=EDGE_LOOP('',(#2407,#2408,#2409,#2410,#2411));
#976=EDGE_LOOP('',(#2412,#2413,#2414,#2415,#2416));
#977=EDGE_LOOP('',(#2417,#2418,#2419,#2420,#2421));
#978=EDGE_LOOP('',(#2422,#2423,#2424,#2425,#2426));
#979=EDGE_LOOP('',(#2427,#2428,#2429,#2430,#2431));
#980=EDGE_LOOP('',(#2432,#2433,#2434,#2435,#2436));
#981=EDGE_LOOP('',(#2437,#2438,#2439,#2440,#2441));
#982=EDGE_LOOP('',(#2442,#2443,#2444,#2445,#2446));
#983=EDGE_LOOP('',(#2447,#2448,#2449));
#984=EDGE_LOOP('',(#2450,#2451,#2452,#2453));
#985=EDGE_LOOP('',(#2454,#2455,#2456,#2457));
#986=EDGE_LOOP('',(#2458,#2459,#2460,#2461));
#987=EDGE_LOOP('',(#2462,#2463,#2464));
#988=EDGE_LOOP('',(#2465,#2466,#2467));
#989=EDGE_LOOP('',(#2468,#2469,#2470,#2471));
#990=EDGE_LOOP('',(#2472,#2473,#2474,#2475));
#991=EDGE_LOOP('',(#2476,#2477,#2478,#2479));
#992=EDGE_LOOP('',(#2480,#2481,#2482));
#993=EDGE_LOOP('',(#2483,#2484,#2485,#2486));
#994=EDGE_LOOP('',(#2487,#2488,#2489,#2490));
#995=EDGE_LOOP('',(#2491,#2492,#2493,#2494));
#996=EDGE_LOOP('',(#2495,#2496,#2497,#2498));
#997=EDGE_LOOP('',(#2499,#2500,#2501,#2502));
#998=EDGE_LOOP('',(#2503,#2504,#2505,#2506));
#999=EDGE_LOOP('',(#2507,#2508,#2509,#2510,#2511));
#1000=EDGE_LOOP('',(#2512,#2513,#2514,#2515));
#1001=EDGE_LOOP('',(#2516,#2517,#2518,#2519));
#1002=EDGE_LOOP('',(#2520,#2521,#2522,#2523));
#1003=EDGE_LOOP('',(#2524,#2525,#2526,#2527));
#1004=EDGE_LOOP('',(#2528,#2529,#2530,#2531));
#1005=EDGE_LOOP('',(#2532,#2533,#2534,#2535,#2536));
#1006=EDGE_LOOP('',(#2537,#2538,#2539,#2540));
#1007=EDGE_LOOP('',(#2541,#2542,#2543,#2544));
#1008=EDGE_LOOP('',(#2545,#2546,#2547,#2548));
#1009=EDGE_LOOP('',(#2549,#2550,#2551,#2552));
#1010=EDGE_LOOP('',(#2553,#2554,#2555,#2556));
#1011=EDGE_LOOP('',(#2557,#2558,#2559,#2560));
#1012=EDGE_LOOP('',(#2561,#2562,#2563,#2564));
#1013=EDGE_LOOP('',(#2565,#2566,#2567,#2568));
#1014=EDGE_LOOP('',(#2569,#2570,#2571,#2572));
#1015=EDGE_LOOP('',(#2573,#2574,#2575,#2576));
#1016=EDGE_LOOP('',(#2577,#2578,#2579,#2580));
#1017=EDGE_LOOP('',(#2581,#2582,#2583,#2584));
#1018=EDGE_LOOP('',(#2585,#2586,#2587,#2588,#2589));
#1019=EDGE_LOOP('',(#2590,#2591,#2592,#2593));
#1020=EDGE_LOOP('',(#2594,#2595,#2596,#2597,#2598));
#1021=EDGE_LOOP('',(#2599,#2600,#2601,#2602,#2603));
#1022=EDGE_LOOP('',(#2604,#2605,#2606,#2607));
#1023=EDGE_LOOP('',(#2608,#2609,#2610,#2611,#2612));
#1024=EDGE_LOOP('',(#2613,#2614,#2615,#2616));
#1025=EDGE_LOOP('',(#2617,#2618,#2619,#2620,#2621,#2622));
#1026=EDGE_LOOP('',(#2623,#2624,#2625,#2626));
#1027=EDGE_LOOP('',(#2627,#2628,#2629));
#1028=EDGE_LOOP('',(#2630,#2631,#2632,#2633));
#1029=EDGE_LOOP('',(#2634,#2635,#2636,#2637));
#1030=EDGE_LOOP('',(#2638,#2639,#2640,#2641,#2642));
#1031=EDGE_LOOP('',(#2643,#2644,#2645,#2646));
#1032=EDGE_LOOP('',(#2647,#2648,#2649));
#1033=EDGE_LOOP('',(#2650,#2651,#2652,#2653));
#1034=EDGE_LOOP('',(#2654,#2655,#2656,#2657));
#1035=EDGE_LOOP('',(#2658,#2659,#2660,#2661,#2662,#2663));
#1036=EDGE_LOOP('',(#2664,#2665,#2666,#2667));
#1037=EDGE_LOOP('',(#2668,#2669,#2670));
#1038=EDGE_LOOP('',(#2671,#2672,#2673,#2674));
#1039=EDGE_LOOP('',(#2675,#2676,#2677,#2678));
#1040=EDGE_LOOP('',(#2679,#2680,#2681,#2682,#2683));
#1041=EDGE_LOOP('',(#2684,#2685,#2686,#2687));
#1042=EDGE_LOOP('',(#2688,#2689,#2690));
#1043=EDGE_LOOP('',(#2691,#2692,#2693,#2694));
#1044=EDGE_LOOP('',(#2695,#2696,#2697,#2698));
#1045=EDGE_LOOP('',(#2699,#2700,#2701));
#1046=EDGE_LOOP('',(#2702,#2703,#2704,#2705));
#1047=EDGE_LOOP('',(#2706,#2707,#2708,#2709));
#1048=EDGE_LOOP('',(#2710,#2711,#2712));
#1049=EDGE_LOOP('',(#2713,#2714,#2715,#2716));
#1050=EDGE_LOOP('',(#2717,#2718,#2719,#2720));
#1051=EDGE_LOOP('',(#2721,#2722,#2723,#2724,#2725));
#1052=EDGE_LOOP('',(#2726,#2727,#2728,#2729));
#1053=EDGE_LOOP('',(#2730,#2731,#2732,#2733,#2734));
#1054=EDGE_LOOP('',(#2735,#2736,#2737,#2738));
#1055=EDGE_LOOP('',(#2739,#2740,#2741,#2742));
#1056=EDGE_LOOP('',(#2743,#2744,#2745));
#1057=EDGE_LOOP('',(#2746,#2747,#2748,#2749));
#1058=EDGE_LOOP('',(#2750,#2751,#2752,#2753));
#1059=EDGE_LOOP('',(#2754,#2755,#2756));
#1060=EDGE_LOOP('',(#2757,#2758,#2759,#2760));
#1061=EDGE_LOOP('',(#2761,#2762,#2763,#2764));
#1062=EDGE_LOOP('',(#2765,#2766,#2767));
#1063=EDGE_LOOP('',(#2768,#2769,#2770,#2771));
#1064=EDGE_LOOP('',(#2772,#2773,#2774,#2775));
#1065=EDGE_LOOP('',(#2776,#2777,#2778));
#1066=EDGE_LOOP('',(#2779,#2780,#2781,#2782));
#1067=EDGE_LOOP('',(#2783,#2784,#2785,#2786));
#1068=EDGE_LOOP('',(#2787,#2788,#2789,#2790,#2791));
#1069=EDGE_LOOP('',(#2792,#2793,#2794,#2795,#2796));
#1070=EDGE_LOOP('',(#2797,#2798,#2799,#2800));
#1071=EDGE_LOOP('',(#2801,#2802,#2803,#2804));
#1072=EDGE_LOOP('',(#2805,#2806,#2807));
#1073=EDGE_LOOP('',(#2808,#2809,#2810,#2811));
#1074=EDGE_LOOP('',(#2812,#2813,#2814,#2815));
#1075=EDGE_LOOP('',(#2816,#2817,#2818));
#1076=EDGE_LOOP('',(#2819,#2820,#2821,#2822));
#1077=EDGE_LOOP('',(#2823,#2824,#2825,#2826));
#1078=EDGE_LOOP('',(#2827,#2828,#2829,#2830));
#1079=EDGE_LOOP('',(#2831,#2832,#2833,#2834));
#1080=EDGE_LOOP('',(#2835,#2836,#2837,#2838));
#1081=EDGE_LOOP('',(#2839,#2840,#2841,#2842));
#1082=EDGE_LOOP('',(#2843,#2844,#2845,#2846));
#1083=EDGE_LOOP('',(#2847,#2848,#2849,#2850));
#1084=EDGE_LOOP('',(#2851,#2852,#2853,#2854));
#1085=EDGE_LOOP('',(#2855,#2856,#2857,#2858));
#1086=EDGE_LOOP('',(#2859,#2860,#2861,#2862));
#1087=EDGE_LOOP('',(#2863,#2864,#2865,#2866));
#1088=EDGE_LOOP('',(#2867,#2868,#2869,#2870));
#1089=EDGE_LOOP('',(#2871,#2872,#2873,#2874));
#1090=EDGE_LOOP('',(#2875,#2876,#2877,#2878,#2879));
#1091=EDGE_LOOP('',(#2880,#2881,#2882,#2883,#2884));
#1092=EDGE_LOOP('',(#2885,#2886,#2887,#2888));
#1093=EDGE_LOOP('',(#2889));
#1094=EDGE_LOOP('',(#2890));
#1095=EDGE_LOOP('',(#2891));
#1096=EDGE_LOOP('',(#2892));
#1097=EDGE_LOOP('',(#2893,#2894,#2895,#2896,#2897,#2898,#2899,#2900));
#1098=EDGE_LOOP('',(#2901,#2902,#2903,#2904,#2905));
#1099=EDGE_LOOP('',(#2906,#2907,#2908,#2909));
#1100=EDGE_LOOP('',(#2910,#2911,#2912,#2913,#2914));
#1101=EDGE_LOOP('',(#2915,#2916,#2917,#2918,#2919,#2920,#2921,#2922,#2923));
#1102=EDGE_LOOP('',(#2924,#2925));
#1103=EDGE_LOOP('',(#2926,#2927,#2928,#2929,#2930,#2931,#2932,#2933,#2934,
#2935));
#1104=EDGE_LOOP('',(#2936));
#1105=EDGE_LOOP('',(#2937));
#1106=EDGE_LOOP('',(#2938));
#1107=EDGE_LOOP('',(#2939));
#1108=EDGE_LOOP('',(#2940));
#1109=EDGE_LOOP('',(#2941,#2942,#2943,#2944));
#1110=EDGE_LOOP('',(#2945,#2946,#2947,#2948));
#1111=EDGE_LOOP('',(#2949));
#1112=EDGE_LOOP('',(#2950));
#1113=EDGE_LOOP('',(#2951));
#1114=EDGE_LOOP('',(#2952));
#1115=CIRCLE('',#3182,11.6830127018923);
#1116=CIRCLE('',#3183,0.5);
#1117=CIRCLE('',#3184,12.1160254037844);
#1118=CIRCLE('',#3185,0.5);
#1119=CIRCLE('',#3186,0.5);
#1120=CIRCLE('',#3188,0.5);
#1121=CIRCLE('',#3191,11.25);
#1122=CIRCLE('',#3192,0.5);
#1123=CIRCLE('',#3193,7.67327880500579);
#1124=CIRCLE('',#3194,11.75);
#1125=CIRCLE('',#3195,7.67327880420018);
#1126=CIRCLE('',#3197,7.67327880504246);
#1127=CIRCLE('',#3198,11.75);
#1128=CIRCLE('',#3199,7.67327880419977);
#1129=CIRCLE('',#3200,0.5);
#1130=CIRCLE('',#3201,11.25);
#1131=CIRCLE('',#3202,11.6830127018923);
#1132=CIRCLE('',#3204,13.25);
#1133=CIRCLE('',#3205,0.500000000000001);
#1134=CIRCLE('',#3206,13.75);
#1135=CIRCLE('',#3207,0.500000000000001);
#1136=CIRCLE('',#3209,10.5);
#1137=CIRCLE('',#3210,10.5);
#1138=CIRCLE('',#3212,2.5);
#1139=CIRCLE('',#3213,3.00000000000002);
#1140=CIRCLE('',#3214,2.5);
#1141=CIRCLE('',#3216,2.5);
#1142=CIRCLE('',#3217,2.5);
#1143=CIRCLE('',#3218,3.00000000000001);
#1144=CIRCLE('',#3220,2.5);
#1145=CIRCLE('',#3222,2.5);
#1146=CIRCLE('',#3225,11.75);
#1147=CIRCLE('',#3230,13.75);
#1148=CIRCLE('',#3239,11.75);
#1149=CIRCLE('',#3241,1.06686994202923);
#1150=CIRCLE('',#3242,1.08161799499029);
#1151=CIRCLE('',#3245,13.75);
#1152=CIRCLE('',#3246,0.5);
#1153=CIRCLE('',#3247,0.5);
#1154=CIRCLE('',#3249,0.5);
#1155=CIRCLE('',#3250,13.75);
#1156=CIRCLE('',#3251,0.5);
#1157=CIRCLE('',#3254,0.5);
#1158=CIRCLE('',#3255,0.5);
#1159=CIRCLE('',#3258,0.5);
#1160=CIRCLE('',#3259,0.5);
#1161=CIRCLE('',#3262,13.75);
#1162=CIRCLE('',#3266,13.75);
#1163=CIRCLE('',#3276,12.25);
#1164=CIRCLE('',#3277,1.);
#1165=CIRCLE('',#3278,13.25);
#1166=CIRCLE('',#3279,1.);
#1167=CIRCLE('',#3281,12.25);
#1168=CIRCLE('',#3282,1.);
#1169=CIRCLE('',#3283,13.25);
#1170=CIRCLE('',#3284,1.);
#1171=CIRCLE('',#3299,1.06686994203082);
#1172=CIRCLE('',#3300,1.08161799499029);
#1173=CIRCLE('',#3306,6.37902551703034);
#1174=CIRCLE('',#3308,6.37902551705937);
#1175=CIRCLE('',#3311,12.1160254037844);
#1176=CIRCLE('',#3312,13.25);
#1177=CIRCLE('',#3315,6.37902551682199);
#1178=CIRCLE('',#3319,6.37902551709393);
#1179=CIRCLE('',#3323,10.0198617573645);
#1180=CIRCLE('',#3325,10.0198617573644);
#1181=CIRCLE('',#3327,10.0198617573646);
#1182=CIRCLE('',#3329,10.0198617573645);
#1183=CIRCLE('',#3331,0.5);
#1184=CIRCLE('',#3337,0.5);
#1185=CIRCLE('',#3341,0.5);
#1186=CIRCLE('',#3343,0.5);
#1187=CIRCLE('',#3346,0.500000000000001);
#1188=CIRCLE('',#3348,0.5);
#1189=CIRCLE('',#3350,0.5);
#1190=CIRCLE('',#3352,0.500000000000001);
#1191=CIRCLE('',#3353,0.5);
#1192=CIRCLE('',#3355,0.5);
#1193=CIRCLE('',#3357,0.5);
#1194=CIRCLE('',#3359,0.5);
#1195=CIRCLE('',#3360,0.5);
#1196=CIRCLE('',#3361,0.5);
#1197=CIRCLE('',#3363,0.5);
#1198=CIRCLE('',#3364,0.5);
#1199=CIRCLE('',#3365,0.5);
#1200=CIRCLE('',#3366,0.5);
#1201=CIRCLE('',#3368,0.500000000000001);
#1202=CIRCLE('',#3369,0.5);
#1203=CIRCLE('',#3371,0.5);
#1204=CIRCLE('',#3372,0.5);
#1205=CIRCLE('',#3373,0.5);
#1206=CIRCLE('',#3374,0.5);
#1207=CIRCLE('',#3377,0.5);
#1208=CIRCLE('',#3378,0.5);
#1209=CIRCLE('',#3379,0.500000000000001);
#1210=CIRCLE('',#3381,0.500000000000001);
#1211=CIRCLE('',#3382,0.5);
#1212=CIRCLE('',#3383,0.5);
#1213=CIRCLE('',#3386,0.499999999999999);
#1214=CIRCLE('',#3391,0.499999999999999);
#1215=CIRCLE('',#3393,0.499999999999999);
#1216=CIRCLE('',#3398,0.499999999999999);
#1217=CIRCLE('',#3399,0.5);
#1218=CIRCLE('',#3401,0.5);
#1219=CIRCLE('',#3402,0.5);
#1220=CIRCLE('',#3404,0.5);
#1221=CIRCLE('',#3406,0.5);
#1222=CIRCLE('',#3407,0.5);
#1223=CIRCLE('',#3409,0.5);
#1224=CIRCLE('',#3411,0.5);
#1225=CIRCLE('',#3414,0.5);
#1226=CIRCLE('',#3415,0.5);
#1227=CIRCLE('',#3417,0.5);
#1228=CIRCLE('',#3419,0.5);
#1229=CIRCLE('',#3422,0.5);
#1230=CIRCLE('',#3423,0.5);
#1231=CIRCLE('',#3425,0.5);
#1232=CIRCLE('',#3427,0.5);
#1233=CIRCLE('',#3430,0.5);
#1234=CIRCLE('',#3431,0.5);
#1235=CIRCLE('',#3433,0.5);
#1236=CIRCLE('',#3435,0.5);
#1237=CIRCLE('',#3438,0.500000000000001);
#1238=CIRCLE('',#3440,0.5);
#1239=CIRCLE('',#3442,0.5);
#1240=CIRCLE('',#3443,0.499999999999999);
#1241=CIRCLE('',#3445,0.5);
#1242=CIRCLE('',#3446,0.5);
#1243=CIRCLE('',#3447,0.5);
#1244=CIRCLE('',#3448,0.5);
#1245=CIRCLE('',#3450,0.5);
#1246=CIRCLE('',#3451,0.5);
#1247=CIRCLE('',#3452,0.5);
#1248=CIRCLE('',#3453,0.5);
#1249=CIRCLE('',#3455,0.5);
#1250=CIRCLE('',#3456,0.5);
#1251=CIRCLE('',#3458,0.5);
#1252=CIRCLE('',#3460,0.500000000000001);
#1253=CIRCLE('',#3463,0.500000000000001);
#1254=CIRCLE('',#3465,0.5);
#1255=CIRCLE('',#3467,0.5);
#1256=CIRCLE('',#3468,0.5);
#1257=CIRCLE('',#3470,0.5);
#1258=CIRCLE('',#3471,0.5);
#1259=CIRCLE('',#3472,0.5);
#1260=CIRCLE('',#3473,0.5);
#1261=CIRCLE('',#3474,0.5);
#1262=CIRCLE('',#3475,0.5);
#1263=CIRCLE('',#3477,0.500000000000001);
#1264=CIRCLE('',#3478,0.5);
#1265=CIRCLE('',#3480,0.5);
#1266=CIRCLE('',#3482,0.500000000000001);
#1267=CIRCLE('',#3497,6.);
#1268=CIRCLE('',#3498,6.25);
#1269=CIRCLE('',#3500,6.);
#1270=CIRCLE('',#3501,6.);
#1271=CIRCLE('',#3502,6.25000000000001);
#1272=CIRCLE('',#3505,10.);
#1273=CIRCLE('',#3506,10.);
#1274=CIRCLE('',#3512,6.);
#1275=CIRCLE('',#3513,5.75);
#1276=CIRCLE('',#3515,6.);
#1277=CIRCLE('',#3516,6.);
#1278=CIRCLE('',#3517,5.75);
#1279=CIRCLE('',#3519,4.);
#1280=CIRCLE('',#3520,4.);
#1281=CIRCLE('',#3524,10.2737199332852);
#1282=CIRCLE('',#3525,20.);
#1283=CIRCLE('',#3526,10.2737199332852);
#1284=CIRCLE('',#3528,10.);
#1285=CIRCLE('',#3529,10.);
#1286=VERTEX_POINT('',#4430);
#1287=VERTEX_POINT('',#4431);
#1288=VERTEX_POINT('',#4433);
#1289=VERTEX_POINT('',#4435);
#1290=VERTEX_POINT('',#4450);
#1291=VERTEX_POINT('',#4451);
#1292=VERTEX_POINT('',#4477);
#1293=VERTEX_POINT('',#4479);
#1294=VERTEX_POINT('',#4503);
#1295=VERTEX_POINT('',#4504);
#1296=VERTEX_POINT('',#4530);
#1297=VERTEX_POINT('',#4532);
#1298=VERTEX_POINT('',#4545);
#1299=VERTEX_POINT('',#4547);
#1300=VERTEX_POINT('',#4549);
#1301=VERTEX_POINT('',#4563);
#1302=VERTEX_POINT('',#4565);
#1303=VERTEX_POINT('',#4567);
#1304=VERTEX_POINT('',#4569);
#1305=VERTEX_POINT('',#4607);
#1306=VERTEX_POINT('',#4608);
#1307=VERTEX_POINT('',#4622);
#1308=VERTEX_POINT('',#4624);
#1309=VERTEX_POINT('',#4626);
#1310=VERTEX_POINT('',#4628);
#1311=VERTEX_POINT('',#4645);
#1312=VERTEX_POINT('',#4648);
#1313=VERTEX_POINT('',#4659);
#1314=VERTEX_POINT('',#4672);
#1315=VERTEX_POINT('',#4673);
#1316=VERTEX_POINT('',#4675);
#1317=VERTEX_POINT('',#4677);
#1318=VERTEX_POINT('',#4681);
#1319=VERTEX_POINT('',#4683);
#1320=VERTEX_POINT('',#4687);
#1321=VERTEX_POINT('',#4688);
#1322=VERTEX_POINT('',#4690);
#1323=VERTEX_POINT('',#4695);
#1324=VERTEX_POINT('',#4696);
#1325=VERTEX_POINT('',#4699);
#1326=VERTEX_POINT('',#4703);
#1327=VERTEX_POINT('',#4707);
#1328=VERTEX_POINT('',#4711);
#1329=VERTEX_POINT('',#4713);
#1330=VERTEX_POINT('',#4724);
#1331=VERTEX_POINT('',#4726);
#1332=VERTEX_POINT('',#4739);
#1333=VERTEX_POINT('',#4740);
#1334=VERTEX_POINT('',#4742);
#1335=VERTEX_POINT('',#4744);
#1336=VERTEX_POINT('',#4746);
#1337=VERTEX_POINT('',#4799);
#1338=VERTEX_POINT('',#4803);
#1339=VERTEX_POINT('',#4804);
#1340=VERTEX_POINT('',#4806);
#1341=VERTEX_POINT('',#4808);
#1342=VERTEX_POINT('',#4810);
#1343=VERTEX_POINT('',#4812);
#1344=VERTEX_POINT('',#4870);
#1345=VERTEX_POINT('',#4871);
#1346=VERTEX_POINT('',#4877);
#1347=VERTEX_POINT('',#4882);
#1348=VERTEX_POINT('',#4884);
#1349=VERTEX_POINT('',#4889);
#1350=VERTEX_POINT('',#4896);
#1351=VERTEX_POINT('',#4897);
#1352=VERTEX_POINT('',#4899);
#1353=VERTEX_POINT('',#4901);
#1354=VERTEX_POINT('',#4903);
#1355=VERTEX_POINT('',#4956);
#1356=VERTEX_POINT('',#4960);
#1357=VERTEX_POINT('',#4961);
#1358=VERTEX_POINT('',#4963);
#1359=VERTEX_POINT('',#4965);
#1360=VERTEX_POINT('',#4967);
#1361=VERTEX_POINT('',#4969);
#1362=VERTEX_POINT('',#5027);
#1363=VERTEX_POINT('',#5028);
#1364=VERTEX_POINT('',#5030);
#1365=VERTEX_POINT('',#5032);
#1366=VERTEX_POINT('',#5037);
#1367=VERTEX_POINT('',#5038);
#1368=VERTEX_POINT('',#5050);
#1369=VERTEX_POINT('',#5052);
#1370=VERTEX_POINT('',#5065);
#1371=VERTEX_POINT('',#5066);
#1372=VERTEX_POINT('',#5068);
#1373=VERTEX_POINT('',#5070);
#1374=VERTEX_POINT('',#5072);
#1375=VERTEX_POINT('',#5074);
#1376=VERTEX_POINT('',#5076);
#1377=VERTEX_POINT('',#5078);
#1378=VERTEX_POINT('',#5082);
#1379=VERTEX_POINT('',#5083);
#1380=VERTEX_POINT('',#5085);
#1381=VERTEX_POINT('',#5087);
#1382=VERTEX_POINT('',#5091);
#1383=VERTEX_POINT('',#5092);
#1384=VERTEX_POINT('',#5094);
#1385=VERTEX_POINT('',#5096);
#1386=VERTEX_POINT('',#5098);
#1387=VERTEX_POINT('',#5100);
#1388=VERTEX_POINT('',#5104);
#1389=VERTEX_POINT('',#5105);
#1390=VERTEX_POINT('',#5107);
#1391=VERTEX_POINT('',#5109);
#1392=VERTEX_POINT('',#5111);
#1393=VERTEX_POINT('',#5113);
#1394=VERTEX_POINT('',#5117);
#1395=VERTEX_POINT('',#5121);
#1396=VERTEX_POINT('',#5123);
#1397=VERTEX_POINT('',#5126);
#1398=VERTEX_POINT('',#5129);
#1399=VERTEX_POINT('',#5132);
#1400=VERTEX_POINT('',#5134);
#1401=VERTEX_POINT('',#5136);
#1402=VERTEX_POINT('',#5138);
#1403=VERTEX_POINT('',#5141);
#1404=VERTEX_POINT('',#5144);
#1405=VERTEX_POINT('',#5145);
#1406=VERTEX_POINT('',#5147);
#1407=VERTEX_POINT('',#5149);
#1408=VERTEX_POINT('',#5151);
#1409=VERTEX_POINT('',#5153);
#1410=VERTEX_POINT('',#5156);
#1411=VERTEX_POINT('',#5157);
#1412=VERTEX_POINT('',#5159);
#1413=VERTEX_POINT('',#5161);
#1414=VERTEX_POINT('',#5163);
#1415=VERTEX_POINT('',#5165);
#1416=VERTEX_POINT('',#5169);
#1417=VERTEX_POINT('',#5171);
#1418=VERTEX_POINT('',#5175);
#1419=VERTEX_POINT('',#5176);
#1420=VERTEX_POINT('',#5179);
#1421=VERTEX_POINT('',#5183);
#1422=VERTEX_POINT('',#5185);
#1423=VERTEX_POINT('',#5187);
#1424=VERTEX_POINT('',#5191);
#1425=VERTEX_POINT('',#5193);
#1426=VERTEX_POINT('',#5197);
#1427=VERTEX_POINT('',#5198);
#1428=VERTEX_POINT('',#5203);
#1429=VERTEX_POINT('',#5204);
#1430=VERTEX_POINT('',#5206);
#1431=VERTEX_POINT('',#5208);
#1432=VERTEX_POINT('',#5212);
#1433=VERTEX_POINT('',#5213);
#1434=VERTEX_POINT('',#5218);
#1435=VERTEX_POINT('',#5219);
#1436=VERTEX_POINT('',#5224);
#1437=VERTEX_POINT('',#5225);
#1438=VERTEX_POINT('',#5230);
#1439=VERTEX_POINT('',#5231);
#1440=VERTEX_POINT('',#5241);
#1441=VERTEX_POINT('',#5242);
#1442=VERTEX_POINT('',#5244);
#1443=VERTEX_POINT('',#5246);
#1444=VERTEX_POINT('',#5248);
#1445=VERTEX_POINT('',#5250);
#1446=VERTEX_POINT('',#5254);
#1447=VERTEX_POINT('',#5255);
#1448=VERTEX_POINT('',#5257);
#1449=VERTEX_POINT('',#5259);
#1450=VERTEX_POINT('',#5261);
#1451=VERTEX_POINT('',#5263);
#1452=VERTEX_POINT('',#5268);
#1453=VERTEX_POINT('',#5269);
#1454=VERTEX_POINT('',#5271);
#1455=VERTEX_POINT('',#5273);
#1456=VERTEX_POINT('',#5275);
#1457=VERTEX_POINT('',#5277);
#1458=VERTEX_POINT('',#5281);
#1459=VERTEX_POINT('',#5283);
#1460=VERTEX_POINT('',#5287);
#1461=VERTEX_POINT('',#5289);
#1462=VERTEX_POINT('',#5293);
#1463=VERTEX_POINT('',#5297);
#1464=VERTEX_POINT('',#5301);
#1465=VERTEX_POINT('',#5305);
#1466=VERTEX_POINT('',#5311);
#1467=VERTEX_POINT('',#5315);
#1468=VERTEX_POINT('',#5316);
#1469=VERTEX_POINT('',#5319);
#1470=VERTEX_POINT('',#5323);
#1471=VERTEX_POINT('',#5325);
#1472=VERTEX_POINT('',#5327);
#1473=VERTEX_POINT('',#5331);
#1474=VERTEX_POINT('',#5335);
#1475=VERTEX_POINT('',#5336);
#1476=VERTEX_POINT('',#5338);
#1477=VERTEX_POINT('',#5340);
#1478=VERTEX_POINT('',#5342);
#1479=VERTEX_POINT('',#5344);
#1480=VERTEX_POINT('',#5346);
#1481=VERTEX_POINT('',#5348);
#1482=VERTEX_POINT('',#5352);
#1483=VERTEX_POINT('',#5353);
#1484=VERTEX_POINT('',#5355);
#1485=VERTEX_POINT('',#5357);
#1486=VERTEX_POINT('',#5362);
#1487=VERTEX_POINT('',#5363);
#1488=VERTEX_POINT('',#5365);
#1489=VERTEX_POINT('',#5367);
#1490=VERTEX_POINT('',#5414);
#1491=VERTEX_POINT('',#5416);
#1492=VERTEX_POINT('',#5418);
#1493=VERTEX_POINT('',#5420);
#1494=VERTEX_POINT('',#5422);
#1495=VERTEX_POINT('',#5440);
#1496=VERTEX_POINT('',#5441);
#1497=VERTEX_POINT('',#5443);
#1498=VERTEX_POINT('',#5445);
#1499=VERTEX_POINT('',#5447);
#1500=VERTEX_POINT('',#5494);
#1501=VERTEX_POINT('',#5496);
#1502=VERTEX_POINT('',#5506);
#1503=VERTEX_POINT('',#5507);
#1504=VERTEX_POINT('',#5509);
#1505=VERTEX_POINT('',#5511);
#1506=VERTEX_POINT('',#5518);
#1507=VERTEX_POINT('',#5519);
#1508=VERTEX_POINT('',#5563);
#1509=VERTEX_POINT('',#5565);
#1510=VERTEX_POINT('',#5573);
#1511=VERTEX_POINT('',#5575);
#1512=VERTEX_POINT('',#5577);
#1513=VERTEX_POINT('',#5581);
#1514=VERTEX_POINT('',#5582);
#1515=VERTEX_POINT('',#5584);
#1516=VERTEX_POINT('',#5586);
#1517=VERTEX_POINT('',#5588);
#1518=VERTEX_POINT('',#5590);
#1519=VERTEX_POINT('',#5601);
#1520=VERTEX_POINT('',#5608);
#1521=VERTEX_POINT('',#5610);
#1522=VERTEX_POINT('',#5667);
#1523=VERTEX_POINT('',#5699);
#1524=VERTEX_POINT('',#5715);
#1525=VERTEX_POINT('',#5747);
#1526=VERTEX_POINT('',#5757);
#1527=VERTEX_POINT('',#5773);
#1528=VERTEX_POINT('',#5790);
#1529=VERTEX_POINT('',#5810);
#1530=VERTEX_POINT('',#5823);
#1531=VERTEX_POINT('',#5840);
#1532=VERTEX_POINT('',#5856);
#1533=VERTEX_POINT('',#5869);
#1534=VERTEX_POINT('',#7557);
#1535=VERTEX_POINT('',#7559);
#1536=VERTEX_POINT('',#7563);
#1537=VERTEX_POINT('',#7564);
#1538=VERTEX_POINT('',#7567);
#1539=VERTEX_POINT('',#7573);
#1540=VERTEX_POINT('',#7575);
#1541=VERTEX_POINT('',#7581);
#1542=VERTEX_POINT('',#7582);
#1543=VERTEX_POINT('',#7593);
#1544=VERTEX_POINT('',#7623);
#1545=VERTEX_POINT('',#7625);
#1546=VERTEX_POINT('',#7636);
#1547=VERTEX_POINT('',#7667);
#1548=VERTEX_POINT('',#7702);
#1549=VERTEX_POINT('',#7704);
#1550=VERTEX_POINT('',#7743);
#1551=VERTEX_POINT('',#7745);
#1552=VERTEX_POINT('',#7749);
#1553=VERTEX_POINT('',#7750);
#1554=VERTEX_POINT('',#7753);
#1555=VERTEX_POINT('',#7757);
#1556=VERTEX_POINT('',#7760);
#1557=VERTEX_POINT('',#7795);
#1558=VERTEX_POINT('',#7797);
#1559=VERTEX_POINT('',#7801);
#1560=VERTEX_POINT('',#7803);
#1561=EDGE_CURVE('',#1286,#1287,#1115,.T.);
#1562=EDGE_CURVE('',#1288,#1286,#1116,.T.);
#1563=EDGE_CURVE('',#1289,#1288,#1117,.T.);
#1564=EDGE_CURVE('',#1289,#1287,#1118,.T.);
#1565=EDGE_CURVE('',#1290,#1291,#591,.T.);
#1566=EDGE_CURVE('',#1291,#1292,#1119,.T.);
#1567=EDGE_CURVE('',#1293,#1292,#565,.T.);
#1568=EDGE_CURVE('',#1290,#1293,#592,.T.);
#1569=EDGE_CURVE('',#1294,#1295,#593,.T.);
#1570=EDGE_CURVE('',#1295,#1296,#1120,.T.);
#1571=EDGE_CURVE('',#1297,#1296,#566,.T.);
#1572=EDGE_CURVE('',#1294,#1297,#594,.T.);
#1573=EDGE_CURVE('',#1298,#1298,#1121,.T.);
#1574=EDGE_CURVE('',#1298,#1299,#1122,.T.);
#1575=EDGE_CURVE('',#1299,#1300,#595,.T.);
#1576=EDGE_CURVE('',#1300,#1301,#1123,.T.);
#1577=EDGE_CURVE('',#1302,#1301,#1124,.T.);
#1578=EDGE_CURVE('',#1302,#1303,#1125,.T.);
#1579=EDGE_CURVE('',#1303,#1304,#596,.T.);
#1580=EDGE_CURVE('',#1304,#1286,#597,.T.);
#1581=EDGE_CURVE('',#1287,#1299,#598,.T.);
#1582=EDGE_CURVE('',#1305,#1306,#599,.T.);
#1583=EDGE_CURVE('',#1306,#1307,#1126,.T.);
#1584=EDGE_CURVE('',#1308,#1307,#1127,.T.);
#1585=EDGE_CURVE('',#1308,#1309,#1128,.T.);
#1586=EDGE_CURVE('',#1309,#1310,#600,.T.);
#1587=EDGE_CURVE('',#1310,#1311,#1129,.T.);
#1588=EDGE_CURVE('',#1311,#1311,#1130,.T.);
#1589=EDGE_CURVE('',#1310,#1312,#601,.T.);
#1590=EDGE_CURVE('',#1312,#1313,#1131,.T.);
#1591=EDGE_CURVE('',#1313,#1305,#602,.T.);
#1592=EDGE_CURVE('',#1314,#1315,#1132,.T.);
#1593=EDGE_CURVE('',#1314,#1316,#1133,.T.);
#1594=EDGE_CURVE('',#1317,#1316,#1134,.T.);
#1595=EDGE_CURVE('',#1315,#1317,#1135,.T.);
#1596=EDGE_CURVE('',#1318,#1318,#1136,.T.);
#1597=EDGE_CURVE('',#1318,#1319,#122,.T.);
#1598=EDGE_CURVE('',#1319,#1319,#1137,.T.);
#1599=EDGE_CURVE('',#1320,#1321,#1138,.T.);
#1600=EDGE_CURVE('',#1320,#1322,#123,.T.);
#1601=EDGE_CURVE('',#1322,#1322,#1139,.T.);
#1602=EDGE_CURVE('',#1321,#1320,#1140,.T.);
#1603=EDGE_CURVE('',#1323,#1324,#1141,.T.);
#1604=EDGE_CURVE('',#1324,#1323,#1142,.T.);
#1605=EDGE_CURVE('',#1324,#1325,#124,.T.);
#1606=EDGE_CURVE('',#1325,#1325,#1143,.T.);
#1607=EDGE_CURVE('',#1326,#1326,#1144,.T.);
#1608=EDGE_CURVE('',#1326,#1323,#125,.T.);
#1609=EDGE_CURVE('',#1327,#1327,#1145,.T.);
#1610=EDGE_CURVE('',#1327,#1321,#126,.T.);
#1611=EDGE_CURVE('',#1307,#1328,#567,.T.);
#1612=EDGE_CURVE('',#1328,#1329,#603,.T.);
#1613=EDGE_CURVE('',#1329,#1330,#1146,.T.);
#1614=EDGE_CURVE('',#1330,#1331,#604,.T.);
#1615=EDGE_CURVE('',#1331,#1308,#568,.T.);
#1616=EDGE_CURVE('',#1332,#1333,#127,.T.);
#1617=EDGE_CURVE('',#1332,#1334,#128,.T.);
#1618=EDGE_CURVE('',#1334,#1335,#129,.T.);
#1619=EDGE_CURVE('',#1335,#1336,#605,.T.);
#1620=EDGE_CURVE('',#1336,#1337,#130,.T.);
#1621=EDGE_CURVE('',#1337,#1333,#131,.T.);
#1622=EDGE_CURVE('',#1338,#1339,#132,.T.);
#1623=EDGE_CURVE('',#1339,#1340,#133,.T.);
#1624=EDGE_CURVE('',#1340,#1341,#134,.T.);
#1625=EDGE_CURVE('',#1341,#1342,#135,.T.);
#1626=EDGE_CURVE('',#1342,#1343,#136,.T.);
#1627=EDGE_CURVE('',#1343,#1338,#606,.T.);
#1628=EDGE_CURVE('',#1344,#1345,#137,.T.);
#1629=EDGE_CURVE('',#1344,#1317,#607,.T.);
#1630=EDGE_CURVE('',#1316,#1346,#608,.T.);
#1631=EDGE_CURVE('',#1346,#1347,#138,.T.);
#1632=EDGE_CURVE('',#1347,#1348,#609,.T.);
#1633=EDGE_CURVE('',#1348,#1349,#1147,.T.);
#1634=EDGE_CURVE('',#1349,#1345,#610,.T.);
#1635=EDGE_CURVE('',#1350,#1351,#139,.T.);
#1636=EDGE_CURVE('',#1350,#1352,#140,.T.);
#1637=EDGE_CURVE('',#1352,#1353,#141,.T.);
#1638=EDGE_CURVE('',#1353,#1354,#611,.T.);
#1639=EDGE_CURVE('',#1354,#1355,#142,.T.);
#1640=EDGE_CURVE('',#1355,#1351,#143,.T.);
#1641=EDGE_CURVE('',#1356,#1357,#144,.T.);
#1642=EDGE_CURVE('',#1357,#1358,#145,.T.);
#1643=EDGE_CURVE('',#1358,#1359,#146,.T.);
#1644=EDGE_CURVE('',#1359,#1360,#147,.T.);
#1645=EDGE_CURVE('',#1360,#1361,#148,.T.);
#1646=EDGE_CURVE('',#1361,#1356,#612,.T.);
#1647=EDGE_CURVE('',#1362,#1363,#149,.T.);
#1648=EDGE_CURVE('',#1363,#1364,#150,.T.);
#1649=EDGE_CURVE('',#1364,#1365,#151,.T.);
#1650=EDGE_CURVE('',#1365,#1347,#569,.T.);
#1651=EDGE_CURVE('',#1346,#1362,#570,.T.);
#1652=EDGE_CURVE('',#1366,#1367,#613,.T.);
#1653=EDGE_CURVE('',#1367,#1302,#571,.T.);
#1654=EDGE_CURVE('',#1301,#1368,#572,.T.);
#1655=EDGE_CURVE('',#1368,#1369,#614,.T.);
#1656=EDGE_CURVE('',#1369,#1366,#1148,.T.);
#1657=EDGE_CURVE('',#1370,#1371,#1149,.T.);
#1658=EDGE_CURVE('',#1371,#1372,#152,.T.);
#1659=EDGE_CURVE('',#1372,#1373,#153,.T.);
#1660=EDGE_CURVE('',#1373,#1374,#154,.T.);
#1661=EDGE_CURVE('',#1374,#1375,#155,.T.);
#1662=EDGE_CURVE('',#1375,#1376,#156,.T.);
#1663=EDGE_CURVE('',#1376,#1377,#1150,.T.);
#1664=EDGE_CURVE('',#1377,#1370,#157,.T.);
#1665=EDGE_CURVE('',#1378,#1379,#158,.T.);
#1666=EDGE_CURVE('',#1378,#1380,#159,.T.);
#1667=EDGE_CURVE('',#1380,#1381,#160,.T.);
#1668=EDGE_CURVE('',#1379,#1381,#161,.T.);
#1669=EDGE_CURVE('',#1382,#1383,#1151,.T.);
#1670=EDGE_CURVE('',#1383,#1384,#1152,.T.);
#1671=EDGE_CURVE('',#1384,#1385,#162,.T.);
#1672=EDGE_CURVE('',#1386,#1385,#163,.T.);
#1673=EDGE_CURVE('',#1387,#1386,#164,.T.);
#1674=EDGE_CURVE('',#1387,#1382,#1153,.T.);
#1675=EDGE_CURVE('',#1388,#1389,#165,.T.);
#1676=EDGE_CURVE('',#1388,#1390,#1154,.T.);
#1677=EDGE_CURVE('',#1391,#1390,#1155,.T.);
#1678=EDGE_CURVE('',#1391,#1392,#1156,.T.);
#1679=EDGE_CURVE('',#1392,#1393,#166,.T.);
#1680=EDGE_CURVE('',#1393,#1389,#167,.T.);
#1681=EDGE_CURVE('',#1393,#1394,#168,.T.);
#1682=EDGE_CURVE('',#1394,#1350,#573,.T.);
#1683=EDGE_CURVE('',#1351,#1378,#1157,.T.);
#1684=EDGE_CURVE('',#1395,#1379,#169,.T.);
#1685=EDGE_CURVE('',#1395,#1396,#170,.T.);
#1686=EDGE_CURVE('',#1396,#1359,#1158,.T.);
#1687=EDGE_CURVE('',#1358,#1397,#574,.T.);
#1688=EDGE_CURVE('',#1397,#1386,#171,.T.);
#1689=EDGE_CURVE('',#1398,#1385,#172,.T.);
#1690=EDGE_CURVE('',#1398,#1332,#575,.T.);
#1691=EDGE_CURVE('',#1333,#1399,#1159,.T.);
#1692=EDGE_CURVE('',#1400,#1399,#173,.T.);
#1693=EDGE_CURVE('',#1400,#1401,#174,.T.);
#1694=EDGE_CURVE('',#1402,#1401,#175,.T.);
#1695=EDGE_CURVE('',#1402,#1341,#1160,.T.);
#1696=EDGE_CURVE('',#1340,#1403,#576,.T.);
#1697=EDGE_CURVE('',#1389,#1403,#176,.T.);
#1698=EDGE_CURVE('',#1404,#1405,#177,.T.);
#1699=EDGE_CURVE('',#1405,#1406,#178,.T.);
#1700=EDGE_CURVE('',#1406,#1407,#179,.T.);
#1701=EDGE_CURVE('',#1407,#1408,#180,.T.);
#1702=EDGE_CURVE('',#1408,#1409,#181,.T.);
#1703=EDGE_CURVE('',#1409,#1404,#182,.T.);
#1704=EDGE_CURVE('',#1410,#1411,#183,.T.);
#1705=EDGE_CURVE('',#1411,#1412,#184,.T.);
#1706=EDGE_CURVE('',#1412,#1413,#185,.T.);
#1707=EDGE_CURVE('',#1413,#1414,#186,.T.);
#1708=EDGE_CURVE('',#1414,#1415,#187,.T.);
#1709=EDGE_CURVE('',#1415,#1410,#188,.T.);
#1710=EDGE_CURVE('',#1390,#1416,#189,.T.);
#1711=EDGE_CURVE('',#1416,#1417,#1161,.T.);
#1712=EDGE_CURVE('',#1417,#1391,#190,.T.);
#1713=EDGE_CURVE('',#1418,#1419,#191,.T.);
#1714=EDGE_CURVE('',#1419,#1394,#192,.T.);
#1715=EDGE_CURVE('',#1392,#1420,#193,.T.);
#1716=EDGE_CURVE('',#1420,#1418,#194,.T.);
#1717=EDGE_CURVE('',#1397,#1421,#195,.T.);
#1718=EDGE_CURVE('',#1421,#1422,#196,.T.);
#1719=EDGE_CURVE('',#1422,#1423,#197,.T.);
#1720=EDGE_CURVE('',#1423,#1387,#198,.T.);
#1721=EDGE_CURVE('',#1382,#1424,#199,.T.);
#1722=EDGE_CURVE('',#1424,#1425,#1162,.T.);
#1723=EDGE_CURVE('',#1425,#1383,#200,.T.);
#1724=EDGE_CURVE('',#1426,#1427,#201,.T.);
#1725=EDGE_CURVE('',#1427,#1396,#202,.T.);
#1726=EDGE_CURVE('',#1426,#1395,#203,.T.);
#1727=EDGE_CURVE('',#1428,#1429,#204,.T.);
#1728=EDGE_CURVE('',#1429,#1430,#205,.T.);
#1729=EDGE_CURVE('',#1431,#1430,#206,.T.);
#1730=EDGE_CURVE('',#1431,#1428,#207,.T.);
#1731=EDGE_CURVE('',#1432,#1433,#208,.T.);
#1732=EDGE_CURVE('',#1433,#1429,#209,.T.);
#1733=EDGE_CURVE('',#1428,#1432,#210,.T.);
#1734=EDGE_CURVE('',#1434,#1435,#211,.T.);
#1735=EDGE_CURVE('',#1435,#1433,#212,.T.);
#1736=EDGE_CURVE('',#1432,#1434,#213,.T.);
#1737=EDGE_CURVE('',#1436,#1437,#214,.T.);
#1738=EDGE_CURVE('',#1437,#1435,#215,.T.);
#1739=EDGE_CURVE('',#1434,#1436,#216,.T.);
#1740=EDGE_CURVE('',#1438,#1439,#217,.T.);
#1741=EDGE_CURVE('',#1439,#1437,#218,.T.);
#1742=EDGE_CURVE('',#1436,#1438,#219,.T.);
#1743=EDGE_CURVE('',#1430,#1439,#220,.T.);
#1744=EDGE_CURVE('',#1438,#1431,#221,.T.);
#1745=EDGE_CURVE('',#1381,#1426,#222,.T.);
#1746=EDGE_CURVE('',#1440,#1441,#223,.T.);
#1747=EDGE_CURVE('',#1441,#1442,#1163,.T.);
#1748=EDGE_CURVE('',#1442,#1443,#224,.T.);
#1749=EDGE_CURVE('',#1443,#1444,#1164,.T.);
#1750=EDGE_CURVE('',#1444,#1445,#1165,.T.);
#1751=EDGE_CURVE('',#1445,#1440,#1166,.T.);
#1752=EDGE_CURVE('',#1446,#1447,#225,.T.);
#1753=EDGE_CURVE('',#1447,#1448,#1167,.T.);
#1754=EDGE_CURVE('',#1448,#1449,#226,.T.);
#1755=EDGE_CURVE('',#1449,#1450,#1168,.T.);
#1756=EDGE_CURVE('',#1450,#1451,#1169,.T.);
#1757=EDGE_CURVE('',#1451,#1446,#1170,.T.);
#1758=EDGE_CURVE('',#1452,#1453,#227,.T.);
#1759=EDGE_CURVE('',#1453,#1454,#228,.T.);
#1760=EDGE_CURVE('',#1454,#1455,#229,.T.);
#1761=EDGE_CURVE('',#1455,#1456,#230,.T.);
#1762=EDGE_CURVE('',#1456,#1457,#231,.T.);
#1763=EDGE_CURVE('',#1457,#1452,#232,.T.);
#1764=EDGE_CURVE('',#1458,#1400,#233,.T.);
#1765=EDGE_CURVE('',#1458,#1459,#234,.T.);
#1766=EDGE_CURVE('',#1401,#1459,#235,.T.);
#1767=EDGE_CURVE('',#1456,#1460,#236,.T.);
#1768=EDGE_CURVE('',#1460,#1461,#237,.T.);
#1769=EDGE_CURVE('',#1457,#1461,#238,.T.);
#1770=EDGE_CURVE('',#1455,#1462,#239,.T.);
#1771=EDGE_CURVE('',#1462,#1460,#240,.T.);
#1772=EDGE_CURVE('',#1454,#1463,#241,.T.);
#1773=EDGE_CURVE('',#1463,#1462,#242,.T.);
#1774=EDGE_CURVE('',#1453,#1464,#243,.T.);
#1775=EDGE_CURVE('',#1464,#1463,#244,.T.);
#1776=EDGE_CURVE('',#1452,#1465,#245,.T.);
#1777=EDGE_CURVE('',#1465,#1464,#246,.T.);
#1778=EDGE_CURVE('',#1461,#1465,#247,.T.);
#1779=EDGE_CURVE('',#1399,#1466,#248,.T.);
#1780=EDGE_CURVE('',#1466,#1458,#249,.T.);
#1781=EDGE_CURVE('',#1467,#1468,#250,.T.);
#1782=EDGE_CURVE('',#1468,#1398,#251,.T.);
#1783=EDGE_CURVE('',#1384,#1469,#252,.T.);
#1784=EDGE_CURVE('',#1469,#1467,#253,.T.);
#1785=EDGE_CURVE('',#1403,#1470,#254,.T.);
#1786=EDGE_CURVE('',#1470,#1471,#255,.T.);
#1787=EDGE_CURVE('',#1471,#1472,#256,.T.);
#1788=EDGE_CURVE('',#1472,#1388,#257,.T.);
#1789=EDGE_CURVE('',#1459,#1473,#258,.T.);
#1790=EDGE_CURVE('',#1473,#1402,#259,.T.);
#1791=EDGE_CURVE('',#1474,#1475,#1171,.T.);
#1792=EDGE_CURVE('',#1475,#1476,#260,.T.);
#1793=EDGE_CURVE('',#1476,#1477,#261,.T.);
#1794=EDGE_CURVE('',#1477,#1478,#262,.T.);
#1795=EDGE_CURVE('',#1478,#1479,#263,.T.);
#1796=EDGE_CURVE('',#1479,#1480,#264,.T.);
#1797=EDGE_CURVE('',#1480,#1481,#1172,.T.);
#1798=EDGE_CURVE('',#1481,#1474,#265,.T.);
#1799=EDGE_CURVE('',#1482,#1483,#266,.T.);
#1800=EDGE_CURVE('',#1483,#1484,#267,.T.);
#1801=EDGE_CURVE('',#1484,#1485,#268,.T.);
#1802=EDGE_CURVE('',#1485,#1344,#577,.T.);
#1803=EDGE_CURVE('',#1345,#1482,#578,.T.);
#1804=EDGE_CURVE('',#1486,#1487,#269,.T.);
#1805=EDGE_CURVE('',#1487,#1488,#270,.T.);
#1806=EDGE_CURVE('',#1488,#1489,#615,.T.);
#1807=EDGE_CURVE('',#1489,#1490,#579,.T.);
#1808=EDGE_CURVE('',#1490,#1491,#1173,.T.);
#1809=EDGE_CURVE('',#1491,#1492,#271,.T.);
#1810=EDGE_CURVE('',#1492,#1493,#272,.T.);
#1811=EDGE_CURVE('',#1493,#1494,#616,.T.);
#1812=EDGE_CURVE('',#1494,#1486,#617,.T.);
#1813=EDGE_CURVE('',#1495,#1496,#273,.T.);
#1814=EDGE_CURVE('',#1496,#1497,#1174,.T.);
#1815=EDGE_CURVE('',#1497,#1498,#580,.T.);
#1816=EDGE_CURVE('',#1498,#1499,#618,.T.);
#1817=EDGE_CURVE('',#1499,#1500,#274,.T.);
#1818=EDGE_CURVE('',#1500,#1501,#275,.T.);
#1819=EDGE_CURVE('',#1501,#1294,#619,.T.);
#1820=EDGE_CURVE('',#1297,#1495,#276,.T.);
#1821=EDGE_CURVE('',#1502,#1503,#277,.T.);
#1822=EDGE_CURVE('',#1503,#1504,#1175,.T.);
#1823=EDGE_CURVE('',#1504,#1505,#278,.T.);
#1824=EDGE_CURVE('',#1505,#1502,#1176,.T.);
#1825=EDGE_CURVE('',#1315,#1289,#279,.T.);
#1826=EDGE_CURVE('',#1288,#1314,#280,.T.);
#1827=EDGE_CURVE('',#1506,#1507,#620,.T.);
#1828=EDGE_CURVE('',#1507,#1508,#281,.T.);
#1829=EDGE_CURVE('',#1508,#1509,#282,.T.);
#1830=EDGE_CURVE('',#1509,#1290,#621,.T.);
#1831=EDGE_CURVE('',#1293,#1510,#283,.T.);
#1832=EDGE_CURVE('',#1510,#1511,#284,.T.);
#1833=EDGE_CURVE('',#1511,#1512,#1177,.T.);
#1834=EDGE_CURVE('',#1512,#1506,#581,.T.);
#1835=EDGE_CURVE('',#1513,#1514,#582,.T.);
#1836=EDGE_CURVE('',#1514,#1515,#1178,.T.);
#1837=EDGE_CURVE('',#1515,#1516,#285,.T.);
#1838=EDGE_CURVE('',#1516,#1517,#286,.T.);
#1839=EDGE_CURVE('',#1517,#1518,#622,.T.);
#1840=EDGE_CURVE('',#1518,#1519,#623,.T.);
#1841=EDGE_CURVE('',#1519,#1520,#287,.T.);
#1842=EDGE_CURVE('',#1520,#1521,#288,.T.);
#1843=EDGE_CURVE('',#1521,#1513,#624,.T.);
#1844=EDGE_CURVE('',#1504,#1496,#625,.T.);
#1845=EDGE_CURVE('',#1495,#1522,#1179,.T.);
#1846=EDGE_CURVE('',#1522,#1505,#626,.T.);
#1847=EDGE_CURVE('',#1491,#1503,#627,.T.);
#1848=EDGE_CURVE('',#1502,#1523,#628,.T.);
#1849=EDGE_CURVE('',#1523,#1492,#1180,.T.);
#1850=EDGE_CURVE('',#1288,#1511,#629,.T.);
#1851=EDGE_CURVE('',#1510,#1524,#1181,.T.);
#1852=EDGE_CURVE('',#1524,#1314,#630,.T.);
#1853=EDGE_CURVE('',#1515,#1289,#631,.T.);
#1854=EDGE_CURVE('',#1315,#1525,#632,.T.);
#1855=EDGE_CURVE('',#1525,#1516,#1182,.T.);
#1856=EDGE_CURVE('',#1472,#1526,#633,.T.);
#1857=EDGE_CURVE('',#1526,#1416,#1183,.T.);
#1858=EDGE_CURVE('',#1471,#1527,#583,.T.);
#1859=EDGE_CURVE('',#1527,#1447,#634,.T.);
#1860=EDGE_CURVE('',#1446,#1472,#33,.T.);
#1861=EDGE_CURVE('',#1448,#1528,#635,.T.);
#1862=EDGE_CURVE('',#1528,#1418,#584,.T.);
#1863=EDGE_CURVE('',#1420,#1449,#636,.T.);
#1864=EDGE_CURVE('',#1417,#1529,#1184,.T.);
#1865=EDGE_CURVE('',#1529,#1420,#34,.T.);
#1866=EDGE_CURVE('',#1442,#1530,#637,.T.);
#1867=EDGE_CURVE('',#1530,#1467,#585,.T.);
#1868=EDGE_CURVE('',#1469,#1443,#35,.T.);
#1869=EDGE_CURVE('',#1425,#1531,#1185,.T.);
#1870=EDGE_CURVE('',#1531,#1469,#638,.T.);
#1871=EDGE_CURVE('',#1423,#1532,#36,.T.);
#1872=EDGE_CURVE('',#1532,#1424,#1186,.T.);
#1873=EDGE_CURVE('',#1422,#1533,#586,.T.);
#1874=EDGE_CURVE('',#1533,#1441,#639,.T.);
#1875=EDGE_CURVE('',#1440,#1423,#640,.T.);
#1876=EDGE_CURVE('',#1532,#1440,#1187,.T.);
#1877=EDGE_CURVE('',#1424,#1445,#1188,.T.);
#1878=EDGE_CURVE('',#1425,#1444,#1189,.T.);
#1879=EDGE_CURVE('',#1531,#1443,#1190,.T.);
#1880=EDGE_CURVE('',#1526,#1446,#1191,.T.);
#1881=EDGE_CURVE('',#1416,#1451,#1192,.T.);
#1882=EDGE_CURVE('',#1417,#1450,#1193,.T.);
#1883=EDGE_CURVE('',#1529,#1449,#1194,.T.);
#1884=EDGE_CURVE('',#1328,#1528,#1195,.T.);
#1885=EDGE_CURVE('',#1329,#1448,#1196,.T.);
#1886=EDGE_CURVE('',#1330,#1447,#1197,.T.);
#1887=EDGE_CURVE('',#1527,#1331,#1198,.T.);
#1888=EDGE_CURVE('',#1533,#1367,#1199,.T.);
#1889=EDGE_CURVE('',#1441,#1366,#1200,.T.);
#1890=EDGE_CURVE('',#1442,#1369,#1201,.T.);
#1891=EDGE_CURVE('',#1368,#1530,#1202,.T.);
#1892=EDGE_CURVE('',#1292,#1363,#641,.T.);
#1893=EDGE_CURVE('',#1510,#1362,#1203,.T.);
#1894=EDGE_CURVE('',#1524,#1346,#1204,.T.);
#1895=EDGE_CURVE('',#1525,#1344,#1205,.T.);
#1896=EDGE_CURVE('',#1516,#1485,#1206,.T.);
#1897=EDGE_CURVE('',#1484,#1517,#642,.T.);
#1898=EDGE_CURVE('',#1296,#1483,#643,.T.);
#1899=EDGE_CURVE('',#1495,#1482,#1207,.T.);
#1900=EDGE_CURVE('',#1522,#1345,#1208,.T.);
#1901=EDGE_CURVE('',#1505,#1349,#1209,.T.);
#1902=EDGE_CURVE('',#1502,#1348,#1210,.T.);
#1903=EDGE_CURVE('',#1523,#1347,#1211,.T.);
#1904=EDGE_CURVE('',#1492,#1365,#1212,.T.);
#1905=EDGE_CURVE('',#1364,#1493,#644,.T.);
#1906=EDGE_CURVE('',#1380,#1375,#1213,.T.);
#1907=EDGE_CURVE('',#1381,#1374,#587,.T.);
#1908=EDGE_CURVE('',#1426,#1373,#588,.T.);
#1909=EDGE_CURVE('',#1372,#1427,#1214,.T.);
#1910=EDGE_CURVE('',#1466,#1479,#1215,.T.);
#1911=EDGE_CURVE('',#1458,#1478,#589,.T.);
#1912=EDGE_CURVE('',#1459,#1477,#590,.T.);
#1913=EDGE_CURVE('',#1476,#1473,#1216,.T.);
#1914=EDGE_CURVE('',#1295,#1475,#645,.T.);
#1915=EDGE_CURVE('',#1483,#1474,#1217,.T.);
#1916=EDGE_CURVE('',#1484,#1481,#1218,.T.);
#1917=EDGE_CURVE('',#1480,#1518,#646,.T.);
#1918=EDGE_CURVE('',#1376,#1494,#647,.T.);
#1919=EDGE_CURVE('',#1377,#1364,#1219,.T.);
#1920=EDGE_CURVE('',#1370,#1363,#1220,.T.);
#1921=EDGE_CURVE('',#1291,#1371,#648,.T.);
#1922=EDGE_CURVE('',#1500,#1339,#1221,.T.);
#1923=EDGE_CURVE('',#1501,#1338,#649,.T.);
#1924=EDGE_CURVE('',#1475,#1343,#1222,.T.);
#1925=EDGE_CURVE('',#1476,#1342,#1223,.T.);
#1926=EDGE_CURVE('',#1473,#1342,#1224,.T.);
#1927=EDGE_CURVE('',#1334,#1520,#1225,.T.);
#1928=EDGE_CURVE('',#1335,#1519,#650,.T.);
#1929=EDGE_CURVE('',#1336,#1480,#1226,.T.);
#1930=EDGE_CURVE('',#1337,#1479,#1227,.T.);
#1931=EDGE_CURVE('',#1337,#1466,#1228,.T.);
#1932=EDGE_CURVE('',#1508,#1357,#1229,.T.);
#1933=EDGE_CURVE('',#1509,#1356,#651,.T.);
#1934=EDGE_CURVE('',#1371,#1361,#1230,.T.);
#1935=EDGE_CURVE('',#1372,#1360,#1231,.T.);
#1936=EDGE_CURVE('',#1427,#1360,#1232,.T.);
#1937=EDGE_CURVE('',#1352,#1487,#1233,.T.);
#1938=EDGE_CURVE('',#1353,#1486,#652,.T.);
#1939=EDGE_CURVE('',#1354,#1376,#1234,.T.);
#1940=EDGE_CURVE('',#1355,#1375,#1235,.T.);
#1941=EDGE_CURVE('',#1355,#1380,#1236,.T.);
#1942=EDGE_CURVE('',#1470,#1339,#1237,.T.);
#1943=EDGE_CURVE('',#1470,#1500,#1238,.T.);
#1944=EDGE_CURVE('',#1471,#1499,#1239,.T.);
#1945=EDGE_CURVE('',#1527,#1498,#1240,.T.);
#1946=EDGE_CURVE('',#1331,#1498,#1241,.T.);
#1947=EDGE_CURVE('',#1308,#1497,#1242,.T.);
#1948=EDGE_CURVE('',#1309,#1496,#1243,.T.);
#1949=EDGE_CURVE('',#1312,#1504,#1244,.T.);
#1950=EDGE_CURVE('',#1313,#1503,#1245,.T.);
#1951=EDGE_CURVE('',#1306,#1491,#1246,.T.);
#1952=EDGE_CURVE('',#1307,#1490,#1247,.T.);
#1953=EDGE_CURVE('',#1328,#1489,#1248,.T.);
#1954=EDGE_CURVE('',#1528,#1489,#1249,.T.);
#1955=EDGE_CURVE('',#1418,#1488,#1250,.T.);
#1956=EDGE_CURVE('',#1419,#1487,#1251,.T.);
#1957=EDGE_CURVE('',#1419,#1352,#1252,.T.);
#1958=EDGE_CURVE('',#1334,#1468,#1253,.T.);
#1959=EDGE_CURVE('',#1520,#1468,#1254,.T.);
#1960=EDGE_CURVE('',#1521,#1467,#1255,.T.);
#1961=EDGE_CURVE('',#1513,#1530,#1256,.T.);
#1962=EDGE_CURVE('',#1513,#1368,#1257,.T.);
#1963=EDGE_CURVE('',#1514,#1301,#1258,.T.);
#1964=EDGE_CURVE('',#1515,#1300,#1259,.T.);
#1965=EDGE_CURVE('',#1511,#1303,#1260,.T.);
#1966=EDGE_CURVE('',#1512,#1302,#1261,.T.);
#1967=EDGE_CURVE('',#1506,#1367,#1262,.T.);
#1968=EDGE_CURVE('',#1506,#1533,#1263,.T.);
#1969=EDGE_CURVE('',#1507,#1422,#1264,.T.);
#1970=EDGE_CURVE('',#1508,#1421,#1265,.T.);
#1971=EDGE_CURVE('',#1357,#1421,#1266,.T.);
#1972=EDGE_CURVE('',#1409,#1435,#289,.T.);
#1973=EDGE_CURVE('',#1433,#1408,#290,.T.);
#1974=EDGE_CURVE('',#1429,#1407,#291,.T.);
#1975=EDGE_CURVE('',#1404,#1437,#292,.T.);
#1976=EDGE_CURVE('',#1430,#1406,#293,.T.);
#1977=EDGE_CURVE('',#1405,#1439,#294,.T.);
#1978=EDGE_CURVE('',#1460,#1414,#295,.T.);
#1979=EDGE_CURVE('',#1415,#1462,#296,.T.);
#1980=EDGE_CURVE('',#1410,#1463,#297,.T.);
#1981=EDGE_CURVE('',#1461,#1413,#298,.T.);
#1982=EDGE_CURVE('',#1411,#1464,#299,.T.);
#1983=EDGE_CURVE('',#1465,#1412,#300,.T.);
#1984=EDGE_CURVE('',#1534,#1534,#1267,.T.);
#1985=EDGE_CURVE('',#1534,#1535,#301,.T.);
#1986=EDGE_CURVE('',#1535,#1535,#1268,.T.);
#1987=EDGE_CURVE('',#1536,#1537,#1269,.T.);
#1988=EDGE_CURVE('',#1537,#1536,#1270,.T.);
#1989=EDGE_CURVE('',#1537,#1538,#302,.T.);
#1990=EDGE_CURVE('',#1538,#1538,#1271,.T.);
#1991=EDGE_CURVE('',#1536,#1534,#303,.T.);
#1992=EDGE_CURVE('',#1539,#1539,#1272,.T.);
#1993=EDGE_CURVE('',#1539,#1540,#304,.T.);
#1994=EDGE_CURVE('',#1540,#1540,#1273,.T.);
#1995=EDGE_CURVE('',#1541,#1542,#653,.F.);
#1996=EDGE_CURVE('',#1543,#1541,#654,.F.);
#1997=EDGE_CURVE('',#1542,#1543,#655,.F.);
#1998=EDGE_CURVE('',#1542,#1544,#305,.T.);
#1999=EDGE_CURVE('',#1544,#1545,#656,.T.);
#2000=EDGE_CURVE('',#1545,#1546,#657,.T.);
#2001=EDGE_CURVE('',#1546,#1544,#658,.T.);
#2002=EDGE_CURVE('',#1547,#1547,#659,.T.);
#2003=EDGE_CURVE('',#1547,#1548,#306,.T.);
#2004=EDGE_CURVE('',#1548,#1549,#660,.T.);
#2005=EDGE_CURVE('',#1549,#1548,#661,.T.);
#2006=EDGE_CURVE('',#1550,#1550,#1274,.T.);
#2007=EDGE_CURVE('',#1550,#1551,#307,.T.);
#2008=EDGE_CURVE('',#1551,#1551,#1275,.T.);
#2009=EDGE_CURVE('',#1552,#1553,#1276,.T.);
#2010=EDGE_CURVE('',#1553,#1552,#1277,.T.);
#2011=EDGE_CURVE('',#1553,#1554,#308,.T.);
#2012=EDGE_CURVE('',#1554,#1554,#1278,.T.);
#2013=EDGE_CURVE('',#1555,#1555,#1279,.T.);
#2014=EDGE_CURVE('',#1555,#1545,#309,.T.);
#2015=EDGE_CURVE('',#1546,#1556,#310,.T.);
#2016=EDGE_CURVE('',#1556,#1556,#1280,.T.);
#2017=EDGE_CURVE('',#1552,#1541,#311,.T.);
#2018=EDGE_CURVE('',#1543,#1550,#312,.T.);
#2019=EDGE_CURVE('',#1557,#1557,#1281,.T.);
#2020=EDGE_CURVE('',#1557,#1558,#1282,.T.);
#2021=EDGE_CURVE('',#1558,#1558,#1283,.T.);
#2022=EDGE_CURVE('',#1559,#1559,#1284,.T.);
#2023=EDGE_CURVE('',#1559,#1560,#313,.T.);
#2024=EDGE_CURVE('',#1560,#1560,#1285,.T.);
#2025=ORIENTED_EDGE('',*,*,#1561,.F.);
#2026=ORIENTED_EDGE('',*,*,#1562,.F.);
#2027=ORIENTED_EDGE('',*,*,#1563,.F.);
#2028=ORIENTED_EDGE('',*,*,#1564,.T.);
#2029=ORIENTED_EDGE('',*,*,#1565,.T.);
#2030=ORIENTED_EDGE('',*,*,#1566,.T.);
#2031=ORIENTED_EDGE('',*,*,#1567,.F.);
#2032=ORIENTED_EDGE('',*,*,#1568,.F.);
#2033=ORIENTED_EDGE('',*,*,#1569,.T.);
#2034=ORIENTED_EDGE('',*,*,#1570,.T.);
#2035=ORIENTED_EDGE('',*,*,#1571,.F.);
#2036=ORIENTED_EDGE('',*,*,#1572,.F.);
#2037=ORIENTED_EDGE('',*,*,#1573,.F.);
#2038=ORIENTED_EDGE('',*,*,#1574,.T.);
#2039=ORIENTED_EDGE('',*,*,#1575,.T.);
#2040=ORIENTED_EDGE('',*,*,#1576,.T.);
#2041=ORIENTED_EDGE('',*,*,#1577,.F.);
#2042=ORIENTED_EDGE('',*,*,#1578,.T.);
#2043=ORIENTED_EDGE('',*,*,#1579,.T.);
#2044=ORIENTED_EDGE('',*,*,#1580,.T.);
#2045=ORIENTED_EDGE('',*,*,#1561,.T.);
#2046=ORIENTED_EDGE('',*,*,#1581,.T.);
#2047=ORIENTED_EDGE('',*,*,#1574,.F.);
#2048=ORIENTED_EDGE('',*,*,#1582,.T.);
#2049=ORIENTED_EDGE('',*,*,#1583,.T.);
#2050=ORIENTED_EDGE('',*,*,#1584,.F.);
#2051=ORIENTED_EDGE('',*,*,#1585,.T.);
#2052=ORIENTED_EDGE('',*,*,#1586,.T.);
#2053=ORIENTED_EDGE('',*,*,#1587,.T.);
#2054=ORIENTED_EDGE('',*,*,#1588,.F.);
#2055=ORIENTED_EDGE('',*,*,#1587,.F.);
#2056=ORIENTED_EDGE('',*,*,#1589,.T.);
#2057=ORIENTED_EDGE('',*,*,#1590,.T.);
#2058=ORIENTED_EDGE('',*,*,#1591,.T.);
#2059=ORIENTED_EDGE('',*,*,#1592,.F.);
#2060=ORIENTED_EDGE('',*,*,#1593,.T.);
#2061=ORIENTED_EDGE('',*,*,#1594,.F.);
#2062=ORIENTED_EDGE('',*,*,#1595,.F.);
#2063=ORIENTED_EDGE('',*,*,#1596,.T.);
#2064=ORIENTED_EDGE('',*,*,#1597,.T.);
#2065=ORIENTED_EDGE('',*,*,#1598,.F.);
#2066=ORIENTED_EDGE('',*,*,#1597,.F.);
#2067=ORIENTED_EDGE('',*,*,#1599,.F.);
#2068=ORIENTED_EDGE('',*,*,#1600,.T.);
#2069=ORIENTED_EDGE('',*,*,#1601,.F.);
#2070=ORIENTED_EDGE('',*,*,#1600,.F.);
#2071=ORIENTED_EDGE('',*,*,#1602,.F.);
#2072=ORIENTED_EDGE('',*,*,#1603,.F.);
#2073=ORIENTED_EDGE('',*,*,#1604,.F.);
#2074=ORIENTED_EDGE('',*,*,#1605,.T.);
#2075=ORIENTED_EDGE('',*,*,#1606,.F.);
#2076=ORIENTED_EDGE('',*,*,#1605,.F.);
#2077=ORIENTED_EDGE('',*,*,#1607,.F.);
#2078=ORIENTED_EDGE('',*,*,#1608,.T.);
#2079=ORIENTED_EDGE('',*,*,#1603,.T.);
#2080=ORIENTED_EDGE('',*,*,#1604,.T.);
#2081=ORIENTED_EDGE('',*,*,#1608,.F.);
#2082=ORIENTED_EDGE('',*,*,#1609,.T.);
#2083=ORIENTED_EDGE('',*,*,#1610,.T.);
#2084=ORIENTED_EDGE('',*,*,#1602,.T.);
#2085=ORIENTED_EDGE('',*,*,#1599,.T.);
#2086=ORIENTED_EDGE('',*,*,#1610,.F.);
#2087=ORIENTED_EDGE('',*,*,#1584,.T.);
#2088=ORIENTED_EDGE('',*,*,#1611,.T.);
#2089=ORIENTED_EDGE('',*,*,#1612,.T.);
#2090=ORIENTED_EDGE('',*,*,#1613,.T.);
#2091=ORIENTED_EDGE('',*,*,#1614,.T.);
#2092=ORIENTED_EDGE('',*,*,#1615,.T.);
#2093=ORIENTED_EDGE('',*,*,#1616,.F.);
#2094=ORIENTED_EDGE('',*,*,#1617,.T.);
#2095=ORIENTED_EDGE('',*,*,#1618,.T.);
#2096=ORIENTED_EDGE('',*,*,#1619,.T.);
#2097=ORIENTED_EDGE('',*,*,#1620,.T.);
#2098=ORIENTED_EDGE('',*,*,#1621,.T.);
#2099=ORIENTED_EDGE('',*,*,#1622,.T.);
#2100=ORIENTED_EDGE('',*,*,#1623,.T.);
#2101=ORIENTED_EDGE('',*,*,#1624,.T.);
#2102=ORIENTED_EDGE('',*,*,#1625,.T.);
#2103=ORIENTED_EDGE('',*,*,#1626,.T.);
#2104=ORIENTED_EDGE('',*,*,#1627,.T.);
#2105=ORIENTED_EDGE('',*,*,#1628,.F.);
#2106=ORIENTED_EDGE('',*,*,#1629,.T.);
#2107=ORIENTED_EDGE('',*,*,#1594,.T.);
#2108=ORIENTED_EDGE('',*,*,#1630,.T.);
#2109=ORIENTED_EDGE('',*,*,#1631,.T.);
#2110=ORIENTED_EDGE('',*,*,#1632,.T.);
#2111=ORIENTED_EDGE('',*,*,#1633,.T.);
#2112=ORIENTED_EDGE('',*,*,#1634,.T.);
#2113=ORIENTED_EDGE('',*,*,#1635,.F.);
#2114=ORIENTED_EDGE('',*,*,#1636,.T.);
#2115=ORIENTED_EDGE('',*,*,#1637,.T.);
#2116=ORIENTED_EDGE('',*,*,#1638,.T.);
#2117=ORIENTED_EDGE('',*,*,#1639,.T.);
#2118=ORIENTED_EDGE('',*,*,#1640,.T.);
#2119=ORIENTED_EDGE('',*,*,#1641,.T.);
#2120=ORIENTED_EDGE('',*,*,#1642,.T.);
#2121=ORIENTED_EDGE('',*,*,#1643,.T.);
#2122=ORIENTED_EDGE('',*,*,#1644,.T.);
#2123=ORIENTED_EDGE('',*,*,#1645,.T.);
#2124=ORIENTED_EDGE('',*,*,#1646,.T.);
#2125=ORIENTED_EDGE('',*,*,#1647,.T.);
#2126=ORIENTED_EDGE('',*,*,#1648,.T.);
#2127=ORIENTED_EDGE('',*,*,#1649,.T.);
#2128=ORIENTED_EDGE('',*,*,#1650,.T.);
#2129=ORIENTED_EDGE('',*,*,#1631,.F.);
#2130=ORIENTED_EDGE('',*,*,#1651,.T.);
#2131=ORIENTED_EDGE('',*,*,#1652,.T.);
#2132=ORIENTED_EDGE('',*,*,#1653,.T.);
#2133=ORIENTED_EDGE('',*,*,#1577,.T.);
#2134=ORIENTED_EDGE('',*,*,#1654,.T.);
#2135=ORIENTED_EDGE('',*,*,#1655,.T.);
#2136=ORIENTED_EDGE('',*,*,#1656,.T.);
#2137=ORIENTED_EDGE('',*,*,#1657,.T.);
#2138=ORIENTED_EDGE('',*,*,#1658,.T.);
#2139=ORIENTED_EDGE('',*,*,#1659,.T.);
#2140=ORIENTED_EDGE('',*,*,#1660,.T.);
#2141=ORIENTED_EDGE('',*,*,#1661,.T.);
#2142=ORIENTED_EDGE('',*,*,#1662,.T.);
#2143=ORIENTED_EDGE('',*,*,#1663,.T.);
#2144=ORIENTED_EDGE('',*,*,#1664,.T.);
#2145=ORIENTED_EDGE('',*,*,#1601,.T.);
#2146=ORIENTED_EDGE('',*,*,#1665,.F.);
#2147=ORIENTED_EDGE('',*,*,#1666,.T.);
#2148=ORIENTED_EDGE('',*,*,#1667,.T.);
#2149=ORIENTED_EDGE('',*,*,#1668,.F.);
#2150=ORIENTED_EDGE('',*,*,#1669,.T.);
#2151=ORIENTED_EDGE('',*,*,#1670,.T.);
#2152=ORIENTED_EDGE('',*,*,#1671,.T.);
#2153=ORIENTED_EDGE('',*,*,#1672,.F.);
#2154=ORIENTED_EDGE('',*,*,#1673,.F.);
#2155=ORIENTED_EDGE('',*,*,#1674,.T.);
#2156=ORIENTED_EDGE('',*,*,#1675,.F.);
#2157=ORIENTED_EDGE('',*,*,#1676,.T.);
#2158=ORIENTED_EDGE('',*,*,#1677,.F.);
#2159=ORIENTED_EDGE('',*,*,#1678,.T.);
#2160=ORIENTED_EDGE('',*,*,#1679,.T.);
#2161=ORIENTED_EDGE('',*,*,#1680,.T.);
#2162=ORIENTED_EDGE('',*,*,#1681,.T.);
#2163=ORIENTED_EDGE('',*,*,#1682,.T.);
#2164=ORIENTED_EDGE('',*,*,#1635,.T.);
#2165=ORIENTED_EDGE('',*,*,#1683,.T.);
#2166=ORIENTED_EDGE('',*,*,#1665,.T.);
#2167=ORIENTED_EDGE('',*,*,#1684,.F.);
#2168=ORIENTED_EDGE('',*,*,#1685,.T.);
#2169=ORIENTED_EDGE('',*,*,#1686,.T.);
#2170=ORIENTED_EDGE('',*,*,#1643,.F.);
#2171=ORIENTED_EDGE('',*,*,#1687,.T.);
#2172=ORIENTED_EDGE('',*,*,#1688,.T.);
#2173=ORIENTED_EDGE('',*,*,#1672,.T.);
#2174=ORIENTED_EDGE('',*,*,#1689,.F.);
#2175=ORIENTED_EDGE('',*,*,#1690,.T.);
#2176=ORIENTED_EDGE('',*,*,#1616,.T.);
#2177=ORIENTED_EDGE('',*,*,#1691,.T.);
#2178=ORIENTED_EDGE('',*,*,#1692,.F.);
#2179=ORIENTED_EDGE('',*,*,#1693,.T.);
#2180=ORIENTED_EDGE('',*,*,#1694,.F.);
#2181=ORIENTED_EDGE('',*,*,#1695,.T.);
#2182=ORIENTED_EDGE('',*,*,#1624,.F.);
#2183=ORIENTED_EDGE('',*,*,#1696,.T.);
#2184=ORIENTED_EDGE('',*,*,#1697,.F.);
#2185=ORIENTED_EDGE('',*,*,#1680,.F.);
#2186=ORIENTED_EDGE('',*,*,#1698,.T.);
#2187=ORIENTED_EDGE('',*,*,#1699,.T.);
#2188=ORIENTED_EDGE('',*,*,#1700,.T.);
#2189=ORIENTED_EDGE('',*,*,#1701,.T.);
#2190=ORIENTED_EDGE('',*,*,#1702,.T.);
#2191=ORIENTED_EDGE('',*,*,#1703,.T.);
#2192=ORIENTED_EDGE('',*,*,#1704,.T.);
#2193=ORIENTED_EDGE('',*,*,#1705,.T.);
#2194=ORIENTED_EDGE('',*,*,#1706,.T.);
#2195=ORIENTED_EDGE('',*,*,#1707,.T.);
#2196=ORIENTED_EDGE('',*,*,#1708,.T.);
#2197=ORIENTED_EDGE('',*,*,#1709,.T.);
#2198=ORIENTED_EDGE('',*,*,#1710,.T.);
#2199=ORIENTED_EDGE('',*,*,#1711,.T.);
#2200=ORIENTED_EDGE('',*,*,#1712,.T.);
#2201=ORIENTED_EDGE('',*,*,#1677,.T.);
#2202=ORIENTED_EDGE('',*,*,#1713,.T.);
#2203=ORIENTED_EDGE('',*,*,#1714,.T.);
#2204=ORIENTED_EDGE('',*,*,#1681,.F.);
#2205=ORIENTED_EDGE('',*,*,#1679,.F.);
#2206=ORIENTED_EDGE('',*,*,#1715,.T.);
#2207=ORIENTED_EDGE('',*,*,#1716,.T.);
#2208=ORIENTED_EDGE('',*,*,#1688,.F.);
#2209=ORIENTED_EDGE('',*,*,#1717,.T.);
#2210=ORIENTED_EDGE('',*,*,#1718,.T.);
#2211=ORIENTED_EDGE('',*,*,#1719,.T.);
#2212=ORIENTED_EDGE('',*,*,#1720,.T.);
#2213=ORIENTED_EDGE('',*,*,#1673,.T.);
#2214=ORIENTED_EDGE('',*,*,#1721,.T.);
#2215=ORIENTED_EDGE('',*,*,#1722,.T.);
#2216=ORIENTED_EDGE('',*,*,#1723,.T.);
#2217=ORIENTED_EDGE('',*,*,#1669,.F.);
#2218=ORIENTED_EDGE('',*,*,#1724,.T.);
#2219=ORIENTED_EDGE('',*,*,#1725,.T.);
#2220=ORIENTED_EDGE('',*,*,#1685,.F.);
#2221=ORIENTED_EDGE('',*,*,#1726,.F.);
#2222=ORIENTED_EDGE('',*,*,#1727,.T.);
#2223=ORIENTED_EDGE('',*,*,#1728,.T.);
#2224=ORIENTED_EDGE('',*,*,#1729,.F.);
#2225=ORIENTED_EDGE('',*,*,#1730,.T.);
#2226=ORIENTED_EDGE('',*,*,#1731,.T.);
#2227=ORIENTED_EDGE('',*,*,#1732,.T.);
#2228=ORIENTED_EDGE('',*,*,#1727,.F.);
#2229=ORIENTED_EDGE('',*,*,#1733,.T.);
#2230=ORIENTED_EDGE('',*,*,#1734,.T.);
#2231=ORIENTED_EDGE('',*,*,#1735,.T.);
#2232=ORIENTED_EDGE('',*,*,#1731,.F.);
#2233=ORIENTED_EDGE('',*,*,#1736,.T.);
#2234=ORIENTED_EDGE('',*,*,#1737,.T.);
#2235=ORIENTED_EDGE('',*,*,#1738,.T.);
#2236=ORIENTED_EDGE('',*,*,#1734,.F.);
#2237=ORIENTED_EDGE('',*,*,#1739,.T.);
#2238=ORIENTED_EDGE('',*,*,#1740,.T.);
#2239=ORIENTED_EDGE('',*,*,#1741,.T.);
#2240=ORIENTED_EDGE('',*,*,#1737,.F.);
#2241=ORIENTED_EDGE('',*,*,#1742,.T.);
#2242=ORIENTED_EDGE('',*,*,#1729,.T.);
#2243=ORIENTED_EDGE('',*,*,#1743,.T.);
#2244=ORIENTED_EDGE('',*,*,#1740,.F.);
#2245=ORIENTED_EDGE('',*,*,#1744,.T.);
#2246=ORIENTED_EDGE('',*,*,#1668,.T.);
#2247=ORIENTED_EDGE('',*,*,#1745,.T.);
#2248=ORIENTED_EDGE('',*,*,#1726,.T.);
#2249=ORIENTED_EDGE('',*,*,#1684,.T.);
#2250=ORIENTED_EDGE('',*,*,#1746,.T.);
#2251=ORIENTED_EDGE('',*,*,#1747,.T.);
#2252=ORIENTED_EDGE('',*,*,#1748,.T.);
#2253=ORIENTED_EDGE('',*,*,#1749,.T.);
#2254=ORIENTED_EDGE('',*,*,#1750,.T.);
#2255=ORIENTED_EDGE('',*,*,#1751,.T.);
#2256=ORIENTED_EDGE('',*,*,#1752,.T.);
#2257=ORIENTED_EDGE('',*,*,#1753,.T.);
#2258=ORIENTED_EDGE('',*,*,#1754,.T.);
#2259=ORIENTED_EDGE('',*,*,#1755,.T.);
#2260=ORIENTED_EDGE('',*,*,#1756,.T.);
#2261=ORIENTED_EDGE('',*,*,#1757,.T.);
#2262=ORIENTED_EDGE('',*,*,#1733,.F.);
#2263=ORIENTED_EDGE('',*,*,#1730,.F.);
#2264=ORIENTED_EDGE('',*,*,#1744,.F.);
#2265=ORIENTED_EDGE('',*,*,#1742,.F.);
#2266=ORIENTED_EDGE('',*,*,#1739,.F.);
#2267=ORIENTED_EDGE('',*,*,#1736,.F.);
#2268=ORIENTED_EDGE('',*,*,#1609,.F.);
#2269=ORIENTED_EDGE('',*,*,#1758,.T.);
#2270=ORIENTED_EDGE('',*,*,#1759,.T.);
#2271=ORIENTED_EDGE('',*,*,#1760,.T.);
#2272=ORIENTED_EDGE('',*,*,#1761,.T.);
#2273=ORIENTED_EDGE('',*,*,#1762,.T.);
#2274=ORIENTED_EDGE('',*,*,#1763,.T.);
#2275=ORIENTED_EDGE('',*,*,#1607,.T.);
#2276=ORIENTED_EDGE('',*,*,#1764,.F.);
#2277=ORIENTED_EDGE('',*,*,#1765,.T.);
#2278=ORIENTED_EDGE('',*,*,#1766,.F.);
#2279=ORIENTED_EDGE('',*,*,#1693,.F.);
#2280=ORIENTED_EDGE('',*,*,#1767,.T.);
#2281=ORIENTED_EDGE('',*,*,#1768,.T.);
#2282=ORIENTED_EDGE('',*,*,#1769,.F.);
#2283=ORIENTED_EDGE('',*,*,#1762,.F.);
#2284=ORIENTED_EDGE('',*,*,#1770,.T.);
#2285=ORIENTED_EDGE('',*,*,#1771,.T.);
#2286=ORIENTED_EDGE('',*,*,#1767,.F.);
#2287=ORIENTED_EDGE('',*,*,#1761,.F.);
#2288=ORIENTED_EDGE('',*,*,#1772,.T.);
#2289=ORIENTED_EDGE('',*,*,#1773,.T.);
#2290=ORIENTED_EDGE('',*,*,#1770,.F.);
#2291=ORIENTED_EDGE('',*,*,#1760,.F.);
#2292=ORIENTED_EDGE('',*,*,#1774,.T.);
#2293=ORIENTED_EDGE('',*,*,#1775,.T.);
#2294=ORIENTED_EDGE('',*,*,#1772,.F.);
#2295=ORIENTED_EDGE('',*,*,#1759,.F.);
#2296=ORIENTED_EDGE('',*,*,#1776,.T.);
#2297=ORIENTED_EDGE('',*,*,#1777,.T.);
#2298=ORIENTED_EDGE('',*,*,#1774,.F.);
#2299=ORIENTED_EDGE('',*,*,#1758,.F.);
#2300=ORIENTED_EDGE('',*,*,#1769,.T.);
#2301=ORIENTED_EDGE('',*,*,#1778,.T.);
#2302=ORIENTED_EDGE('',*,*,#1776,.F.);
#2303=ORIENTED_EDGE('',*,*,#1763,.F.);
#2304=ORIENTED_EDGE('',*,*,#1692,.T.);
#2305=ORIENTED_EDGE('',*,*,#1779,.T.);
#2306=ORIENTED_EDGE('',*,*,#1780,.T.);
#2307=ORIENTED_EDGE('',*,*,#1764,.T.);
#2308=ORIENTED_EDGE('',*,*,#1781,.T.);
#2309=ORIENTED_EDGE('',*,*,#1782,.T.);
#2310=ORIENTED_EDGE('',*,*,#1689,.T.);
#2311=ORIENTED_EDGE('',*,*,#1671,.F.);
#2312=ORIENTED_EDGE('',*,*,#1783,.T.);
#2313=ORIENTED_EDGE('',*,*,#1784,.T.);
#2314=ORIENTED_EDGE('',*,*,#1785,.T.);
#2315=ORIENTED_EDGE('',*,*,#1786,.T.);
#2316=ORIENTED_EDGE('',*,*,#1787,.T.);
#2317=ORIENTED_EDGE('',*,*,#1788,.T.);
#2318=ORIENTED_EDGE('',*,*,#1675,.T.);
#2319=ORIENTED_EDGE('',*,*,#1697,.T.);
#2320=ORIENTED_EDGE('',*,*,#1789,.T.);
#2321=ORIENTED_EDGE('',*,*,#1790,.T.);
#2322=ORIENTED_EDGE('',*,*,#1694,.T.);
#2323=ORIENTED_EDGE('',*,*,#1766,.T.);
#2324=ORIENTED_EDGE('',*,*,#1791,.T.);
#2325=ORIENTED_EDGE('',*,*,#1792,.T.);
#2326=ORIENTED_EDGE('',*,*,#1793,.T.);
#2327=ORIENTED_EDGE('',*,*,#1794,.T.);
#2328=ORIENTED_EDGE('',*,*,#1795,.T.);
#2329=ORIENTED_EDGE('',*,*,#1796,.T.);
#2330=ORIENTED_EDGE('',*,*,#1797,.T.);
#2331=ORIENTED_EDGE('',*,*,#1798,.T.);
#2332=ORIENTED_EDGE('',*,*,#1606,.T.);
#2333=ORIENTED_EDGE('',*,*,#1799,.T.);
#2334=ORIENTED_EDGE('',*,*,#1800,.T.);
#2335=ORIENTED_EDGE('',*,*,#1801,.T.);
#2336=ORIENTED_EDGE('',*,*,#1802,.T.);
#2337=ORIENTED_EDGE('',*,*,#1628,.T.);
#2338=ORIENTED_EDGE('',*,*,#1803,.T.);
#2339=ORIENTED_EDGE('',*,*,#1804,.T.);
#2340=ORIENTED_EDGE('',*,*,#1805,.T.);
#2341=ORIENTED_EDGE('',*,*,#1806,.T.);
#2342=ORIENTED_EDGE('',*,*,#1807,.T.);
#2343=ORIENTED_EDGE('',*,*,#1808,.T.);
#2344=ORIENTED_EDGE('',*,*,#1809,.T.);
#2345=ORIENTED_EDGE('',*,*,#1810,.T.);
#2346=ORIENTED_EDGE('',*,*,#1811,.T.);
#2347=ORIENTED_EDGE('',*,*,#1812,.T.);
#2348=ORIENTED_EDGE('',*,*,#1813,.T.);
#2349=ORIENTED_EDGE('',*,*,#1814,.T.);
#2350=ORIENTED_EDGE('',*,*,#1815,.T.);
#2351=ORIENTED_EDGE('',*,*,#1816,.T.);
#2352=ORIENTED_EDGE('',*,*,#1817,.T.);
#2353=ORIENTED_EDGE('',*,*,#1818,.T.);
#2354=ORIENTED_EDGE('',*,*,#1819,.T.);
#2355=ORIENTED_EDGE('',*,*,#1572,.T.);
#2356=ORIENTED_EDGE('',*,*,#1820,.T.);
#2357=ORIENTED_EDGE('',*,*,#1821,.T.);
#2358=ORIENTED_EDGE('',*,*,#1822,.T.);
#2359=ORIENTED_EDGE('',*,*,#1823,.T.);
#2360=ORIENTED_EDGE('',*,*,#1824,.T.);
#2361=ORIENTED_EDGE('',*,*,#1825,.T.);
#2362=ORIENTED_EDGE('',*,*,#1563,.T.);
#2363=ORIENTED_EDGE('',*,*,#1826,.T.);
#2364=ORIENTED_EDGE('',*,*,#1592,.T.);
#2365=ORIENTED_EDGE('',*,*,#1827,.T.);
#2366=ORIENTED_EDGE('',*,*,#1828,.T.);
#2367=ORIENTED_EDGE('',*,*,#1829,.T.);
#2368=ORIENTED_EDGE('',*,*,#1830,.T.);
#2369=ORIENTED_EDGE('',*,*,#1568,.T.);
#2370=ORIENTED_EDGE('',*,*,#1831,.T.);
#2371=ORIENTED_EDGE('',*,*,#1832,.T.);
#2372=ORIENTED_EDGE('',*,*,#1833,.T.);
#2373=ORIENTED_EDGE('',*,*,#1834,.T.);
#2374=ORIENTED_EDGE('',*,*,#1835,.T.);
#2375=ORIENTED_EDGE('',*,*,#1836,.T.);
#2376=ORIENTED_EDGE('',*,*,#1837,.T.);
#2377=ORIENTED_EDGE('',*,*,#1838,.T.);
#2378=ORIENTED_EDGE('',*,*,#1839,.T.);
#2379=ORIENTED_EDGE('',*,*,#1840,.T.);
#2380=ORIENTED_EDGE('',*,*,#1841,.T.);
#2381=ORIENTED_EDGE('',*,*,#1842,.T.);
#2382=ORIENTED_EDGE('',*,*,#1843,.T.);
#2383=ORIENTED_EDGE('',*,*,#1573,.T.);
#2384=ORIENTED_EDGE('',*,*,#1596,.F.);
#2385=ORIENTED_EDGE('',*,*,#1588,.T.);
#2386=ORIENTED_EDGE('',*,*,#1598,.T.);
#2387=ORIENTED_EDGE('',*,*,#1823,.F.);
#2388=ORIENTED_EDGE('',*,*,#1844,.T.);
#2389=ORIENTED_EDGE('',*,*,#1813,.F.);
#2390=ORIENTED_EDGE('',*,*,#1845,.T.);
#2391=ORIENTED_EDGE('',*,*,#1846,.T.);
#2392=ORIENTED_EDGE('',*,*,#1809,.F.);
#2393=ORIENTED_EDGE('',*,*,#1847,.T.);
#2394=ORIENTED_EDGE('',*,*,#1821,.F.);
#2395=ORIENTED_EDGE('',*,*,#1848,.T.);
#2396=ORIENTED_EDGE('',*,*,#1849,.T.);
#2397=ORIENTED_EDGE('',*,*,#1826,.F.);
#2398=ORIENTED_EDGE('',*,*,#1850,.T.);
#2399=ORIENTED_EDGE('',*,*,#1832,.F.);
#2400=ORIENTED_EDGE('',*,*,#1851,.T.);
#2401=ORIENTED_EDGE('',*,*,#1852,.T.);
#2402=ORIENTED_EDGE('',*,*,#1837,.F.);
#2403=ORIENTED_EDGE('',*,*,#1853,.T.);
#2404=ORIENTED_EDGE('',*,*,#1825,.F.);
#2405=ORIENTED_EDGE('',*,*,#1854,.T.);
#2406=ORIENTED_EDGE('',*,*,#1855,.T.);
#2407=ORIENTED_EDGE('',*,*,#1856,.T.);
#2408=ORIENTED_EDGE('',*,*,#1857,.T.);
#2409=ORIENTED_EDGE('',*,*,#1710,.F.);
#2410=ORIENTED_EDGE('',*,*,#1676,.F.);
#2411=ORIENTED_EDGE('',*,*,#1788,.F.);
#2412=ORIENTED_EDGE('',*,*,#1787,.F.);
#2413=ORIENTED_EDGE('',*,*,#1858,.T.);
#2414=ORIENTED_EDGE('',*,*,#1859,.T.);
#2415=ORIENTED_EDGE('',*,*,#1752,.F.);
#2416=ORIENTED_EDGE('',*,*,#1860,.T.);
#2417=ORIENTED_EDGE('',*,*,#1861,.T.);
#2418=ORIENTED_EDGE('',*,*,#1862,.T.);
#2419=ORIENTED_EDGE('',*,*,#1716,.F.);
#2420=ORIENTED_EDGE('',*,*,#1863,.T.);
#2421=ORIENTED_EDGE('',*,*,#1754,.F.);
#2422=ORIENTED_EDGE('',*,*,#1864,.T.);
#2423=ORIENTED_EDGE('',*,*,#1865,.T.);
#2424=ORIENTED_EDGE('',*,*,#1715,.F.);
#2425=ORIENTED_EDGE('',*,*,#1678,.F.);
#2426=ORIENTED_EDGE('',*,*,#1712,.F.);
#2427=ORIENTED_EDGE('',*,*,#1866,.T.);
#2428=ORIENTED_EDGE('',*,*,#1867,.T.);
#2429=ORIENTED_EDGE('',*,*,#1784,.F.);
#2430=ORIENTED_EDGE('',*,*,#1868,.T.);
#2431=ORIENTED_EDGE('',*,*,#1748,.F.);
#2432=ORIENTED_EDGE('',*,*,#1869,.T.);
#2433=ORIENTED_EDGE('',*,*,#1870,.T.);
#2434=ORIENTED_EDGE('',*,*,#1783,.F.);
#2435=ORIENTED_EDGE('',*,*,#1670,.F.);
#2436=ORIENTED_EDGE('',*,*,#1723,.F.);
#2437=ORIENTED_EDGE('',*,*,#1720,.F.);
#2438=ORIENTED_EDGE('',*,*,#1871,.T.);
#2439=ORIENTED_EDGE('',*,*,#1872,.T.);
#2440=ORIENTED_EDGE('',*,*,#1721,.F.);
#2441=ORIENTED_EDGE('',*,*,#1674,.F.);
#2442=ORIENTED_EDGE('',*,*,#1719,.F.);
#2443=ORIENTED_EDGE('',*,*,#1873,.T.);
#2444=ORIENTED_EDGE('',*,*,#1874,.T.);
#2445=ORIENTED_EDGE('',*,*,#1746,.F.);
#2446=ORIENTED_EDGE('',*,*,#1875,.T.);
#2447=ORIENTED_EDGE('',*,*,#1871,.F.);
#2448=ORIENTED_EDGE('',*,*,#1875,.F.);
#2449=ORIENTED_EDGE('',*,*,#1876,.F.);
#2450=ORIENTED_EDGE('',*,*,#1876,.T.);
#2451=ORIENTED_EDGE('',*,*,#1751,.F.);
#2452=ORIENTED_EDGE('',*,*,#1877,.F.);
#2453=ORIENTED_EDGE('',*,*,#1872,.F.);
#2454=ORIENTED_EDGE('',*,*,#1877,.T.);
#2455=ORIENTED_EDGE('',*,*,#1750,.F.);
#2456=ORIENTED_EDGE('',*,*,#1878,.F.);
#2457=ORIENTED_EDGE('',*,*,#1722,.F.);
#2458=ORIENTED_EDGE('',*,*,#1878,.T.);
#2459=ORIENTED_EDGE('',*,*,#1749,.F.);
#2460=ORIENTED_EDGE('',*,*,#1879,.F.);
#2461=ORIENTED_EDGE('',*,*,#1869,.F.);
#2462=ORIENTED_EDGE('',*,*,#1879,.T.);
#2463=ORIENTED_EDGE('',*,*,#1868,.F.);
#2464=ORIENTED_EDGE('',*,*,#1870,.F.);
#2465=ORIENTED_EDGE('',*,*,#1856,.F.);
#2466=ORIENTED_EDGE('',*,*,#1860,.F.);
#2467=ORIENTED_EDGE('',*,*,#1880,.F.);
#2468=ORIENTED_EDGE('',*,*,#1880,.T.);
#2469=ORIENTED_EDGE('',*,*,#1757,.F.);
#2470=ORIENTED_EDGE('',*,*,#1881,.F.);
#2471=ORIENTED_EDGE('',*,*,#1857,.F.);
#2472=ORIENTED_EDGE('',*,*,#1881,.T.);
#2473=ORIENTED_EDGE('',*,*,#1756,.F.);
#2474=ORIENTED_EDGE('',*,*,#1882,.F.);
#2475=ORIENTED_EDGE('',*,*,#1711,.F.);
#2476=ORIENTED_EDGE('',*,*,#1882,.T.);
#2477=ORIENTED_EDGE('',*,*,#1755,.F.);
#2478=ORIENTED_EDGE('',*,*,#1883,.F.);
#2479=ORIENTED_EDGE('',*,*,#1864,.F.);
#2480=ORIENTED_EDGE('',*,*,#1883,.T.);
#2481=ORIENTED_EDGE('',*,*,#1863,.F.);
#2482=ORIENTED_EDGE('',*,*,#1865,.F.);
#2483=ORIENTED_EDGE('',*,*,#1612,.F.);
#2484=ORIENTED_EDGE('',*,*,#1884,.T.);
#2485=ORIENTED_EDGE('',*,*,#1861,.F.);
#2486=ORIENTED_EDGE('',*,*,#1885,.F.);
#2487=ORIENTED_EDGE('',*,*,#1885,.T.);
#2488=ORIENTED_EDGE('',*,*,#1753,.F.);
#2489=ORIENTED_EDGE('',*,*,#1886,.F.);
#2490=ORIENTED_EDGE('',*,*,#1613,.F.);
#2491=ORIENTED_EDGE('',*,*,#1859,.F.);
#2492=ORIENTED_EDGE('',*,*,#1887,.T.);
#2493=ORIENTED_EDGE('',*,*,#1614,.F.);
#2494=ORIENTED_EDGE('',*,*,#1886,.T.);
#2495=ORIENTED_EDGE('',*,*,#1874,.F.);
#2496=ORIENTED_EDGE('',*,*,#1888,.T.);
#2497=ORIENTED_EDGE('',*,*,#1652,.F.);
#2498=ORIENTED_EDGE('',*,*,#1889,.F.);
#2499=ORIENTED_EDGE('',*,*,#1889,.T.);
#2500=ORIENTED_EDGE('',*,*,#1656,.F.);
#2501=ORIENTED_EDGE('',*,*,#1890,.F.);
#2502=ORIENTED_EDGE('',*,*,#1747,.F.);
#2503=ORIENTED_EDGE('',*,*,#1655,.F.);
#2504=ORIENTED_EDGE('',*,*,#1891,.T.);
#2505=ORIENTED_EDGE('',*,*,#1866,.F.);
#2506=ORIENTED_EDGE('',*,*,#1890,.T.);
#2507=ORIENTED_EDGE('',*,*,#1831,.F.);
#2508=ORIENTED_EDGE('',*,*,#1567,.T.);
#2509=ORIENTED_EDGE('',*,*,#1892,.T.);
#2510=ORIENTED_EDGE('',*,*,#1647,.F.);
#2511=ORIENTED_EDGE('',*,*,#1893,.F.);
#2512=ORIENTED_EDGE('',*,*,#1893,.T.);
#2513=ORIENTED_EDGE('',*,*,#1651,.F.);
#2514=ORIENTED_EDGE('',*,*,#1894,.F.);
#2515=ORIENTED_EDGE('',*,*,#1851,.F.);
#2516=ORIENTED_EDGE('',*,*,#1894,.T.);
#2517=ORIENTED_EDGE('',*,*,#1630,.F.);
#2518=ORIENTED_EDGE('',*,*,#1593,.F.);
#2519=ORIENTED_EDGE('',*,*,#1852,.F.);
#2520=ORIENTED_EDGE('',*,*,#1595,.T.);
#2521=ORIENTED_EDGE('',*,*,#1629,.F.);
#2522=ORIENTED_EDGE('',*,*,#1895,.F.);
#2523=ORIENTED_EDGE('',*,*,#1854,.F.);
#2524=ORIENTED_EDGE('',*,*,#1895,.T.);
#2525=ORIENTED_EDGE('',*,*,#1802,.F.);
#2526=ORIENTED_EDGE('',*,*,#1896,.F.);
#2527=ORIENTED_EDGE('',*,*,#1855,.F.);
#2528=ORIENTED_EDGE('',*,*,#1801,.F.);
#2529=ORIENTED_EDGE('',*,*,#1897,.T.);
#2530=ORIENTED_EDGE('',*,*,#1838,.F.);
#2531=ORIENTED_EDGE('',*,*,#1896,.T.);
#2532=ORIENTED_EDGE('',*,*,#1820,.F.);
#2533=ORIENTED_EDGE('',*,*,#1571,.T.);
#2534=ORIENTED_EDGE('',*,*,#1898,.T.);
#2535=ORIENTED_EDGE('',*,*,#1799,.F.);
#2536=ORIENTED_EDGE('',*,*,#1899,.F.);
#2537=ORIENTED_EDGE('',*,*,#1899,.T.);
#2538=ORIENTED_EDGE('',*,*,#1803,.F.);
#2539=ORIENTED_EDGE('',*,*,#1900,.F.);
#2540=ORIENTED_EDGE('',*,*,#1845,.F.);
#2541=ORIENTED_EDGE('',*,*,#1900,.T.);
#2542=ORIENTED_EDGE('',*,*,#1634,.F.);
#2543=ORIENTED_EDGE('',*,*,#1901,.F.);
#2544=ORIENTED_EDGE('',*,*,#1846,.F.);
#2545=ORIENTED_EDGE('',*,*,#1901,.T.);
#2546=ORIENTED_EDGE('',*,*,#1633,.F.);
#2547=ORIENTED_EDGE('',*,*,#1902,.F.);
#2548=ORIENTED_EDGE('',*,*,#1824,.F.);
#2549=ORIENTED_EDGE('',*,*,#1902,.T.);
#2550=ORIENTED_EDGE('',*,*,#1632,.F.);
#2551=ORIENTED_EDGE('',*,*,#1903,.F.);
#2552=ORIENTED_EDGE('',*,*,#1848,.F.);
#2553=ORIENTED_EDGE('',*,*,#1903,.T.);
#2554=ORIENTED_EDGE('',*,*,#1650,.F.);
#2555=ORIENTED_EDGE('',*,*,#1904,.F.);
#2556=ORIENTED_EDGE('',*,*,#1849,.F.);
#2557=ORIENTED_EDGE('',*,*,#1649,.F.);
#2558=ORIENTED_EDGE('',*,*,#1905,.T.);
#2559=ORIENTED_EDGE('',*,*,#1810,.F.);
#2560=ORIENTED_EDGE('',*,*,#1904,.T.);
#2561=ORIENTED_EDGE('',*,*,#1667,.F.);
#2562=ORIENTED_EDGE('',*,*,#1906,.T.);
#2563=ORIENTED_EDGE('',*,*,#1661,.F.);
#2564=ORIENTED_EDGE('',*,*,#1907,.F.);
#2565=ORIENTED_EDGE('',*,*,#1907,.T.);
#2566=ORIENTED_EDGE('',*,*,#1660,.F.);
#2567=ORIENTED_EDGE('',*,*,#1908,.F.);
#2568=ORIENTED_EDGE('',*,*,#1745,.F.);
#2569=ORIENTED_EDGE('',*,*,#1659,.F.);
#2570=ORIENTED_EDGE('',*,*,#1909,.T.);
#2571=ORIENTED_EDGE('',*,*,#1724,.F.);
#2572=ORIENTED_EDGE('',*,*,#1908,.T.);
#2573=ORIENTED_EDGE('',*,*,#1780,.F.);
#2574=ORIENTED_EDGE('',*,*,#1910,.T.);
#2575=ORIENTED_EDGE('',*,*,#1795,.F.);
#2576=ORIENTED_EDGE('',*,*,#1911,.F.);
#2577=ORIENTED_EDGE('',*,*,#1911,.T.);
#2578=ORIENTED_EDGE('',*,*,#1794,.F.);
#2579=ORIENTED_EDGE('',*,*,#1912,.F.);
#2580=ORIENTED_EDGE('',*,*,#1765,.F.);
#2581=ORIENTED_EDGE('',*,*,#1793,.F.);
#2582=ORIENTED_EDGE('',*,*,#1913,.T.);
#2583=ORIENTED_EDGE('',*,*,#1789,.F.);
#2584=ORIENTED_EDGE('',*,*,#1912,.T.);
#2585=ORIENTED_EDGE('',*,*,#1570,.F.);
#2586=ORIENTED_EDGE('',*,*,#1914,.T.);
#2587=ORIENTED_EDGE('',*,*,#1791,.F.);
#2588=ORIENTED_EDGE('',*,*,#1915,.F.);
#2589=ORIENTED_EDGE('',*,*,#1898,.F.);
#2590=ORIENTED_EDGE('',*,*,#1915,.T.);
#2591=ORIENTED_EDGE('',*,*,#1798,.F.);
#2592=ORIENTED_EDGE('',*,*,#1916,.F.);
#2593=ORIENTED_EDGE('',*,*,#1800,.F.);
#2594=ORIENTED_EDGE('',*,*,#1797,.F.);
#2595=ORIENTED_EDGE('',*,*,#1917,.T.);
#2596=ORIENTED_EDGE('',*,*,#1839,.F.);
#2597=ORIENTED_EDGE('',*,*,#1897,.F.);
#2598=ORIENTED_EDGE('',*,*,#1916,.T.);
#2599=ORIENTED_EDGE('',*,*,#1663,.F.);
#2600=ORIENTED_EDGE('',*,*,#1918,.T.);
#2601=ORIENTED_EDGE('',*,*,#1811,.F.);
#2602=ORIENTED_EDGE('',*,*,#1905,.F.);
#2603=ORIENTED_EDGE('',*,*,#1919,.F.);
#2604=ORIENTED_EDGE('',*,*,#1919,.T.);
#2605=ORIENTED_EDGE('',*,*,#1648,.F.);
#2606=ORIENTED_EDGE('',*,*,#1920,.F.);
#2607=ORIENTED_EDGE('',*,*,#1664,.F.);
#2608=ORIENTED_EDGE('',*,*,#1566,.F.);
#2609=ORIENTED_EDGE('',*,*,#1921,.T.);
#2610=ORIENTED_EDGE('',*,*,#1657,.F.);
#2611=ORIENTED_EDGE('',*,*,#1920,.T.);
#2612=ORIENTED_EDGE('',*,*,#1892,.F.);
#2613=ORIENTED_EDGE('',*,*,#1818,.F.);
#2614=ORIENTED_EDGE('',*,*,#1922,.T.);
#2615=ORIENTED_EDGE('',*,*,#1622,.F.);
#2616=ORIENTED_EDGE('',*,*,#1923,.F.);
#2617=ORIENTED_EDGE('',*,*,#1923,.T.);
#2618=ORIENTED_EDGE('',*,*,#1627,.F.);
#2619=ORIENTED_EDGE('',*,*,#1924,.F.);
#2620=ORIENTED_EDGE('',*,*,#1914,.F.);
#2621=ORIENTED_EDGE('',*,*,#1569,.F.);
#2622=ORIENTED_EDGE('',*,*,#1819,.F.);
#2623=ORIENTED_EDGE('',*,*,#1925,.F.);
#2624=ORIENTED_EDGE('',*,*,#1792,.F.);
#2625=ORIENTED_EDGE('',*,*,#1924,.T.);
#2626=ORIENTED_EDGE('',*,*,#1626,.F.);
#2627=ORIENTED_EDGE('',*,*,#1913,.F.);
#2628=ORIENTED_EDGE('',*,*,#1925,.T.);
#2629=ORIENTED_EDGE('',*,*,#1926,.F.);
#2630=ORIENTED_EDGE('',*,*,#1926,.T.);
#2631=ORIENTED_EDGE('',*,*,#1625,.F.);
#2632=ORIENTED_EDGE('',*,*,#1695,.F.);
#2633=ORIENTED_EDGE('',*,*,#1790,.F.);
#2634=ORIENTED_EDGE('',*,*,#1618,.F.);
#2635=ORIENTED_EDGE('',*,*,#1927,.T.);
#2636=ORIENTED_EDGE('',*,*,#1841,.F.);
#2637=ORIENTED_EDGE('',*,*,#1928,.F.);
#2638=ORIENTED_EDGE('',*,*,#1840,.F.);
#2639=ORIENTED_EDGE('',*,*,#1917,.F.);
#2640=ORIENTED_EDGE('',*,*,#1929,.F.);
#2641=ORIENTED_EDGE('',*,*,#1619,.F.);
#2642=ORIENTED_EDGE('',*,*,#1928,.T.);
#2643=ORIENTED_EDGE('',*,*,#1929,.T.);
#2644=ORIENTED_EDGE('',*,*,#1796,.F.);
#2645=ORIENTED_EDGE('',*,*,#1930,.F.);
#2646=ORIENTED_EDGE('',*,*,#1620,.F.);
#2647=ORIENTED_EDGE('',*,*,#1930,.T.);
#2648=ORIENTED_EDGE('',*,*,#1910,.F.);
#2649=ORIENTED_EDGE('',*,*,#1931,.F.);
#2650=ORIENTED_EDGE('',*,*,#1691,.F.);
#2651=ORIENTED_EDGE('',*,*,#1621,.F.);
#2652=ORIENTED_EDGE('',*,*,#1931,.T.);
#2653=ORIENTED_EDGE('',*,*,#1779,.F.);
#2654=ORIENTED_EDGE('',*,*,#1829,.F.);
#2655=ORIENTED_EDGE('',*,*,#1932,.T.);
#2656=ORIENTED_EDGE('',*,*,#1641,.F.);
#2657=ORIENTED_EDGE('',*,*,#1933,.F.);
#2658=ORIENTED_EDGE('',*,*,#1933,.T.);
#2659=ORIENTED_EDGE('',*,*,#1646,.F.);
#2660=ORIENTED_EDGE('',*,*,#1934,.F.);
#2661=ORIENTED_EDGE('',*,*,#1921,.F.);
#2662=ORIENTED_EDGE('',*,*,#1565,.F.);
#2663=ORIENTED_EDGE('',*,*,#1830,.F.);
#2664=ORIENTED_EDGE('',*,*,#1935,.F.);
#2665=ORIENTED_EDGE('',*,*,#1658,.F.);
#2666=ORIENTED_EDGE('',*,*,#1934,.T.);
#2667=ORIENTED_EDGE('',*,*,#1645,.F.);
#2668=ORIENTED_EDGE('',*,*,#1909,.F.);
#2669=ORIENTED_EDGE('',*,*,#1935,.T.);
#2670=ORIENTED_EDGE('',*,*,#1936,.F.);
#2671=ORIENTED_EDGE('',*,*,#1686,.F.);
#2672=ORIENTED_EDGE('',*,*,#1725,.F.);
#2673=ORIENTED_EDGE('',*,*,#1936,.T.);
#2674=ORIENTED_EDGE('',*,*,#1644,.F.);
#2675=ORIENTED_EDGE('',*,*,#1637,.F.);
#2676=ORIENTED_EDGE('',*,*,#1937,.T.);
#2677=ORIENTED_EDGE('',*,*,#1804,.F.);
#2678=ORIENTED_EDGE('',*,*,#1938,.F.);
#2679=ORIENTED_EDGE('',*,*,#1812,.F.);
#2680=ORIENTED_EDGE('',*,*,#1918,.F.);
#2681=ORIENTED_EDGE('',*,*,#1939,.F.);
#2682=ORIENTED_EDGE('',*,*,#1638,.F.);
#2683=ORIENTED_EDGE('',*,*,#1938,.T.);
#2684=ORIENTED_EDGE('',*,*,#1939,.T.);
#2685=ORIENTED_EDGE('',*,*,#1662,.F.);
#2686=ORIENTED_EDGE('',*,*,#1940,.F.);
#2687=ORIENTED_EDGE('',*,*,#1639,.F.);
#2688=ORIENTED_EDGE('',*,*,#1940,.T.);
#2689=ORIENTED_EDGE('',*,*,#1906,.F.);
#2690=ORIENTED_EDGE('',*,*,#1941,.F.);
#2691=ORIENTED_EDGE('',*,*,#1941,.T.);
#2692=ORIENTED_EDGE('',*,*,#1666,.F.);
#2693=ORIENTED_EDGE('',*,*,#1683,.F.);
#2694=ORIENTED_EDGE('',*,*,#1640,.F.);
#2695=ORIENTED_EDGE('',*,*,#1696,.F.);
#2696=ORIENTED_EDGE('',*,*,#1623,.F.);
#2697=ORIENTED_EDGE('',*,*,#1942,.F.);
#2698=ORIENTED_EDGE('',*,*,#1785,.F.);
#2699=ORIENTED_EDGE('',*,*,#1942,.T.);
#2700=ORIENTED_EDGE('',*,*,#1922,.F.);
#2701=ORIENTED_EDGE('',*,*,#1943,.F.);
#2702=ORIENTED_EDGE('',*,*,#1943,.T.);
#2703=ORIENTED_EDGE('',*,*,#1817,.F.);
#2704=ORIENTED_EDGE('',*,*,#1944,.F.);
#2705=ORIENTED_EDGE('',*,*,#1786,.F.);
#2706=ORIENTED_EDGE('',*,*,#1945,.F.);
#2707=ORIENTED_EDGE('',*,*,#1858,.F.);
#2708=ORIENTED_EDGE('',*,*,#1944,.T.);
#2709=ORIENTED_EDGE('',*,*,#1816,.F.);
#2710=ORIENTED_EDGE('',*,*,#1887,.F.);
#2711=ORIENTED_EDGE('',*,*,#1945,.T.);
#2712=ORIENTED_EDGE('',*,*,#1946,.F.);
#2713=ORIENTED_EDGE('',*,*,#1946,.T.);
#2714=ORIENTED_EDGE('',*,*,#1815,.F.);
#2715=ORIENTED_EDGE('',*,*,#1947,.F.);
#2716=ORIENTED_EDGE('',*,*,#1615,.F.);
#2717=ORIENTED_EDGE('',*,*,#1947,.T.);
#2718=ORIENTED_EDGE('',*,*,#1814,.F.);
#2719=ORIENTED_EDGE('',*,*,#1948,.F.);
#2720=ORIENTED_EDGE('',*,*,#1585,.F.);
#2721=ORIENTED_EDGE('',*,*,#1948,.T.);
#2722=ORIENTED_EDGE('',*,*,#1844,.F.);
#2723=ORIENTED_EDGE('',*,*,#1949,.F.);
#2724=ORIENTED_EDGE('',*,*,#1589,.F.);
#2725=ORIENTED_EDGE('',*,*,#1586,.F.);
#2726=ORIENTED_EDGE('',*,*,#1949,.T.);
#2727=ORIENTED_EDGE('',*,*,#1822,.F.);
#2728=ORIENTED_EDGE('',*,*,#1950,.F.);
#2729=ORIENTED_EDGE('',*,*,#1590,.F.);
#2730=ORIENTED_EDGE('',*,*,#1950,.T.);
#2731=ORIENTED_EDGE('',*,*,#1847,.F.);
#2732=ORIENTED_EDGE('',*,*,#1951,.F.);
#2733=ORIENTED_EDGE('',*,*,#1582,.F.);
#2734=ORIENTED_EDGE('',*,*,#1591,.F.);
#2735=ORIENTED_EDGE('',*,*,#1951,.T.);
#2736=ORIENTED_EDGE('',*,*,#1808,.F.);
#2737=ORIENTED_EDGE('',*,*,#1952,.F.);
#2738=ORIENTED_EDGE('',*,*,#1583,.F.);
#2739=ORIENTED_EDGE('',*,*,#1953,.F.);
#2740=ORIENTED_EDGE('',*,*,#1611,.F.);
#2741=ORIENTED_EDGE('',*,*,#1952,.T.);
#2742=ORIENTED_EDGE('',*,*,#1807,.F.);
#2743=ORIENTED_EDGE('',*,*,#1884,.F.);
#2744=ORIENTED_EDGE('',*,*,#1953,.T.);
#2745=ORIENTED_EDGE('',*,*,#1954,.F.);
#2746=ORIENTED_EDGE('',*,*,#1954,.T.);
#2747=ORIENTED_EDGE('',*,*,#1806,.F.);
#2748=ORIENTED_EDGE('',*,*,#1955,.F.);
#2749=ORIENTED_EDGE('',*,*,#1862,.F.);
#2750=ORIENTED_EDGE('',*,*,#1955,.T.);
#2751=ORIENTED_EDGE('',*,*,#1805,.F.);
#2752=ORIENTED_EDGE('',*,*,#1956,.F.);
#2753=ORIENTED_EDGE('',*,*,#1713,.F.);
#2754=ORIENTED_EDGE('',*,*,#1956,.T.);
#2755=ORIENTED_EDGE('',*,*,#1937,.F.);
#2756=ORIENTED_EDGE('',*,*,#1957,.F.);
#2757=ORIENTED_EDGE('',*,*,#1957,.T.);
#2758=ORIENTED_EDGE('',*,*,#1636,.F.);
#2759=ORIENTED_EDGE('',*,*,#1682,.F.);
#2760=ORIENTED_EDGE('',*,*,#1714,.F.);
#2761=ORIENTED_EDGE('',*,*,#1958,.F.);
#2762=ORIENTED_EDGE('',*,*,#1617,.F.);
#2763=ORIENTED_EDGE('',*,*,#1690,.F.);
#2764=ORIENTED_EDGE('',*,*,#1782,.F.);
#2765=ORIENTED_EDGE('',*,*,#1927,.F.);
#2766=ORIENTED_EDGE('',*,*,#1958,.T.);
#2767=ORIENTED_EDGE('',*,*,#1959,.F.);
#2768=ORIENTED_EDGE('',*,*,#1959,.T.);
#2769=ORIENTED_EDGE('',*,*,#1781,.F.);
#2770=ORIENTED_EDGE('',*,*,#1960,.F.);
#2771=ORIENTED_EDGE('',*,*,#1842,.F.);
#2772=ORIENTED_EDGE('',*,*,#1960,.T.);
#2773=ORIENTED_EDGE('',*,*,#1867,.F.);
#2774=ORIENTED_EDGE('',*,*,#1961,.F.);
#2775=ORIENTED_EDGE('',*,*,#1843,.F.);
#2776=ORIENTED_EDGE('',*,*,#1961,.T.);
#2777=ORIENTED_EDGE('',*,*,#1891,.F.);
#2778=ORIENTED_EDGE('',*,*,#1962,.F.);
#2779=ORIENTED_EDGE('',*,*,#1962,.T.);
#2780=ORIENTED_EDGE('',*,*,#1654,.F.);
#2781=ORIENTED_EDGE('',*,*,#1963,.F.);
#2782=ORIENTED_EDGE('',*,*,#1835,.F.);
#2783=ORIENTED_EDGE('',*,*,#1963,.T.);
#2784=ORIENTED_EDGE('',*,*,#1576,.F.);
#2785=ORIENTED_EDGE('',*,*,#1964,.F.);
#2786=ORIENTED_EDGE('',*,*,#1836,.F.);
#2787=ORIENTED_EDGE('',*,*,#1964,.T.);
#2788=ORIENTED_EDGE('',*,*,#1575,.F.);
#2789=ORIENTED_EDGE('',*,*,#1581,.F.);
#2790=ORIENTED_EDGE('',*,*,#1564,.F.);
#2791=ORIENTED_EDGE('',*,*,#1853,.F.);
#2792=ORIENTED_EDGE('',*,*,#1562,.T.);
#2793=ORIENTED_EDGE('',*,*,#1580,.F.);
#2794=ORIENTED_EDGE('',*,*,#1579,.F.);
#2795=ORIENTED_EDGE('',*,*,#1965,.F.);
#2796=ORIENTED_EDGE('',*,*,#1850,.F.);
#2797=ORIENTED_EDGE('',*,*,#1965,.T.);
#2798=ORIENTED_EDGE('',*,*,#1578,.F.);
#2799=ORIENTED_EDGE('',*,*,#1966,.F.);
#2800=ORIENTED_EDGE('',*,*,#1833,.F.);
#2801=ORIENTED_EDGE('',*,*,#1966,.T.);
#2802=ORIENTED_EDGE('',*,*,#1653,.F.);
#2803=ORIENTED_EDGE('',*,*,#1967,.F.);
#2804=ORIENTED_EDGE('',*,*,#1834,.F.);
#2805=ORIENTED_EDGE('',*,*,#1967,.T.);
#2806=ORIENTED_EDGE('',*,*,#1888,.F.);
#2807=ORIENTED_EDGE('',*,*,#1968,.F.);
#2808=ORIENTED_EDGE('',*,*,#1968,.T.);
#2809=ORIENTED_EDGE('',*,*,#1873,.F.);
#2810=ORIENTED_EDGE('',*,*,#1969,.F.);
#2811=ORIENTED_EDGE('',*,*,#1827,.F.);
#2812=ORIENTED_EDGE('',*,*,#1970,.F.);
#2813=ORIENTED_EDGE('',*,*,#1828,.F.);
#2814=ORIENTED_EDGE('',*,*,#1969,.T.);
#2815=ORIENTED_EDGE('',*,*,#1718,.F.);
#2816=ORIENTED_EDGE('',*,*,#1932,.F.);
#2817=ORIENTED_EDGE('',*,*,#1970,.T.);
#2818=ORIENTED_EDGE('',*,*,#1971,.F.);
#2819=ORIENTED_EDGE('',*,*,#1971,.T.);
#2820=ORIENTED_EDGE('',*,*,#1717,.F.);
#2821=ORIENTED_EDGE('',*,*,#1687,.F.);
#2822=ORIENTED_EDGE('',*,*,#1642,.F.);
#2823=ORIENTED_EDGE('',*,*,#1972,.F.);
#2824=ORIENTED_EDGE('',*,*,#1702,.F.);
#2825=ORIENTED_EDGE('',*,*,#1973,.F.);
#2826=ORIENTED_EDGE('',*,*,#1735,.F.);
#2827=ORIENTED_EDGE('',*,*,#1973,.T.);
#2828=ORIENTED_EDGE('',*,*,#1701,.F.);
#2829=ORIENTED_EDGE('',*,*,#1974,.F.);
#2830=ORIENTED_EDGE('',*,*,#1732,.F.);
#2831=ORIENTED_EDGE('',*,*,#1972,.T.);
#2832=ORIENTED_EDGE('',*,*,#1738,.F.);
#2833=ORIENTED_EDGE('',*,*,#1975,.F.);
#2834=ORIENTED_EDGE('',*,*,#1703,.F.);
#2835=ORIENTED_EDGE('',*,*,#1974,.T.);
#2836=ORIENTED_EDGE('',*,*,#1700,.F.);
#2837=ORIENTED_EDGE('',*,*,#1976,.F.);
#2838=ORIENTED_EDGE('',*,*,#1728,.F.);
#2839=ORIENTED_EDGE('',*,*,#1975,.T.);
#2840=ORIENTED_EDGE('',*,*,#1741,.F.);
#2841=ORIENTED_EDGE('',*,*,#1977,.F.);
#2842=ORIENTED_EDGE('',*,*,#1698,.F.);
#2843=ORIENTED_EDGE('',*,*,#1976,.T.);
#2844=ORIENTED_EDGE('',*,*,#1699,.F.);
#2845=ORIENTED_EDGE('',*,*,#1977,.T.);
#2846=ORIENTED_EDGE('',*,*,#1743,.F.);
#2847=ORIENTED_EDGE('',*,*,#1978,.F.);
#2848=ORIENTED_EDGE('',*,*,#1771,.F.);
#2849=ORIENTED_EDGE('',*,*,#1979,.F.);
#2850=ORIENTED_EDGE('',*,*,#1708,.F.);
#2851=ORIENTED_EDGE('',*,*,#1979,.T.);
#2852=ORIENTED_EDGE('',*,*,#1773,.F.);
#2853=ORIENTED_EDGE('',*,*,#1980,.F.);
#2854=ORIENTED_EDGE('',*,*,#1709,.F.);
#2855=ORIENTED_EDGE('',*,*,#1978,.T.);
#2856=ORIENTED_EDGE('',*,*,#1707,.F.);
#2857=ORIENTED_EDGE('',*,*,#1981,.F.);
#2858=ORIENTED_EDGE('',*,*,#1768,.F.);
#2859=ORIENTED_EDGE('',*,*,#1980,.T.);
#2860=ORIENTED_EDGE('',*,*,#1775,.F.);
#2861=ORIENTED_EDGE('',*,*,#1982,.F.);
#2862=ORIENTED_EDGE('',*,*,#1704,.F.);
#2863=ORIENTED_EDGE('',*,*,#1981,.T.);
#2864=ORIENTED_EDGE('',*,*,#1706,.F.);
#2865=ORIENTED_EDGE('',*,*,#1983,.F.);
#2866=ORIENTED_EDGE('',*,*,#1778,.F.);
#2867=ORIENTED_EDGE('',*,*,#1982,.T.);
#2868=ORIENTED_EDGE('',*,*,#1777,.F.);
#2869=ORIENTED_EDGE('',*,*,#1983,.T.);
#2870=ORIENTED_EDGE('',*,*,#1705,.F.);
#2871=ORIENTED_EDGE('',*,*,#1984,.F.);
#2872=ORIENTED_EDGE('',*,*,#1985,.T.);
#2873=ORIENTED_EDGE('',*,*,#1986,.F.);
#2874=ORIENTED_EDGE('',*,*,#1985,.F.);
#2875=ORIENTED_EDGE('',*,*,#1987,.F.);
#2876=ORIENTED_EDGE('',*,*,#1988,.F.);
#2877=ORIENTED_EDGE('',*,*,#1989,.T.);
#2878=ORIENTED_EDGE('',*,*,#1990,.F.);
#2879=ORIENTED_EDGE('',*,*,#1989,.F.);
#2880=ORIENTED_EDGE('',*,*,#1987,.T.);
#2881=ORIENTED_EDGE('',*,*,#1988,.T.);
#2882=ORIENTED_EDGE('',*,*,#1991,.T.);
#2883=ORIENTED_EDGE('',*,*,#1984,.T.);
#2884=ORIENTED_EDGE('',*,*,#1991,.F.);
#2885=ORIENTED_EDGE('',*,*,#1992,.T.);
#2886=ORIENTED_EDGE('',*,*,#1993,.T.);
#2887=ORIENTED_EDGE('',*,*,#1994,.F.);
#2888=ORIENTED_EDGE('',*,*,#1993,.F.);
#2889=ORIENTED_EDGE('',*,*,#1994,.T.);
#2890=ORIENTED_EDGE('',*,*,#1990,.T.);
#2891=ORIENTED_EDGE('',*,*,#1992,.F.);
#2892=ORIENTED_EDGE('',*,*,#1986,.T.);
#2893=ORIENTED_EDGE('',*,*,#1995,.F.);
#2894=ORIENTED_EDGE('',*,*,#1996,.F.);
#2895=ORIENTED_EDGE('',*,*,#1997,.F.);
#2896=ORIENTED_EDGE('',*,*,#1998,.T.);
#2897=ORIENTED_EDGE('',*,*,#1999,.T.);
#2898=ORIENTED_EDGE('',*,*,#2000,.T.);
#2899=ORIENTED_EDGE('',*,*,#2001,.T.);
#2900=ORIENTED_EDGE('',*,*,#1998,.F.);
#2901=ORIENTED_EDGE('',*,*,#2002,.F.);
#2902=ORIENTED_EDGE('',*,*,#2003,.T.);
#2903=ORIENTED_EDGE('',*,*,#2004,.T.);
#2904=ORIENTED_EDGE('',*,*,#2005,.T.);
#2905=ORIENTED_EDGE('',*,*,#2003,.F.);
#2906=ORIENTED_EDGE('',*,*,#2006,.F.);
#2907=ORIENTED_EDGE('',*,*,#2007,.T.);
#2908=ORIENTED_EDGE('',*,*,#2008,.F.);
#2909=ORIENTED_EDGE('',*,*,#2007,.F.);
#2910=ORIENTED_EDGE('',*,*,#2009,.F.);
#2911=ORIENTED_EDGE('',*,*,#2010,.F.);
#2912=ORIENTED_EDGE('',*,*,#2011,.T.);
#2913=ORIENTED_EDGE('',*,*,#2012,.F.);
#2914=ORIENTED_EDGE('',*,*,#2011,.F.);
#2915=ORIENTED_EDGE('',*,*,#2013,.T.);
#2916=ORIENTED_EDGE('',*,*,#2014,.T.);
#2917=ORIENTED_EDGE('',*,*,#1999,.F.);
#2918=ORIENTED_EDGE('',*,*,#2001,.F.);
#2919=ORIENTED_EDGE('',*,*,#2015,.T.);
#2920=ORIENTED_EDGE('',*,*,#2016,.T.);
#2921=ORIENTED_EDGE('',*,*,#2015,.F.);
#2922=ORIENTED_EDGE('',*,*,#2000,.F.);
#2923=ORIENTED_EDGE('',*,*,#2014,.F.);
#2924=ORIENTED_EDGE('',*,*,#2005,.F.);
#2925=ORIENTED_EDGE('',*,*,#2004,.F.);
#2926=ORIENTED_EDGE('',*,*,#2009,.T.);
#2927=ORIENTED_EDGE('',*,*,#2010,.T.);
#2928=ORIENTED_EDGE('',*,*,#2017,.T.);
#2929=ORIENTED_EDGE('',*,*,#1995,.T.);
#2930=ORIENTED_EDGE('',*,*,#1997,.T.);
#2931=ORIENTED_EDGE('',*,*,#2018,.T.);
#2932=ORIENTED_EDGE('',*,*,#2006,.T.);
#2933=ORIENTED_EDGE('',*,*,#2018,.F.);
#2934=ORIENTED_EDGE('',*,*,#1996,.T.);
#2935=ORIENTED_EDGE('',*,*,#2017,.F.);
#2936=ORIENTED_EDGE('',*,*,#2002,.T.);
#2937=ORIENTED_EDGE('',*,*,#2008,.T.);
#2938=ORIENTED_EDGE('',*,*,#2013,.F.);
#2939=ORIENTED_EDGE('',*,*,#2012,.T.);
#2940=ORIENTED_EDGE('',*,*,#2016,.F.);
#2941=ORIENTED_EDGE('',*,*,#2019,.F.);
#2942=ORIENTED_EDGE('',*,*,#2020,.T.);
#2943=ORIENTED_EDGE('',*,*,#2021,.T.);
#2944=ORIENTED_EDGE('',*,*,#2020,.F.);
#2945=ORIENTED_EDGE('',*,*,#2022,.T.);
#2946=ORIENTED_EDGE('',*,*,#2023,.T.);
#2947=ORIENTED_EDGE('',*,*,#2024,.F.);
#2948=ORIENTED_EDGE('',*,*,#2023,.F.);
#2949=ORIENTED_EDGE('',*,*,#2021,.F.);
#2950=ORIENTED_EDGE('',*,*,#2022,.F.);
#2951=ORIENTED_EDGE('',*,*,#2019,.T.);
#2952=ORIENTED_EDGE('',*,*,#2024,.T.);
#2953=TOROIDAL_SURFACE('',#3181,12.1160254037844,0.5);
#2954=TOROIDAL_SURFACE('',#3190,11.25,0.5);
#2955=TOROIDAL_SURFACE('',#3196,11.25,0.5);
#2956=TOROIDAL_SURFACE('',#3203,13.25,0.5);
#2957=TOROIDAL_SURFACE('',#3347,1.,0.5);
#2958=TOROIDAL_SURFACE('',#3349,13.25,0.5);
#2959=TOROIDAL_SURFACE('',#3351,1.,0.5);
#2960=TOROIDAL_SURFACE('',#3354,1.,0.5);
#2961=TOROIDAL_SURFACE('',#3356,13.25,0.5);
#2962=TOROIDAL_SURFACE('',#3358,1.,0.5);
#2963=TOROIDAL_SURFACE('',#3362,12.25,0.5);
#2964=TOROIDAL_SURFACE('',#3367,12.25,0.5);
#2965=TOROIDAL_SURFACE('',#3380,13.25,0.5);
#2966=TOROIDAL_SURFACE('',#3449,12.1160254037844,0.5);
#2967=ADVANCED_FACE('',(#705),#2953,.T.);
#2968=ADVANCED_FACE('',(#706),#662,.F.);
#2969=ADVANCED_FACE('',(#707),#663,.F.);
#2970=ADVANCED_FACE('',(#708),#2954,.F.);
#2971=ADVANCED_FACE('',(#709),#2955,.F.);
#2972=ADVANCED_FACE('',(#710),#2956,.T.);
#2973=ADVANCED_FACE('',(#711),#506,.F.);
#2974=ADVANCED_FACE('',(#712),#116,.F.);
#2975=ADVANCED_FACE('',(#713),#117,.F.);
#2976=ADVANCED_FACE('',(#714),#507,.F.);
#2977=ADVANCED_FACE('',(#715),#508,.F.);
#2978=ADVANCED_FACE('',(#716),#509,.F.);
#2979=ADVANCED_FACE('',(#717),#53,.T.);
#2980=ADVANCED_FACE('',(#718),#54,.F.);
#2981=ADVANCED_FACE('',(#719),#510,.T.);
#2982=ADVANCED_FACE('',(#720),#55,.F.);
#2983=ADVANCED_FACE('',(#721),#56,.T.);
#2984=ADVANCED_FACE('',(#722),#57,.F.);
#2985=ADVANCED_FACE('',(#723),#511,.F.);
#2986=ADVANCED_FACE('',(#724,#37),#58,.F.);
#2987=ADVANCED_FACE('',(#725),#59,.F.);
#2988=ADVANCED_FACE('',(#726),#60,.T.);
#2989=ADVANCED_FACE('',(#727),#61,.F.);
#2990=ADVANCED_FACE('',(#728,#38,#39),#62,.F.);
#2991=ADVANCED_FACE('',(#729),#512,.T.);
#2992=ADVANCED_FACE('',(#730),#63,.F.);
#2993=ADVANCED_FACE('',(#731),#64,.F.);
#2994=ADVANCED_FACE('',(#732),#513,.T.);
#2995=ADVANCED_FACE('',(#733),#65,.T.);
#2996=ADVANCED_FACE('',(#734),#66,.F.);
#2997=ADVANCED_FACE('',(#735),#67,.F.);
#2998=ADVANCED_FACE('',(#736),#68,.F.);
#2999=ADVANCED_FACE('',(#737),#69,.F.);
#3000=ADVANCED_FACE('',(#738),#70,.F.);
#3001=ADVANCED_FACE('',(#739),#71,.F.);
#3002=ADVANCED_FACE('',(#740),#72,.F.);
#3003=ADVANCED_FACE('',(#741),#73,.T.);
#3004=ADVANCED_FACE('',(#742),#74,.F.);
#3005=ADVANCED_FACE('',(#743,#40),#75,.T.);
#3006=ADVANCED_FACE('',(#744,#41),#76,.T.);
#3007=ADVANCED_FACE('',(#745),#77,.F.);
#3008=ADVANCED_FACE('',(#746),#78,.F.);
#3009=ADVANCED_FACE('',(#747),#79,.F.);
#3010=ADVANCED_FACE('',(#748),#80,.F.);
#3011=ADVANCED_FACE('',(#749),#81,.F.);
#3012=ADVANCED_FACE('',(#750),#82,.F.);
#3013=ADVANCED_FACE('',(#751),#83,.F.);
#3014=ADVANCED_FACE('',(#752),#84,.T.);
#3015=ADVANCED_FACE('',(#753),#85,.F.);
#3016=ADVANCED_FACE('',(#754),#86,.F.);
#3017=ADVANCED_FACE('',(#755),#87,.F.);
#3018=ADVANCED_FACE('',(#756,#42),#88,.F.);
#3019=ADVANCED_FACE('',(#757),#89,.F.);
#3020=ADVANCED_FACE('',(#758),#90,.F.);
#3021=ADVANCED_FACE('',(#759),#91,.F.);
#3022=ADVANCED_FACE('',(#760),#92,.F.);
#3023=ADVANCED_FACE('',(#761),#93,.F.);
#3024=ADVANCED_FACE('',(#762),#94,.F.);
#3025=ADVANCED_FACE('',(#763),#95,.F.);
#3026=ADVANCED_FACE('',(#764,#43),#96,.T.);
#3027=ADVANCED_FACE('',(#765,#44),#97,.F.);
#3028=ADVANCED_FACE('',(#766),#514,.F.);
#3029=ADVANCED_FACE('',(#767),#515,.F.);
#3030=ADVANCED_FACE('',(#768),#516,.F.);
#3031=ADVANCED_FACE('',(#769),#517,.F.);
#3032=ADVANCED_FACE('',(#770),#518,.F.);
#3033=ADVANCED_FACE('',(#771),#519,.F.);
#3034=ADVANCED_FACE('',(#772),#520,.F.);
#3035=ADVANCED_FACE('',(#773),#521,.F.);
#3036=ADVANCED_FACE('',(#774),#522,.F.);
#3037=ADVANCED_FACE('',(#775),#523,.F.);
#3038=ADVANCED_FACE('',(#776),#524,.F.);
#3039=ADVANCED_FACE('',(#777),#525,.F.);
#3040=ADVANCED_FACE('',(#778),#664,.T.);
#3041=ADVANCED_FACE('',(#779),#2957,.T.);
#3042=ADVANCED_FACE('',(#780),#2958,.T.);
#3043=ADVANCED_FACE('',(#781),#2959,.T.);
#3044=ADVANCED_FACE('',(#782),#665,.T.);
#3045=ADVANCED_FACE('',(#783),#666,.T.);
#3046=ADVANCED_FACE('',(#784),#2960,.T.);
#3047=ADVANCED_FACE('',(#785),#2961,.T.);
#3048=ADVANCED_FACE('',(#786),#2962,.T.);
#3049=ADVANCED_FACE('',(#787),#667,.T.);
#3050=ADVANCED_FACE('',(#788),#668,.T.);
#3051=ADVANCED_FACE('',(#789),#2963,.T.);
#3052=ADVANCED_FACE('',(#790),#669,.T.);
#3053=ADVANCED_FACE('',(#791),#670,.T.);
#3054=ADVANCED_FACE('',(#792),#2964,.T.);
#3055=ADVANCED_FACE('',(#793),#671,.T.);
#3056=ADVANCED_FACE('',(#794),#526,.T.);
#3057=ADVANCED_FACE('',(#795),#672,.T.);
#3058=ADVANCED_FACE('',(#796),#673,.T.);
#3059=ADVANCED_FACE('',(#797),#674,.T.);
#3060=ADVANCED_FACE('',(#798),#675,.T.);
#3061=ADVANCED_FACE('',(#799),#527,.T.);
#3062=ADVANCED_FACE('',(#800),#528,.T.);
#3063=ADVANCED_FACE('',(#801),#676,.T.);
#3064=ADVANCED_FACE('',(#802),#677,.T.);
#3065=ADVANCED_FACE('',(#803),#2965,.T.);
#3066=ADVANCED_FACE('',(#804),#678,.T.);
#3067=ADVANCED_FACE('',(#805),#679,.T.);
#3068=ADVANCED_FACE('',(#806),#529,.T.);
#3069=ADVANCED_FACE('',(#807),#530,.T.);
#3070=ADVANCED_FACE('',(#808),#531,.T.);
#3071=ADVANCED_FACE('',(#809),#532,.T.);
#3072=ADVANCED_FACE('',(#810),#533,.T.);
#3073=ADVANCED_FACE('',(#811),#534,.T.);
#3074=ADVANCED_FACE('',(#812),#535,.T.);
#3075=ADVANCED_FACE('',(#813),#680,.F.);
#3076=ADVANCED_FACE('',(#814),#536,.F.);
#3077=ADVANCED_FACE('',(#815),#681,.F.);
#3078=ADVANCED_FACE('',(#816),#682,.F.);
#3079=ADVANCED_FACE('',(#817),#537,.F.);
#3080=ADVANCED_FACE('',(#818),#683,.F.);
#3081=ADVANCED_FACE('',(#819),#538,.T.);
#3082=ADVANCED_FACE('',(#820),#684,.T.);
#3083=ADVANCED_FACE('',(#821),#539,.T.);
#3084=ADVANCED_FACE('',(#822),#21,.T.);
#3085=ADVANCED_FACE('',(#823),#540,.T.);
#3086=ADVANCED_FACE('',(#824),#541,.T.);
#3087=ADVANCED_FACE('',(#825),#685,.T.);
#3088=ADVANCED_FACE('',(#826),#542,.T.);
#3089=ADVANCED_FACE('',(#827),#22,.T.);
#3090=ADVANCED_FACE('',(#828),#543,.T.);
#3091=ADVANCED_FACE('',(#829),#544,.T.);
#3092=ADVANCED_FACE('',(#830),#686,.T.);
#3093=ADVANCED_FACE('',(#831),#545,.T.);
#3094=ADVANCED_FACE('',(#832),#23,.T.);
#3095=ADVANCED_FACE('',(#833),#546,.T.);
#3096=ADVANCED_FACE('',(#834),#547,.T.);
#3097=ADVANCED_FACE('',(#835),#687,.T.);
#3098=ADVANCED_FACE('',(#836),#548,.T.);
#3099=ADVANCED_FACE('',(#837),#24,.T.);
#3100=ADVANCED_FACE('',(#838),#549,.T.);
#3101=ADVANCED_FACE('',(#839),#550,.T.);
#3102=ADVANCED_FACE('',(#840),#25,.T.);
#3103=ADVANCED_FACE('',(#841),#551,.T.);
#3104=ADVANCED_FACE('',(#842),#688,.T.);
#3105=ADVANCED_FACE('',(#843),#26,.T.);
#3106=ADVANCED_FACE('',(#844),#689,.T.);
#3107=ADVANCED_FACE('',(#845),#690,.T.);
#3108=ADVANCED_FACE('',(#846),#691,.T.);
#3109=ADVANCED_FACE('',(#847),#2966,.T.);
#3110=ADVANCED_FACE('',(#848),#692,.T.);
#3111=ADVANCED_FACE('',(#849),#693,.T.);
#3112=ADVANCED_FACE('',(#850),#694,.T.);
#3113=ADVANCED_FACE('',(#851),#27,.T.);
#3114=ADVANCED_FACE('',(#852),#695,.T.);
#3115=ADVANCED_FACE('',(#853),#552,.T.);
#3116=ADVANCED_FACE('',(#854),#28,.T.);
#3117=ADVANCED_FACE('',(#855),#553,.T.);
#3118=ADVANCED_FACE('',(#856),#554,.T.);
#3119=ADVANCED_FACE('',(#857),#29,.T.);
#3120=ADVANCED_FACE('',(#858),#555,.T.);
#3121=ADVANCED_FACE('',(#859),#696,.T.);
#3122=ADVANCED_FACE('',(#860),#30,.T.);
#3123=ADVANCED_FACE('',(#861),#697,.T.);
#3124=ADVANCED_FACE('',(#862),#698,.T.);
#3125=ADVANCED_FACE('',(#863),#699,.T.);
#3126=ADVANCED_FACE('',(#864),#700,.T.);
#3127=ADVANCED_FACE('',(#865),#701,.T.);
#3128=ADVANCED_FACE('',(#866),#702,.T.);
#3129=ADVANCED_FACE('',(#867),#31,.T.);
#3130=ADVANCED_FACE('',(#868),#703,.T.);
#3131=ADVANCED_FACE('',(#869),#556,.T.);
#3132=ADVANCED_FACE('',(#870),#32,.T.);
#3133=ADVANCED_FACE('',(#871),#557,.T.);
#3134=ADVANCED_FACE('',(#872),#98,.F.);
#3135=ADVANCED_FACE('',(#873),#99,.F.);
#3136=ADVANCED_FACE('',(#874),#100,.F.);
#3137=ADVANCED_FACE('',(#875),#101,.F.);
#3138=ADVANCED_FACE('',(#876),#102,.F.);
#3139=ADVANCED_FACE('',(#877),#103,.F.);
#3140=ADVANCED_FACE('',(#878),#104,.F.);
#3141=ADVANCED_FACE('',(#879),#105,.F.);
#3142=ADVANCED_FACE('',(#880),#106,.F.);
#3143=ADVANCED_FACE('',(#881),#107,.F.);
#3144=ADVANCED_FACE('',(#882),#108,.F.);
#3145=ADVANCED_FACE('',(#883),#109,.F.);
#3146=ADVANCED_FACE('',(#884),#118,.F.);
#3147=ADVANCED_FACE('',(#885),#119,.F.);
#3148=ADVANCED_FACE('',(#886),#558,.F.);
#3149=ADVANCED_FACE('',(#887),#559,.T.);
#3150=ADVANCED_FACE('',(#888,#45),#110,.T.);
#3151=ADVANCED_FACE('',(#889,#46),#111,.F.);
#3152=ADVANCED_FACE('',(#890),#560,.F.);
#3153=ADVANCED_FACE('',(#891),#561,.F.);
#3154=ADVANCED_FACE('',(#892),#120,.T.);
#3155=ADVANCED_FACE('',(#893),#121,.T.);
#3156=ADVANCED_FACE('',(#894,#47),#562,.F.);
#3157=ADVANCED_FACE('',(#895,#48),#563,.T.);
#3158=ADVANCED_FACE('',(#896,#49),#112,.F.);
#3159=ADVANCED_FACE('',(#897,#50),#113,.T.);
#3160=ADVANCED_FACE('',(#898),#704,.F.);
#3161=ADVANCED_FACE('',(#899),#564,.F.);
#3162=ADVANCED_FACE('',(#900,#51),#114,.T.);
#3163=ADVANCED_FACE('',(#901,#52),#115,.F.);
#3164=CLOSED_SHELL('',(#2967,#2968,#2969,#2970,#2971,#2972,#2973,#2974,
#2975,#2976,#2977,#2978,#2979,#2980,#2981,#2982,#2983,#2984,#2985,#2986,
#2987,#2988,#2989,#2990,#2991,#2992,#2993,#2994,#2995,#2996,#2997,#2998,
#2999,#3000,#3001,#3002,#3003,#3004,#3005,#3006,#3007,#3008,#3009,#3010,
#3011,#3012,#3013,#3014,#3015,#3016,#3017,#3018,#3019,#3020,#3021,#3022,
#3023,#3024,#3025,#3026,#3027,#3028,#3029,#3030,#3031,#3032,#3033,#3034,
#3035,#3036,#3037,#3038,#3039,#3040,#3041,#3042,#3043,#3044,#3045,#3046,
#3047,#3048,#3049,#3050,#3051,#3052,#3053,#3054,#3055,#3056,#3057,#3058,
#3059,#3060,#3061,#3062,#3063,#3064,#3065,#3066,#3067,#3068,#3069,#3070,
#3071,#3072,#3073,#3074,#3075,#3076,#3077,#3078,#3079,#3080,#3081,#3082,
#3083,#3084,#3085,#3086,#3087,#3088,#3089,#3090,#3091,#3092,#3093,#3094,
#3095,#3096,#3097,#3098,#3099,#3100,#3101,#3102,#3103,#3104,#3105,#3106,
#3107,#3108,#3109,#3110,#3111,#3112,#3113,#3114,#3115,#3116,#3117,#3118,
#3119,#3120,#3121,#3122,#3123,#3124,#3125,#3126,#3127,#3128,#3129,#3130,
#3131,#3132,#3133,#3134,#3135,#3136,#3137,#3138,#3139,#3140,#3141,#3142,
#3143,#3144,#3145));
#3165=CLOSED_SHELL('',(#3146,#3147,#3148,#3149,#3150,#3151));
#3166=CLOSED_SHELL('',(#3152,#3153,#3154,#3155,#3156,#3157,#3158,#3159));
#3167=CLOSED_SHELL('',(#3160,#3161,#3162,#3163));
#3168=DERIVED_UNIT_ELEMENT(#3170,1.);
#3169=DERIVED_UNIT_ELEMENT(#7813,-3.);
#3170=(
MASS_UNIT()
NAMED_UNIT(*)
SI_UNIT(.KILO.,.GRAM.)
);
#3171=DERIVED_UNIT((#3168,#3169));
#3172=MEASURE_REPRESENTATION_ITEM('density measure',
POSITIVE_RATIO_MEASURE(7850.),#3171);
#3173=PROPERTY_DEFINITION_REPRESENTATION(#3178,#3175);
#3174=PROPERTY_DEFINITION_REPRESENTATION(#3179,#3176);
#3175=REPRESENTATION('material name',(#3177),#7810);
#3176=REPRESENTATION('density',(#3172),#7810);
#3177=DESCRIPTIVE_REPRESENTATION_ITEM('Steel','Steel');
#3178=PROPERTY_DEFINITION('material property','material name',#7820);
#3179=PROPERTY_DEFINITION('material property','density of part',#7820);
#3180=AXIS2_PLACEMENT_3D('',#4428,#3532,#3533);
#3181=AXIS2_PLACEMENT_3D('',#4429,#3534,#3535);
#3182=AXIS2_PLACEMENT_3D('',#4432,#3536,#3537);
#3183=AXIS2_PLACEMENT_3D('',#4434,#3538,#3539);
#3184=AXIS2_PLACEMENT_3D('',#4436,#3540,#3541);
#3185=AXIS2_PLACEMENT_3D('',#4437,#3542,#3543);
#3186=AXIS2_PLACEMENT_3D('',#4478,#3544,#3545);
#3187=AXIS2_PLACEMENT_3D('',#4480,#3546,#3547);
#3188=AXIS2_PLACEMENT_3D('',#4531,#3548,#3549);
#3189=AXIS2_PLACEMENT_3D('',#4533,#3550,#3551);
#3190=AXIS2_PLACEMENT_3D('',#4544,#3552,#3553);
#3191=AXIS2_PLACEMENT_3D('',#4546,#3554,#3555);
#3192=AXIS2_PLACEMENT_3D('',#4548,#3556,#3557);
#3193=AXIS2_PLACEMENT_3D('',#4564,#3558,#3559);
#3194=AXIS2_PLACEMENT_3D('',#4566,#3560,#3561);
#3195=AXIS2_PLACEMENT_3D('',#4568,#3562,#3563);
#3196=AXIS2_PLACEMENT_3D('',#4606,#3564,#3565);
#3197=AXIS2_PLACEMENT_3D('',#4623,#3566,#3567);
#3198=AXIS2_PLACEMENT_3D('',#4625,#3568,#3569);
#3199=AXIS2_PLACEMENT_3D('',#4627,#3570,#3571);
#3200=AXIS2_PLACEMENT_3D('',#4646,#3572,#3573);
#3201=AXIS2_PLACEMENT_3D('',#4647,#3574,#3575);
#3202=AXIS2_PLACEMENT_3D('',#4660,#3576,#3577);
#3203=AXIS2_PLACEMENT_3D('',#4671,#3578,#3579);
#3204=AXIS2_PLACEMENT_3D('',#4674,#3580,#3581);
#3205=AXIS2_PLACEMENT_3D('',#4676,#3582,#3583);
#3206=AXIS2_PLACEMENT_3D('',#4678,#3584,#3585);
#3207=AXIS2_PLACEMENT_3D('',#4679,#3586,#3587);
#3208=AXIS2_PLACEMENT_3D('',#4680,#3588,#3589);
#3209=AXIS2_PLACEMENT_3D('',#4682,#3590,#3591);
#3210=AXIS2_PLACEMENT_3D('',#4685,#3593,#3594);
#3211=AXIS2_PLACEMENT_3D('',#4686,#3595,#3596);
#3212=AXIS2_PLACEMENT_3D('',#4689,#3597,#3598);
#3213=AXIS2_PLACEMENT_3D('',#4692,#3600,#3601);
#3214=AXIS2_PLACEMENT_3D('',#4693,#3602,#3603);
#3215=AXIS2_PLACEMENT_3D('',#4694,#3604,#3605);
#3216=AXIS2_PLACEMENT_3D('',#4697,#3606,#3607);
#3217=AXIS2_PLACEMENT_3D('',#4698,#3608,#3609);
#3218=AXIS2_PLACEMENT_3D('',#4701,#3611,#3612);
#3219=AXIS2_PLACEMENT_3D('',#4702,#3613,#3614);
#3220=AXIS2_PLACEMENT_3D('',#4704,#3615,#3616);
#3221=AXIS2_PLACEMENT_3D('',#4706,#3618,#3619);
#3222=AXIS2_PLACEMENT_3D('',#4708,#3620,#3621);
#3223=AXIS2_PLACEMENT_3D('',#4710,#3623,#3624);
#3224=AXIS2_PLACEMENT_3D('',#4712,#3625,#3626);
#3225=AXIS2_PLACEMENT_3D('',#4725,#3627,#3628);
#3226=AXIS2_PLACEMENT_3D('',#4737,#3629,#3630);
#3227=AXIS2_PLACEMENT_3D('',#4738,#3631,#3632);
#3228=AXIS2_PLACEMENT_3D('',#4802,#3638,#3639);
#3229=AXIS2_PLACEMENT_3D('',#4869,#3645,#3646);
#3230=AXIS2_PLACEMENT_3D('',#4890,#3649,#3650);
#3231=AXIS2_PLACEMENT_3D('',#4895,#3651,#3652);
#3232=AXIS2_PLACEMENT_3D('',#4959,#3658,#3659);
#3233=AXIS2_PLACEMENT_3D('',#5026,#3665,#3666);
#3234=AXIS2_PLACEMENT_3D('',#5034,#3670,#3671);
#3235=AXIS2_PLACEMENT_3D('',#5035,#3672,#3673);
#3236=AXIS2_PLACEMENT_3D('',#5036,#3674,#3675);
#3237=AXIS2_PLACEMENT_3D('',#5049,#3676,#3677);
#3238=AXIS2_PLACEMENT_3D('',#5051,#3678,#3679);
#3239=AXIS2_PLACEMENT_3D('',#5063,#3680,#3681);
#3240=AXIS2_PLACEMENT_3D('',#5064,#3682,#3683);
#3241=AXIS2_PLACEMENT_3D('',#5067,#3684,#3685);
#3242=AXIS2_PLACEMENT_3D('',#5079,#3691,#3692);
#3243=AXIS2_PLACEMENT_3D('',#5081,#3694,#3695);
#3244=AXIS2_PLACEMENT_3D('',#5090,#3700,#3701);
#3245=AXIS2_PLACEMENT_3D('',#5093,#3702,#3703);
#3246=AXIS2_PLACEMENT_3D('',#5095,#3704,#3705);
#3247=AXIS2_PLACEMENT_3D('',#5102,#3709,#3710);
#3248=AXIS2_PLACEMENT_3D('',#5103,#3711,#3712);
#3249=AXIS2_PLACEMENT_3D('',#5108,#3714,#3715);
#3250=AXIS2_PLACEMENT_3D('',#5110,#3716,#3717);
#3251=AXIS2_PLACEMENT_3D('',#5112,#3718,#3719);
#3252=AXIS2_PLACEMENT_3D('',#5116,#3722,#3723);
#3253=AXIS2_PLACEMENT_3D('',#5119,#3725,#3726);
#3254=AXIS2_PLACEMENT_3D('',#5120,#3727,#3728);
#3255=AXIS2_PLACEMENT_3D('',#5125,#3731,#3732);
#3256=AXIS2_PLACEMENT_3D('',#5127,#3733,#3734);
#3257=AXIS2_PLACEMENT_3D('',#5131,#3737,#3738);
#3258=AXIS2_PLACEMENT_3D('',#5133,#3739,#3740);
#3259=AXIS2_PLACEMENT_3D('',#5140,#3744,#3745);
#3260=AXIS2_PLACEMENT_3D('',#5142,#3746,#3747);
#3261=AXIS2_PLACEMENT_3D('',#5168,#3761,#3762);
#3262=AXIS2_PLACEMENT_3D('',#5172,#3764,#3765);
#3263=AXIS2_PLACEMENT_3D('',#5174,#3767,#3768);
#3264=AXIS2_PLACEMENT_3D('',#5182,#3773,#3774);
#3265=AXIS2_PLACEMENT_3D('',#5190,#3779,#3780);
#3266=AXIS2_PLACEMENT_3D('',#5194,#3782,#3783);
#3267=AXIS2_PLACEMENT_3D('',#5196,#3785,#3786);
#3268=AXIS2_PLACEMENT_3D('',#5202,#3790,#3791);
#3269=AXIS2_PLACEMENT_3D('',#5211,#3796,#3797);
#3270=AXIS2_PLACEMENT_3D('',#5217,#3801,#3802);
#3271=AXIS2_PLACEMENT_3D('',#5223,#3806,#3807);
#3272=AXIS2_PLACEMENT_3D('',#5229,#3811,#3812);
#3273=AXIS2_PLACEMENT_3D('',#5235,#3816,#3817);
#3274=AXIS2_PLACEMENT_3D('',#5238,#3820,#3821);
#3275=AXIS2_PLACEMENT_3D('',#5240,#3823,#3824);
#3276=AXIS2_PLACEMENT_3D('',#5245,#3826,#3827);
#3277=AXIS2_PLACEMENT_3D('',#5249,#3829,#3830);
#3278=AXIS2_PLACEMENT_3D('',#5251,#3831,#3832);
#3279=AXIS2_PLACEMENT_3D('',#5252,#3833,#3834);
#3280=AXIS2_PLACEMENT_3D('',#5253,#3835,#3836);
#3281=AXIS2_PLACEMENT_3D('',#5258,#3838,#3839);
#3282=AXIS2_PLACEMENT_3D('',#5262,#3841,#3842);
#3283=AXIS2_PLACEMENT_3D('',#5264,#3843,#3844);
#3284=AXIS2_PLACEMENT_3D('',#5265,#3845,#3846);
#3285=AXIS2_PLACEMENT_3D('',#5266,#3847,#3848);
#3286=AXIS2_PLACEMENT_3D('',#5267,#3849,#3850);
#3287=AXIS2_PLACEMENT_3D('',#5280,#3857,#3858);
#3288=AXIS2_PLACEMENT_3D('',#5286,#3862,#3863);
#3289=AXIS2_PLACEMENT_3D('',#5292,#3867,#3868);
#3290=AXIS2_PLACEMENT_3D('',#5296,#3871,#3872);
#3291=AXIS2_PLACEMENT_3D('',#5300,#3875,#3876);
#3292=AXIS2_PLACEMENT_3D('',#5304,#3879,#3880);
#3293=AXIS2_PLACEMENT_3D('',#5308,#3883,#3884);
#3294=AXIS2_PLACEMENT_3D('',#5310,#3886,#3887);
#3295=AXIS2_PLACEMENT_3D('',#5314,#3890,#3891);
#3296=AXIS2_PLACEMENT_3D('',#5322,#3896,#3897);
#3297=AXIS2_PLACEMENT_3D('',#5330,#3902,#3903);
#3298=AXIS2_PLACEMENT_3D('',#5334,#3906,#3907);
#3299=AXIS2_PLACEMENT_3D('',#5337,#3908,#3909);
#3300=AXIS2_PLACEMENT_3D('',#5349,#3915,#3916);
#3301=AXIS2_PLACEMENT_3D('',#5351,#3918,#3919);
#3302=AXIS2_PLACEMENT_3D('',#5359,#3923,#3924);
#3303=AXIS2_PLACEMENT_3D('',#5360,#3925,#3926);
#3304=AXIS2_PLACEMENT_3D('',#5361,#3927,#3928);
#3305=AXIS2_PLACEMENT_3D('',#5415,#3931,#3932);
#3306=AXIS2_PLACEMENT_3D('',#5417,#3933,#3934);
#3307=AXIS2_PLACEMENT_3D('',#5439,#3937,#3938);
#3308=AXIS2_PLACEMENT_3D('',#5444,#3940,#3941);
#3309=AXIS2_PLACEMENT_3D('',#5446,#3942,#3943);
#3310=AXIS2_PLACEMENT_3D('',#5505,#3947,#3948);
#3311=AXIS2_PLACEMENT_3D('',#5510,#3950,#3951);
#3312=AXIS2_PLACEMENT_3D('',#5513,#3953,#3954);
#3313=AXIS2_PLACEMENT_3D('',#5514,#3955,#3956);
#3314=AXIS2_PLACEMENT_3D('',#5517,#3959,#3960);
#3315=AXIS2_PLACEMENT_3D('',#5578,#3965,#3966);
#3316=AXIS2_PLACEMENT_3D('',#5579,#3967,#3968);
#3317=AXIS2_PLACEMENT_3D('',#5580,#3969,#3970);
#3318=AXIS2_PLACEMENT_3D('',#5583,#3971,#3972);
#3319=AXIS2_PLACEMENT_3D('',#5585,#3973,#3974);
#3320=AXIS2_PLACEMENT_3D('',#5658,#3979,#3980);
#3321=AXIS2_PLACEMENT_3D('',#5659,#3981,#3982);
#3322=AXIS2_PLACEMENT_3D('',#5660,#3983,#3984);
#3323=AXIS2_PLACEMENT_3D('',#5668,#3985,#3986);
#3324=AXIS2_PLACEMENT_3D('',#5676,#3987,#3988);
#3325=AXIS2_PLACEMENT_3D('',#5707,#3989,#3990);
#3326=AXIS2_PLACEMENT_3D('',#5708,#3991,#3992);
#3327=AXIS2_PLACEMENT_3D('',#5716,#3993,#3994);
#3328=AXIS2_PLACEMENT_3D('',#5724,#3995,#3996);
#3329=AXIS2_PLACEMENT_3D('',#5755,#3997,#3998);
#3330=AXIS2_PLACEMENT_3D('',#5756,#3999,#4000);
#3331=AXIS2_PLACEMENT_3D('',#5771,#4001,#4002);
#3332=AXIS2_PLACEMENT_3D('',#5772,#4003,#4004);
#3333=AXIS2_PLACEMENT_3D('',#5774,#4005,#4006);
#3334=AXIS2_PLACEMENT_3D('',#5789,#4007,#4008);
#3335=AXIS2_PLACEMENT_3D('',#5795,#4009,#4010);
#3336=AXIS2_PLACEMENT_3D('',#5809,#4011,#4012);
#3337=AXIS2_PLACEMENT_3D('',#5811,#4013,#4014);
#3338=AXIS2_PLACEMENT_3D('',#5822,#4015,#4016);
#3339=AXIS2_PLACEMENT_3D('',#5828,#4017,#4018);
#3340=AXIS2_PLACEMENT_3D('',#5839,#4019,#4020);
#3341=AXIS2_PLACEMENT_3D('',#5841,#4021,#4022);
#3342=AXIS2_PLACEMENT_3D('',#5855,#4023,#4024);
#3343=AXIS2_PLACEMENT_3D('',#5867,#4025,#4026);
#3344=AXIS2_PLACEMENT_3D('',#5868,#4027,#4028);
#3345=AXIS2_PLACEMENT_3D('',#5870,#4029,#4030);
#3346=AXIS2_PLACEMENT_3D('',#5918,#4031,#4032);
#3347=AXIS2_PLACEMENT_3D('',#5919,#4033,#4034);
#3348=AXIS2_PLACEMENT_3D('',#5920,#4035,#4036);
#3349=AXIS2_PLACEMENT_3D('',#5921,#4037,#4038);
#3350=AXIS2_PLACEMENT_3D('',#5922,#4039,#4040);
#3351=AXIS2_PLACEMENT_3D('',#5923,#4041,#4042);
#3352=AXIS2_PLACEMENT_3D('',#5924,#4043,#4044);
#3353=AXIS2_PLACEMENT_3D('',#5985,#4045,#4046);
#3354=AXIS2_PLACEMENT_3D('',#5986,#4047,#4048);
#3355=AXIS2_PLACEMENT_3D('',#5987,#4049,#4050);
#3356=AXIS2_PLACEMENT_3D('',#5988,#4051,#4052);
#3357=AXIS2_PLACEMENT_3D('',#5989,#4053,#4054);
#3358=AXIS2_PLACEMENT_3D('',#5990,#4055,#4056);
#3359=AXIS2_PLACEMENT_3D('',#5991,#4057,#4058);
#3360=AXIS2_PLACEMENT_3D('',#6034,#4059,#4060);
#3361=AXIS2_PLACEMENT_3D('',#6035,#4061,#4062);
#3362=AXIS2_PLACEMENT_3D('',#6036,#4063,#4064);
#3363=AXIS2_PLACEMENT_3D('',#6037,#4065,#4066);
#3364=AXIS2_PLACEMENT_3D('',#6050,#4067,#4068);
#3365=AXIS2_PLACEMENT_3D('',#6063,#4069,#4070);
#3366=AXIS2_PLACEMENT_3D('',#6064,#4071,#4072);
#3367=AXIS2_PLACEMENT_3D('',#6065,#4073,#4074);
#3368=AXIS2_PLACEMENT_3D('',#6066,#4075,#4076);
#3369=AXIS2_PLACEMENT_3D('',#6079,#4077,#4078);
#3370=AXIS2_PLACEMENT_3D('',#6080,#4079,#4080);
#3371=AXIS2_PLACEMENT_3D('',#6118,#4081,#4082);
#3372=AXIS2_PLACEMENT_3D('',#6131,#4083,#4084);
#3373=AXIS2_PLACEMENT_3D('',#6156,#4085,#4086);
#3374=AXIS2_PLACEMENT_3D('',#6169,#4087,#4088);
#3375=AXIS2_PLACEMENT_3D('',#6170,#4089,#4090);
#3376=AXIS2_PLACEMENT_3D('',#6214,#4091,#4092);
#3377=AXIS2_PLACEMENT_3D('',#6252,#4093,#4094);
#3378=AXIS2_PLACEMENT_3D('',#6265,#4095,#4096);
#3379=AXIS2_PLACEMENT_3D('',#6278,#4097,#4098);
#3380=AXIS2_PLACEMENT_3D('',#6279,#4099,#4100);
#3381=AXIS2_PLACEMENT_3D('',#6280,#4101,#4102);
#3382=AXIS2_PLACEMENT_3D('',#6293,#4103,#4104);
#3383=AXIS2_PLACEMENT_3D('',#6306,#4105,#4106);
#3384=AXIS2_PLACEMENT_3D('',#6307,#4107,#4108);
#3385=AXIS2_PLACEMENT_3D('',#6351,#4109,#4110);
#3386=AXIS2_PLACEMENT_3D('',#6352,#4111,#4112);
#3387=AXIS2_PLACEMENT_3D('',#6353,#4113,#4114);
#3388=AXIS2_PLACEMENT_3D('',#6354,#4115,#4116);
#3389=AXIS2_PLACEMENT_3D('',#6355,#4117,#4118);
#3390=AXIS2_PLACEMENT_3D('',#6356,#4119,#4120);
#3391=AXIS2_PLACEMENT_3D('',#6357,#4121,#4122);
#3392=AXIS2_PLACEMENT_3D('',#6358,#4123,#4124);
#3393=AXIS2_PLACEMENT_3D('',#6359,#4125,#4126);
#3394=AXIS2_PLACEMENT_3D('',#6360,#4127,#4128);
#3395=AXIS2_PLACEMENT_3D('',#6361,#4129,#4130);
#3396=AXIS2_PLACEMENT_3D('',#6362,#4131,#4132);
#3397=AXIS2_PLACEMENT_3D('',#6363,#4133,#4134);
#3398=AXIS2_PLACEMENT_3D('',#6364,#4135,#4136);
#3399=AXIS2_PLACEMENT_3D('',#6480,#4137,#4138);
#3400=AXIS2_PLACEMENT_3D('',#6481,#4139,#4140);
#3401=AXIS2_PLACEMENT_3D('',#6482,#4141,#4142);
#3402=AXIS2_PLACEMENT_3D('',#6683,#4143,#4144);
#3403=AXIS2_PLACEMENT_3D('',#6684,#4145,#4146);
#3404=AXIS2_PLACEMENT_3D('',#6685,#4147,#4148);
#3405=AXIS2_PLACEMENT_3D('',#6801,#4149,#4150);
#3406=AXIS2_PLACEMENT_3D('',#6802,#4151,#4152);
#3407=AXIS2_PLACEMENT_3D('',#6894,#4153,#4154);
#3408=AXIS2_PLACEMENT_3D('',#6895,#4155,#4156);
#3409=AXIS2_PLACEMENT_3D('',#6896,#4157,#4158);
#3410=AXIS2_PLACEMENT_3D('',#6897,#4159,#4160);
#3411=AXIS2_PLACEMENT_3D('',#6898,#4161,#4162);
#3412=AXIS2_PLACEMENT_3D('',#6899,#4163,#4164);
#3413=AXIS2_PLACEMENT_3D('',#6900,#4165,#4166);
#3414=AXIS2_PLACEMENT_3D('',#6901,#4167,#4168);
#3415=AXIS2_PLACEMENT_3D('',#6993,#4169,#4170);
#3416=AXIS2_PLACEMENT_3D('',#6994,#4171,#4172);
#3417=AXIS2_PLACEMENT_3D('',#6995,#4173,#4174);
#3418=AXIS2_PLACEMENT_3D('',#6996,#4175,#4176);
#3419=AXIS2_PLACEMENT_3D('',#6997,#4177,#4178);
#3420=AXIS2_PLACEMENT_3D('',#6998,#4179,#4180);
#3421=AXIS2_PLACEMENT_3D('',#6999,#4181,#4182);
#3422=AXIS2_PLACEMENT_3D('',#7000,#4183,#4184);
#3423=AXIS2_PLACEMENT_3D('',#7092,#4185,#4186);
#3424=AXIS2_PLACEMENT_3D('',#7093,#4187,#4188);
#3425=AXIS2_PLACEMENT_3D('',#7094,#4189,#4190);
#3426=AXIS2_PLACEMENT_3D('',#7095,#4191,#4192);
#3427=AXIS2_PLACEMENT_3D('',#7096,#4193,#4194);
#3428=AXIS2_PLACEMENT_3D('',#7097,#4195,#4196);
#3429=AXIS2_PLACEMENT_3D('',#7098,#4197,#4198);
#3430=AXIS2_PLACEMENT_3D('',#7099,#4199,#4200);
#3431=AXIS2_PLACEMENT_3D('',#7191,#4201,#4202);
#3432=AXIS2_PLACEMENT_3D('',#7192,#4203,#4204);
#3433=AXIS2_PLACEMENT_3D('',#7193,#4205,#4206);
#3434=AXIS2_PLACEMENT_3D('',#7194,#4207,#4208);
#3435=AXIS2_PLACEMENT_3D('',#7195,#4209,#4210);
#3436=AXIS2_PLACEMENT_3D('',#7196,#4211,#4212);
#3437=AXIS2_PLACEMENT_3D('',#7197,#4213,#4214);
#3438=AXIS2_PLACEMENT_3D('',#7198,#4215,#4216);
#3439=AXIS2_PLACEMENT_3D('',#7199,#4217,#4218);
#3440=AXIS2_PLACEMENT_3D('',#7200,#4219,#4220);
#3441=AXIS2_PLACEMENT_3D('',#7201,#4221,#4222);
#3442=AXIS2_PLACEMENT_3D('',#7202,#4223,#4224);
#3443=AXIS2_PLACEMENT_3D('',#7233,#4225,#4226);
#3444=AXIS2_PLACEMENT_3D('',#7234,#4227,#4228);
#3445=AXIS2_PLACEMENT_3D('',#7235,#4229,#4230);
#3446=AXIS2_PLACEMENT_3D('',#7248,#4231,#4232);
#3447=AXIS2_PLACEMENT_3D('',#7261,#4233,#4234);
#3448=AXIS2_PLACEMENT_3D('',#7280,#4235,#4236);
#3449=AXIS2_PLACEMENT_3D('',#7281,#4237,#4238);
#3450=AXIS2_PLACEMENT_3D('',#7282,#4239,#4240);
#3451=AXIS2_PLACEMENT_3D('',#7301,#4241,#4242);
#3452=AXIS2_PLACEMENT_3D('',#7314,#4243,#4244);
#3453=AXIS2_PLACEMENT_3D('',#7327,#4245,#4246);
#3454=AXIS2_PLACEMENT_3D('',#7328,#4247,#4248);
#3455=AXIS2_PLACEMENT_3D('',#7329,#4249,#4250);
#3456=AXIS2_PLACEMENT_3D('',#7360,#4251,#4252);
#3457=AXIS2_PLACEMENT_3D('',#7361,#4253,#4254);
#3458=AXIS2_PLACEMENT_3D('',#7362,#4255,#4256);
#3459=AXIS2_PLACEMENT_3D('',#7363,#4257,#4258);
#3460=AXIS2_PLACEMENT_3D('',#7364,#4259,#4260);
#3461=AXIS2_PLACEMENT_3D('',#7365,#4261,#4262);
#3462=AXIS2_PLACEMENT_3D('',#7366,#4263,#4264);
#3463=AXIS2_PLACEMENT_3D('',#7367,#4265,#4266);
#3464=AXIS2_PLACEMENT_3D('',#7368,#4267,#4268);
#3465=AXIS2_PLACEMENT_3D('',#7369,#4269,#4270);
#3466=AXIS2_PLACEMENT_3D('',#7370,#4271,#4272);
#3467=AXIS2_PLACEMENT_3D('',#7371,#4273,#4274);
#3468=AXIS2_PLACEMENT_3D('',#7402,#4275,#4276);
#3469=AXIS2_PLACEMENT_3D('',#7403,#4277,#4278);
#3470=AXIS2_PLACEMENT_3D('',#7404,#4279,#4280);
#3471=AXIS2_PLACEMENT_3D('',#7417,#4281,#4282);
#3472=AXIS2_PLACEMENT_3D('',#7430,#4283,#4284);
#3473=AXIS2_PLACEMENT_3D('',#7467,#4285,#4286);
#3474=AXIS2_PLACEMENT_3D('',#7480,#4287,#4288);
#3475=AXIS2_PLACEMENT_3D('',#7493,#4289,#4290);
#3476=AXIS2_PLACEMENT_3D('',#7494,#4291,#4292);
#3477=AXIS2_PLACEMENT_3D('',#7495,#4293,#4294);
#3478=AXIS2_PLACEMENT_3D('',#7526,#4295,#4296);
#3479=AXIS2_PLACEMENT_3D('',#7527,#4297,#4298);
#3480=AXIS2_PLACEMENT_3D('',#7528,#4299,#4300);
#3481=AXIS2_PLACEMENT_3D('',#7529,#4301,#4302);
#3482=AXIS2_PLACEMENT_3D('',#7530,#4303,#4304);
#3483=AXIS2_PLACEMENT_3D('',#7531,#4305,#4306);
#3484=AXIS2_PLACEMENT_3D('',#7532,#4307,#4308);
#3485=AXIS2_PLACEMENT_3D('',#7535,#4311,#4312);
#3486=AXIS2_PLACEMENT_3D('',#7537,#4314,#4315);
#3487=AXIS2_PLACEMENT_3D('',#7539,#4317,#4318);
#3488=AXIS2_PLACEMENT_3D('',#7541,#4320,#4321);
#3489=AXIS2_PLACEMENT_3D('',#7543,#4323,#4324);
#3490=AXIS2_PLACEMENT_3D('',#7544,#4325,#4326);
#3491=AXIS2_PLACEMENT_3D('',#7547,#4329,#4330);
#3492=AXIS2_PLACEMENT_3D('',#7549,#4332,#4333);
#3493=AXIS2_PLACEMENT_3D('',#7551,#4335,#4336);
#3494=AXIS2_PLACEMENT_3D('',#7553,#4338,#4339);
#3495=AXIS2_PLACEMENT_3D('',#7555,#4341,#4342);
#3496=AXIS2_PLACEMENT_3D('',#7556,#4343,#4344);
#3497=AXIS2_PLACEMENT_3D('',#7558,#4345,#4346);
#3498=AXIS2_PLACEMENT_3D('',#7561,#4348,#4349);
#3499=AXIS2_PLACEMENT_3D('',#7562,#4350,#4351);
#3500=AXIS2_PLACEMENT_3D('',#7565,#4352,#4353);
#3501=AXIS2_PLACEMENT_3D('',#7566,#4354,#4355);
#3502=AXIS2_PLACEMENT_3D('',#7569,#4357,#4358);
#3503=AXIS2_PLACEMENT_3D('',#7570,#4359,#4360);
#3504=AXIS2_PLACEMENT_3D('',#7572,#4362,#4363);
#3505=AXIS2_PLACEMENT_3D('',#7574,#4364,#4365);
#3506=AXIS2_PLACEMENT_3D('',#7577,#4367,#4368);
#3507=AXIS2_PLACEMENT_3D('',#7578,#4369,#4370);
#3508=AXIS2_PLACEMENT_3D('',#7579,#4371,#4372);
#3509=AXIS2_PLACEMENT_3D('',#7580,#4373,#4374);
#3510=AXIS2_PLACEMENT_3D('',#7666,#4376,#4377);
#3511=AXIS2_PLACEMENT_3D('',#7742,#4379,#4380);
#3512=AXIS2_PLACEMENT_3D('',#7744,#4381,#4382);
#3513=AXIS2_PLACEMENT_3D('',#7747,#4384,#4385);
#3514=AXIS2_PLACEMENT_3D('',#7748,#4386,#4387);
#3515=AXIS2_PLACEMENT_3D('',#7751,#4388,#4389);
#3516=AXIS2_PLACEMENT_3D('',#7752,#4390,#4391);
#3517=AXIS2_PLACEMENT_3D('',#7755,#4393,#4394);
#3518=AXIS2_PLACEMENT_3D('',#7756,#4395,#4396);
#3519=AXIS2_PLACEMENT_3D('',#7758,#4397,#4398);
#3520=AXIS2_PLACEMENT_3D('',#7762,#4401,#4402);
#3521=AXIS2_PLACEMENT_3D('',#7763,#4403,#4404);
#3522=AXIS2_PLACEMENT_3D('',#7766,#4407,#4408);
#3523=AXIS2_PLACEMENT_3D('',#7767,#4409,#4410);
#3524=AXIS2_PLACEMENT_3D('',#7796,#4411,#4412);
#3525=AXIS2_PLACEMENT_3D('',#7798,#4413,#4414);
#3526=AXIS2_PLACEMENT_3D('',#7799,#4415,#4416);
#3527=AXIS2_PLACEMENT_3D('',#7800,#4417,#4418);
#3528=AXIS2_PLACEMENT_3D('',#7802,#4419,#4420);
#3529=AXIS2_PLACEMENT_3D('',#7805,#4422,#4423);
#3530=AXIS2_PLACEMENT_3D('',#7806,#4424,#4425);
#3531=AXIS2_PLACEMENT_3D('',#7807,#4426,#4427);
#3532=DIRECTION('axis',(0.,0.,1.));
#3533=DIRECTION('refdir',(1.,0.,0.));
#3534=DIRECTION('center_axis',(0.,-6.30808536718839E-17,-1.));
#3535=DIRECTION('ref_axis',(0.,1.,-7.04008109744054E-17));
#3536=DIRECTION('center_axis',(0.,6.30808536718839E-17,1.));
#3537=DIRECTION('ref_axis',(0.,-1.,6.30808536718839E-17));
#3538=DIRECTION('center_axis',(0.121136124605412,-0.992635904708057,0.));
#3539=DIRECTION('ref_axis',(0.992635904708057,0.121136124605412,0.));
#3540=DIRECTION('center_axis',(0.,-6.30808536718839E-17,-1.));
#3541=DIRECTION('ref_axis',(0.,1.,-6.30808536718839E-17));
#3542=DIRECTION('center_axis',(0.121136124605412,0.992635904708057,0.));
#3543=DIRECTION('ref_axis',(-0.992635904708057,0.121136124605412,0.));
#3544=DIRECTION('center_axis',(0.989574887449998,0.,-0.144019242215488));
#3545=DIRECTION('ref_axis',(-0.144019242215488,0.,-0.989574887449998));
#3546=DIRECTION('center_axis',(0.0357286737779826,0.968738872903555,0.245496350269441));
#3547=DIRECTION('ref_axis',(0.139517040717602,-0.248082639710137,0.958639660781805));
#3548=DIRECTION('center_axis',(-0.989574887449998,0.,0.144019242215488));
#3549=DIRECTION('ref_axis',(0.144019242215488,0.,0.989574887449998));
#3550=DIRECTION('center_axis',(-0.0357286737779662,0.968738872903595,-0.245496350269287));
#3551=DIRECTION('ref_axis',(0.139517036757642,0.248082639709982,0.958639661358163));
#3552=DIRECTION('center_axis',(0.,0.,1.));
#3553=DIRECTION('ref_axis',(1.,0.,0.));
#3554=DIRECTION('center_axis',(0.,0.,1.));
#3555=DIRECTION('ref_axis',(1.,0.,0.));
#3556=DIRECTION('center_axis',(-1.22464679914735E-16,1.,0.));
#3557=DIRECTION('ref_axis',(-1.,-1.22464679914735E-16,0.));
#3558=DIRECTION('center_axis',(0.00603828022591957,0.155352743929975,0.987840606639219));
#3559=DIRECTION('ref_axis',(-0.990078664121611,-0.137753670789058,0.0277157903604792));
#3560=DIRECTION('center_axis',(0.,0.,-1.));
#3561=DIRECTION('ref_axis',(1.,0.,0.));
#3562=DIRECTION('center_axis',(-0.0060382802357412,0.155352743931228,0.987840606638962));
#3563=DIRECTION('ref_axis',(0.993197696345075,-0.113942131930813,0.0239901343451372));
#3564=DIRECTION('center_axis',(0.,0.,1.));
#3565=DIRECTION('ref_axis',(1.,0.,0.));
#3566=DIRECTION('center_axis',(-0.00603828022407283,0.155352743929745,-0.987840606639267));
#3567=DIRECTION('ref_axis',(0.990078664121605,-0.137753670789471,-0.027715790358652));
#3568=DIRECTION('center_axis',(0.,0.,1.));
#3569=DIRECTION('ref_axis',(1.,0.,0.));
#3570=DIRECTION('center_axis',(0.00603828023566384,0.155352743931218,-0.987840606638964));
#3571=DIRECTION('ref_axis',(-0.993197696345074,-0.113942131930832,-0.0239901343450633));
#3572=DIRECTION('center_axis',(-1.22464679914735E-16,1.,0.));
#3573=DIRECTION('ref_axis',(-1.,-1.22464679914735E-16,0.));
#3574=DIRECTION('center_axis',(0.,0.,-1.));
#3575=DIRECTION('ref_axis',(1.,0.,0.));
#3576=DIRECTION('center_axis',(0.,6.30808536718839E-17,-1.));
#3577=DIRECTION('ref_axis',(0.,1.,6.30808536718839E-17));
#3578=DIRECTION('center_axis',(0.,-6.30808536718839E-17,-1.));
#3579=DIRECTION('ref_axis',(0.,1.,-6.45947941600091E-17));
#3580=DIRECTION('center_axis',(0.,6.30808536718839E-17,1.));
#3581=DIRECTION('ref_axis',(0.,1.,-6.30808536718839E-17));
#3582=DIRECTION('center_axis',(-0.110768933059258,0.993846187027406,0.));
#3583=DIRECTION('ref_axis',(-0.993846187027406,-0.110768933059258,0.));
#3584=DIRECTION('center_axis',(0.,-6.30808536718839E-17,-1.));
#3585=DIRECTION('ref_axis',(0.,1.,-6.30808536718839E-17));
#3586=DIRECTION('center_axis',(-0.110768933059258,-0.993846187027406,0.));
#3587=DIRECTION('ref_axis',(0.993846187027406,-0.110768933059258,0.));
#3588=DIRECTION('center_axis',(0.,0.,-1.));
#3589=DIRECTION('ref_axis',(-1.,0.,0.));
#3590=DIRECTION('center_axis',(0.,0.,1.));
#3591=DIRECTION('ref_axis',(1.,0.,0.));
#3592=DIRECTION('',(0.,0.,-1.));
#3593=DIRECTION('center_axis',(0.,0.,1.));
#3594=DIRECTION('ref_axis',(1.,0.,0.));
#3595=DIRECTION('center_axis',(0.,1.,0.));
#3596=DIRECTION('ref_axis',(0.,0.,1.));
#3597=DIRECTION('center_axis',(0.,1.,0.));
#3598=DIRECTION('ref_axis',(0.,0.,-1.));
#3599=DIRECTION('',(-8.65956056235497E-17,0.707106781186544,-0.70710678118655));
#3600=DIRECTION('center_axis',(0.,-1.,0.));
#3601=DIRECTION('ref_axis',(0.,0.,-1.));
#3602=DIRECTION('center_axis',(0.,1.,0.));
#3603=DIRECTION('ref_axis',(0.,0.,-1.));
#3604=DIRECTION('center_axis',(0.,1.,0.));
#3605=DIRECTION('ref_axis',(0.,0.,1.));
#3606=DIRECTION('center_axis',(0.,1.,0.));
#3607=DIRECTION('ref_axis',(0.,0.,-1.));
#3608=DIRECTION('center_axis',(0.,1.,0.));
#3609=DIRECTION('ref_axis',(0.,0.,-1.));
#3610=DIRECTION('',(-8.65956056235491E-17,0.707106781186549,-0.707106781186546));
#3611=DIRECTION('center_axis',(0.,-1.,0.));
#3612=DIRECTION('ref_axis',(0.,0.,-1.));
#3613=DIRECTION('center_axis',(-1.36421357360678E-16,1.,0.));
#3614=DIRECTION('ref_axis',(1.,1.36421357360678E-16,0.));
#3615=DIRECTION('center_axis',(0.,1.,0.));
#3616=DIRECTION('ref_axis',(0.,0.,-1.));
#3617=DIRECTION('',(-1.36421357360678E-16,1.,0.));
#3618=DIRECTION('center_axis',(1.36421357360678E-16,1.,0.));
#3619=DIRECTION('ref_axis',(-1.,1.36421357360678E-16,0.));
#3620=DIRECTION('center_axis',(0.,-1.,0.));
#3621=DIRECTION('ref_axis',(0.,0.,-1.));
#3622=DIRECTION('',(1.36421357360678E-16,1.,0.));
#3623=DIRECTION('center_axis',(0.,0.,-1.));
#3624=DIRECTION('ref_axis',(-1.,0.,0.));
#3625=DIRECTION('center_axis',(3.13047349800744E-11,0.298506233304493,-0.954407684733502));
#3626=DIRECTION('ref_axis',(0.193869386249685,0.936300041590564,0.292842778966256));
#3627=DIRECTION('center_axis',(0.,0.,-1.));
#3628=DIRECTION('ref_axis',(1.,0.,0.));
#3629=DIRECTION('center_axis',(3.62638014578641E-12,0.298506233310632,-0.954407684731582));
#3630=DIRECTION('ref_axis',(-0.193869386214165,0.936300041597401,0.292842778967909));
#3631=DIRECTION('center_axis',(0.,0.,1.));
#3632=DIRECTION('ref_axis',(1.,0.,0.));
#3633=DIRECTION('',(-1.,-1.11311761854631E-16,0.));
#3634=DIRECTION('',(0.0436193873653307,0.999048221581858,0.));
#3635=DIRECTION('',(-1.,0.,0.));
#3636=DIRECTION('',(-1.,0.,0.));
#3637=DIRECTION('',(0.,-1.,0.));
#3638=DIRECTION('center_axis',(0.,0.,1.));
#3639=DIRECTION('ref_axis',(1.,0.,0.));
#3640=DIRECTION('',(1.,0.,0.));
#3641=DIRECTION('',(-0.0436193873653307,-0.999048221581858,0.));
#3642=DIRECTION('',(-1.,-1.11311761854631E-16,0.));
#3643=DIRECTION('',(0.,1.,0.));
#3644=DIRECTION('',(1.,0.,0.));
#3645=DIRECTION('center_axis',(0.,0.,-1.));
#3646=DIRECTION('ref_axis',(-1.,0.,0.));
#3647=DIRECTION('',(0.,0.,-1.));
#3648=DIRECTION('',(0.,0.,-1.));
#3649=DIRECTION('center_axis',(0.,-6.30808536718839E-17,1.));
#3650=DIRECTION('ref_axis',(0.,-1.,-6.30808536718839E-17));
#3651=DIRECTION('center_axis',(0.,0.,1.));
#3652=DIRECTION('ref_axis',(1.,0.,0.));
#3653=DIRECTION('',(1.,-1.11311761854631E-16,0.));
#3654=DIRECTION('',(-0.0436193873653307,0.999048221581858,0.));
#3655=DIRECTION('',(1.,0.,0.));
#3656=DIRECTION('',(1.,0.,0.));
#3657=DIRECTION('',(0.,-1.,0.));
#3658=DIRECTION('center_axis',(0.,0.,1.));
#3659=DIRECTION('ref_axis',(1.,0.,0.));
#3660=DIRECTION('',(-1.,0.,0.));
#3661=DIRECTION('',(0.0436193873653307,-0.999048221581858,0.));
#3662=DIRECTION('',(1.,-1.11311761854631E-16,0.));
#3663=DIRECTION('',(0.,1.,0.));
#3664=DIRECTION('',(-1.,0.,0.));
#3665=DIRECTION('center_axis',(-0.999048221581858,-0.0436193873653306,0.));
#3666=DIRECTION('ref_axis',(0.0436193873653306,-0.999048221581858,0.));
#3667=DIRECTION('',(0.0417830779455047,-0.956989821155784,0.287096946346735));
#3668=DIRECTION('',(0.,0.,-1.));
#3669=DIRECTION('',(-0.0417830779455047,0.956989821155784,0.287096946346735));
#3670=DIRECTION('center_axis',(-0.999048221581858,-0.043619387365323,-4.35715974663222E-14));
#3671=DIRECTION('ref_axis',(0.0428599867883605,-0.981655088809576,-0.185785651078779));
#3672=DIRECTION('center_axis',(-0.999048221581858,-0.043619387365333,-1.56609656374551E-14));
#3673=DIRECTION('ref_axis',(0.0428599867935171,-0.981655088927707,0.185785650453403));
#3674=DIRECTION('center_axis',(0.,0.,-1.));
#3675=DIRECTION('ref_axis',(-1.,0.,0.));
#3676=DIRECTION('center_axis',(1.81963585479495E-11,0.2985062333067,0.954407684732812));
#3677=DIRECTION('ref_axis',(-0.193869386247457,-0.936300041591065,0.292842778966126));
#3678=DIRECTION('center_axis',(1.3837503187907E-12,0.298506233310088,0.954407684731752));
#3679=DIRECTION('ref_axis',(0.193869386217672,-0.936300041596777,0.292842778967584));
#3680=DIRECTION('center_axis',(0.,0.,1.));
#3681=DIRECTION('ref_axis',(1.,0.,0.));
#3682=DIRECTION('center_axis',(0.,-1.,0.));
#3683=DIRECTION('ref_axis',(0.,0.,-1.));
#3684=DIRECTION('center_axis',(0.,-1.,0.));
#3685=DIRECTION('ref_axis',(0.988793786169449,0.,0.149287804031963));
#3686=DIRECTION('',(1.,0.,0.));
#3687=DIRECTION('',(0.707106781186547,0.,-0.707106781186548));
#3688=DIRECTION('',(0.,0.,-1.));
#3689=DIRECTION('',(-0.707106781186549,0.,-0.707106781186546));
#3690=DIRECTION('',(-1.,0.,0.));
#3691=DIRECTION('center_axis',(0.,-1.,0.));
#3692=DIRECTION('ref_axis',(0.999999981209305,0.,-0.000193859202207163));
#3693=DIRECTION('',(0.,0.,1.));
#3694=DIRECTION('center_axis',(-0.707106781186546,0.,0.707106781186549));
#3695=DIRECTION('ref_axis',(0.,1.,0.));
#3696=DIRECTION('',(0.707106781186549,-7.87093016332321E-17,0.707106781186546));
#3697=DIRECTION('',(0.,1.,0.));
#3698=DIRECTION('',(0.707106781186549,0.,0.707106781186546));
#3699=DIRECTION('',(0.,1.,0.));
#3700=DIRECTION('center_axis',(-1.18286872385059E-16,1.36796676284157E-32,
1.));
#3701=DIRECTION('ref_axis',(1.,0.,1.18286872385059E-16));
#3702=DIRECTION('center_axis',(1.18286872385059E-16,-1.36796676284157E-32,
-1.));
#3703=DIRECTION('ref_axis',(1.,-1.0772512486376E-49,1.18286872385059E-16));
#3704=DIRECTION('center_axis',(-1.18286872385059E-16,1.36796676284157E-32,
1.));
#3705=DIRECTION('ref_axis',(1.,1.61812509903243E-48,1.18286872385059E-16));
#3706=DIRECTION('',(-0.0436193873653307,-0.999048221581858,5.15960090679736E-18));
#3707=DIRECTION('',(-1.,1.07002266474859E-16,-1.18286872385059E-16));
#3708=DIRECTION('',(0.0436193873653307,-0.999048221581858,5.15960090679736E-18));
#3709=DIRECTION('center_axis',(-1.18286872385059E-16,1.36796676284157E-32,
1.));
#3710=DIRECTION('ref_axis',(1.,1.61812509903243E-48,1.18286872385059E-16));
#3711=DIRECTION('center_axis',(-1.18286872385059E-16,1.36796676284157E-32,
1.));
#3712=DIRECTION('ref_axis',(1.,0.,1.18286872385059E-16));
#3713=DIRECTION('',(-0.0436193873653307,-0.999048221581858,5.15960090679736E-18));
#3714=DIRECTION('center_axis',(1.18286872385059E-16,-1.36796676284157E-32,
-1.));
#3715=DIRECTION('ref_axis',(1.,1.61812509903243E-48,1.18286872385059E-16));
#3716=DIRECTION('center_axis',(1.18286872385059E-16,-1.36796676284157E-32,
-1.));
#3717=DIRECTION('ref_axis',(1.,-1.0772512486376E-49,1.18286872385059E-16));
#3718=DIRECTION('center_axis',(1.18286872385059E-16,-1.36796676284157E-32,
-1.));
#3719=DIRECTION('ref_axis',(1.,1.61812509903243E-48,1.18286872385059E-16));
#3720=DIRECTION('',(0.0436193873653307,-0.999048221581858,5.15960090679736E-18));
#3721=DIRECTION('',(-1.,1.07002266474859E-16,-1.18286872385059E-16));
#3722=DIRECTION('center_axis',(1.11311761854631E-16,1.,0.));
#3723=DIRECTION('ref_axis',(-1.,1.11311761854631E-16,0.));
#3724=DIRECTION('',(0.,0.,-1.));
#3725=DIRECTION('center_axis',(-1.07110576675124E-14,-1.,-1.07212619332357E-14));
#3726=DIRECTION('ref_axis',(1.,-1.0711057666477E-14,-9.65797941598372E-11));
#3727=DIRECTION('center_axis',(-1.11311761854631E-16,-1.,0.));
#3728=DIRECTION('ref_axis',(-1.,1.11311761854631E-16,5.20417042793042E-15));
#3729=DIRECTION('',(0.,0.,-1.));
#3730=DIRECTION('',(-0.707106781186547,7.87093016332318E-17,0.707106781186548));
#3731=DIRECTION('center_axis',(-1.11311761854631E-16,-1.,0.));
#3732=DIRECTION('ref_axis',(-1.,1.11311761854631E-16,0.));
#3733=DIRECTION('center_axis',(1.07110576675122E-14,-1.,-1.07212619332356E-14));
#3734=DIRECTION('ref_axis',(1.,1.07110576681733E-14,-6.16536546754489E-11));
#3735=DIRECTION('',(0.,0.,-1.));
#3736=DIRECTION('',(0.,0.,-1.));
#3737=DIRECTION('center_axis',(0.,-1.,0.));
#3738=DIRECTION('ref_axis',(1.,0.,2.16443681313014E-11));
#3739=DIRECTION('center_axis',(-1.11311761854631E-16,-1.,0.));
#3740=DIRECTION('ref_axis',(-1.,1.11311761854631E-16,0.));
#3741=DIRECTION('',(0.707106781186547,7.87093016332318E-17,0.707106781186548));
#3742=DIRECTION('',(0.,0.,-1.));
#3743=DIRECTION('',(-0.707106781186549,-7.87093016332321E-17,0.707106781186546));
#3744=DIRECTION('center_axis',(-1.11311761854631E-16,-1.,0.));
#3745=DIRECTION('ref_axis',(-1.,1.11311761854631E-16,0.));
#3746=DIRECTION('center_axis',(-1.07110576675125E-14,-1.,1.07212619332358E-14));
#3747=DIRECTION('ref_axis',(1.,-1.07110576663918E-14,1.04532459720891E-10));
#3748=DIRECTION('',(0.,0.,-1.));
#3749=DIRECTION('',(0.707106781186547,-7.87093016332319E-17,-0.707106781186548));
#3750=DIRECTION('',(0.,0.,-1.));
#3751=DIRECTION('',(-0.707106781186548,7.8709301633232E-17,-0.707106781186547));
#3752=DIRECTION('',(-1.,1.11311761854631E-16,0.));
#3753=DIRECTION('',(0.,0.,1.));
#3754=DIRECTION('',(1.,-1.11311761854631E-16,0.));
#3755=DIRECTION('',(0.,0.,-1.));
#3756=DIRECTION('',(-1.,1.11311761854631E-16,0.));
#3757=DIRECTION('',(-0.707106781186548,7.8709301633232E-17,0.707106781186547));
#3758=DIRECTION('',(0.,0.,1.));
#3759=DIRECTION('',(0.707106781186547,-7.87093016332319E-17,0.707106781186548));
#3760=DIRECTION('',(1.,-1.11311761854631E-16,0.));
#3761=DIRECTION('center_axis',(0.,0.,-1.));
#3762=DIRECTION('ref_axis',(-1.,0.,0.));
#3763=DIRECTION('',(0.,0.,-1.));
#3764=DIRECTION('center_axis',(0.,0.,1.));
#3765=DIRECTION('ref_axis',(1.,0.,0.));
#3766=DIRECTION('',(0.,0.,1.));
#3767=DIRECTION('center_axis',(0.999048221581858,0.0436193873653307,0.));
#3768=DIRECTION('ref_axis',(-0.0436193873653307,0.999048221581858,0.));
#3769=DIRECTION('',(0.0417830779455048,-0.956989821155784,-0.287096946346735));
#3770=DIRECTION('',(0.0436193873653307,-0.999048221581858,0.));
#3771=DIRECTION('',(0.,0.,-1.));
#3772=DIRECTION('',(-0.0436193873653307,0.999048221581858,0.));
#3773=DIRECTION('center_axis',(0.999048221581858,0.0436193873653307,0.));
#3774=DIRECTION('ref_axis',(-0.0436193873653307,0.999048221581858,0.));
#3775=DIRECTION('',(-0.0436193873653307,0.999048221581858,0.));
#3776=DIRECTION('',(-0.0417830779455048,0.956989821155784,-0.287096946346735));
#3777=DIRECTION('',(0.0436193873653307,-0.999048221581858,0.));
#3778=DIRECTION('',(0.,0.,-1.));
#3779=DIRECTION('center_axis',(0.,0.,-1.));
#3780=DIRECTION('ref_axis',(-1.,0.,0.));
#3781=DIRECTION('',(0.,0.,1.));
#3782=DIRECTION('center_axis',(0.,0.,-1.));
#3783=DIRECTION('ref_axis',(1.,0.,0.));
#3784=DIRECTION('',(0.,0.,-1.));
#3785=DIRECTION('center_axis',(0.707106781186548,0.,0.707106781186547));
#3786=DIRECTION('ref_axis',(0.,-1.,0.));
#3787=DIRECTION('',(-0.707106781186547,0.,0.707106781186548));
#3788=DIRECTION('',(0.,-1.,0.));
#3789=DIRECTION('',(0.,-1.,0.));
#3790=DIRECTION('center_axis',(0.707106781186547,-8.17756488897799E-17,
-0.707106781186548));
#3791=DIRECTION('ref_axis',(-0.707106781186548,-6.16297582203915E-33,-0.707106781186547));
#3792=DIRECTION('',(-1.15648231731787E-16,-1.,0.));
#3793=DIRECTION('',(0.707106781186548,-7.8709301633232E-17,0.707106781186547));
#3794=DIRECTION('',(-1.15648231731787E-16,-1.,0.));
#3795=DIRECTION('',(-0.707106781186548,0.,-0.707106781186547));
#3796=DIRECTION('center_axis',(0.,0.,-1.));
#3797=DIRECTION('ref_axis',(-1.,0.,0.));
#3798=DIRECTION('',(-1.15648231731787E-16,-1.,0.));
#3799=DIRECTION('',(1.,-1.11311761854631E-16,0.));
#3800=DIRECTION('',(-1.,0.,0.));
#3801=DIRECTION('center_axis',(-1.,1.15648231731787E-16,0.));
#3802=DIRECTION('ref_axis',(-1.15648231731787E-16,-1.,0.));
#3803=DIRECTION('',(-1.15648231731787E-16,-1.,0.));
#3804=DIRECTION('',(0.,0.,-1.));
#3805=DIRECTION('',(0.,0.,1.));
#3806=DIRECTION('center_axis',(0.,0.,1.));
#3807=DIRECTION('ref_axis',(1.,0.,0.));
#3808=DIRECTION('',(-1.15648231731787E-16,-1.,0.));
#3809=DIRECTION('',(-1.,1.11311761854631E-16,0.));
#3810=DIRECTION('',(1.,0.,0.));
#3811=DIRECTION('center_axis',(0.707106781186548,-8.177564888978E-17,0.707106781186547));
#3812=DIRECTION('ref_axis',(0.707106781186547,0.,-0.707106781186548));
#3813=DIRECTION('',(-1.15648231731787E-16,-1.,0.));
#3814=DIRECTION('',(-0.707106781186547,7.87093016332319E-17,0.707106781186548));
#3815=DIRECTION('',(0.707106781186547,0.,-0.707106781186548));
#3816=DIRECTION('center_axis',(1.,-1.15648231731787E-16,0.));
#3817=DIRECTION('ref_axis',(1.15648231731787E-16,1.,0.));
#3818=DIRECTION('',(0.,0.,1.));
#3819=DIRECTION('',(0.,0.,-1.));
#3820=DIRECTION('center_axis',(-1.,0.,0.));
#3821=DIRECTION('ref_axis',(0.,0.,1.));
#3822=DIRECTION('',(0.,0.,1.));
#3823=DIRECTION('center_axis',(0.,0.,1.));
#3824=DIRECTION('ref_axis',(1.,0.,0.));
#3825=DIRECTION('',(-0.0436193873653307,0.999048221581858,0.));
#3826=DIRECTION('center_axis',(0.,0.,-1.));
#3827=DIRECTION('ref_axis',(1.,0.,0.));
#3828=DIRECTION('',(-0.0436193873653307,-0.999048221581858,0.));
#3829=DIRECTION('center_axis',(0.,0.,-1.));
#3830=DIRECTION('ref_axis',(1.,-5.20417042793042E-15,0.));
#3831=DIRECTION('center_axis',(0.,0.,1.));
#3832=DIRECTION('ref_axis',(1.,0.,0.));
#3833=DIRECTION('center_axis',(0.,0.,-1.));
#3834=DIRECTION('ref_axis',(1.,-1.73472347597681E-15,0.));
#3835=DIRECTION('center_axis',(0.,0.,1.));
#3836=DIRECTION('ref_axis',(1.,0.,0.));
#3837=DIRECTION('',(0.0436193873653307,0.999048221581858,0.));
#3838=DIRECTION('center_axis',(0.,0.,1.));
#3839=DIRECTION('ref_axis',(1.,0.,0.));
#3840=DIRECTION('',(0.0436193873653307,-0.999048221581858,0.));
#3841=DIRECTION('center_axis',(0.,0.,1.));
#3842=DIRECTION('ref_axis',(1.,0.,0.));
#3843=DIRECTION('center_axis',(0.,0.,-1.));
#3844=DIRECTION('ref_axis',(1.,0.,0.));
#3845=DIRECTION('center_axis',(0.,0.,1.));
#3846=DIRECTION('ref_axis',(1.,0.,0.));
#3847=DIRECTION('center_axis',(0.,-1.,0.));
#3848=DIRECTION('ref_axis',(0.,0.,-1.));
#3849=DIRECTION('center_axis',(0.,-1.,0.));
#3850=DIRECTION('ref_axis',(0.,0.,-1.));
#3851=DIRECTION('',(1.,0.,0.));
#3852=DIRECTION('',(0.,0.,1.));
#3853=DIRECTION('',(-1.,0.,0.));
#3854=DIRECTION('',(-0.707106781186547,0.,-0.707106781186548));
#3855=DIRECTION('',(0.,0.,-1.));
#3856=DIRECTION('',(0.707106781186548,0.,-0.707106781186547));
#3857=DIRECTION('center_axis',(1.,0.,0.));
#3858=DIRECTION('ref_axis',(0.,0.,1.));
#3859=DIRECTION('',(0.,-1.,0.));
#3860=DIRECTION('',(0.,0.,-1.));
#3861=DIRECTION('',(0.,1.,0.));
#3862=DIRECTION('center_axis',(-1.,-1.15648231731787E-16,0.));
#3863=DIRECTION('ref_axis',(-1.15648231731787E-16,1.,0.));
#3864=DIRECTION('',(1.15648231731787E-16,-1.,0.));
#3865=DIRECTION('',(0.,0.,-1.));
#3866=DIRECTION('',(1.15648231731787E-16,-1.,0.));
#3867=DIRECTION('center_axis',(-0.707106781186548,-8.177564888978E-17,0.707106781186547));
#3868=DIRECTION('ref_axis',(-0.707106781186547,0.,-0.707106781186548));
#3869=DIRECTION('',(1.15648231731787E-16,-1.,0.));
#3870=DIRECTION('',(-0.707106781186547,7.87093016332319E-17,-0.707106781186548));
#3871=DIRECTION('center_axis',(0.,0.,1.));
#3872=DIRECTION('ref_axis',(-1.,0.,0.));
#3873=DIRECTION('',(1.15648231731787E-16,-1.,0.));
#3874=DIRECTION('',(-1.,1.11311761854631E-16,0.));
#3875=DIRECTION('center_axis',(1.,1.15648231731787E-16,0.));
#3876=DIRECTION('ref_axis',(1.15648231731787E-16,-1.,0.));
#3877=DIRECTION('',(1.15648231731787E-16,-1.,0.));
#3878=DIRECTION('',(0.,0.,1.));
#3879=DIRECTION('center_axis',(0.,0.,-1.));
#3880=DIRECTION('ref_axis',(1.,0.,0.));
#3881=DIRECTION('',(1.15648231731787E-16,-1.,0.));
#3882=DIRECTION('',(1.,-1.11311761854631E-16,0.));
#3883=DIRECTION('center_axis',(-0.707106781186547,-8.17756488897799E-17,
-0.707106781186548));
#3884=DIRECTION('ref_axis',(0.707106781186548,-6.16297582203915E-33,-0.707106781186547));
#3885=DIRECTION('',(0.707106781186548,-7.8709301633232E-17,-0.707106781186547));
#3886=DIRECTION('center_axis',(-0.707106781186548,0.,0.707106781186547));
#3887=DIRECTION('ref_axis',(0.,-1.,0.));
#3888=DIRECTION('',(0.,1.,0.));
#3889=DIRECTION('',(-0.707106781186547,0.,-0.707106781186548));
#3890=DIRECTION('center_axis',(-0.999048221581858,0.0436193873653307,0.));
#3891=DIRECTION('ref_axis',(0.0436193873653307,0.999048221581858,0.));
#3892=DIRECTION('',(-0.0417830779455048,-0.956989821155784,0.287096946346735));
#3893=DIRECTION('',(-0.0436193873653307,-0.999048221581858,0.));
#3894=DIRECTION('',(0.,0.,1.));
#3895=DIRECTION('',(0.0436193873653307,0.999048221581858,0.));
#3896=DIRECTION('center_axis',(-0.999048221581858,0.0436193873653307,0.));
#3897=DIRECTION('ref_axis',(0.0436193873653307,0.999048221581858,0.));
#3898=DIRECTION('',(0.0436193873653307,0.999048221581858,0.));
#3899=DIRECTION('',(0.0417830779455048,0.956989821155784,0.287096946346735));
#3900=DIRECTION('',(-0.0436193873653307,-0.999048221581858,0.));
#3901=DIRECTION('',(0.,0.,1.));
#3902=DIRECTION('center_axis',(0.707106781186546,0.,0.707106781186549));
#3903=DIRECTION('ref_axis',(0.,1.,0.));
#3904=DIRECTION('',(0.707106781186549,0.,-0.707106781186546));
#3905=DIRECTION('',(0.,-1.,0.));
#3906=DIRECTION('center_axis',(0.,-1.,0.));
#3907=DIRECTION('ref_axis',(0.,0.,-1.));
#3908=DIRECTION('center_axis',(0.,-1.,0.));
#3909=DIRECTION('ref_axis',(-0.988793786169488,0.,-0.149287804031707));
#3910=DIRECTION('',(-1.,0.,0.));
#3911=DIRECTION('',(-0.707106781186549,0.,0.707106781186546));
#3912=DIRECTION('',(0.,0.,1.));
#3913=DIRECTION('',(0.707106781186547,0.,0.707106781186548));
#3914=DIRECTION('',(1.,0.,0.));
#3915=DIRECTION('center_axis',(0.,-1.,0.));
#3916=DIRECTION('ref_axis',(-0.999999981209305,0.,0.000193859202216402));
#3917=DIRECTION('',(0.,0.,-1.));
#3918=DIRECTION('center_axis',(0.999048221581858,-0.0436193873653306,0.));
#3919=DIRECTION('ref_axis',(-0.0436193873653306,-0.999048221581858,0.));
#3920=DIRECTION('',(-0.0417830779455047,-0.956989821155784,-0.287096946346735));
#3921=DIRECTION('',(0.,0.,1.));
#3922=DIRECTION('',(0.0417830779455047,0.956989821155784,-0.287096946346735));
#3923=DIRECTION('center_axis',(0.999048221581858,-0.0436193873653317,-2.94612224861957E-15));
#3924=DIRECTION('ref_axis',(0.0428599867945697,0.981655088951789,-0.185785650325916));
#3925=DIRECTION('center_axis',(0.999048221581858,-0.0436193873653379,3.78344120344357E-14));
#3926=DIRECTION('ref_axis',(0.0428599867972794,0.981655089013861,0.185785649997319));
#3927=DIRECTION('center_axis',(0.,-0.287347885566345,0.957826285221152));
#3928=DIRECTION('ref_axis',(0.,-0.957826285221151,-0.287347885566345));
#3929=DIRECTION('',(-1.,0.,0.));
#3930=DIRECTION('',(-0.0417830779455048,0.956989821155784,0.287096946346735));
#3931=DIRECTION('center_axis',(-3.21248932569228E-15,-0.287347885566344,
0.957826285221152));
#3932=DIRECTION('ref_axis',(-0.197713338350476,-0.938918681122022,-0.281675604336606));
#3933=DIRECTION('center_axis',(-4.20795516334235E-13,-0.287347885566297,
0.957826285221166));
#3934=DIRECTION('ref_axis',(0.994472585204156,-0.100568463500322,-0.0301705390496557));
#3935=DIRECTION('',(1.,0.,0.));
#3936=DIRECTION('',(0.0417830779455047,-0.956989821155784,-0.287096946346735));
#3937=DIRECTION('center_axis',(0.,-0.287347885566345,0.957826285221152));
#3938=DIRECTION('ref_axis',(0.,-0.957826285221151,-0.287347885566345));
#3939=DIRECTION('',(1.,0.,0.));
#3940=DIRECTION('center_axis',(-2.14691589967059E-13,-0.287347885566369,
0.957826285221144));
#3941=DIRECTION('ref_axis',(-0.990682853832393,-0.130445542514547,-0.039133662754591));
#3942=DIRECTION('center_axis',(5.62185631980085E-15,-0.287347885566344,
0.957826285221152));
#3943=DIRECTION('ref_axis',(0.197713338208699,-0.938918681149412,-0.281675604344823));
#3944=DIRECTION('',(-0.0417830779455048,-0.956989821155784,-0.287096946346735));
#3945=DIRECTION('',(-1.,0.,0.));
#3946=DIRECTION('',(0.0417830779455047,0.956989821155784,0.287096946346735));
#3947=DIRECTION('center_axis',(0.,-6.30808536718839E-17,1.));
#3948=DIRECTION('ref_axis',(0.,-1.,-6.30808536718839E-17));
#3949=DIRECTION('',(-1.,0.,0.));
#3950=DIRECTION('center_axis',(0.,-6.30808536718839E-17,1.));
#3951=DIRECTION('ref_axis',(0.,-1.,-6.30808536718839E-17));
#3952=DIRECTION('',(-1.,0.,0.));
#3953=DIRECTION('center_axis',(0.,6.30808536718839E-17,-1.));
#3954=DIRECTION('ref_axis',(0.,-1.,-6.30808536718839E-17));
#3955=DIRECTION('center_axis',(0.,-6.30808536718839E-17,-1.));
#3956=DIRECTION('ref_axis',(0.,1.,-6.30808536718839E-17));
#3957=DIRECTION('',(1.,0.,0.));
#3958=DIRECTION('',(1.,0.,0.));
#3959=DIRECTION('center_axis',(0.,-0.287347885566345,-0.957826285221151));
#3960=DIRECTION('ref_axis',(0.,0.957826285221152,-0.287347885566345));
#3961=DIRECTION('',(0.0417830779455048,-0.956989821155784,0.287096946346735));
#3962=DIRECTION('',(1.,0.,0.));
#3963=DIRECTION('',(-0.0417830779455047,0.956989821155784,-0.287096946346735));
#3964=DIRECTION('',(-1.,0.,0.));
#3965=DIRECTION('center_axis',(-7.38539069459189E-13,-0.287347885566265,
-0.957826285221175));
#3966=DIRECTION('ref_axis',(0.990682853832314,-0.130445542515379,0.0391336627538378));
#3967=DIRECTION('center_axis',(1.2046834971448E-14,-0.287347885566348,-0.957826285221151));
#3968=DIRECTION('ref_axis',(0.197713338279493,0.938918681135735,-0.281675604340721));
#3969=DIRECTION('center_axis',(0.,-0.287347885566345,-0.957826285221151));
#3970=DIRECTION('ref_axis',(0.,0.957826285221152,-0.287347885566345));
#3971=DIRECTION('center_axis',(-4.81873398839965E-15,-0.287347885566347,
-0.957826285221151));
#3972=DIRECTION('ref_axis',(-0.197713338192635,0.938918681152515,-0.281675604345755));
#3973=DIRECTION('center_axis',(-1.2580927172138E-12,-0.287347885566497,
-0.957826285221106));
#3974=DIRECTION('ref_axis',(-0.994472585204136,-0.100568463500017,0.0301705390513285));
#3975=DIRECTION('',(-1.,0.,0.));
#3976=DIRECTION('',(-0.0417830779455047,-0.956989821155784,0.287096946346735));
#3977=DIRECTION('',(1.,0.,0.));
#3978=DIRECTION('',(0.0417830779455048,0.956989821155784,-0.287096946346735));
#3979=DIRECTION('center_axis',(0.,0.,1.));
#3980=DIRECTION('ref_axis',(1.,0.,0.));
#3981=DIRECTION('center_axis',(0.,0.,1.));
#3982=DIRECTION('ref_axis',(1.,0.,0.));
#3983=DIRECTION('center_axis',(-1.,0.,0.));
#3984=DIRECTION('ref_axis',(0.,0.,1.));
#3985=DIRECTION('center_axis',(-0.998950817775854,0.0457958913544899,-2.44256474953225E-14));
#3986=DIRECTION('ref_axis',(-0.00387637120192954,-0.0845557116067883,0.996411212994402));
#3987=DIRECTION('center_axis',(-1.,0.,0.));
#3988=DIRECTION('ref_axis',(0.,0.,1.));
#3989=DIRECTION('center_axis',(0.998950817775854,0.0457958913544901,-2.55090431503567E-14));
#3990=DIRECTION('ref_axis',(0.0131464812051312,-0.286765641246304,0.957910557950229));
#3991=DIRECTION('center_axis',(-1.,0.,0.));
#3992=DIRECTION('ref_axis',(0.,0.,1.));
#3993=DIRECTION('center_axis',(0.998950817775854,0.04579589135449,2.5607533664451E-14));
#3994=DIRECTION('ref_axis',(0.00387637120193085,-0.0845557116067919,-0.996411212994401));
#3995=DIRECTION('center_axis',(-1.,0.,0.));
#3996=DIRECTION('ref_axis',(0.,0.,1.));
#3997=DIRECTION('center_axis',(-0.998950817775854,0.0457958913544904,2.77743249745197E-14));
#3998=DIRECTION('ref_axis',(-0.0131464812051338,-0.286765641246308,-0.957910557950228));
#3999=DIRECTION('center_axis',(0.,0.,-1.));
#4000=DIRECTION('ref_axis',(-1.,0.,0.));
#4001=DIRECTION('center_axis',(0.,0.,-1.));
#4002=DIRECTION('ref_axis',(1.,-3.46944695195361E-15,0.));
#4003=DIRECTION('center_axis',(-0.0436193873653307,-0.999048221581858,0.));
#4004=DIRECTION('ref_axis',(0.999048221581858,-0.0436193873653307,0.));
#4005=DIRECTION('center_axis',(-0.0064639552420517,0.148613360194802,-0.988874252093884));
#4006=DIRECTION('ref_axis',(0.0450749570545086,0.987933066542946,0.148177273148025));
#4007=DIRECTION('center_axis',(0.0436193873653307,-0.999048221581858,0.));
#4008=DIRECTION('ref_axis',(0.999048221581858,0.0436193873653307,0.));
#4009=DIRECTION('center_axis',(0.00646395524402186,0.148613360194939,-0.988874252093851));
#4010=DIRECTION('ref_axis',(-0.0450749570549169,0.987933066542921,0.14817727314807));
#4011=DIRECTION('center_axis',(0.,0.,-1.));
#4012=DIRECTION('ref_axis',(-1.,0.,0.));
#4013=DIRECTION('center_axis',(0.,0.,-1.));
#4014=DIRECTION('ref_axis',(1.,0.,0.));
#4015=DIRECTION('center_axis',(0.0436193873653307,0.999048221581858,0.));
#4016=DIRECTION('ref_axis',(-0.999048221581858,0.0436193873653307,0.));
#4017=DIRECTION('center_axis',(-0.00646395525428226,0.148613360195653,0.988874252093676));
#4018=DIRECTION('ref_axis',(-0.0450749570555401,-0.987933066542854,0.148177273148328));
#4019=DIRECTION('center_axis',(0.,0.,-1.));
#4020=DIRECTION('ref_axis',(-1.,0.,0.));
#4021=DIRECTION('center_axis',(0.,0.,1.));
#4022=DIRECTION('ref_axis',(1.,0.,0.));
#4023=DIRECTION('center_axis',(0.,0.,-1.));
#4024=DIRECTION('ref_axis',(-1.,0.,0.));
#4025=DIRECTION('center_axis',(0.,0.,1.));
#4026=DIRECTION('ref_axis',(1.,0.,0.));
#4027=DIRECTION('center_axis',(-0.0436193873653307,0.999048221581858,0.));
#4028=DIRECTION('ref_axis',(-0.999048221581858,-0.0436193873653307,0.));
#4029=DIRECTION('center_axis',(0.0064639552748561,0.148613360197085,0.988874252093327));
#4030=DIRECTION('ref_axis',(0.0450749570632882,-0.987933066542436,0.14817727314876));
#4031=DIRECTION('center_axis',(-0.999048221581858,-0.0436193873653255,-4.54005451622137E-16));
#4032=DIRECTION('ref_axis',(0.0436193873653255,-0.999048221581858,3.08148791101958E-33));
#4033=DIRECTION('center_axis',(0.,0.,1.));
#4034=DIRECTION('ref_axis',(1.,0.,0.));
#4035=DIRECTION('center_axis',(-0.622900489886703,-0.782301079955093,0.));
#4036=DIRECTION('ref_axis',(0.782301079955094,-0.622900489886703,0.));
#4037=DIRECTION('center_axis',(0.,0.,1.));
#4038=DIRECTION('ref_axis',(1.,0.,0.));
#4039=DIRECTION('center_axis',(-0.622900489886703,0.782301079955093,0.));
#4040=DIRECTION('ref_axis',(-0.782301079955094,-0.622900489886703,0.));
#4041=DIRECTION('center_axis',(0.,0.,1.));
#4042=DIRECTION('ref_axis',(1.,0.,0.));
#4043=DIRECTION('center_axis',(-0.999048221581858,0.043619387365322,7.08362476498442E-15));
#4044=DIRECTION('ref_axis',(-0.043619387365322,-0.999048221581858,4.93038065763132E-32));
#4045=DIRECTION('center_axis',(0.999048221581858,-0.0436193873653289,-3.01213935559969E-15));
#4046=DIRECTION('ref_axis',(0.0436193873653289,0.999048221581858,2.2186712959341E-31));
#4047=DIRECTION('center_axis',(0.,0.,1.));
#4048=DIRECTION('ref_axis',(1.,0.,0.));
#4049=DIRECTION('center_axis',(0.622900489886703,-0.782301079955093,0.));
#4050=DIRECTION('ref_axis',(0.782301079955093,0.622900489886703,0.));
#4051=DIRECTION('center_axis',(0.,0.,1.));
#4052=DIRECTION('ref_axis',(1.,0.,0.));
#4053=DIRECTION('center_axis',(0.622900489886703,0.782301079955093,0.));
#4054=DIRECTION('ref_axis',(-0.782301079955093,0.622900489886703,0.));
#4055=DIRECTION('center_axis',(0.,0.,1.));
#4056=DIRECTION('ref_axis',(1.,0.,0.));
#4057=DIRECTION('center_axis',(0.999048221581858,0.0436193873653289,-1.51335150540725E-16));
#4058=DIRECTION('ref_axis',(-0.0436193873653289,0.999048221581858,-1.07852076885685E-32));
#4059=DIRECTION('center_axis',(-0.364496017317906,-0.912565988623353,0.185380607851164));
#4060=DIRECTION('ref_axis',(0.928662689280439,-0.370925342270414,-1.52655665885959E-16));
#4061=DIRECTION('center_axis',(-0.44074867066592,-0.897630552792308,-3.11428158536571E-15));
#4062=DIRECTION('ref_axis',(0.897630552792308,-0.44074867066592,0.));
#4063=DIRECTION('center_axis',(0.,0.,1.));
#4064=DIRECTION('ref_axis',(1.,0.,0.));
#4065=DIRECTION('center_axis',(-0.44074867066592,0.897630552792308,-4.64343571738521E-15));
#4066=DIRECTION('ref_axis',(-0.897630552792308,-0.44074867066592,3.94430452610506E-31));
#4067=DIRECTION('center_axis',(0.364496017317905,-0.912565988623353,0.185380607851168));
#4068=DIRECTION('ref_axis',(-0.928662689280439,-0.370925342270414,-1.90125692967058E-15));
#4069=DIRECTION('center_axis',(-0.364496017317905,-0.912565988623353,-0.185380607851168));
#4070=DIRECTION('ref_axis',(-0.928662689280442,0.370925342270406,4.33680868994202E-14));
#4071=DIRECTION('center_axis',(-0.44074867066592,-0.897630552792308,-4.6434357173852E-15));
#4072=DIRECTION('ref_axis',(0.897630552792308,-0.44074867066592,-3.94430452610506E-31));
#4073=DIRECTION('center_axis',(0.,0.,1.));
#4074=DIRECTION('ref_axis',(1.,0.,0.));
#4075=DIRECTION('center_axis',(-0.440748670665921,0.897630552792308,0.));
#4076=DIRECTION('ref_axis',(-0.897630552792308,-0.440748670665921,0.));
#4077=DIRECTION('center_axis',(0.364496017317906,-0.912565988623353,-0.185380607851165));
#4078=DIRECTION('ref_axis',(0.928662689280439,0.370925342270414,-1.52655665885959E-16));
#4079=DIRECTION('center_axis',(0.0417830779455047,-0.956989821155784,0.287096946346735));
#4080=DIRECTION('ref_axis',(-4.5102810375397E-17,-0.287347885566345,-0.957826285221151));
#4081=DIRECTION('center_axis',(-0.0417830779455052,0.956989821155784,-0.287096946346735));
#4082=DIRECTION('ref_axis',(1.73472347597681E-18,0.287347885566345,0.957826285221151));
#4083=DIRECTION('center_axis',(-0.0434628031683902,0.995461853846552,-0.0846562595271716));
#4084=DIRECTION('ref_axis',(-8.67361737988404E-19,0.0847363314709082,0.99640340933221));
#4085=DIRECTION('center_axis',(-0.0434628031683903,-0.995461853846552,0.0846562595271718));
#4086=DIRECTION('ref_axis',(0.,-0.0847363314709084,-0.99640340933221));
#4087=DIRECTION('center_axis',(-0.0417830779455044,-0.956989821155784,0.287096946346735));
#4088=DIRECTION('ref_axis',(1.73472347597681E-18,-0.287347885566345,-0.957826285221151));
#4089=DIRECTION('center_axis',(0.0417830779455047,0.956989821155784,-0.287096946346735));
#4090=DIRECTION('ref_axis',(-4.5102810375397E-17,0.287347885566345,0.957826285221151));
#4091=DIRECTION('center_axis',(-0.0417830779455047,-0.956989821155784,-0.287096946346735));
#4092=DIRECTION('ref_axis',(1.90819582357449E-17,0.287347885566345,-0.957826285221152));
#4093=DIRECTION('center_axis',(0.0417830779455046,0.956989821155784,0.287096946346735));
#4094=DIRECTION('ref_axis',(3.46944695195361E-18,-0.287347885566345,0.957826285221151));
#4095=DIRECTION('center_axis',(0.0434628031683901,0.995461853846552,0.084656259527172));
#4096=DIRECTION('ref_axis',(-4.33680868994202E-19,-0.0847363314709086,0.99640340933221));
#4097=DIRECTION('center_axis',(0.110768933059258,0.993846187027406,0.));
#4098=DIRECTION('ref_axis',(-0.993846187027406,0.110768933059258,0.));
#4099=DIRECTION('center_axis',(0.,-6.30808536718839E-17,1.));
#4100=DIRECTION('ref_axis',(-1.22464679914735E-16,1.,6.45947941600091E-17));
#4101=DIRECTION('center_axis',(0.110768933059258,-0.993846187027406,0.));
#4102=DIRECTION('ref_axis',(0.993846187027406,0.110768933059258,0.));
#4103=DIRECTION('center_axis',(0.0434628031683904,-0.995461853846552,-0.084656259527172));
#4104=DIRECTION('ref_axis',(-4.33680868994202E-19,0.0847363314709086,-0.99640340933221));
#4105=DIRECTION('center_axis',(0.0417830779455047,-0.956989821155784,-0.287096946346735));
#4106=DIRECTION('ref_axis',(1.73472347597681E-18,0.287347885566345,-0.957826285221151));
#4107=DIRECTION('center_axis',(-0.0417830779455047,0.956989821155784,0.287096946346735));
#4108=DIRECTION('ref_axis',(1.90819582357449E-17,-0.287347885566345,0.957826285221152));
#4109=DIRECTION('center_axis',(-0.707106781186549,0.,-0.707106781186546));
#4110=DIRECTION('ref_axis',(-0.707106781186546,0.,0.707106781186549));
#4111=DIRECTION('center_axis',(0.707106781186549,0.,0.707106781186546));
#4112=DIRECTION('ref_axis',(-0.707106781186546,0.,0.707106781186549));
#4113=DIRECTION('center_axis',(0.382683432365099,2.03552624987738E-14,0.923879532511283));
#4114=DIRECTION('ref_axis',(0.923879532511283,-2.76307910824473E-13,-0.382683432365099));
#4115=DIRECTION('center_axis',(0.,0.,-1.));
#4116=DIRECTION('ref_axis',(-1.,0.,0.));
#4117=DIRECTION('center_axis',(-0.382683432365094,-1.19736838228081E-14,
0.923879532511285));
#4118=DIRECTION('ref_axis',(0.923879532511285,-1.68634791419265E-12,0.382683432365094));
#4119=DIRECTION('center_axis',(-0.707106781186547,0.,0.707106781186548));
#4120=DIRECTION('ref_axis',(0.707106781186548,0.,0.707106781186547));
#4121=DIRECTION('center_axis',(0.707106781186547,0.,-0.707106781186548));
#4122=DIRECTION('ref_axis',(0.707106781186548,0.,0.707106781186547));
#4123=DIRECTION('center_axis',(0.707106781186547,0.,0.707106781186548));
#4124=DIRECTION('ref_axis',(0.707106781186548,0.,-0.707106781186547));
#4125=DIRECTION('center_axis',(-0.707106781186547,0.,-0.707106781186548));
#4126=DIRECTION('ref_axis',(0.707106781186548,-6.93889390390724E-15,-0.707106781186547));
#4127=DIRECTION('center_axis',(-0.382683432365095,1.09473680665674E-14,
-0.923879532511285));
#4128=DIRECTION('ref_axis',(0.923879532511285,1.89314800568878E-12,-0.382683432365095));
#4129=DIRECTION('center_axis',(0.,0.,-1.));
#4130=DIRECTION('ref_axis',(-1.,0.,0.));
#4131=DIRECTION('center_axis',(0.382683432365098,-6.04385945341738E-15,
-0.923879532511284));
#4132=DIRECTION('ref_axis',(0.923879532511283,-1.18019650422992E-12,0.382683432365098));
#4133=DIRECTION('center_axis',(0.707106781186549,0.,-0.707106781186546));
#4134=DIRECTION('ref_axis',(-0.707106781186546,0.,-0.707106781186549));
#4135=DIRECTION('center_axis',(-0.707106781186549,0.,0.707106781186546));
#4136=DIRECTION('ref_axis',(-0.707106781186546,0.,-0.707106781186549));
#4137=DIRECTION('center_axis',(0.,0.,-1.));
#4138=DIRECTION('ref_axis',(-1.,0.,0.));
#4139=DIRECTION('center_axis',(0.,0.,1.));
#4140=DIRECTION('ref_axis',(1.,0.,0.));
#4141=DIRECTION('center_axis',(0.,0.,-1.));
#4142=DIRECTION('ref_axis',(-1.,0.,0.));
#4143=DIRECTION('center_axis',(0.,0.,-1.));
#4144=DIRECTION('ref_axis',(-1.,0.,0.));
#4145=DIRECTION('center_axis',(0.,0.,1.));
#4146=DIRECTION('ref_axis',(1.,0.,0.));
#4147=DIRECTION('center_axis',(0.,0.,-1.));
#4148=DIRECTION('ref_axis',(-1.,0.,0.));
#4149=DIRECTION('center_axis',(1.,0.,0.));
#4150=DIRECTION('ref_axis',(0.,0.,-1.));
#4151=DIRECTION('center_axis',(-1.,0.,0.));
#4152=DIRECTION('ref_axis',(0.,-1.04083408558608E-14,-1.));
#4153=DIRECTION('center_axis',(-1.,3.46944695195361E-15,0.));
#4154=DIRECTION('ref_axis',(-3.46944695195361E-15,-1.,0.));
#4155=DIRECTION('center_axis',(1.,0.,0.));
#4156=DIRECTION('ref_axis',(0.,0.,-1.));
#4157=DIRECTION('center_axis',(-1.,0.,0.));
#4158=DIRECTION('ref_axis',(0.,0.,1.));
#4159=DIRECTION('center_axis',(0.,1.,0.));
#4160=DIRECTION('ref_axis',(1.,0.,0.));
#4161=DIRECTION('center_axis',(0.,-1.,0.));
#4162=DIRECTION('ref_axis',(0.,0.,-1.));
#4163=DIRECTION('center_axis',(0.,-1.,0.));
#4164=DIRECTION('ref_axis',(0.,0.,-1.));
#4165=DIRECTION('center_axis',(-1.,0.,0.));
#4166=DIRECTION('ref_axis',(0.,0.,1.));
#4167=DIRECTION('center_axis',(-1.,0.,0.));
#4168=DIRECTION('ref_axis',(0.,0.,1.));
#4169=DIRECTION('center_axis',(-1.,0.,0.));
#4170=DIRECTION('ref_axis',(0.,0.,1.));
#4171=DIRECTION('center_axis',(-1.,0.,0.));
#4172=DIRECTION('ref_axis',(0.,0.,1.));
#4173=DIRECTION('center_axis',(-1.,-6.93889390390722E-15,0.));
#4174=DIRECTION('ref_axis',(6.93889390390722E-15,-1.,0.));
#4175=DIRECTION('center_axis',(0.,1.,0.));
#4176=DIRECTION('ref_axis',(1.,0.,0.));
#4177=DIRECTION('center_axis',(0.,-1.,0.));
#4178=DIRECTION('ref_axis',(0.,0.,-1.));
#4179=DIRECTION('center_axis',(0.,1.,0.));
#4180=DIRECTION('ref_axis',(0.,0.,1.));
#4181=DIRECTION('center_axis',(-1.,0.,0.));
#4182=DIRECTION('ref_axis',(0.,0.,1.));
#4183=DIRECTION('center_axis',(1.,0.,0.));
#4184=DIRECTION('ref_axis',(0.,-1.04083408558608E-14,1.));
#4185=DIRECTION('center_axis',(1.,0.,0.));
#4186=DIRECTION('ref_axis',(0.,0.,-1.));
#4187=DIRECTION('center_axis',(1.,0.,0.));
#4188=DIRECTION('ref_axis',(0.,0.,-1.));
#4189=DIRECTION('center_axis',(1.,0.,0.));
#4190=DIRECTION('ref_axis',(0.,0.,-1.));
#4191=DIRECTION('center_axis',(0.,1.,0.));
#4192=DIRECTION('ref_axis',(1.,0.,0.));
#4193=DIRECTION('center_axis',(0.,-1.,0.));
#4194=DIRECTION('ref_axis',(0.,0.,-1.));
#4195=DIRECTION('center_axis',(0.,1.,0.));
#4196=DIRECTION('ref_axis',(0.,0.,1.));
#4197=DIRECTION('center_axis',(1.,0.,0.));
#4198=DIRECTION('ref_axis',(0.,0.,-1.));
#4199=DIRECTION('center_axis',(1.,0.,0.));
#4200=DIRECTION('ref_axis',(0.,0.,-1.));
#4201=DIRECTION('center_axis',(1.,0.,0.));
#4202=DIRECTION('ref_axis',(0.,0.,-1.));
#4203=DIRECTION('center_axis',(-1.,0.,0.));
#4204=DIRECTION('ref_axis',(0.,0.,1.));
#4205=DIRECTION('center_axis',(1.,0.,0.));
#4206=DIRECTION('ref_axis',(0.,0.,-1.));
#4207=DIRECTION('center_axis',(0.,1.,0.));
#4208=DIRECTION('ref_axis',(1.,0.,0.));
#4209=DIRECTION('center_axis',(0.,-1.,0.));
#4210=DIRECTION('ref_axis',(0.,0.,-1.));
#4211=DIRECTION('center_axis',(0.,-1.,0.));
#4212=DIRECTION('ref_axis',(0.,0.,-1.));
#4213=DIRECTION('center_axis',(-0.0436193873653307,-0.999048221581858,0.));
#4214=DIRECTION('ref_axis',(0.999048221581858,-0.0436193873653307,0.));
#4215=DIRECTION('center_axis',(0.0436193873653324,0.999048221581858,0.));
#4216=DIRECTION('ref_axis',(-0.999048221581858,0.0436193873653324,0.));
#4217=DIRECTION('center_axis',(0.,0.,1.));
#4218=DIRECTION('ref_axis',(0.722363962059756,0.69151305578227,0.));
#4219=DIRECTION('center_axis',(0.0417830779455064,0.956989821155784,0.287096946346736));
#4220=DIRECTION('ref_axis',(3.46944695195361E-18,-0.287347885566346,0.957826285221151));
#4221=DIRECTION('center_axis',(0.0417830779455048,0.956989821155784,0.287096946346735));
#4222=DIRECTION('ref_axis',(5.20417042793042E-17,-0.287347885566345,0.957826285221152));
#4223=DIRECTION('center_axis',(0.0417830779455047,0.956989821155783,0.287096946346739));
#4224=DIRECTION('ref_axis',(0.,-0.28734788556635,0.95782628522115));
#4225=DIRECTION('center_axis',(0.555791210571173,0.796261983913027,0.238878595162312));
#4226=DIRECTION('ref_axis',(-0.820001485333588,0.572361392872291,-1.38777878078145E-17));
#4227=DIRECTION('center_axis',(1.,0.,0.));
#4228=DIRECTION('ref_axis',(0.,-0.957826285221152,-0.287347885566344));
#4229=DIRECTION('center_axis',(-0.357317453015651,0.89459346400122,0.268378039222113));
#4230=DIRECTION('ref_axis',(-0.928662689273961,-0.370925342286632,8.32667268468867E-17));
#4231=DIRECTION('center_axis',(-0.136167895034278,0.948904875484033,0.284671462645214));
#4232=DIRECTION('ref_axis',(2.08166817117217E-17,-0.287347885566349,0.95782628522115));
#4233=DIRECTION('center_axis',(-0.104977129231907,0.952533946679254,0.285760184003777));
#4234=DIRECTION('ref_axis',(1.73472347597681E-17,-0.287347885566346,0.957826285221151));
#4235=DIRECTION('center_axis',(0.121136124605412,0.992635904708057,-1.0211843464915E-17));
#4236=DIRECTION('ref_axis',(-0.992635904708057,0.121136124605412,3.85185988877447E-34));
#4237=DIRECTION('center_axis',(0.,-6.30808536718839E-17,1.));
#4238=DIRECTION('ref_axis',(-1.22464679914735E-16,1.,7.04008109744054E-17));
#4239=DIRECTION('center_axis',(0.121136124605412,-0.992635904708057,1.0211843464915E-17));
#4240=DIRECTION('ref_axis',(0.992635904708057,0.121136124605412,7.70371977754894E-34));
#4241=DIRECTION('center_axis',(-0.104977129231921,-0.952533946679242,-0.285760184003809));
#4242=DIRECTION('ref_axis',(3.46944695195361E-17,0.287347885566379,-0.957826285221141));
#4243=DIRECTION('center_axis',(-0.136167895034278,-0.948904875484033,-0.284671462645213));
#4244=DIRECTION('ref_axis',(1.38777878078145E-17,0.287347885566348,-0.957826285221151));
#4245=DIRECTION('center_axis',(-0.35731745300165,-0.894593464011081,-0.268378039207885));
#4246=DIRECTION('ref_axis',(0.928662689280375,-0.370925342270572,1.38777878078145E-17));
#4247=DIRECTION('center_axis',(1.,0.,0.));
#4248=DIRECTION('ref_axis',(0.,-0.957826285221152,-0.287347885566344));
#4249=DIRECTION('center_axis',(0.555791210584125,-0.796261983898085,-0.238878595181985));
#4250=DIRECTION('ref_axis',(0.820001485322287,0.572361392888482,-1.80411241501588E-16));
#4251=DIRECTION('center_axis',(0.0417830779455014,-0.956989821155784,-0.287096946346737));
#4252=DIRECTION('ref_axis',(2.42861286636753E-17,0.287347885566347,-0.957826285221151));
#4253=DIRECTION('center_axis',(0.0417830779455048,-0.956989821155784,-0.287096946346735));
#4254=DIRECTION('ref_axis',(5.20417042793042E-17,0.287347885566345,-0.957826285221152));
#4255=DIRECTION('center_axis',(0.0417830779455064,-0.956989821155784,-0.287096946346736));
#4256=DIRECTION('ref_axis',(1.04083408558608E-17,0.287347885566346,-0.957826285221151));
#4257=DIRECTION('center_axis',(0.,0.,1.));
#4258=DIRECTION('ref_axis',(-0.0436193873653323,0.999048221581858,0.));
#4259=DIRECTION('center_axis',(0.0436193873653324,-0.999048221581858,0.));
#4260=DIRECTION('ref_axis',(0.999048221581858,0.0436193873653324,0.));
#4261=DIRECTION('center_axis',(0.0436193873653307,-0.999048221581858,0.));
#4262=DIRECTION('ref_axis',(0.999048221581858,0.0436193873653307,0.));
#4263=DIRECTION('center_axis',(0.0436193873653307,0.999048221581858,0.));
#4264=DIRECTION('ref_axis',(-0.999048221581858,0.0436193873653307,0.));
#4265=DIRECTION('center_axis',(0.0436193873653289,0.999048221581858,0.));
#4266=DIRECTION('ref_axis',(-0.999048221581858,0.0436193873653289,0.));
#4267=DIRECTION('center_axis',(0.,0.,1.));
#4268=DIRECTION('ref_axis',(0.722363962059754,0.691513055782271,0.));
#4269=DIRECTION('center_axis',(0.0417830779455064,0.956989821155784,-0.287096946346736));
#4270=DIRECTION('ref_axis',(-3.46944695195361E-18,0.287347885566346,0.957826285221151));
#4271=DIRECTION('center_axis',(-0.0417830779455048,-0.956989821155784,0.287096946346735));
#4272=DIRECTION('ref_axis',(4.5102810375397E-17,-0.287347885566345,-0.957826285221151));
#4273=DIRECTION('center_axis',(0.0417830779455009,0.956989821155784,-0.287096946346735));
#4274=DIRECTION('ref_axis',(0.,0.287347885566345,0.957826285221152));
#4275=DIRECTION('center_axis',(0.55579121058119,0.796261983903422,-0.238878595171026));
#4276=DIRECTION('ref_axis',(-0.820001485325506,0.57236139288387,-1.11022302462516E-16));
#4277=DIRECTION('center_axis',(1.,0.,0.));
#4278=DIRECTION('ref_axis',(0.,0.957826285221152,-0.287347885566344));
#4279=DIRECTION('center_axis',(-0.357317453003289,0.894593464011736,-0.26837803920352));
#4280=DIRECTION('ref_axis',(-0.928662689279883,-0.370925342271805,-1.38777878078145E-16));
#4281=DIRECTION('center_axis',(-0.136167895034274,0.948904875484035,-0.28467146264521));
#4282=DIRECTION('ref_axis',(0.,0.287347885566345,0.957826285221151));
#4283=DIRECTION('center_axis',(-0.104977129231907,0.952533946679254,-0.285760184003776));
#4284=DIRECTION('ref_axis',(0.,0.287347885566345,0.957826285221151));
#4285=DIRECTION('center_axis',(-0.104977129231907,-0.952533946679254,0.285760184003776));
#4286=DIRECTION('ref_axis',(3.46944695195361E-18,-0.287347885566345,-0.957826285221151));
#4287=DIRECTION('center_axis',(-0.13616789503428,-0.948904875484034,0.28467146264521));
#4288=DIRECTION('ref_axis',(-6.93889390390723E-18,-0.287347885566345,-0.957826285221152));
#4289=DIRECTION('center_axis',(-0.357317452998083,-0.894593464013643,0.268378039204092));
#4290=DIRECTION('ref_axis',(0.928662689282017,-0.370925342266462,-1.11022302462516E-16));
#4291=DIRECTION('center_axis',(1.,0.,0.));
#4292=DIRECTION('ref_axis',(0.,0.957826285221151,-0.287347885566346));
#4293=DIRECTION('center_axis',(0.55579121054259,-0.79626198392814,0.238878595178441));
#4294=DIRECTION('ref_axis',(0.820001485352501,0.572361392845195,0.));
#4295=DIRECTION('center_axis',(0.0417830779455043,-0.956989821155784,0.287096946346735));
#4296=DIRECTION('ref_axis',(0.,-0.287347885566345,-0.957826285221152));
#4297=DIRECTION('center_axis',(-0.0417830779455048,0.956989821155784,-0.287096946346735));
#4298=DIRECTION('ref_axis',(4.5102810375397E-17,0.287347885566345,0.957826285221151));
#4299=DIRECTION('center_axis',(0.0417830779455063,-0.956989821155784,0.287096946346736));
#4300=DIRECTION('ref_axis',(-1.73472347597681E-18,-0.287347885566346,-0.957826285221151));
#4301=DIRECTION('center_axis',(0.,0.,1.));
#4302=DIRECTION('ref_axis',(-0.0436193873653323,0.999048221581858,0.));
#4303=DIRECTION('center_axis',(0.0436193873653323,-0.999048221581858,0.));
#4304=DIRECTION('ref_axis',(0.999048221581858,0.0436193873653322,0.));
#4305=DIRECTION('center_axis',(-0.0436193873653307,0.999048221581858,0.));
#4306=DIRECTION('ref_axis',(-0.999048221581858,-0.0436193873653307,0.));
#4307=DIRECTION('center_axis',(-0.707106781186546,0.707106781186549,0.));
#4308=DIRECTION('ref_axis',(0.,0.,-1.));
#4309=DIRECTION('',(0.577350269189625,0.577350269189623,-0.577350269189629));
#4310=DIRECTION('',(-0.577350269189625,-0.577350269189623,-0.57735026918963));
#4311=DIRECTION('center_axis',(7.87093016332324E-17,0.707106781186552,-0.707106781186544));
#4312=DIRECTION('ref_axis',(1.,-1.11311761854631E-16,1.23259516440783E-32));
#4313=DIRECTION('',(0.281084637714809,-0.678598344545846,-0.678598344545853));
#4314=DIRECTION('center_axis',(7.87093016332323E-17,0.707106781186551,0.707106781186544));
#4315=DIRECTION('ref_axis',(-1.,1.11311761854631E-16,0.));
#4316=DIRECTION('',(-0.281084637714817,0.678598344545845,-0.678598344545851));
#4317=DIRECTION('center_axis',(0.500000000000001,0.707106781186546,-0.500000000000001));
#4318=DIRECTION('ref_axis',(0.707106781186548,0.,0.707106781186547));
#4319=DIRECTION('',(0.678598344545848,-0.678598344545848,-0.281084637714817));
#4320=DIRECTION('center_axis',(0.499999999999999,0.707106781186549,0.499999999999999));
#4321=DIRECTION('ref_axis',(-0.707106781186547,5.55111512312578E-17,0.707106781186548));
#4322=DIRECTION('',(-0.678598344545846,0.678598344545846,-0.281084637714824));
#4323=DIRECTION('center_axis',(0.707106781186548,0.707106781186548,0.));
#4324=DIRECTION('ref_axis',(0.,0.,1.));
#4325=DIRECTION('center_axis',(-0.500000000000002,0.707106781186545,0.500000000000002));
#4326=DIRECTION('ref_axis',(0.707106781186547,-5.55111512312578E-17,0.707106781186548));
#4327=DIRECTION('',(-0.678598344545854,-0.678598344545846,0.281084637714806));
#4328=DIRECTION('',(0.281084637714818,0.678598344545849,-0.678598344545846));
#4329=DIRECTION('center_axis',(7.87093016332318E-17,0.707106781186546,0.707106781186549));
#4330=DIRECTION('ref_axis',(1.,-1.11311761854631E-16,0.));
#4331=DIRECTION('',(-0.577350269189625,0.577350269189627,-0.577350269189625));
#4332=DIRECTION('center_axis',(-0.707106781186544,0.707106781186551,0.));
#4333=DIRECTION('ref_axis',(0.,0.,1.));
#4334=DIRECTION('',(-0.678598344545855,-0.678598344545848,-0.281084637714797));
#4335=DIRECTION('center_axis',(0.707106781186549,0.707106781186546,0.));
#4336=DIRECTION('ref_axis',(0.,0.,-1.));
#4337=DIRECTION('',(-0.577350269189625,0.577350269189627,0.577350269189625));
#4338=DIRECTION('center_axis',(-0.500000000000004,0.707106781186541,-0.500000000000005));
#4339=DIRECTION('ref_axis',(-0.707106781186548,5.55111512312578E-17,0.707106781186547));
#4340=DIRECTION('',(-0.281084637714806,-0.678598344545851,-0.678598344545849));
#4341=DIRECTION('center_axis',(7.87093016332318E-17,0.707106781186547,-0.707106781186548));
#4342=DIRECTION('ref_axis',(-1.,1.11311761854631E-16,0.));
#4343=DIRECTION('center_axis',(0.,0.,-1.));
#4344=DIRECTION('ref_axis',(-1.,0.,0.));
#4345=DIRECTION('center_axis',(0.,0.,-1.));
#4346=DIRECTION('ref_axis',(1.,0.,0.));
#4347=DIRECTION('',(0.707106781186544,-8.65956056235489E-17,-0.707106781186551));
#4348=DIRECTION('center_axis',(0.,0.,1.));
#4349=DIRECTION('ref_axis',(1.,0.,0.));
#4350=DIRECTION('center_axis',(0.,0.,1.));
#4351=DIRECTION('ref_axis',(1.,0.,0.));
#4352=DIRECTION('center_axis',(0.,0.,1.));
#4353=DIRECTION('ref_axis',(1.,0.,0.));
#4354=DIRECTION('center_axis',(0.,0.,1.));
#4355=DIRECTION('ref_axis',(1.,0.,0.));
#4356=DIRECTION('',(-0.707106781186553,-8.65956056235499E-17,0.707106781186543));
#4357=DIRECTION('center_axis',(0.,0.,-1.));
#4358=DIRECTION('ref_axis',(1.,0.,0.));
#4359=DIRECTION('center_axis',(0.,0.,-1.));
#4360=DIRECTION('ref_axis',(-1.,0.,0.));
#4361=DIRECTION('',(0.,0.,-1.));
#4362=DIRECTION('center_axis',(0.,0.,-1.));
#4363=DIRECTION('ref_axis',(-1.,0.,0.));
#4364=DIRECTION('center_axis',(0.,0.,1.));
#4365=DIRECTION('ref_axis',(1.,0.,0.));
#4366=DIRECTION('',(0.,0.,1.));
#4367=DIRECTION('center_axis',(0.,0.,1.));
#4368=DIRECTION('ref_axis',(1.,0.,0.));
#4369=DIRECTION('center_axis',(0.,0.,1.));
#4370=DIRECTION('ref_axis',(1.,0.,0.));
#4371=DIRECTION('center_axis',(0.,0.,1.));
#4372=DIRECTION('ref_axis',(1.,0.,0.));
#4373=DIRECTION('center_axis',(1.,3.49148133884313E-15,0.));
#4374=DIRECTION('ref_axis',(-3.49148133884313E-15,1.,0.));
#4375=DIRECTION('',(1.,3.49148133884313E-15,0.));
#4376=DIRECTION('center_axis',(0.,-1.,0.));
#4377=DIRECTION('ref_axis',(0.,0.,-1.));
#4378=DIRECTION('',(0.,-1.,0.));
#4379=DIRECTION('center_axis',(0.,0.,1.));
#4380=DIRECTION('ref_axis',(1.,0.,0.));
#4381=DIRECTION('center_axis',(0.,0.,1.));
#4382=DIRECTION('ref_axis',(1.,0.,0.));
#4383=DIRECTION('',(0.707106781186546,8.65956056235492E-17,-0.707106781186549));
#4384=DIRECTION('center_axis',(0.,0.,-1.));
#4385=DIRECTION('ref_axis',(1.,0.,0.));
#4386=DIRECTION('center_axis',(0.,0.,-1.));
#4387=DIRECTION('ref_axis',(-1.,0.,0.));
#4388=DIRECTION('center_axis',(0.,0.,-1.));
#4389=DIRECTION('ref_axis',(1.,0.,0.));
#4390=DIRECTION('center_axis',(0.,0.,-1.));
#4391=DIRECTION('ref_axis',(1.,0.,0.));
#4392=DIRECTION('',(-0.707106781186546,8.65956056235492E-17,0.707106781186549));
#4393=DIRECTION('center_axis',(0.,0.,1.));
#4394=DIRECTION('ref_axis',(1.,0.,0.));
#4395=DIRECTION('center_axis',(0.,0.,1.));
#4396=DIRECTION('ref_axis',(1.,0.,0.));
#4397=DIRECTION('center_axis',(0.,0.,-1.));
#4398=DIRECTION('ref_axis',(1.,0.,0.));
#4399=DIRECTION('',(0.,0.,1.));
#4400=DIRECTION('',(0.,0.,1.));
#4401=DIRECTION('center_axis',(0.,0.,1.));
#4402=DIRECTION('ref_axis',(1.,0.,0.));
#4403=DIRECTION('center_axis',(0.,0.,1.));
#4404=DIRECTION('ref_axis',(1.,0.,0.));
#4405=DIRECTION('',(0.,0.,-1.));
#4406=DIRECTION('',(0.,0.,-1.));
#4407=DIRECTION('center_axis',(0.,0.,1.));
#4408=DIRECTION('ref_axis',(1.,0.,0.));
#4409=DIRECTION('center_axis',(0.,0.,1.));
#4410=DIRECTION('ref_axis',(1.,0.,0.));
#4411=DIRECTION('center_axis',(0.,0.,-1.));
#4412=DIRECTION('ref_axis',(-1.,0.,0.));
#4413=DIRECTION('center_axis',(-1.22464679914735E-16,-1.,0.));
#4414=DIRECTION('ref_axis',(1.,-1.22464679914735E-16,0.));
#4415=DIRECTION('center_axis',(0.,0.,-1.));
#4416=DIRECTION('ref_axis',(-1.,0.,0.));
#4417=DIRECTION('center_axis',(0.,0.,-1.));
#4418=DIRECTION('ref_axis',(-1.,0.,0.));
#4419=DIRECTION('center_axis',(0.,0.,1.));
#4420=DIRECTION('ref_axis',(1.,0.,0.));
#4421=DIRECTION('',(0.,0.,-1.));
#4422=DIRECTION('center_axis',(0.,0.,1.));
#4423=DIRECTION('ref_axis',(1.,0.,0.));
#4424=DIRECTION('center_axis',(0.,0.,1.));
#4425=DIRECTION('ref_axis',(1.,0.,0.));
#4426=DIRECTION('center_axis',(0.,0.,1.));
#4427=DIRECTION('ref_axis',(1.,0.,0.));
#4428=CARTESIAN_POINT('',(0.,0.,0.));
#4429=CARTESIAN_POINT('Origin',(0.,-3.1540426835942E-17,3.));
#4430=CARTESIAN_POINT('',(11.5969778830585,1.41523488242303,3.25));
#4431=CARTESIAN_POINT('',(-11.5969778830585,1.41523488242303,3.25));
#4432=CARTESIAN_POINT('Origin',(0.,-1.57702134179721E-17,3.24999999999998));
#4433=CARTESIAN_POINT('',(12.0268018381514,1.46768836303517,3.5));
#4434=CARTESIAN_POINT('Origin',(12.0268018381514,1.46768836303517,3.));
#4435=CARTESIAN_POINT('',(-12.0268018381514,1.46768836303517,3.5));
#4436=CARTESIAN_POINT('Origin',(0.,-2.40741243048404E-32,3.5));
#4437=CARTESIAN_POINT('Origin',(-12.0268018381514,1.46768836303517,3.));
#4438=CARTESIAN_POINT('Ctrl Pts',(13.7658770637757,-9.75410707134555,6.43590806216663));
#4439=CARTESIAN_POINT('Ctrl Pts',(13.7614873952003,-9.70245544675551,6.40574608020036));
#4440=CARTESIAN_POINT('Ctrl Pts',(13.7589814885258,-9.64506074779573,6.38852767051242));
#4441=CARTESIAN_POINT('Ctrl Pts',(13.7014606729293,-9.75410730307858,6.4452830535774));
#4442=CARTESIAN_POINT('Ctrl Pts',(13.7008030659127,-9.70245561640904,6.41457791562382));
#4443=CARTESIAN_POINT('Ctrl Pts',(13.7004304436908,-9.64506074778733,6.39704898326242));
#4444=CARTESIAN_POINT('Ctrl Pts',(13.6351539356744,-9.75182127679574,6.44121222643952));
#4445=CARTESIAN_POINT('Ctrl Pts',(13.6383678383484,-9.69976474017077,6.4108107322282));
#4446=CARTESIAN_POINT('Ctrl Pts',(13.6402543397571,-9.6419884111504,6.39368323243247));
#4447=CARTESIAN_POINT('Ctrl Pts',(13.5715985823519,-9.74737219416749,6.4240758755899));
#4448=CARTESIAN_POINT('Ctrl Pts',(13.5783061661082,-9.69453294403811,6.39475181078666));
#4449=CARTESIAN_POINT('Ctrl Pts',(13.5819945103429,-9.63602421368365,6.37862718986759));
#4450=CARTESIAN_POINT('',(13.5728069310694,-9.74688038487472,6.42406411546242));
#4451=CARTESIAN_POINT('',(13.7651580286319,-9.74556698515061,6.43096786115284));
#4452=CARTESIAN_POINT('Ctrl Pts',(13.572808754431,-9.74687920480142,6.42407889980612));
#4453=CARTESIAN_POINT('Ctrl Pts',(13.5767906040116,-9.74672384742035,6.42488797471081));
#4454=CARTESIAN_POINT('Ctrl Pts',(13.5807745257418,-9.74657819180553,6.42565558405059));
#4455=CARTESIAN_POINT('Ctrl Pts',(13.5847602911906,-9.74644176177231,6.42638223851782));
#4456=CARTESIAN_POINT('Ctrl Pts',(13.5911552186521,-9.74622286776631,6.42754811309505));
#4457=CARTESIAN_POINT('Ctrl Pts',(13.5975564114813,-9.74602765042201,6.42860886768637));
#4458=CARTESIAN_POINT('Ctrl Pts',(13.6039684783424,-9.74585427176867,6.42956797358518));
#4459=CARTESIAN_POINT('Ctrl Pts',(13.6122114516315,-9.74563138644334,6.43080094330875));
#4460=CARTESIAN_POINT('Ctrl Pts',(13.6205228816818,-9.74544684272086,6.43184585782904));
#4461=CARTESIAN_POINT('Ctrl Pts',(13.6288350930311,-9.74529586159877,6.43271311880426));
#4462=CARTESIAN_POINT('Ctrl Pts',(13.6384156171569,-9.74512184313102,6.43371271017017));
#4463=CARTESIAN_POINT('Ctrl Pts',(13.6479976651064,-9.74499233231012,6.43447686520075));
#4464=CARTESIAN_POINT('Ctrl Pts',(13.6575486607193,-9.74490263994883,6.43501475631281));
#4465=CARTESIAN_POINT('Ctrl Pts',(13.6682032043777,-9.74480258428783,6.43561479682893));
#4466=CARTESIAN_POINT('Ctrl Pts',(13.67882078563,-9.74475196414906,6.43593423885156));
#4467=CARTESIAN_POINT('Ctrl Pts',(13.6894201725803,-9.74474893133747,6.43596515220381));
#4468=CARTESIAN_POINT('Ctrl Pts',(13.6995750093949,-9.74474602572538,6.43599476901552));
#4469=CARTESIAN_POINT('Ctrl Pts',(13.7097155998774,-9.74478678696463,6.43575997474002));
#4470=CARTESIAN_POINT('Ctrl Pts',(13.7198803866057,-9.74487440923568,6.43522623989015));
#4471=CARTESIAN_POINT('Ctrl Pts',(13.7307231788792,-9.74496787603522,6.4346569041765));
#4472=CARTESIAN_POINT('Ctrl Pts',(13.7415640181099,-9.74511383900586,6.43375210016632));
#4473=CARTESIAN_POINT('Ctrl Pts',(13.7524508261154,-9.74531202996533,6.43253247006449));
#4474=CARTESIAN_POINT('Ctrl Pts',(13.7566797273427,-9.74538901579913,6.43205871364003));
#4475=CARTESIAN_POINT('Ctrl Pts',(13.7609151866728,-9.74547394014025,6.4315371211666));
#4476=CARTESIAN_POINT('Ctrl Pts',(13.7651580225915,-9.74556698501814,6.43096786196327));
#4477=CARTESIAN_POINT('',(13.7589814885258,-9.64506074779573,6.38852767051242));
#4478=CARTESIAN_POINT('Origin',(13.8278939629511,-9.5,6.86203421779294));
#4479=CARTESIAN_POINT('',(13.6899479170037,-9.64367537819777,6.39309739592462));
#4480=CARTESIAN_POINT('Origin',(13.6774020365423,-9.50000000153936,5.82798468055347));
#4481=CARTESIAN_POINT('Ctrl Pts',(13.572808667407,-9.74687899618973,6.42406369161594));
#4482=CARTESIAN_POINT('Ctrl Pts',(13.5893148442016,-9.73363328781046,6.42008971153466));
#4483=CARTESIAN_POINT('Ctrl Pts',(13.6055765959453,-9.72001865208047,6.41599722052829));
#4484=CARTESIAN_POINT('Ctrl Pts',(13.6215588207033,-9.70612794146783,6.41182433350384));
#4485=CARTESIAN_POINT('Ctrl Pts',(13.6385252779514,-9.69138179996863,6.4073944678016));
#4486=CARTESIAN_POINT('Ctrl Pts',(13.6551771303392,-9.67632470509465,6.40287495595203));
#4487=CARTESIAN_POINT('Ctrl Pts',(13.6715306414812,-9.66106324238435,6.39829922365013));
#4488=CARTESIAN_POINT('Ctrl Pts',(13.6777109575243,-9.65529563309173,6.39656996370657));
#4489=CARTESIAN_POINT('Ctrl Pts',(13.6838491918991,-9.64949878020258,6.39483248254673));
#4490=CARTESIAN_POINT('Ctrl Pts',(13.6899479180696,-9.64367824975192,6.39308782232145));
#4491=CARTESIAN_POINT('Ctrl Pts',(-13.7658770637757,-9.75410707134555,-6.43590806216663));
#4492=CARTESIAN_POINT('Ctrl Pts',(-13.7614873952003,-9.7024554467555,-6.40574608020036));
#4493=CARTESIAN_POINT('Ctrl Pts',(-13.7589814885258,-9.64506074779573,-6.38852767051242));
#4494=CARTESIAN_POINT('Ctrl Pts',(-13.7014606729292,-9.75410730307869,-6.44528305357738));
#4495=CARTESIAN_POINT('Ctrl Pts',(-13.7008030659127,-9.70245561640911,-6.41457791562381));
#4496=CARTESIAN_POINT('Ctrl Pts',(-13.7004304436907,-9.64506074778733,-6.39704898326243));
#4497=CARTESIAN_POINT('Ctrl Pts',(-13.6351539356744,-9.75182127679559,-6.44121222643954));
#4498=CARTESIAN_POINT('Ctrl Pts',(-13.6383678383485,-9.69976474017057,-6.41081073222819));
#4499=CARTESIAN_POINT('Ctrl Pts',(-13.6402543397572,-9.64198841115013,-6.39368323243241));
#4500=CARTESIAN_POINT('Ctrl Pts',(-13.5715985823519,-9.74737219416749,-6.4240758755899));
#4501=CARTESIAN_POINT('Ctrl Pts',(-13.5783061661082,-9.69453294403811,-6.39475181078666));
#4502=CARTESIAN_POINT('Ctrl Pts',(-13.5819945103429,-9.63602421368365,-6.37862718986759));
#4503=CARTESIAN_POINT('',(-13.5728069310694,-9.74688038487471,-6.42406411546241));
#4504=CARTESIAN_POINT('',(-13.7651580286319,-9.7455669851506,-6.43096786115285));
#4505=CARTESIAN_POINT('Ctrl Pts',(-13.572808754431,-9.7468792048014,-6.42407889980613));
#4506=CARTESIAN_POINT('Ctrl Pts',(-13.5767906040116,-9.74672384742034,-6.42488797471082));
#4507=CARTESIAN_POINT('Ctrl Pts',(-13.5807745257418,-9.74657819180552,-6.42565558405059));
#4508=CARTESIAN_POINT('Ctrl Pts',(-13.5847602911906,-9.7464417617723,-6.42638223851782));
#4509=CARTESIAN_POINT('Ctrl Pts',(-13.5911552186521,-9.74622286776631,-6.42754811309504));
#4510=CARTESIAN_POINT('Ctrl Pts',(-13.5975564114813,-9.74602765042201,-6.42860886768637));
#4511=CARTESIAN_POINT('Ctrl Pts',(-13.6039684783425,-9.74585427176867,-6.4295679735852));
#4512=CARTESIAN_POINT('Ctrl Pts',(-13.6122114516332,-9.7456313864433,-6.430800943309));
#4513=CARTESIAN_POINT('Ctrl Pts',(-13.6205228816849,-9.74544684272079,-6.43184585782945));
#4514=CARTESIAN_POINT('Ctrl Pts',(-13.6288350930357,-9.7452958615987,-6.43271311880477));
#4515=CARTESIAN_POINT('Ctrl Pts',(-13.6384156171629,-9.74512184313092,-6.43371271017078));
#4516=CARTESIAN_POINT('Ctrl Pts',(-13.6479976651139,-9.74499233231003,-6.43447686520137));
#4517=CARTESIAN_POINT('Ctrl Pts',(-13.6575486607281,-9.74490263994874,-6.43501475631337));
#4518=CARTESIAN_POINT('Ctrl Pts',(-13.6682032043878,-9.74480258428776,-6.43561479682941));
#4519=CARTESIAN_POINT('Ctrl Pts',(-13.6788207856413,-9.74475196414901,-6.43593423885188));
#4520=CARTESIAN_POINT('Ctrl Pts',(-13.6894201725929,-9.74474893133746,-6.43596515220389));
#4521=CARTESIAN_POINT('Ctrl Pts',(-13.6995750094033,-9.74474602572542,-6.43599476901535));
#4522=CARTESIAN_POINT('Ctrl Pts',(-13.7097155998816,-9.74478678696467,-6.4357599747398));
#4523=CARTESIAN_POINT('Ctrl Pts',(-13.7198803866059,-9.74487440923568,-6.43522623989014));
#4524=CARTESIAN_POINT('Ctrl Pts',(-13.7307231788796,-9.74496787603523,-6.43465690417647));
#4525=CARTESIAN_POINT('Ctrl Pts',(-13.7415640181105,-9.74511383900587,-6.43375210016627));
#4526=CARTESIAN_POINT('Ctrl Pts',(-13.7524508261162,-9.74531202996535,-6.43253247006441));
#4527=CARTESIAN_POINT('Ctrl Pts',(-13.7566797273432,-9.74538901579914,-6.43205871363998));
#4528=CARTESIAN_POINT('Ctrl Pts',(-13.760915186673,-9.74547394014026,-6.43153712116658));
#4529=CARTESIAN_POINT('Ctrl Pts',(-13.7651580225915,-9.74556698501814,-6.43096786196328));
#4530=CARTESIAN_POINT('',(-13.7589814885258,-9.64506074779573,-6.38852767051242));
#4531=CARTESIAN_POINT('Origin',(-13.8278939629511,-9.5,-6.86203421779294));
#4532=CARTESIAN_POINT('',(-13.6899479170037,-9.64367537819777,-6.39309739592462));
#4533=CARTESIAN_POINT('Origin',(-13.6774020357273,-9.49999999898227,-5.82798467058131));
#4534=CARTESIAN_POINT('Ctrl Pts',(-13.572808667407,-9.74687899618973,-6.42406369161594));
#4535=CARTESIAN_POINT('Ctrl Pts',(-13.589314844203,-9.73363328780929,-6.42008971153433));
#4536=CARTESIAN_POINT('Ctrl Pts',(-13.6055765959482,-9.72001865207816,-6.41599722052766));
#4537=CARTESIAN_POINT('Ctrl Pts',(-13.6215588207077,-9.70612794146433,-6.41182433350286));
#4538=CARTESIAN_POINT('Ctrl Pts',(-13.6385252779575,-9.69138179996375,-6.40739446780022));
#4539=CARTESIAN_POINT('Ctrl Pts',(-13.6551771303468,-9.67632470508831,-6.40287495595018));
#4540=CARTESIAN_POINT('Ctrl Pts',(-13.6715306414901,-9.66106324237637,-6.39829922364776));
#4541=CARTESIAN_POINT('Ctrl Pts',(-13.6777109575302,-9.65529563308641,-6.39656996370499));
#4542=CARTESIAN_POINT('Ctrl Pts',(-13.6838491919021,-9.64949878019992,-6.39483248254594));
#4543=CARTESIAN_POINT('Ctrl Pts',(-13.6899479180696,-9.64367824975191,-6.39308782232145));
#4544=CARTESIAN_POINT('Origin',(0.,0.,3.5));
#4545=CARTESIAN_POINT('',(-11.25,-1.37772764904077E-15,3.));
#4546=CARTESIAN_POINT('Origin',(0.,0.,3.));
#4547=CARTESIAN_POINT('',(-11.7089310687824,1.5736457498209E-7,3.30154110163693));
#4548=CARTESIAN_POINT('Origin',(-11.25,-1.37772764904077E-15,3.5));
#4549=CARTESIAN_POINT('',(-11.6547905910162,-1.48631601514486,3.47141200258896));
#4550=CARTESIAN_POINT('Ctrl Pts',(-11.7089310703462,1.07879037037088E-7,
3.30154110526908));
#4551=CARTESIAN_POINT('Ctrl Pts',(-11.7095121471706,-0.0183877890095983,
3.30289074427361));
#4552=CARTESIAN_POINT('Ctrl Pts',(-11.7100558346272,-0.0367820610691416,
3.30426779374043));
#4553=CARTESIAN_POINT('Ctrl Pts',(-11.7105616107875,-0.0551824885413929,
3.30567237400894));
#4554=CARTESIAN_POINT('Ctrl Pts',(-11.7154333722419,-0.232419970933648,
3.31920163961893));
#4555=CARTESIAN_POINT('Ctrl Pts',(-11.7167304164994,-0.409107967566303,
3.33520595851684));
#4556=CARTESIAN_POINT('Ctrl Pts',(-11.7136413567025,-0.58528276572501,3.35373365355351));
#4557=CARTESIAN_POINT('Ctrl Pts',(-11.7106213036991,-0.757521978716653,
3.37184745669117));
#4558=CARTESIAN_POINT('Ctrl Pts',(-11.7034089829067,-0.929270678901358,
3.39237313106767));
#4559=CARTESIAN_POINT('Ctrl Pts',(-11.6911968971591,-1.10056480016825,3.41535740318335));
#4560=CARTESIAN_POINT('Ctrl Pts',(-11.6820118150642,-1.229400332338,3.43264457514032));
#4561=CARTESIAN_POINT('Ctrl Pts',(-11.66999739709,-1.35797875681958,3.45132261891066));
#4562=CARTESIAN_POINT('Ctrl Pts',(-11.6547905910162,-1.48631601514486,3.47141200258896));
#4563=CARTESIAN_POINT('',(-11.6308573871643,-1.66902859156053,3.5));
#4564=CARTESIAN_POINT('Origin',(-4.03370775847146,-0.612006269183104,3.28732901326295));
#4565=CARTESIAN_POINT('',(11.6308573871643,-1.66902859156053,3.5));
#4566=CARTESIAN_POINT('Origin',(0.,0.,3.5));
#4567=CARTESIAN_POINT('',(11.6547905910162,-1.48631601514486,3.47141200258895));
#4568=CARTESIAN_POINT('Origin',(4.03370775927112,-0.612006269294778,3.2873290132085));
#4569=CARTESIAN_POINT('',(11.7089306513299,1.31883596326845E-7,3.30154104358072));
#4570=CARTESIAN_POINT('Ctrl Pts',(11.6547905910162,-1.48631601514486,3.47141200258895));
#4571=CARTESIAN_POINT('Ctrl Pts',(11.6715528646172,-1.34485144810753,3.44926772429298));
#4572=CARTESIAN_POINT('Ctrl Pts',(11.684423986755,-1.2028338540512,3.42882009867666));
#4573=CARTESIAN_POINT('Ctrl Pts',(11.6939066410333,-1.06040720503783,3.41004885244158));
#4574=CARTESIAN_POINT('Ctrl Pts',(11.7037032452188,-0.913265121723619,3.39065613137029));
#4575=CARTESIAN_POINT('Ctrl Pts',(11.70988299088,-0.765686243542637,3.37305252399282));
#4576=CARTESIAN_POINT('Ctrl Pts',(11.7129492752247,-0.617806230094714,3.35722557492163));
#4577=CARTESIAN_POINT('Ctrl Pts',(11.7161812631261,-0.461934705935874,3.34054332951881));
#4578=CARTESIAN_POINT('Ctrl Pts',(11.7159539518153,-0.305728427420431,3.32583480314902));
#4579=CARTESIAN_POINT('Ctrl Pts',(11.7128052620358,-0.149324044718268,3.313098318996));
#4580=CARTESIAN_POINT('Ctrl Pts',(11.712146383025,-0.116595649040003,3.31043314628339));
#4581=CARTESIAN_POINT('Ctrl Pts',(11.7113594204373,-0.0838585112908081,
3.30785437199286));
#4582=CARTESIAN_POINT('Ctrl Pts',(11.7104490547563,-0.0511137823218986,
3.30536205623479));
#4583=CARTESIAN_POINT('Ctrl Pts',(11.7099752850089,-0.0340728697567748,
3.3040650128249));
#4584=CARTESIAN_POINT('Ctrl Pts',(11.7094690279775,-0.0170349320466077,
3.30279137179196));
#4585=CARTESIAN_POINT('Ctrl Pts',(11.7089306526406,9.04120450175499E-8,
3.30154104662462));
#4586=CARTESIAN_POINT('Ctrl Pts',(11.7089306500192,1.73355147667364E-7,
3.30154104053682));
#4587=CARTESIAN_POINT('Ctrl Pts',(11.7029806869788,0.188364364746658,3.28772279429733));
#4588=CARTESIAN_POINT('Ctrl Pts',(11.693105405775,0.376527709857482,3.27674635298707));
#4589=CARTESIAN_POINT('Ctrl Pts',(11.6797609982687,0.564517515154122,3.26852984035113));
#4590=CARTESIAN_POINT('Ctrl Pts',(11.6656714884274,0.763003975532593,3.25985454805435));
#4591=CARTESIAN_POINT('Ctrl Pts',(11.6477142623067,0.961297271224734,3.25425579554609));
#4592=CARTESIAN_POINT('Ctrl Pts',(11.6263772261487,1.15943551099745,3.25166878780846));
#4593=CARTESIAN_POINT('Ctrl Pts',(11.6171921069025,1.24472961398643,3.25055513854692));
#4594=CARTESIAN_POINT('Ctrl Pts',(11.6073801116602,1.32999502822835,3.24999999999997));
#4595=CARTESIAN_POINT('Ctrl Pts',(11.5969778830585,1.41523488242303,3.25));
#4596=CARTESIAN_POINT('Ctrl Pts',(-11.5969778830585,1.41523488242303,3.25));
#4597=CARTESIAN_POINT('Ctrl Pts',(-11.6199587572686,1.22692077763529,3.25));
#4598=CARTESIAN_POINT('Ctrl Pts',(-11.6400572037527,1.03848297386874,3.25271087065375));
#4599=CARTESIAN_POINT('Ctrl Pts',(-11.6568762309406,0.849886156294381,3.2581707580603));
#4600=CARTESIAN_POINT('Ctrl Pts',(-11.6727779179027,0.671575750965815,3.26333285331213));
#4601=CARTESIAN_POINT('Ctrl Pts',(-11.6857484897916,0.493122850565002,3.2709524774362));
#4602=CARTESIAN_POINT('Ctrl Pts',(-11.695415199771,0.314501543016522,3.28108872730208));
#4603=CARTESIAN_POINT('Ctrl Pts',(-11.701085442721,0.209726887316466,3.28703439024882));
#4604=CARTESIAN_POINT('Ctrl Pts',(-11.7056181982825,0.104894388191495,3.29384644108824));
#4605=CARTESIAN_POINT('Ctrl Pts',(-11.7089310672186,2.0685011281607E-7,
3.30154109800478));
#4606=CARTESIAN_POINT('Origin',(0.,0.,-3.5));
#4607=CARTESIAN_POINT('',(11.7089310687824,1.57364578035204E-7,-3.30154110163695));
#4608=CARTESIAN_POINT('',(11.6547905910162,-1.48631601514496,-3.47141200258897));
#4609=CARTESIAN_POINT('Ctrl Pts',(11.7089310703462,1.07879039923668E-7,
-3.3015411052691));
#4610=CARTESIAN_POINT('Ctrl Pts',(11.7095121471706,-0.0183877890096253,
-3.30289074427363));
#4611=CARTESIAN_POINT('Ctrl Pts',(11.7100558346272,-0.0367820610691954,
-3.30426779374044));
#4612=CARTESIAN_POINT('Ctrl Pts',(11.7105616107875,-0.0551824885414768,
-3.30567237400896));
#4613=CARTESIAN_POINT('Ctrl Pts',(11.7154333722411,-0.232419970906014,-3.31920163961679));
#4614=CARTESIAN_POINT('Ctrl Pts',(11.716730416499,-0.409107967511106,-3.33520595851181));
#4615=CARTESIAN_POINT('Ctrl Pts',(11.7136413567039,-0.585282765642411,-3.35373365354481));
#4616=CARTESIAN_POINT('Ctrl Pts',(11.710621303703,-0.757521978565565,-3.37184745667449));
#4617=CARTESIAN_POINT('Ctrl Pts',(11.7034089829167,-0.929270678682176,-3.39237313104108));
#4618=CARTESIAN_POINT('Ctrl Pts',(11.6911968971795,-1.10056479988133,-3.41535740314486));
#4619=CARTESIAN_POINT('Ctrl Pts',(11.6820118150821,-1.22940033214714,-3.4326445751126));
#4620=CARTESIAN_POINT('Ctrl Pts',(11.6699973971013,-1.35797875672438,-3.45132261889576));
#4621=CARTESIAN_POINT('Ctrl Pts',(11.6547905910162,-1.48631601514496,-3.47141200258897));
#4622=CARTESIAN_POINT('',(11.6308573871643,-1.66902859156053,-3.5));
#4623=CARTESIAN_POINT('Origin',(4.0337077584352,-0.612006269174885,-3.28732901327596));
#4624=CARTESIAN_POINT('',(-11.6308573871643,-1.66902859156053,-3.5));
#4625=CARTESIAN_POINT('Origin',(0.,0.,-3.5));
#4626=CARTESIAN_POINT('',(-11.6547905910162,-1.48631601514486,-3.47141200258895));
#4627=CARTESIAN_POINT('Origin',(-4.03370775927153,-0.612006269294675,-3.28732901320908));
#4628=CARTESIAN_POINT('',(-11.7089306513299,1.31883597640898E-7,-3.30154104358071));
#4629=CARTESIAN_POINT('Ctrl Pts',(-11.6547905910162,-1.48631601514486,-3.47141200258896));
#4630=CARTESIAN_POINT('Ctrl Pts',(-11.6715528646241,-1.34485144804918,-3.44926772428385));
#4631=CARTESIAN_POINT('Ctrl Pts',(-11.6844239867657,-1.20283385393409,-3.42882009865979));
#4632=CARTESIAN_POINT('Ctrl Pts',(-11.6939066410451,-1.06040720486167,-3.41004885241835));
#4633=CARTESIAN_POINT('Ctrl Pts',(-11.7037032452309,-0.913265121500168,
-3.3906561313423));
#4634=CARTESIAN_POINT('Ctrl Pts',(-11.7098829908902,-0.765686243271664,
-3.37305252396121));
#4635=CARTESIAN_POINT('Ctrl Pts',(-11.7129492752314,-0.617806229776114,
-3.35722557488754));
#4636=CARTESIAN_POINT('Ctrl Pts',(-11.7161812631288,-0.46193470558362,-3.34054332948387));
#4637=CARTESIAN_POINT('Ctrl Pts',(-11.7159539518128,-0.305728427034473,
-3.32583480311407));
#4638=CARTESIAN_POINT('Ctrl Pts',(-11.7128052620274,-0.149324044298649,
-3.31309831896184));
#4639=CARTESIAN_POINT('Ctrl Pts',(-11.7121463830182,-0.116595648760177,
-3.31043314626136));
#4640=CARTESIAN_POINT('Ctrl Pts',(-11.7113594204334,-0.083858511150856,
-3.30785437198222));
#4641=CARTESIAN_POINT('Ctrl Pts',(-11.7104490547563,-0.0511137823218861,
-3.30536205623479));
#4642=CARTESIAN_POINT('Ctrl Pts',(-11.7099752850089,-0.0340728697567658,
-3.30406501282489));
#4643=CARTESIAN_POINT('Ctrl Pts',(-11.7094690279775,-0.0170349320466031,
-3.30279137179195));
#4644=CARTESIAN_POINT('Ctrl Pts',(-11.7089306526405,9.04120463012452E-8,
-3.30154104662462));
#4645=CARTESIAN_POINT('',(-11.25,-1.37772764904077E-15,-3.));
#4646=CARTESIAN_POINT('Origin',(-11.25,-1.37772764904077E-15,-3.5));
#4647=CARTESIAN_POINT('Origin',(0.,0.,-3.));
#4648=CARTESIAN_POINT('',(-11.5969778830585,1.41523488242303,-3.25));
#4649=CARTESIAN_POINT('Ctrl Pts',(-11.7089306500192,1.73355148971877E-7,
-3.30154104053681));
#4650=CARTESIAN_POINT('Ctrl Pts',(-11.7029806869782,0.188364364764281,-3.287722794296));
#4651=CARTESIAN_POINT('Ctrl Pts',(-11.6931054057731,0.376527709892687,-3.27674635298497));
#4652=CARTESIAN_POINT('Ctrl Pts',(-11.6797609982649,0.564517515206885,-3.26852984034878));
#4653=CARTESIAN_POINT('Ctrl Pts',(-11.6656714884234,0.763003975580054,-3.25985454805279));
#4654=CARTESIAN_POINT('Ctrl Pts',(-11.6477142623025,0.96129727126691,-3.25425579554515));
#4655=CARTESIAN_POINT('Ctrl Pts',(-11.6263772261447,1.15943551103435,-3.25166878780797));
#4656=CARTESIAN_POINT('Ctrl Pts',(-11.6171921068997,1.24472961401103,-3.25055513854676));
#4657=CARTESIAN_POINT('Ctrl Pts',(-11.6073801116587,1.32999502824065,-3.24999999999997));
#4658=CARTESIAN_POINT('Ctrl Pts',(-11.5969778830585,1.41523488242303,-3.25));
#4659=CARTESIAN_POINT('',(11.5969778830585,1.41523488242303,-3.25));
#4660=CARTESIAN_POINT('Origin',(0.,-1.57702134179732E-17,-3.24999999999997));
#4661=CARTESIAN_POINT('Ctrl Pts',(11.5969778830585,1.41523488242303,-3.25));
#4662=CARTESIAN_POINT('Ctrl Pts',(11.6199587572691,1.22692077763143,-3.25));
#4663=CARTESIAN_POINT('Ctrl Pts',(11.6400572037535,1.03848297386101,-3.25271087065388));
#4664=CARTESIAN_POINT('Ctrl Pts',(11.6568762309417,0.849886156282776,-3.25817075806068));
#4665=CARTESIAN_POINT('Ctrl Pts',(11.672777917903,0.671575750962039,-3.2633328533124));
#4666=CARTESIAN_POINT('Ctrl Pts',(11.6857484897913,0.493122850569067,-3.27095247743615));
#4667=CARTESIAN_POINT('Ctrl Pts',(11.6954151997704,0.314501543028439,-3.28108872730147));
#4668=CARTESIAN_POINT('Ctrl Pts',(11.7010854427207,0.209726887324418,-3.28703439024836));
#4669=CARTESIAN_POINT('Ctrl Pts',(11.7056181982824,0.104894388195476,-3.29384644108799));
#4670=CARTESIAN_POINT('Ctrl Pts',(11.7089310672186,2.06850115924695E-7,
-3.3015410980048));
#4671=CARTESIAN_POINT('Origin',(0.,0.,3.));
#4672=CARTESIAN_POINT('',(13.1684619781131,1.46768836303517,3.5));
#4673=CARTESIAN_POINT('',(-13.1684619781131,1.46768836303517,3.5));
#4674=CARTESIAN_POINT('Origin',(0.,3.15404268359419E-17,3.5));
#4675=CARTESIAN_POINT('',(13.6653850716268,1.5230728295648,3.));
#4676=CARTESIAN_POINT('Origin',(13.1684619781131,1.46768836303517,3.));
#4677=CARTESIAN_POINT('',(-13.6653850716268,1.5230728295648,3.));
#4678=CARTESIAN_POINT('Origin',(0.,0.,3.));
#4679=CARTESIAN_POINT('Origin',(-13.1684619781131,1.46768836303517,3.));
#4680=CARTESIAN_POINT('Origin',(0.,0.,3.));
#4681=CARTESIAN_POINT('',(10.5,-1.28587913910472E-15,3.));
#4682=CARTESIAN_POINT('Origin',(0.,0.,3.));
#4683=CARTESIAN_POINT('',(10.5,-1.28587913910472E-15,-3.));
#4684=CARTESIAN_POINT('',(10.5,-1.28587913910472E-15,3.));
#4685=CARTESIAN_POINT('Origin',(0.,0.,-3.));
#4686=CARTESIAN_POINT('Origin',(21.,-10.5,8.67361737988404E-16));
#4687=CARTESIAN_POINT('',(21.,-10.5,-2.5));
#4688=CARTESIAN_POINT('',(23.5,-10.5,5.61200038201565E-16));
#4689=CARTESIAN_POINT('Origin',(21.,-10.5,8.67361737988404E-16));
#4690=CARTESIAN_POINT('',(21.,-10.,-3.00000000000002));
#4691=CARTESIAN_POINT('',(21.,-10.5,-2.5));
#4692=CARTESIAN_POINT('Origin',(21.,-10.,8.67361737988404E-16));
#4693=CARTESIAN_POINT('Origin',(21.,-10.5,8.67361737988404E-16));
#4694=CARTESIAN_POINT('Origin',(-21.,-10.,8.67361737988404E-16));
#4695=CARTESIAN_POINT('',(-23.5,-10.5,1.17352343777524E-15));
#4696=CARTESIAN_POINT('',(-21.,-10.5,-2.5));
#4697=CARTESIAN_POINT('Origin',(-21.,-10.5,8.67361737988404E-16));
#4698=CARTESIAN_POINT('Origin',(-21.,-10.5,8.67361737988404E-16));
#4699=CARTESIAN_POINT('',(-21.,-10.,-3.00000000000001));
#4700=CARTESIAN_POINT('',(-21.,-10.,-3.00000000000001));
#4701=CARTESIAN_POINT('Origin',(-21.,-10.,8.67361737988404E-16));
#4702=CARTESIAN_POINT('Origin',(-21.,-15.,8.67361737988404E-16));
#4703=CARTESIAN_POINT('',(-23.5,-12.5,1.17352343777524E-15));
#4704=CARTESIAN_POINT('Origin',(-21.,-12.5,8.67361737988404E-16));
#4705=CARTESIAN_POINT('',(-23.5,-15.,1.17352343777524E-15));
#4706=CARTESIAN_POINT('Origin',(21.,-15.,8.67361737988404E-16));
#4707=CARTESIAN_POINT('',(23.5,-12.5,5.61200038201565E-16));
#4708=CARTESIAN_POINT('Origin',(21.,-12.5,8.67361737988404E-16));
#4709=CARTESIAN_POINT('',(23.5,-15.,5.61200038201565E-16));
#4710=CARTESIAN_POINT('Origin',(0.,0.,4.75));
#4711=CARTESIAN_POINT('',(10.9117865990472,-4.35837277167234,-4.34113530740399));
#4712=CARTESIAN_POINT('Origin',(2.68047184652532,-0.716699503927321,-3.20214388140129));
#4713=CARTESIAN_POINT('',(10.5471589953096,-5.17879688032456,-4.25));
#4714=CARTESIAN_POINT('Ctrl Pts',(10.9117865990471,-4.35837277167248,-4.34113530740396));
#4715=CARTESIAN_POINT('Ctrl Pts',(10.8606652128416,-4.48636220400084,-4.31402887529663));
#4716=CARTESIAN_POINT('Ctrl Pts',(10.8069750877421,-4.61426157517615,-4.29235643564514));
#4717=CARTESIAN_POINT('Ctrl Pts',(10.7505601044204,-4.74215627274188,-4.27694992320645));
#4718=CARTESIAN_POINT('Ctrl Pts',(10.6980400848459,-4.86122095421682,-4.26260709640389));
#4719=CARTESIAN_POINT('Ctrl Pts',(10.6431583698212,-4.98028162022419,-4.25369449245508));
#4720=CARTESIAN_POINT('Ctrl Pts',(10.5857717981189,-5.09940649946189,-4.2509263704054));
#4721=CARTESIAN_POINT('Ctrl Pts',(10.5730250778324,-5.12586654873402,-4.25031151441315));
#4722=CARTESIAN_POINT('Ctrl Pts',(10.5601547061529,-5.15232976224901,-4.25000000134976));
#4723=CARTESIAN_POINT('Ctrl Pts',(10.5471589953096,-5.17879688032456,-4.25));
#4724=CARTESIAN_POINT('',(-10.5471589953096,-5.17879688032455,-4.25));
#4725=CARTESIAN_POINT('Origin',(0.,0.,-4.25));
#4726=CARTESIAN_POINT('',(-10.9117865990416,-4.35837277168629,-4.34113530740104));
#4727=CARTESIAN_POINT('Ctrl Pts',(-10.5471589953096,-5.17879688032455,-4.25));
#4728=CARTESIAN_POINT('Ctrl Pts',(-10.6055436766598,-5.05989039850635,-4.25000000606393));
#4729=CARTESIAN_POINT('Ctrl Pts',(-10.661399966767,-4.94106281313562,-4.25628338563006));
#4730=CARTESIAN_POINT('Ctrl Pts',(-10.7148740117767,-4.8222465488866,-4.26812948482606));
#4731=CARTESIAN_POINT('Ctrl Pts',(-10.7721227059795,-4.69504323039683,-4.28081178163462));
#4732=CARTESIAN_POINT('Ctrl Pts',(-10.8266410773975,-4.56785284944835,-4.29987023838712));
#4733=CARTESIAN_POINT('Ctrl Pts',(-10.8785871515645,-4.44059151218195,-4.32447621535081));
#4734=CARTESIAN_POINT('Ctrl Pts',(-10.8897724919942,-4.41318883731774,-4.32977452197665));
#4735=CARTESIAN_POINT('Ctrl Pts',(-10.9008384901115,-4.38578287049287,-4.3353302188962));
#4736=CARTESIAN_POINT('Ctrl Pts',(-10.9117865990416,-4.35837277168629,-4.34113530740104));
#4737=CARTESIAN_POINT('Origin',(-2.68047184698745,-0.716699503974441,-3.20214388108173));
#4738=CARTESIAN_POINT('Origin',(0.,0.,6.5));
#4739=CARTESIAN_POINT('',(-12.4161081942966,-15.,6.5));
#4740=CARTESIAN_POINT('',(-24.2928932188135,-15.,6.5));
#4741=CARTESIAN_POINT('',(-11.915631851715,-15.,6.5));
#4742=CARTESIAN_POINT('',(-12.2010075126454,-10.0733844181518,6.5));
#4743=CARTESIAN_POINT('',(-12.2000552808547,-10.0515747244691,6.5));
#4744=CARTESIAN_POINT('',(-13.5708288137111,-10.0733813700111,6.5));
#4745=CARTESIAN_POINT('',(-12.9195087291162,-10.0733844181518,6.5));
#4746=CARTESIAN_POINT('',(-14.6666647708667,-10.5,6.5));
#4747=CARTESIAN_POINT('Ctrl Pts',(-13.5708288144847,-10.0733798459408,6.5));
#4748=CARTESIAN_POINT('Ctrl Pts',(-13.5879890842719,-10.0562223164229,6.5));
#4749=CARTESIAN_POINT('Ctrl Pts',(-13.6052319911474,-10.03914498349,6.5));
#4750=CARTESIAN_POINT('Ctrl Pts',(-13.6237214318255,-10.0234346628402,6.5));
#4751=CARTESIAN_POINT('Ctrl Pts',(-13.6255853231882,-10.0218509301858,6.5));
#4752=CARTESIAN_POINT('Ctrl Pts',(-13.6274648946533,-10.0202777156152,6.5));
#4753=CARTESIAN_POINT('Ctrl Pts',(-13.62936312811,-10.0187238999335,6.5));
#4754=CARTESIAN_POINT('Ctrl Pts',(-13.637888964291,-10.0117450017845,6.5));
#4755=CARTESIAN_POINT('Ctrl Pts',(-13.6467894281507,-10.0051584155937,6.50000000000275));
#4756=CARTESIAN_POINT('Ctrl Pts',(-13.6563454420006,-9.99975742759434,6.49999999999682));
#4757=CARTESIAN_POINT('Ctrl Pts',(-13.662187427227,-9.99645558096716,6.49999999999319));
#4758=CARTESIAN_POINT('Ctrl Pts',(-13.6683789132988,-9.9935755642042,6.49999999998635));
#4759=CARTESIAN_POINT('Ctrl Pts',(-13.6748684484764,-9.9917021525846,6.49999999995664));
#4760=CARTESIAN_POINT('Ctrl Pts',(-13.6813517544357,-9.98983053922781,6.49999999992696));
#4761=CARTESIAN_POINT('Ctrl Pts',(-13.6882277185773,-9.98903777890389,6.4999999998855));
#4762=CARTESIAN_POINT('Ctrl Pts',(-13.6949184008525,-9.98971490218465,6.4999999997257));
#4763=CARTESIAN_POINT('Ctrl Pts',(-13.6972095154931,-9.98994677196985,6.49999999967098));
#4764=CARTESIAN_POINT('Ctrl Pts',(-13.6994886693841,-9.99034842593478,6.49999999960047));
#4765=CARTESIAN_POINT('Ctrl Pts',(-13.7017394884774,-9.99089267074564,6.49999999950251));
#4766=CARTESIAN_POINT('Ctrl Pts',(-13.7060569980746,-9.99193663833999,6.49999999931461));
#4767=CARTESIAN_POINT('Ctrl Pts',(-13.7102631461499,-9.99350522443006,6.49999999910566));
#4768=CARTESIAN_POINT('Ctrl Pts',(-13.7142424991902,-9.99540289526221,6.4999999989281));
#4769=CARTESIAN_POINT('Ctrl Pts',(-13.7203069029117,-9.99829488346735,6.49999999865751));
#4770=CARTESIAN_POINT('Ctrl Pts',(-13.7260239613799,-10.0019575702126,6.49999999847766));
#4771=CARTESIAN_POINT('Ctrl Pts',(-13.7314757560055,-10.0059339624982,6.49999999847976));
#4772=CARTESIAN_POINT('Ctrl Pts',(-13.7423901308694,-10.0138946138052,6.49999999848397));
#4773=CARTESIAN_POINT('Ctrl Pts',(-13.7523378136445,-10.0230677591235,6.49999999919356));
#4774=CARTESIAN_POINT('Ctrl Pts',(-13.7620325566799,-10.032484031828,6.49999999955629));
#4775=CARTESIAN_POINT('Ctrl Pts',(-13.7635748156518,-10.0339819911867,6.499999999614));
#4776=CARTESIAN_POINT('Ctrl Pts',(-13.765110656012,-10.035487159923,6.4999999996645));
#4777=CARTESIAN_POINT('Ctrl Pts',(-13.7666408412198,-10.0369989087035,6.4999999997071));
#4778=CARTESIAN_POINT('Ctrl Pts',(-13.7843350672087,-10.0544799459171,6.50000000019979));
#4779=CARTESIAN_POINT('Ctrl Pts',(-13.8012355536668,-10.0727889109701,6.49999999988039));
#4780=CARTESIAN_POINT('Ctrl Pts',(-13.818325926656,-10.0909015507115,6.49999999988202));
#4781=CARTESIAN_POINT('Ctrl Pts',(-13.81968994691,-10.0923471603233,6.49999999988215));
#4782=CARTESIAN_POINT('Ctrl Pts',(-13.8210547960643,-10.0937919122397,6.49999999988376));
#4783=CARTESIAN_POINT('Ctrl Pts',(-13.8224205432279,-10.0952357357242,6.49999999988721));
#4784=CARTESIAN_POINT('Ctrl Pts',(-13.8582358918991,-10.1330985575506,6.49999999997779));
#4785=CARTESIAN_POINT('Ctrl Pts',(-13.8947109233957,-10.1702751639308,6.49999999998524));
#4786=CARTESIAN_POINT('Ctrl Pts',(-13.9333492011345,-10.2051809963949,6.49999999999053));
#4787=CARTESIAN_POINT('Ctrl Pts',(-13.9734651813016,-10.2414217857053,6.49999999999602));
#4788=CARTESIAN_POINT('Ctrl Pts',(-14.0160165598753,-10.2755556713438,6.49999999999258));
#4789=CARTESIAN_POINT('Ctrl Pts',(-14.0603655425943,-10.306298447331,6.49999999999473));
#4790=CARTESIAN_POINT('Ctrl Pts',(-14.0614515635737,-10.3070512785717,6.49999999999479));
#4791=CARTESIAN_POINT('Ctrl Pts',(-14.0625387858803,-10.307802199054,6.49999999999484));
#4792=CARTESIAN_POINT('Ctrl Pts',(-14.0636272061688,-10.3085512036556,6.4999999999949));
#4793=CARTESIAN_POINT('Ctrl Pts',(-14.1514375233401,-10.368978533359,6.49999999999959));
#4794=CARTESIAN_POINT('Ctrl Pts',(-14.2470881847996,-10.4169596196084,6.49999999999972));
#4795=CARTESIAN_POINT('Ctrl Pts',(-14.3488976149234,-10.4497794122147,6.49999999999991));
#4796=CARTESIAN_POINT('Ctrl Pts',(-14.4519471389083,-10.4829989676258,6.50000000000009));
#4797=CARTESIAN_POINT('Ctrl Pts',(-14.5578478376641,-10.4999999798579,6.5));
#4798=CARTESIAN_POINT('Ctrl Pts',(-14.6666647708667,-10.5,6.5));
#4799=CARTESIAN_POINT('',(-24.2928932188135,-10.5,6.5));
#4800=CARTESIAN_POINT('',(-23.7928932188135,-10.5,6.5));
#4801=CARTESIAN_POINT('',(-24.2928932188135,0.,6.5));
#4802=CARTESIAN_POINT('Origin',(0.,0.,-6.5));
#4803=CARTESIAN_POINT('',(-13.5708288137111,-10.0733813700111,-6.5));
#4804=CARTESIAN_POINT('',(-12.2010075126454,-10.0733844181518,-6.5));
#4805=CARTESIAN_POINT('',(0.,-10.0733844181518,-6.5));
#4806=CARTESIAN_POINT('',(-12.4161081942966,-15.,-6.5));
#4807=CARTESIAN_POINT('',(-11.7388166035868,0.512527801542637,-6.5));
#4808=CARTESIAN_POINT('',(-24.2928932188134,-15.,-6.5));
#4809=CARTESIAN_POINT('',(-11.915631851715,-15.,-6.5));
#4810=CARTESIAN_POINT('',(-24.2928932188134,-10.5,-6.5));
#4811=CARTESIAN_POINT('',(-24.2928932188134,-10.5,-6.5));
#4812=CARTESIAN_POINT('',(-14.6666647708667,-10.5,-6.5));
#4813=CARTESIAN_POINT('',(0.,-10.5,-6.5));
#4814=CARTESIAN_POINT('Ctrl Pts',(-14.6666647708667,-10.5,-6.5));
#4815=CARTESIAN_POINT('Ctrl Pts',(-14.5578478376641,-10.4999999798579,-6.5));
#4816=CARTESIAN_POINT('Ctrl Pts',(-14.4519471389082,-10.4829989676257,-6.5000000000001));
#4817=CARTESIAN_POINT('Ctrl Pts',(-14.3488976149234,-10.4497794122147,-6.49999999999991));
#4818=CARTESIAN_POINT('Ctrl Pts',(-14.2470881847997,-10.4169596196085,-6.49999999999972));
#4819=CARTESIAN_POINT('Ctrl Pts',(-14.1514375233402,-10.3689785333589,-6.49999999999959));
#4820=CARTESIAN_POINT('Ctrl Pts',(-14.0636272061688,-10.3085512036556,-6.4999999999949));
#4821=CARTESIAN_POINT('Ctrl Pts',(-14.0625387858803,-10.307802199054,-6.49999999999484));
#4822=CARTESIAN_POINT('Ctrl Pts',(-14.0614515635737,-10.3070512785717,-6.49999999999479));
#4823=CARTESIAN_POINT('Ctrl Pts',(-14.0603655425943,-10.306298447331,-6.49999999999473));
#4824=CARTESIAN_POINT('Ctrl Pts',(-14.0160165598753,-10.2755556713438,-6.49999999999258));
#4825=CARTESIAN_POINT('Ctrl Pts',(-13.9734651813017,-10.2414217857053,-6.49999999999602));
#4826=CARTESIAN_POINT('Ctrl Pts',(-13.9333492011345,-10.2051809963949,-6.49999999999053));
#4827=CARTESIAN_POINT('Ctrl Pts',(-13.8947109233956,-10.1702751639308,-6.49999999998525));
#4828=CARTESIAN_POINT('Ctrl Pts',(-13.858235891899,-10.1330985575506,-6.49999999997779));
#4829=CARTESIAN_POINT('Ctrl Pts',(-13.8224205432279,-10.0952357357242,-6.49999999988721));
#4830=CARTESIAN_POINT('Ctrl Pts',(-13.8210547960642,-10.0937919122397,-6.49999999988376));
#4831=CARTESIAN_POINT('Ctrl Pts',(-13.81968994691,-10.0923471603233,-6.49999999988215));
#4832=CARTESIAN_POINT('Ctrl Pts',(-13.8183259266559,-10.0909015507115,-6.49999999988202));
#4833=CARTESIAN_POINT('Ctrl Pts',(-13.8012355536668,-10.0727889109701,-6.49999999988039));
#4834=CARTESIAN_POINT('Ctrl Pts',(-13.7843350672087,-10.0544799459171,-6.50000000019979));
#4835=CARTESIAN_POINT('Ctrl Pts',(-13.7666408412197,-10.0369989087034,-6.4999999997071));
#4836=CARTESIAN_POINT('Ctrl Pts',(-13.765110656012,-10.0354871599229,-6.4999999996645));
#4837=CARTESIAN_POINT('Ctrl Pts',(-13.7635748156517,-10.0339819911867,-6.499999999614));
#4838=CARTESIAN_POINT('Ctrl Pts',(-13.7620325566799,-10.032484031828,-6.49999999955629));
#4839=CARTESIAN_POINT('Ctrl Pts',(-13.7523378136445,-10.0230677591235,-6.49999999919356));
#4840=CARTESIAN_POINT('Ctrl Pts',(-13.7423901308694,-10.0138946138051,-6.49999999848397));
#4841=CARTESIAN_POINT('Ctrl Pts',(-13.7314757560055,-10.0059339624982,-6.49999999847976));
#4842=CARTESIAN_POINT('Ctrl Pts',(-13.7260239613799,-10.0019575702126,-6.49999999847766));
#4843=CARTESIAN_POINT('Ctrl Pts',(-13.7203069029117,-9.99829488346733,-6.49999999865751));
#4844=CARTESIAN_POINT('Ctrl Pts',(-13.7142424991901,-9.9954028952622,-6.4999999989281));
#4845=CARTESIAN_POINT('Ctrl Pts',(-13.7102631461498,-9.99350522443005,-6.49999999910566));
#4846=CARTESIAN_POINT('Ctrl Pts',(-13.7060569980746,-9.99193663833998,-6.4999999993146));
#4847=CARTESIAN_POINT('Ctrl Pts',(-13.7017394884773,-9.99089267074563,-6.49999999950251));
#4848=CARTESIAN_POINT('Ctrl Pts',(-13.6994886606803,-9.99034842383023,-6.49999999960047));
#4849=CARTESIAN_POINT('Ctrl Pts',(-13.6972094982536,-9.98994677016833,-6.49999999967095));
#4850=CARTESIAN_POINT('Ctrl Pts',(-13.6949184018985,-9.98971489192466,-6.49999999972536));
#4851=CARTESIAN_POINT('Ctrl Pts',(-13.6882272731839,-9.98903769335507,-6.49999999988428));
#4852=CARTESIAN_POINT('Ctrl Pts',(-13.6813511316725,-9.98983057179904,-6.49999999992241));
#4853=CARTESIAN_POINT('Ctrl Pts',(-13.6748682687657,-9.99170152943225,-6.49999999994768));
#4854=CARTESIAN_POINT('Ctrl Pts',(-13.6683774471481,-9.99357478395356,-6.49999999997298));
#4855=CARTESIAN_POINT('Ctrl Pts',(-13.6621854257637,-9.99645432443433,-6.49999999997686));
#4856=CARTESIAN_POINT('Ctrl Pts',(-13.6563435155591,-9.9997540182713,-6.4999999999675));
#4857=CARTESIAN_POINT('Ctrl Pts',(-13.646793403817,-10.0051482204678,-6.4999999999522));
#4858=CARTESIAN_POINT('Ctrl Pts',(-13.6378996571086,-10.0117220520653,-6.49999999995758));
#4859=CARTESIAN_POINT('Ctrl Pts',(-13.6293812262778,-10.0186795545394,-6.49999999947788));
#4860=CARTESIAN_POINT('Ctrl Pts',(-13.6274709688107,-10.0202397739411,-6.49999999937031));
#4861=CARTESIAN_POINT('Ctrl Pts',(-13.6255792147313,-10.0218206445105,-6.49999999927093));
#4862=CARTESIAN_POINT('Ctrl Pts',(-13.6237030569412,-10.0234130379779,-6.49999999919473));
#4863=CARTESIAN_POINT('Ctrl Pts',(-13.6105756767331,-10.0345549337175,-6.49999999866155));
#4864=CARTESIAN_POINT('Ctrl Pts',(-13.5980659095281,-10.0464296978543,-6.49999999970195));
#4865=CARTESIAN_POINT('Ctrl Pts',(-13.5857680729903,-10.0585302808193,-6.49999999992019));
#4866=CARTESIAN_POINT('Ctrl Pts',(-13.5807632799321,-10.0634547985128,-6.50000000000901));
#4867=CARTESIAN_POINT('Ctrl Pts',(-13.5757930757058,-10.0684163774469,-6.5));
#4868=CARTESIAN_POINT('Ctrl Pts',(-13.5708288144847,-10.0733798459408,-6.5));
#4869=CARTESIAN_POINT('Origin',(0.,0.,4.75));
#4870=CARTESIAN_POINT('',(-13.7369130467505,0.599766576273296,3.03776420201179));
#4871=CARTESIAN_POINT('',(-13.7369130467505,0.599766576273296,-3.03776420201179));
#4872=CARTESIAN_POINT('',(-13.7369130467505,0.599766576273296,4.75));
#4873=CARTESIAN_POINT('Ctrl Pts',(-13.7369130467505,0.599766576273296,3.03776420201179));
#4874=CARTESIAN_POINT('Ctrl Pts',(-13.723463023674,0.907822751439147,3.01251907574057));
#4875=CARTESIAN_POINT('Ctrl Pts',(-13.6996547317613,1.21559698670222,3.));
#4876=CARTESIAN_POINT('Ctrl Pts',(-13.6653850716268,1.5230728295648,3.));
#4877=CARTESIAN_POINT('',(13.7369130467505,0.599766576273296,3.03776420201179));
#4878=CARTESIAN_POINT('Ctrl Pts',(13.6653850716268,1.5230728295648,3.));
#4879=CARTESIAN_POINT('Ctrl Pts',(13.6996547317613,1.21559698670222,3.));
#4880=CARTESIAN_POINT('Ctrl Pts',(13.723463023674,0.907822751439211,3.01251907574132));
#4881=CARTESIAN_POINT('Ctrl Pts',(13.7369130467506,0.599766576273297,3.03776420201179));
#4882=CARTESIAN_POINT('',(13.7369130467505,0.599766576273296,-3.03776420201179));
#4883=CARTESIAN_POINT('',(13.7369130467505,0.599766576273296,4.75));
#4884=CARTESIAN_POINT('',(13.6653850716268,1.5230728295648,-3.));
#4885=CARTESIAN_POINT('Ctrl Pts',(13.7369130467505,0.599766576273296,-3.03776420201179));
#4886=CARTESIAN_POINT('Ctrl Pts',(13.723463023674,0.907822751439081,-3.01251907573979));
#4887=CARTESIAN_POINT('Ctrl Pts',(13.6996547317613,1.21559698670222,-3.));
#4888=CARTESIAN_POINT('Ctrl Pts',(13.6653850716268,1.5230728295648,-3.));
#4889=CARTESIAN_POINT('',(-13.6653850716268,1.5230728295648,-3.));
#4890=CARTESIAN_POINT('Origin',(0.,0.,-3.));
#4891=CARTESIAN_POINT('Ctrl Pts',(-13.6653850716268,1.5230728295648,-3.));
#4892=CARTESIAN_POINT('Ctrl Pts',(-13.6996547317613,1.21559698670222,-3.));
#4893=CARTESIAN_POINT('Ctrl Pts',(-13.723463023674,0.907822751439213,-3.01251907574134));
#4894=CARTESIAN_POINT('Ctrl Pts',(-13.7369130467506,0.599766576273296,-3.03776420201179));
#4895=CARTESIAN_POINT('Origin',(0.,0.,-6.5));
#4896=CARTESIAN_POINT('',(12.4161081942966,-15.,-6.5));
#4897=CARTESIAN_POINT('',(24.2928932188134,-15.,-6.5));
#4898=CARTESIAN_POINT('',(11.915631851715,-15.,-6.5));
#4899=CARTESIAN_POINT('',(12.2010075126454,-10.0733844181518,-6.5));
#4900=CARTESIAN_POINT('',(11.7388166035868,0.512527801542637,-6.5));
#4901=CARTESIAN_POINT('',(13.5708288137111,-10.0733813700111,-6.5));
#4902=CARTESIAN_POINT('',(0.,-10.0733844181518,-6.5));
#4903=CARTESIAN_POINT('',(14.6666647708667,-10.5,-6.5));
#4904=CARTESIAN_POINT('Ctrl Pts',(13.5708288144848,-10.0733798459408,-6.5));
#4905=CARTESIAN_POINT('Ctrl Pts',(13.5879890842719,-10.056222316423,-6.5));
#4906=CARTESIAN_POINT('Ctrl Pts',(13.6052319911474,-10.03914498349,-6.5));
#4907=CARTESIAN_POINT('Ctrl Pts',(13.6237214318255,-10.0234346628403,-6.5));
#4908=CARTESIAN_POINT('Ctrl Pts',(13.6255853231882,-10.0218509301858,-6.5));
#4909=CARTESIAN_POINT('Ctrl Pts',(13.6274648946532,-10.0202777156152,-6.5));
#4910=CARTESIAN_POINT('Ctrl Pts',(13.62936312811,-10.0187238999335,-6.5));
#4911=CARTESIAN_POINT('Ctrl Pts',(13.637888964291,-10.0117450017846,-6.5));
#4912=CARTESIAN_POINT('Ctrl Pts',(13.6467894281507,-10.0051584155937,-6.50000000000275));
#4913=CARTESIAN_POINT('Ctrl Pts',(13.6563454420006,-9.99975742759438,-6.49999999999682));
#4914=CARTESIAN_POINT('Ctrl Pts',(13.6621874272269,-9.99645558096721,-6.49999999999319));
#4915=CARTESIAN_POINT('Ctrl Pts',(13.6683789132987,-9.99357556420423,-6.49999999998635));
#4916=CARTESIAN_POINT('Ctrl Pts',(13.6748684484763,-9.99170215258463,-6.49999999995664));
#4917=CARTESIAN_POINT('Ctrl Pts',(13.6813517544356,-9.98983053922783,-6.49999999992695));
#4918=CARTESIAN_POINT('Ctrl Pts',(13.6882277185772,-9.98903777890391,-6.4999999998855));
#4919=CARTESIAN_POINT('Ctrl Pts',(13.6949184008524,-9.98971490218465,-6.4999999997257));
#4920=CARTESIAN_POINT('Ctrl Pts',(13.697209515493,-9.98994677196985,-6.49999999967098));
#4921=CARTESIAN_POINT('Ctrl Pts',(13.699488669384,-9.99034842593477,-6.49999999960047));
#4922=CARTESIAN_POINT('Ctrl Pts',(13.7017394884773,-9.99089267074562,-6.49999999950251));
#4923=CARTESIAN_POINT('Ctrl Pts',(13.7060569980746,-9.99193663833997,-6.49999999931461));
#4924=CARTESIAN_POINT('Ctrl Pts',(13.7102631461498,-9.99350522443004,-6.49999999910566));
#4925=CARTESIAN_POINT('Ctrl Pts',(13.7142424991901,-9.99540289526218,-6.4999999989281));
#4926=CARTESIAN_POINT('Ctrl Pts',(13.7203069029116,-9.99829488346732,-6.49999999865751));
#4927=CARTESIAN_POINT('Ctrl Pts',(13.7260239613798,-10.0019575702125,-6.49999999847766));
#4928=CARTESIAN_POINT('Ctrl Pts',(13.7314757560054,-10.0059339624982,-6.49999999847976));
#4929=CARTESIAN_POINT('Ctrl Pts',(13.7423901308693,-10.0138946138051,-6.49999999848397));
#4930=CARTESIAN_POINT('Ctrl Pts',(13.7523378136444,-10.0230677591234,-6.49999999919356));
#4931=CARTESIAN_POINT('Ctrl Pts',(13.7620325566799,-10.032484031828,-6.49999999955629));
#4932=CARTESIAN_POINT('Ctrl Pts',(13.7635748156517,-10.0339819911866,-6.499999999614));
#4933=CARTESIAN_POINT('Ctrl Pts',(13.7651106560119,-10.0354871599229,-6.4999999996645));
#4934=CARTESIAN_POINT('Ctrl Pts',(13.7666408412197,-10.0369989087034,-6.4999999997071));
#4935=CARTESIAN_POINT('Ctrl Pts',(13.7843350672087,-10.054479945917,-6.50000000019979));
#4936=CARTESIAN_POINT('Ctrl Pts',(13.8012355536667,-10.07278891097,-6.49999999988039));
#4937=CARTESIAN_POINT('Ctrl Pts',(13.8183259266559,-10.0909015507115,-6.49999999988202));
#4938=CARTESIAN_POINT('Ctrl Pts',(13.8196899469099,-10.0923471603232,-6.49999999988215));
#4939=CARTESIAN_POINT('Ctrl Pts',(13.8210547960642,-10.0937919122397,-6.49999999988376));
#4940=CARTESIAN_POINT('Ctrl Pts',(13.8224205432279,-10.0952357357242,-6.49999999988721));
#4941=CARTESIAN_POINT('Ctrl Pts',(13.8582358918989,-10.1330985575506,-6.49999999997779));
#4942=CARTESIAN_POINT('Ctrl Pts',(13.8947109233956,-10.1702751639307,-6.49999999998525));
#4943=CARTESIAN_POINT('Ctrl Pts',(13.9333492011344,-10.2051809963949,-6.49999999999053));
#4944=CARTESIAN_POINT('Ctrl Pts',(13.9734651813016,-10.2414217857053,-6.49999999999602));
#4945=CARTESIAN_POINT('Ctrl Pts',(14.0160165598752,-10.2755556713438,-6.49999999999258));
#4946=CARTESIAN_POINT('Ctrl Pts',(14.0603655425943,-10.3062984473309,-6.49999999999473));
#4947=CARTESIAN_POINT('Ctrl Pts',(14.0614515635737,-10.3070512785717,-6.49999999999479));
#4948=CARTESIAN_POINT('Ctrl Pts',(14.0625387858803,-10.307802199054,-6.49999999999485));
#4949=CARTESIAN_POINT('Ctrl Pts',(14.0636272061688,-10.3085512036555,-6.4999999999949));
#4950=CARTESIAN_POINT('Ctrl Pts',(14.1514375233401,-10.3689785333589,-6.49999999999959));
#4951=CARTESIAN_POINT('Ctrl Pts',(14.2470881847995,-10.4169596196084,-6.49999999999972));
#4952=CARTESIAN_POINT('Ctrl Pts',(14.3488976149234,-10.4497794122147,-6.49999999999991));
#4953=CARTESIAN_POINT('Ctrl Pts',(14.4519471389083,-10.4829989676258,-6.5000000000001));
#4954=CARTESIAN_POINT('Ctrl Pts',(14.5578478376641,-10.4999999798579,-6.5));
#4955=CARTESIAN_POINT('Ctrl Pts',(14.6666647708667,-10.5,-6.5));
#4956=CARTESIAN_POINT('',(24.2928932188134,-10.5,-6.5));
#4957=CARTESIAN_POINT('',(0.,-10.5,-6.5));
#4958=CARTESIAN_POINT('',(24.2928932188134,-15.,-6.5));
#4959=CARTESIAN_POINT('Origin',(0.,0.,6.5));
#4960=CARTESIAN_POINT('',(13.5708288137111,-10.0733813700111,6.5));
#4961=CARTESIAN_POINT('',(12.2010075126454,-10.0733844181518,6.5));
#4962=CARTESIAN_POINT('',(11.6973271371724,-10.0733844181518,6.5));
#4963=CARTESIAN_POINT('',(12.4161081942966,-15.,6.5));
#4964=CARTESIAN_POINT('',(12.4151559625059,-14.9781903063173,6.5));
#4965=CARTESIAN_POINT('',(24.2928932188135,-15.,6.5));
#4966=CARTESIAN_POINT('',(11.915631851715,-15.,6.5));
#4967=CARTESIAN_POINT('',(24.2928932188135,-10.5,6.5));
#4968=CARTESIAN_POINT('',(24.2928932188135,0.,6.5));
#4969=CARTESIAN_POINT('',(14.6666647708667,-10.5,6.5));
#4970=CARTESIAN_POINT('',(14.4514462545833,-10.5,6.5));
#4971=CARTESIAN_POINT('Ctrl Pts',(14.6666647708667,-10.5,6.5));
#4972=CARTESIAN_POINT('Ctrl Pts',(14.5578478376641,-10.4999999798579,6.5));
#4973=CARTESIAN_POINT('Ctrl Pts',(14.4519471389082,-10.4829989676258,6.5000000000001));
#4974=CARTESIAN_POINT('Ctrl Pts',(14.3488976149234,-10.4497794122147,6.49999999999991));
#4975=CARTESIAN_POINT('Ctrl Pts',(14.2470881847997,-10.4169596196084,6.49999999999972));
#4976=CARTESIAN_POINT('Ctrl Pts',(14.1514375233402,-10.3689785333588,6.49999999999959));
#4977=CARTESIAN_POINT('Ctrl Pts',(14.0636272061688,-10.3085512036555,6.4999999999949));
#4978=CARTESIAN_POINT('Ctrl Pts',(14.0625387858804,-10.3078021990539,6.49999999999484));
#4979=CARTESIAN_POINT('Ctrl Pts',(14.0614515635737,-10.3070512785717,6.49999999999479));
#4980=CARTESIAN_POINT('Ctrl Pts',(14.0603655425944,-10.3062984473309,6.49999999999473));
#4981=CARTESIAN_POINT('Ctrl Pts',(14.0160165598753,-10.2755556713438,6.49999999999258));
#4982=CARTESIAN_POINT('Ctrl Pts',(13.9734651813017,-10.2414217857052,6.49999999999602));
#4983=CARTESIAN_POINT('Ctrl Pts',(13.9333492011345,-10.2051809963949,6.49999999999053));
#4984=CARTESIAN_POINT('Ctrl Pts',(13.8947109233957,-10.1702751639308,6.49999999998525));
#4985=CARTESIAN_POINT('Ctrl Pts',(13.858235891899,-10.1330985575506,6.49999999997779));
#4986=CARTESIAN_POINT('Ctrl Pts',(13.8224205432279,-10.0952357357242,6.49999999988721));
#4987=CARTESIAN_POINT('Ctrl Pts',(13.8210547960642,-10.0937919122397,6.49999999988376));
#4988=CARTESIAN_POINT('Ctrl Pts',(13.81968994691,-10.0923471603233,6.49999999988215));
#4989=CARTESIAN_POINT('Ctrl Pts',(13.8183259266559,-10.0909015507115,6.49999999988202));
#4990=CARTESIAN_POINT('Ctrl Pts',(13.8012355536668,-10.0727889109701,6.49999999988039));
#4991=CARTESIAN_POINT('Ctrl Pts',(13.7843350672087,-10.0544799459171,6.50000000019979));
#4992=CARTESIAN_POINT('Ctrl Pts',(13.7666408412197,-10.0369989087034,6.4999999997071));
#4993=CARTESIAN_POINT('Ctrl Pts',(13.765110656012,-10.0354871599229,6.4999999996645));
#4994=CARTESIAN_POINT('Ctrl Pts',(13.7635748156517,-10.0339819911867,6.499999999614));
#4995=CARTESIAN_POINT('Ctrl Pts',(13.7620325566799,-10.032484031828,6.49999999955629));
#4996=CARTESIAN_POINT('Ctrl Pts',(13.7523378136445,-10.0230677591235,6.49999999919356));
#4997=CARTESIAN_POINT('Ctrl Pts',(13.7423901308693,-10.0138946138051,6.49999999848397));
#4998=CARTESIAN_POINT('Ctrl Pts',(13.7314757560054,-10.0059339624982,6.49999999847976));
#4999=CARTESIAN_POINT('Ctrl Pts',(13.7260239613799,-10.0019575702125,6.49999999847766));
#5000=CARTESIAN_POINT('Ctrl Pts',(13.7203069029116,-9.99829488346732,6.49999999865751));
#5001=CARTESIAN_POINT('Ctrl Pts',(13.7142424991901,-9.99540289526219,6.4999999989281));
#5002=CARTESIAN_POINT('Ctrl Pts',(13.7102631461498,-9.99350522443005,6.49999999910566));
#5003=CARTESIAN_POINT('Ctrl Pts',(13.7060569980746,-9.99193663833997,6.49999999931461));
#5004=CARTESIAN_POINT('Ctrl Pts',(13.7017394884773,-9.99089267074562,6.49999999950251));
#5005=CARTESIAN_POINT('Ctrl Pts',(13.6994886606803,-9.99034842383023,6.49999999960047));
#5006=CARTESIAN_POINT('Ctrl Pts',(13.6972094982536,-9.98994677016832,6.49999999967095));
#5007=CARTESIAN_POINT('Ctrl Pts',(13.6949184018985,-9.98971489192466,6.49999999972536));
#5008=CARTESIAN_POINT('Ctrl Pts',(13.6882272731839,-9.98903769335508,6.49999999988428));
#5009=CARTESIAN_POINT('Ctrl Pts',(13.6813511316725,-9.98983057179904,6.49999999992241));
#5010=CARTESIAN_POINT('Ctrl Pts',(13.6748682687657,-9.99170152943225,6.49999999994768));
#5011=CARTESIAN_POINT('Ctrl Pts',(13.6683774471481,-9.99357478395356,6.49999999997298));
#5012=CARTESIAN_POINT('Ctrl Pts',(13.6621854257637,-9.99645432443434,6.49999999997686));
#5013=CARTESIAN_POINT('Ctrl Pts',(13.6563435155591,-9.99975401827131,6.4999999999675));
#5014=CARTESIAN_POINT('Ctrl Pts',(13.646793403817,-10.0051482204678,6.4999999999522));
#5015=CARTESIAN_POINT('Ctrl Pts',(13.6378996571086,-10.0117220520654,6.49999999995759));
#5016=CARTESIAN_POINT('Ctrl Pts',(13.6293812262778,-10.0186795545394,6.49999999947788));
#5017=CARTESIAN_POINT('Ctrl Pts',(13.6274709688107,-10.0202397739411,6.49999999937031));
#5018=CARTESIAN_POINT('Ctrl Pts',(13.6255792147313,-10.0218206445105,6.49999999927093));
#5019=CARTESIAN_POINT('Ctrl Pts',(13.6237030569412,-10.0234130379779,6.49999999919473));
#5020=CARTESIAN_POINT('Ctrl Pts',(13.6105756767325,-10.034554933718,6.49999999866155));
#5021=CARTESIAN_POINT('Ctrl Pts',(13.5980659095272,-10.0464296978553,6.49999999970195));
#5022=CARTESIAN_POINT('Ctrl Pts',(13.5857680729889,-10.0585302808207,6.49999999992019));
#5023=CARTESIAN_POINT('Ctrl Pts',(13.5807632799312,-10.0634547985138,6.50000000000901));
#5024=CARTESIAN_POINT('Ctrl Pts',(13.5757930757054,-10.0684163774474,6.5));
#5025=CARTESIAN_POINT('Ctrl Pts',(13.5708288144848,-10.0733798459408,6.5));
#5026=CARTESIAN_POINT('Origin',(14.1997088500807,-10.,6.5));
#5027=CARTESIAN_POINT('',(13.8297982674582,-1.52765474172879,3.44282400517791));
#5028=CARTESIAN_POINT('',(14.1788306104172,-9.52180969368267,5.84107049076407));
#5029=CARTESIAN_POINT('',(14.2058923510567,-10.1416254566231,6.02701521964619));
#5030=CARTESIAN_POINT('',(14.1788306104172,-9.52180969368267,-5.84107049076407));
#5031=CARTESIAN_POINT('',(14.1788306104172,-9.52180969368267,-5.98452758265927));
#5032=CARTESIAN_POINT('',(13.8297982674582,-1.52765474172879,-3.44282400517791));
#5033=CARTESIAN_POINT('',(14.0499470279241,-6.56989033721952,-4.95549468382513));
#5034=CARTESIAN_POINT('Origin',(13.7185188360483,1.02106326565497,-11.0397259044327));
#5035=CARTESIAN_POINT('Origin',(13.718518835971,1.02106326741335,11.0397259050977));
#5036=CARTESIAN_POINT('Origin',(0.,0.,4.75));
#5037=CARTESIAN_POINT('',(10.5471589953096,-5.17879688032456,4.25));
#5038=CARTESIAN_POINT('',(10.9117865990448,-4.35837277167815,4.34113530740276));
#5039=CARTESIAN_POINT('Ctrl Pts',(10.5471589953096,-5.17879688032456,4.25));
#5040=CARTESIAN_POINT('Ctrl Pts',(10.6055436766574,-5.05989039851118,4.25000000606393));
#5041=CARTESIAN_POINT('Ctrl Pts',(10.6613999667624,-4.94106281314528,4.25628338562952));
#5042=CARTESIAN_POINT('Ctrl Pts',(10.7148740117702,-4.82224654890108,4.26812948482457));
#5043=CARTESIAN_POINT('Ctrl Pts',(10.7721227059705,-4.69504323041719,4.28081178163204));
#5044=CARTESIAN_POINT('Ctrl Pts',(10.8266410773864,-4.56785284947461,4.29987023838289));
#5045=CARTESIAN_POINT('Ctrl Pts',(10.8785871515513,-4.44059151221413,4.32447621534455));
#5046=CARTESIAN_POINT('Ctrl Pts',(10.8897724919866,-4.41318883733648,4.3297745219728));
#5047=CARTESIAN_POINT('Ctrl Pts',(10.9008384901094,-4.38578287049818,4.33533021889502));
#5048=CARTESIAN_POINT('Ctrl Pts',(10.9117865990448,-4.35837277167815,4.34113530740276));
#5049=CARTESIAN_POINT('Origin',(2.68047184717148,-0.716699504076156,3.20214388132249));
#5050=CARTESIAN_POINT('',(-10.9117865990412,-4.35837277168737,4.34113530740081));
#5051=CARTESIAN_POINT('Origin',(-2.6804718467364,-0.716699503933944,3.20214388109068));
#5052=CARTESIAN_POINT('',(-10.5471589953096,-5.17879688032455,4.25));
#5053=CARTESIAN_POINT('Ctrl Pts',(-10.9117865990412,-4.35837277168737,4.34113530740081));
#5054=CARTESIAN_POINT('Ctrl Pts',(-10.8606652128427,-4.48636220399756,4.31402887529754));
#5055=CARTESIAN_POINT('Ctrl Pts',(-10.806975087751,-4.61426157515472,4.2923564356488));
#5056=CARTESIAN_POINT('Ctrl Pts',(-10.7505601044378,-4.74215627270229,4.27694992321106));
#5057=CARTESIAN_POINT('Ctrl Pts',(-10.6980400848708,-4.86122095416158,4.26260709640922));
#5058=CARTESIAN_POINT('Ctrl Pts',(-10.6431583698541,-4.98028162015327,4.25369449245967));
#5059=CARTESIAN_POINT('Ctrl Pts',(-10.5857717981606,-5.09940649937525,4.2509263704074));
#5060=CARTESIAN_POINT('Ctrl Pts',(-10.5730250778605,-5.12586654867625,4.25031151441382));
#5061=CARTESIAN_POINT('Ctrl Pts',(-10.5601547061671,-5.15232976222012,4.25000000134976));
#5062=CARTESIAN_POINT('Ctrl Pts',(-10.5471589953096,-5.17879688032455,4.25));
#5063=CARTESIAN_POINT('Origin',(0.,0.,4.25));
#5064=CARTESIAN_POINT('Origin',(27.5,-10.,6.5));
#5065=CARTESIAN_POINT('',(14.6783547212081,-10.,5.84107049076407));
#5066=CARTESIAN_POINT('',(14.666532614131,-9.99999998401948,6.00001875632202));
#5067=CARTESIAN_POINT('Origin',(13.6114848472721,-10.,5.84068931738029));
#5068=CARTESIAN_POINT('',(24.2928932188135,-10.,6.));
#5069=CARTESIAN_POINT('',(23.7928932188135,-10.,6.));
#5070=CARTESIAN_POINT('',(27.,-10.,3.29289321881345));
#5071=CARTESIAN_POINT('',(27.1464466094067,-10.,3.14644660940673));
#5072=CARTESIAN_POINT('',(27.,-10.,-3.29289321881346));
#5073=CARTESIAN_POINT('',(27.,-10.,6.5));
#5074=CARTESIAN_POINT('',(24.2928932188134,-10.,-6.));
#5075=CARTESIAN_POINT('',(24.1464466094067,-10.,-6.14644660940673));
#5076=CARTESIAN_POINT('',(14.6665853085872,-10.,-5.99998824674316));
#5077=CARTESIAN_POINT('',(27.5,-10.,-6.));
#5078=CARTESIAN_POINT('',(14.6783547212081,-10.,-5.84107049076407));
#5079=CARTESIAN_POINT('Origin',(13.5967367465422,-10.,-5.84086080916247));
#5080=CARTESIAN_POINT('',(14.6783547212081,-10.,5.98452758265927));
#5081=CARTESIAN_POINT('Origin',(27.5,-15.,-3.5));
#5082=CARTESIAN_POINT('',(24.6464466094067,-15.,-6.35355339059327));
#5083=CARTESIAN_POINT('',(27.5,-15.,-3.49999999999999));
#5084=CARTESIAN_POINT('',(27.5,-15.,-3.5));
#5085=CARTESIAN_POINT('',(24.6464466094067,-10.5,-6.35355339059327));
#5086=CARTESIAN_POINT('',(24.6464466094067,-10.5,-6.35355339059327));
#5087=CARTESIAN_POINT('',(27.5,-10.5,-3.5));
#5088=CARTESIAN_POINT('',(27.5,-10.5,-3.5));
#5089=CARTESIAN_POINT('',(27.5,-15.,-3.5));
#5090=CARTESIAN_POINT('Origin',(1.57210972291641E-15,13.751,1.25));
#5091=CARTESIAN_POINT('',(10.7566398493825,-8.56488173594216,1.25));
#5092=CARTESIAN_POINT('',(-10.7566398493825,-8.56488173594216,1.25));
#5093=CARTESIAN_POINT('Origin',(0.,0.,1.25));
#5094=CARTESIAN_POINT('',(-11.647314500151,-8.85452228720284,1.25));
#5095=CARTESIAN_POINT('Origin',(-11.1477903893601,-8.87633198088551,1.25));
#5096=CARTESIAN_POINT('',(-11.915631851715,-15.,1.25));
#5097=CARTESIAN_POINT('',(-11.915631851715,-15.,1.25));
#5098=CARTESIAN_POINT('',(11.915631851715,-15.,1.25));
#5099=CARTESIAN_POINT('',(-1.75289258760421E-15,-15.,1.25));
#5100=CARTESIAN_POINT('',(11.647314500151,-8.85452228720284,1.25));
#5101=CARTESIAN_POINT('',(11.915631851715,-15.,1.25));
#5102=CARTESIAN_POINT('Origin',(11.1477903893601,-8.87633198088551,1.25));
#5103=CARTESIAN_POINT('Origin',(1.86782690387905E-15,13.751,-1.25));
#5104=CARTESIAN_POINT('',(-11.647314500151,-8.85452228720284,-1.25));
#5105=CARTESIAN_POINT('',(-11.915631851715,-15.,-1.25));
#5106=CARTESIAN_POINT('',(-11.915631851715,-15.,-1.25));
#5107=CARTESIAN_POINT('',(-10.7566398493825,-8.56488173594216,-1.25));
#5108=CARTESIAN_POINT('Origin',(-11.1477903893601,-8.87633198088551,-1.25));
#5109=CARTESIAN_POINT('',(10.7566398493825,-8.56488173594216,-1.25));
#5110=CARTESIAN_POINT('Origin',(0.,0.,-1.25));
#5111=CARTESIAN_POINT('',(11.647314500151,-8.85452228720284,-1.25));
#5112=CARTESIAN_POINT('Origin',(11.1477903893601,-8.87633198088551,-1.25));
#5113=CARTESIAN_POINT('',(11.915631851715,-15.,-1.25));
#5114=CARTESIAN_POINT('',(11.915631851715,-15.,-1.25));
#5115=CARTESIAN_POINT('',(-1.45717540664156E-15,-15.,-1.25));
#5116=CARTESIAN_POINT('Origin',(11.915631851715,-15.,6.5));
#5117=CARTESIAN_POINT('',(11.915631851715,-15.,-6.));
#5118=CARTESIAN_POINT('',(11.915631851715,-15.,6.5));
#5119=CARTESIAN_POINT('Origin',(12.4161081942965,-15.,-6.00000000000011));
#5120=CARTESIAN_POINT('Origin',(24.2928932188134,-15.,-6.));
#5121=CARTESIAN_POINT('',(27.5,-15.,3.5));
#5122=CARTESIAN_POINT('',(27.5,-15.,6.5));
#5123=CARTESIAN_POINT('',(24.6464466094067,-15.,6.35355339059327));
#5124=CARTESIAN_POINT('',(24.5,-15.,6.5));
#5125=CARTESIAN_POINT('Origin',(24.2928932188135,-15.,6.));
#5126=CARTESIAN_POINT('',(11.915631851715,-15.,6.));
#5127=CARTESIAN_POINT('Origin',(12.4161081942967,-15.,5.99999999999993));
#5128=CARTESIAN_POINT('',(11.915631851715,-15.,6.5));
#5129=CARTESIAN_POINT('',(-11.915631851715,-15.,6.));
#5130=CARTESIAN_POINT('',(-11.915631851715,-15.,6.5));
#5131=CARTESIAN_POINT('Origin',(-12.4161081942966,-15.,5.99999999999997));
#5132=CARTESIAN_POINT('',(-24.6464466094067,-15.,6.35355339059327));
#5133=CARTESIAN_POINT('Origin',(-24.2928932188135,-15.,6.));
#5134=CARTESIAN_POINT('',(-27.5,-15.,3.5));
#5135=CARTESIAN_POINT('',(-24.5,-15.,6.5));
#5136=CARTESIAN_POINT('',(-27.5,-15.,-3.49999999999999));
#5137=CARTESIAN_POINT('',(-27.5,-15.,6.5));
#5138=CARTESIAN_POINT('',(-24.6464466094067,-15.,-6.35355339059327));
#5139=CARTESIAN_POINT('',(-27.5,-15.,-3.5));
#5140=CARTESIAN_POINT('Origin',(-24.2928932188134,-15.,-6.));
#5141=CARTESIAN_POINT('',(-11.915631851715,-15.,-6.));
#5142=CARTESIAN_POINT('Origin',(-12.4161081942965,-15.,-6.00000000000012));
#5143=CARTESIAN_POINT('',(-11.915631851715,-15.,6.5));
#5144=CARTESIAN_POINT('',(23.6715728752538,-15.,4.5));
#5145=CARTESIAN_POINT('',(25.5,-15.,2.6715728752538));
#5146=CARTESIAN_POINT('',(16.7936023634844,-15.,11.3779705117694));
#5147=CARTESIAN_POINT('',(25.5,-15.,-2.6715728752538));
#5148=CARTESIAN_POINT('',(25.5,-15.,6.5));
#5149=CARTESIAN_POINT('',(23.6715728752538,-15.,-4.5));
#5150=CARTESIAN_POINT('',(23.2936023634844,-15.,-4.87797051176943));
#5151=CARTESIAN_POINT('',(13.915631851715,-15.,-4.5));
#5152=CARTESIAN_POINT('',(11.915631851715,-15.,-4.5));
#5153=CARTESIAN_POINT('',(13.915631851715,-15.,4.5));
#5154=CARTESIAN_POINT('',(13.915631851715,-15.,6.5));
#5155=CARTESIAN_POINT('',(11.915631851715,-15.,4.5));
#5156=CARTESIAN_POINT('',(-13.915631851715,-15.,4.49999999999999));
#5157=CARTESIAN_POINT('',(-13.915631851715,-15.,-4.49999999999999));
#5158=CARTESIAN_POINT('',(-13.915631851715,-15.,6.5));
#5159=CARTESIAN_POINT('',(-23.6715728752538,-15.,-4.49999999999999));
#5160=CARTESIAN_POINT('',(11.915631851715,-15.,-4.49999999999999));
#5161=CARTESIAN_POINT('',(-25.5,-15.,-2.67157287525379));
#5162=CARTESIAN_POINT('',(-11.3779705117694,-15.,-16.7936023634844));
#5163=CARTESIAN_POINT('',(-25.5,-15.,2.6715728752538));
#5164=CARTESIAN_POINT('',(-25.5,-15.,6.5));
#5165=CARTESIAN_POINT('',(-23.6715728752538,-15.,4.49999999999999));
#5166=CARTESIAN_POINT('',(-4.87797051176943,-15.,23.2936023634844));
#5167=CARTESIAN_POINT('',(11.915631851715,-15.,4.49999999999999));
#5168=CARTESIAN_POINT('Origin',(0.,0.,4.75));
#5169=CARTESIAN_POINT('',(-10.7566398493825,-8.56488173594216,-4.25));
#5170=CARTESIAN_POINT('',(-10.7566398493825,-8.56488173594216,4.75));
#5171=CARTESIAN_POINT('',(10.7566398493825,-8.56488173594216,-4.25));
#5172=CARTESIAN_POINT('Origin',(0.,0.,-4.25));
#5173=CARTESIAN_POINT('',(10.7566398493825,-8.56488173594216,4.75));
#5174=CARTESIAN_POINT('Origin',(11.915631851715,-15.,6.5));
#5175=CARTESIAN_POINT('',(11.5923310445832,-7.59519411183443,-5.25));
#5176=CARTESIAN_POINT('',(11.7014834018545,-10.0951941118344,-6.));
#5177=CARTESIAN_POINT('',(11.7480333131844,-11.1613623672362,-6.31985047662053));
#5178=CARTESIAN_POINT('',(11.915631851715,-15.,-6.));
#5179=CARTESIAN_POINT('',(11.647314500151,-8.85452228720284,-5.25));
#5180=CARTESIAN_POINT('',(11.647314500151,-8.85452228720284,-4.75));
#5181=CARTESIAN_POINT('',(11.4426383035395,-4.16666666666666,-5.25));
#5182=CARTESIAN_POINT('Origin',(11.915631851715,-15.,6.5));
#5183=CARTESIAN_POINT('',(11.7014834018545,-10.0951941118344,6.));
#5184=CARTESIAN_POINT('',(11.7005311700637,-10.0733844181518,6.));
#5185=CARTESIAN_POINT('',(11.5923310445832,-7.59519411183442,5.25));
#5186=CARTESIAN_POINT('',(11.903978636317,-14.7330974866397,7.39137101244159));
#5187=CARTESIAN_POINT('',(11.647314500151,-8.85452228720284,5.25));
#5188=CARTESIAN_POINT('',(11.915631851715,-15.,5.25));
#5189=CARTESIAN_POINT('',(11.647314500151,-8.85452228720284,1.25));
#5190=CARTESIAN_POINT('Origin',(0.,0.,4.75));
#5191=CARTESIAN_POINT('',(10.7566398493825,-8.56488173594216,4.25));
#5192=CARTESIAN_POINT('',(10.7566398493825,-8.56488173594216,4.75));
#5193=CARTESIAN_POINT('',(-10.7566398493825,-8.56488173594216,4.25));
#5194=CARTESIAN_POINT('Origin',(0.,0.,4.25));
#5195=CARTESIAN_POINT('',(-10.7566398493825,-8.56488173594216,4.75));
#5196=CARTESIAN_POINT('Origin',(24.5,0.,6.5));
#5197=CARTESIAN_POINT('',(27.5,-10.5,3.5));
#5198=CARTESIAN_POINT('',(24.6464466094067,-10.5,6.35355339059327));
#5199=CARTESIAN_POINT('',(24.5,-10.5,6.5));
#5200=CARTESIAN_POINT('',(24.6464466094067,0.,6.35355339059327));
#5201=CARTESIAN_POINT('',(27.5,-15.,3.5));
#5202=CARTESIAN_POINT('Origin',(13.7322330470336,3.26758640817654,-13.7322330470336));
#5203=CARTESIAN_POINT('',(23.4644660940673,-12.5,-4.));
#5204=CARTESIAN_POINT('',(23.4644660940672,-14.5,-4.));
#5205=CARTESIAN_POINT('',(23.4644660940672,3.26758640817654,-4.));
#5206=CARTESIAN_POINT('',(25.,-14.5,-2.46446609406725));
#5207=CARTESIAN_POINT('',(13.7322330470336,-14.5,-13.7322330470336));
#5208=CARTESIAN_POINT('',(25.,-12.5,-2.46446609406725));
#5209=CARTESIAN_POINT('',(25.,3.26758640817654,-2.46446609406725));
#5210=CARTESIAN_POINT('',(13.7322330470336,-12.5,-13.7322330470336));
#5211=CARTESIAN_POINT('Origin',(3.42494171398401E-16,3.26758640817654,-4.));
#5212=CARTESIAN_POINT('',(14.415631851715,-12.5,-4.));
#5213=CARTESIAN_POINT('',(14.415631851715,-14.5,-4.));
#5214=CARTESIAN_POINT('',(14.415631851715,3.26758640817654,-4.));
#5215=CARTESIAN_POINT('',(-1.63524717560013E-15,-14.5,-4.));
#5216=CARTESIAN_POINT('',(3.42494171398401E-16,-12.5,-4.));
#5217=CARTESIAN_POINT('Origin',(14.415631851715,3.26758640817654,-3.69778549322349E-31));
#5218=CARTESIAN_POINT('',(14.415631851715,-12.5,4.));
#5219=CARTESIAN_POINT('',(14.415631851715,-14.5,4.));
#5220=CARTESIAN_POINT('',(14.415631851715,3.26758640817654,4.));
#5221=CARTESIAN_POINT('',(14.415631851715,-14.5,-3.69778549322349E-31));
#5222=CARTESIAN_POINT('',(14.415631851715,-12.5,-3.69778549322349E-31));
#5223=CARTESIAN_POINT('Origin',(3.42494171398401E-16,3.26758640817654,4.));
#5224=CARTESIAN_POINT('',(23.4644660940673,-12.5,4.));
#5225=CARTESIAN_POINT('',(23.4644660940673,-14.5,4.));
#5226=CARTESIAN_POINT('',(23.4644660940673,3.26758640817654,4.));
#5227=CARTESIAN_POINT('',(-1.63524717560013E-15,-14.5,4.));
#5228=CARTESIAN_POINT('',(3.42494171398401E-16,-12.5,4.));
#5229=CARTESIAN_POINT('Origin',(13.7322330470336,3.26758640817654,13.7322330470336));
#5230=CARTESIAN_POINT('',(25.,-12.5,2.46446609406725));
#5231=CARTESIAN_POINT('',(25.,-14.5,2.46446609406725));
#5232=CARTESIAN_POINT('',(25.,3.26758640817654,2.46446609406725));
#5233=CARTESIAN_POINT('',(13.7322330470336,-14.5,13.7322330470336));
#5234=CARTESIAN_POINT('',(13.7322330470336,-12.5,13.7322330470336));
#5235=CARTESIAN_POINT('Origin',(25.,3.26758640817654,-3.69778549322349E-31));
#5236=CARTESIAN_POINT('',(25.,-14.5,-3.69778549322349E-31));
#5237=CARTESIAN_POINT('',(25.,-12.5,-3.69778549322349E-31));
#5238=CARTESIAN_POINT('Origin',(27.5,-15.,6.5));
#5239=CARTESIAN_POINT('',(27.5,-10.5,6.5));
#5240=CARTESIAN_POINT('Origin',(0.,0.,4.75));
#5241=CARTESIAN_POINT('',(11.1041710019948,-7.87728375930365,4.75));
#5242=CARTESIAN_POINT('',(10.9959742717058,-5.39917121565752,4.75));
#5243=CARTESIAN_POINT('',(10.739768382005,0.468908414177306,4.75));
#5244=CARTESIAN_POINT('',(-10.9959742717058,-5.39917121565752,4.75));
#5245=CARTESIAN_POINT('Origin',(0.,0.,4.75));
#5246=CARTESIAN_POINT('',(-11.1041710019948,-7.87728375930365,4.75));
#5247=CARTESIAN_POINT('',(-10.739768382005,0.468908414177306,4.75));
#5248=CARTESIAN_POINT('',(-10.365489309405,-8.25343149099881,4.75));
#5249=CARTESIAN_POINT('Origin',(-11.1477903893601,-8.87633198088551,4.75));
#5250=CARTESIAN_POINT('',(10.365489309405,-8.25343149099881,4.75));
#5251=CARTESIAN_POINT('Origin',(0.,0.,4.75));
#5252=CARTESIAN_POINT('Origin',(11.1477903893601,-8.87633198088551,4.75));
#5253=CARTESIAN_POINT('Origin',(0.,0.,-4.75));
#5254=CARTESIAN_POINT('',(-11.1041710019948,-7.87728375930365,-4.75));
#5255=CARTESIAN_POINT('',(-10.9959742717058,-5.39917121565752,-4.75));
#5256=CARTESIAN_POINT('',(-10.9431141927485,-4.18847636034932,-4.75));
#5257=CARTESIAN_POINT('',(10.9959742717058,-5.39917121565752,-4.75));
#5258=CARTESIAN_POINT('Origin',(0.,0.,-4.75));
#5259=CARTESIAN_POINT('',(11.1041710019948,-7.87728375930365,-4.75));
#5260=CARTESIAN_POINT('',(11.084609917544,-7.42926126717082,-4.75));
#5261=CARTESIAN_POINT('',(10.365489309405,-8.25343149099881,-4.75));
#5262=CARTESIAN_POINT('Origin',(11.1477903893601,-8.87633198088551,-4.75));
#5263=CARTESIAN_POINT('',(-10.365489309405,-8.25343149099881,-4.75));
#5264=CARTESIAN_POINT('Origin',(0.,0.,-4.75));
#5265=CARTESIAN_POINT('Origin',(-11.1477903893601,-8.87633198088551,-4.75));
#5266=CARTESIAN_POINT('Origin',(27.5,-12.5,6.5));
#5267=CARTESIAN_POINT('Origin',(-27.5,-12.5,6.5));
#5268=CARTESIAN_POINT('',(-23.4644660940673,-12.5,-4.));
#5269=CARTESIAN_POINT('',(-14.415631851715,-12.5,-4.));
#5270=CARTESIAN_POINT('',(-3.42494171398401E-16,-12.5,-4.));
#5271=CARTESIAN_POINT('',(-14.415631851715,-12.5,4.));
#5272=CARTESIAN_POINT('',(-14.415631851715,-12.5,-3.69778549322349E-31));
#5273=CARTESIAN_POINT('',(-23.4644660940673,-12.5,4.));
#5274=CARTESIAN_POINT('',(-3.42494171398401E-16,-12.5,4.));
#5275=CARTESIAN_POINT('',(-25.,-12.5,2.46446609406725));
#5276=CARTESIAN_POINT('',(-13.7322330470336,-12.5,13.7322330470336));
#5277=CARTESIAN_POINT('',(-25.,-12.5,-2.46446609406725));
#5278=CARTESIAN_POINT('',(-25.,-12.5,-3.69778549322349E-31));
#5279=CARTESIAN_POINT('',(-13.7322330470336,-12.5,-13.7322330470336));
#5280=CARTESIAN_POINT('Origin',(-27.5,-15.,6.5));
#5281=CARTESIAN_POINT('',(-27.5,-10.5,3.5));
#5282=CARTESIAN_POINT('',(-27.5,-15.,3.5));
#5283=CARTESIAN_POINT('',(-27.5,-10.5,-3.5));
#5284=CARTESIAN_POINT('',(-27.5,-10.5,6.5));
#5285=CARTESIAN_POINT('',(-27.5,-15.,-3.5));
#5286=CARTESIAN_POINT('Origin',(-25.,3.26758640817654,-3.69778549322349E-31));
#5287=CARTESIAN_POINT('',(-25.,-14.5,2.46446609406725));
#5288=CARTESIAN_POINT('',(-25.,3.26758640817654,2.46446609406725));
#5289=CARTESIAN_POINT('',(-25.,-14.5,-2.46446609406725));
#5290=CARTESIAN_POINT('',(-25.,-14.5,-3.69778549322349E-31));
#5291=CARTESIAN_POINT('',(-25.,3.26758640817654,-2.46446609406725));
#5292=CARTESIAN_POINT('Origin',(-13.7322330470336,3.26758640817654,13.7322330470336));
#5293=CARTESIAN_POINT('',(-23.4644660940673,-14.5,4.));
#5294=CARTESIAN_POINT('',(-23.4644660940673,3.26758640817654,4.));
#5295=CARTESIAN_POINT('',(-13.7322330470336,-14.5,13.7322330470336));
#5296=CARTESIAN_POINT('Origin',(-3.42494171398401E-16,3.26758640817654,
4.));
#5297=CARTESIAN_POINT('',(-14.415631851715,-14.5,4.));
#5298=CARTESIAN_POINT('',(-14.415631851715,3.26758640817654,4.));
#5299=CARTESIAN_POINT('',(-2.32023551839694E-15,-14.5,4.));
#5300=CARTESIAN_POINT('Origin',(-14.415631851715,3.26758640817654,-3.69778549322349E-31));
#5301=CARTESIAN_POINT('',(-14.415631851715,-14.5,-4.));
#5302=CARTESIAN_POINT('',(-14.415631851715,3.26758640817654,-4.));
#5303=CARTESIAN_POINT('',(-14.415631851715,-14.5,-3.69778549322349E-31));
#5304=CARTESIAN_POINT('Origin',(-3.42494171398401E-16,3.26758640817654,
-4.));
#5305=CARTESIAN_POINT('',(-23.4644660940672,-14.5,-4.));
#5306=CARTESIAN_POINT('',(-23.4644660940672,3.26758640817654,-4.));
#5307=CARTESIAN_POINT('',(-2.32023551839694E-15,-14.5,-4.));
#5308=CARTESIAN_POINT('Origin',(-13.7322330470336,3.26758640817654,-13.7322330470336));
#5309=CARTESIAN_POINT('',(-13.7322330470336,-14.5,-13.7322330470336));
#5310=CARTESIAN_POINT('Origin',(-24.5,0.,6.5));
#5311=CARTESIAN_POINT('',(-24.6464466094067,-10.5,6.35355339059327));
#5312=CARTESIAN_POINT('',(-24.6464466094067,0.,6.35355339059327));
#5313=CARTESIAN_POINT('',(-27.5,-10.5,3.5));
#5314=CARTESIAN_POINT('Origin',(-11.915631851715,-15.,6.5));
#5315=CARTESIAN_POINT('',(-11.5923310445832,-7.59519411183442,5.25));
#5316=CARTESIAN_POINT('',(-11.7014834018545,-10.0951941118344,6.));
#5317=CARTESIAN_POINT('',(-11.903978636317,-14.7330974866397,7.39137101244159));
#5318=CARTESIAN_POINT('',(-11.915631851715,-15.,6.));
#5319=CARTESIAN_POINT('',(-11.647314500151,-8.85452228720284,5.25));
#5320=CARTESIAN_POINT('',(-11.647314500151,-8.85452228720284,4.75));
#5321=CARTESIAN_POINT('',(-11.915631851715,-15.,5.25));
#5322=CARTESIAN_POINT('Origin',(-11.915631851715,-15.,6.5));
#5323=CARTESIAN_POINT('',(-11.7014834018545,-10.0951941118344,-6.));
#5324=CARTESIAN_POINT('',(-11.915631851715,-15.,-6.));
#5325=CARTESIAN_POINT('',(-11.5923310445832,-7.59519411183443,-5.25));
#5326=CARTESIAN_POINT('',(-11.7480333131844,-11.1613623672362,-6.31985047662053));
#5327=CARTESIAN_POINT('',(-11.647314500151,-8.85452228720284,-5.25));
#5328=CARTESIAN_POINT('',(-11.584134028335,-7.40745157348816,-5.25));
#5329=CARTESIAN_POINT('',(-11.647314500151,-8.85452228720284,-1.25));
#5330=CARTESIAN_POINT('Origin',(-27.5,-15.,-3.5));
#5331=CARTESIAN_POINT('',(-24.6464466094067,-10.5,-6.35355339059327));
#5332=CARTESIAN_POINT('',(-24.5,-10.5,-6.5));
#5333=CARTESIAN_POINT('',(-24.6464466094067,-15.,-6.35355339059327));
#5334=CARTESIAN_POINT('Origin',(-27.5,-10.,6.5));
#5335=CARTESIAN_POINT('',(-14.6783547212081,-10.,-5.84107049076407));
#5336=CARTESIAN_POINT('',(-14.666532614131,-9.99999998401948,-6.00001875632202));
#5337=CARTESIAN_POINT('Origin',(-13.6114848472705,-10.,-5.84068931738033));
#5338=CARTESIAN_POINT('',(-24.2928932188134,-10.,-6.));
#5339=CARTESIAN_POINT('',(-27.5,-10.,-6.));
#5340=CARTESIAN_POINT('',(-27.,-10.,-3.29289321881345));
#5341=CARTESIAN_POINT('',(-27.1464466094067,-10.,-3.14644660940672));
#5342=CARTESIAN_POINT('',(-27.,-10.,3.29289321881345));
#5343=CARTESIAN_POINT('',(-27.,-10.,6.5));
#5344=CARTESIAN_POINT('',(-24.2928932188135,-10.,6.));
#5345=CARTESIAN_POINT('',(-24.1464466094067,-10.,6.14644660940673));
#5346=CARTESIAN_POINT('',(-14.6665853085872,-10.,5.99998824674316));
#5347=CARTESIAN_POINT('',(-14.4514462545833,-10.,6.));
#5348=CARTESIAN_POINT('',(-14.6783547212081,-10.,5.84107049076407));
#5349=CARTESIAN_POINT('Origin',(-13.5967367465422,-10.,5.84086080916246));
#5350=CARTESIAN_POINT('',(-14.6783547212081,-10.,-5.98452758265927));
#5351=CARTESIAN_POINT('Origin',(-14.1997088500807,-10.,6.5));
#5352=CARTESIAN_POINT('',(-13.8297982674582,-1.52765474172879,-3.44282400517791));
#5353=CARTESIAN_POINT('',(-14.1788306104172,-9.52180969368267,-5.84107049076407));
#5354=CARTESIAN_POINT('',(-14.0499470279241,-6.56989033721952,-4.95549468382513));
#5355=CARTESIAN_POINT('',(-14.1788306104172,-9.52180969368267,5.84107049076407));
#5356=CARTESIAN_POINT('',(-14.1788306104172,-9.52180969368267,5.98452758265927));
#5357=CARTESIAN_POINT('',(-13.8297982674582,-1.52765474172879,3.44282400517791));
#5358=CARTESIAN_POINT('',(-14.2058923510567,-10.1416254566231,6.02701521964619));
#5359=CARTESIAN_POINT('Origin',(-13.7185188359606,1.02106326765318,11.0397259046056));
#5360=CARTESIAN_POINT('Origin',(-13.7185188359411,1.02106326809338,-11.0397259023952));
#5361=CARTESIAN_POINT('Origin',(-27.5,-10.,-6.5));
#5362=CARTESIAN_POINT('',(13.5128508988001,-9.92970728902802,-6.47892312463387));
#5363=CARTESIAN_POINT('',(12.2010075126454,-9.92971047536859,-6.47891314261058));
#5364=CARTESIAN_POINT('',(-27.5,-9.92971047536859,-6.47891314261058));
#5365=CARTESIAN_POINT('',(12.0918551553741,-7.42971047536859,-5.72891314261058));
#5366=CARTESIAN_POINT('',(12.1347600264265,-8.41239358283837,-6.02371807485151));
#5367=CARTESIAN_POINT('',(11.3761179436854,-4.40016150002939,-4.82004845000882));
#5368=CARTESIAN_POINT('Ctrl Pts',(12.0918551553741,-7.42971047536859,-5.72891314261058));
#5369=CARTESIAN_POINT('Ctrl Pts',(12.0881313682705,-7.34442172859621,-5.70332651857887));
#5370=CARTESIAN_POINT('Ctrl Pts',(12.0833638538628,-7.25825087922001,-5.67747526376601));
#5371=CARTESIAN_POINT('Ctrl Pts',(12.0775352856738,-7.17152027662567,-5.6514560829877));
#5372=CARTESIAN_POINT('Ctrl Pts',(12.0718441314078,-7.08683442875507,-5.62605032862652));
#5373=CARTESIAN_POINT('Ctrl Pts',(12.0651413274489,-7.00161469780891,-5.60048440934267));
#5374=CARTESIAN_POINT('Ctrl Pts',(12.0574117874793,-6.91620705479256,-5.57486211643777));
#5375=CARTESIAN_POINT('Ctrl Pts',(12.0494678376891,-6.82843028793535,-5.5485290863806));
#5376=CARTESIAN_POINT('Ctrl Pts',(12.0404393442795,-6.74045432606828,-5.52213629782048));
#5377=CARTESIAN_POINT('Ctrl Pts',(12.0303117621613,-6.65271133760558,-5.49581340128167));
#5378=CARTESIAN_POINT('Ctrl Pts',(12.0209647182738,-6.57173074871346,-5.47151922461404));
#5379=CARTESIAN_POINT('Ctrl Pts',(12.0106814578322,-6.49094889312104,-5.44728466793631));
#5380=CARTESIAN_POINT('Ctrl Pts',(11.999452526585,-6.41075435817462,-5.42322630745238));
#5381=CARTESIAN_POINT('Ctrl Pts',(11.9985148386664,-6.40405759915985,-5.42121727974795));
#5382=CARTESIAN_POINT('Ctrl Pts',(11.9975705575794,-6.39736496467967,-5.4192094894039));
#5383=CARTESIAN_POINT('Ctrl Pts',(11.9966196785528,-6.39067669706908,-5.41720300912072));
#5384=CARTESIAN_POINT('Ctrl Pts',(11.9844942938801,-6.30538948880389,-5.39161684664116));
#5385=CARTESIAN_POINT('Ctrl Pts',(11.9713101746322,-6.22085469405432,-5.36625640821629));
#5386=CARTESIAN_POINT('Ctrl Pts',(11.9571153855493,-6.1374266969201,-5.34122800907602));
#5387=CARTESIAN_POINT('Ctrl Pts',(11.9432014296246,-6.0556492595637,-5.3166947778691));
#5388=CARTESIAN_POINT('Ctrl Pts',(11.9283163197759,-5.97493509240542,-5.29248052772162));
#5389=CARTESIAN_POINT('Ctrl Pts',(11.9125167079526,-5.89566357614205,-5.26869907284261));
#5390=CARTESIAN_POINT('Ctrl Pts',(11.8971921922664,-5.81877576345251,-5.24563272903574));
#5391=CARTESIAN_POINT('Ctrl Pts',(11.8810072948997,-5.74324507506673,-5.22297352252001));
#5392=CARTESIAN_POINT('Ctrl Pts',(11.8640254390704,-5.66946261481535,-5.20083878444459));
#5393=CARTESIAN_POINT('Ctrl Pts',(11.850322374131,-5.60992578595686,-5.18297773578704));
#5394=CARTESIAN_POINT('Ctrl Pts',(11.8361005818717,-5.55152804360573,-5.1654584130817));
#5395=CARTESIAN_POINT('Ctrl Pts',(11.821399620177,-5.49449790177164,-5.14834937053148));
#5396=CARTESIAN_POINT('Ctrl Pts',(11.7994176706694,-5.40922227666274,-5.12276668299881));
#5397=CARTESIAN_POINT('Ctrl Pts',(11.7763827376319,-5.32698883662969,-5.09809665098889));
#5398=CARTESIAN_POINT('Ctrl Pts',(11.7524438307835,-5.24816678732353,-5.07445003619705));
#5399=CARTESIAN_POINT('Ctrl Pts',(11.7289877818413,-5.17093461218857,-5.05128038365656));
#5400=CARTESIAN_POINT('Ctrl Pts',(11.7046636576681,-5.09697756308252,-5.02909326892474));
#5401=CARTESIAN_POINT('Ctrl Pts',(11.6796435498516,-5.0266795378097,-5.0080038613429));
#5402=CARTESIAN_POINT('Ctrl Pts',(11.654623442035,-4.95638151253689,-4.98691445376106));
#5403=CARTESIAN_POINT('Ctrl Pts',(11.6289070195076,-4.8897423459823,-4.96692270379468));
#5404=CARTESIAN_POINT('Ctrl Pts',(11.6027027324047,-4.82718456314942,-4.94815536894482));
#5405=CARTESIAN_POINT('Ctrl Pts',(11.5740008755631,-4.75866430460736,-4.9275992913822));
#5406=CARTESIAN_POINT('Ctrl Pts',(11.5447074778783,-4.69496494688236,-4.90848948406471));
#5407=CARTESIAN_POINT('Ctrl Pts',(11.5150443591239,-4.63622342276478,-4.89086702682943));
#5408=CARTESIAN_POINT('Ctrl Pts',(11.4868357644412,-4.58036227550686,-4.87410868265206));
#5409=CARTESIAN_POINT('Ctrl Pts',(11.4582927914,-4.52898491565693,-4.85869547469708));
#5410=CARTESIAN_POINT('Ctrl Pts',(11.4296461983053,-4.48218621124309,-4.84465586337293));
#5411=CARTESIAN_POINT('Ctrl Pts',(11.411821390783,-4.45306659147855,-4.83591997744356));
#5412=CARTESIAN_POINT('Ctrl Pts',(11.3939572539295,-4.42571923520885,-4.82771577056266));
#5413=CARTESIAN_POINT('Ctrl Pts',(11.3761179436836,-4.40016150004149,-4.82004845001245));
#5414=CARTESIAN_POINT('',(12.1257874887457,-1.59637714203525,-3.97891314261058));
#5415=CARTESIAN_POINT('Origin',(2.79357399050183,-0.60326652331796,-3.68097995699542));
#5416=CARTESIAN_POINT('',(12.1499622818689,-1.40579049262828,-3.92173714778849));
#5417=CARTESIAN_POINT('Origin',(5.8061962848644,-0.7642616977513,-3.7292785093282));
#5418=CARTESIAN_POINT('',(13.3302741566673,-1.40579049262828,-3.92173714778849));
#5419=CARTESIAN_POINT('',(13.7630994209956,-1.40579049262828,-3.92173714778849));
#5420=CARTESIAN_POINT('',(13.6899479168874,-9.64368785494977,-6.39305577043304));
#5421=CARTESIAN_POINT('',(13.6335678209344,-8.35235747132753,-6.00570724139826));
#5422=CARTESIAN_POINT('',(13.5728086579136,-9.74687925186336,-6.42406338676778));
#5423=CARTESIAN_POINT('Ctrl Pts',(13.6899479168874,-9.64368785494978,-6.39305577043304));
#5424=CARTESIAN_POINT('Ctrl Pts',(13.6734044996705,-9.65947881891173,-6.39778869517118));
#5425=CARTESIAN_POINT('Ctrl Pts',(13.6566127465516,-9.67504867773637,-6.40246108597487));
#5426=CARTESIAN_POINT('Ctrl Pts',(13.6395110836363,-9.69031802708928,-6.40705190804903));
#5427=CARTESIAN_POINT('Ctrl Pts',(13.6229489634862,-9.70510564159496,-6.41149789363282));
#5428=CARTESIAN_POINT('Ctrl Pts',(13.6060957032926,-9.71961145882844,-6.41586662425215));
#5429=CARTESIAN_POINT('Ctrl Pts',(13.5889405257383,-9.73375675964411,-6.42012009251732));
#5430=CARTESIAN_POINT('Ctrl Pts',(13.5835920263946,-9.73816686451707,-6.42144620366672));
#5431=CARTESIAN_POINT('Ctrl Pts',(13.5782145443609,-9.74254187643165,-6.42276101759553));
#5432=CARTESIAN_POINT('Ctrl Pts',(13.5728087783173,-9.74687928162365,-6.42406320130025));
#5433=CARTESIAN_POINT('Ctrl Pts',(13.572808583002,-9.7468790592144,-6.42406371776432));
#5434=CARTESIAN_POINT('Ctrl Pts',(13.5454875521411,-9.76880367462373,-6.43064110238712));
#5435=CARTESIAN_POINT('Ctrl Pts',(13.5252861643178,-9.79778910130239,-6.43933673039072));
#5436=CARTESIAN_POINT('Ctrl Pts',(13.503117356761,-9.86177838505273,-6.45853351551582));
#5437=CARTESIAN_POINT('Ctrl Pts',(13.5003854897593,-9.89760464466271,-6.46928139339882));
#5438=CARTESIAN_POINT('Ctrl Pts',(13.5128560944384,-9.92970844788439,-6.47891253436532));
#5439=CARTESIAN_POINT('Origin',(-27.5,-10.,-6.5));
#5440=CARTESIAN_POINT('',(-13.3302741566673,-1.40579049262828,-3.92173714778849));
#5441=CARTESIAN_POINT('',(-12.1499622818689,-1.40579049262828,-3.92173714778849));
#5442=CARTESIAN_POINT('',(-11.75,-1.40579049262828,-3.92173714778849));
#5443=CARTESIAN_POINT('',(-12.1257874887457,-1.59637714203525,-3.97891314261058));
#5444=CARTESIAN_POINT('Origin',(-5.80619628483569,-0.764261697748298,-3.72927850932304));
#5445=CARTESIAN_POINT('',(-11.3761179436783,-4.40016150003392,-4.82004845001018));
#5446=CARTESIAN_POINT('Origin',(-2.79357399169325,-0.603266522990361,-3.68097995689717));
#5447=CARTESIAN_POINT('',(-12.0918551553741,-7.42971047536859,-5.72891314261058));
#5448=CARTESIAN_POINT('Ctrl Pts',(-11.3761179436783,-4.40016150003392,-4.82004845001018));
#5449=CARTESIAN_POINT('Ctrl Pts',(-11.4046240368562,-4.44100114966295,-4.83230034489889));
#5450=CARTESIAN_POINT('Ctrl Pts',(-11.4331912836201,-4.48641189763832,-4.8459235692915));
#5451=CARTESIAN_POINT('Ctrl Pts',(-11.4615661873701,-4.53631746644456,-4.86089523993337));
#5452=CARTESIAN_POINT('Ctrl Pts',(-11.4913520959453,-4.58870469999991,-4.87661140999997));
#5453=CARTESIAN_POINT('Ctrl Pts',(-11.5209260891506,-4.64604463344231,-4.89381339003269));
#5454=CARTESIAN_POINT('Ctrl Pts',(-11.5500439798753,-4.70821854025523,-4.91246556207656));
#5455=CARTESIAN_POINT('Ctrl Pts',(-11.5677808832973,-4.74609122103889,-4.92382736631166));
#5456=CARTESIAN_POINT('Ctrl Pts',(-11.5853494957151,-4.78575699031821,-4.93572709709546));
#5457=CARTESIAN_POINT('Ctrl Pts',(-11.6027027324024,-4.82718456313657,-4.94815536894097));
#5458=CARTESIAN_POINT('Ctrl Pts',(-11.6284887661362,-4.88874384509966,-4.96662315352989));
#5459=CARTESIAN_POINT('Ctrl Pts',(-11.6538024829589,-4.95425536381741,-4.98627660914522));
#5460=CARTESIAN_POINT('Ctrl Pts',(-11.6784449637444,-5.0233162037577,-5.0069948611273));
#5461=CARTESIAN_POINT('Ctrl Pts',(-11.7039447564573,-5.09477967037803,-5.0284339011134));
#5462=CARTESIAN_POINT('Ctrl Pts',(-11.7287259251978,-5.17004365887141,-5.05101309766141));
#5463=CARTESIAN_POINT('Ctrl Pts',(-11.7526065217132,-5.24870256720954,-5.07461077016285));
#5464=CARTESIAN_POINT('Ctrl Pts',(-11.7764871182286,-5.32736147554767,-5.09820844266429));
#5465=CARTESIAN_POINT('Ctrl Pts',(-11.7994674720098,-5.40941547336322,-5.12282464200895));
#5466=CARTESIAN_POINT('Ctrl Pts',(-11.8213996201776,-5.49449790175933,-5.14834937052779));
#5467=CARTESIAN_POINT('Ctrl Pts',(-11.8396485953496,-5.5652920214916,-5.16958760644747));
#5468=CARTESIAN_POINT('Ctrl Pts',(-11.8571587964033,-5.63819205788278,-5.19145761736482));
#5469=CARTESIAN_POINT('Ctrl Pts',(-11.8738558957599,-5.7127657945171,-5.21382973835512));
#5470=CARTESIAN_POINT('Ctrl Pts',(-11.8908681498388,-5.78874709690615,-5.23662412907184));
#5471=CARTESIAN_POINT('Ctrl Pts',(-11.9070363984477,-5.86646604867219,-5.25993981460165));
#5472=CARTESIAN_POINT('Ctrl Pts',(-11.9222958807916,-5.94551692590115,-5.28365507777034));
#5473=CARTESIAN_POINT('Ctrl Pts',(-11.9380382349158,-6.02706929282456,-5.30812078784736));
#5474=CARTESIAN_POINT('Ctrl Pts',(-11.9528134588246,-6.1100392961934,-5.33301178885801));
#5475=CARTESIAN_POINT('Ctrl Pts',(-11.966564010052,-6.19403388019629,-5.35821016405888));
#5476=CARTESIAN_POINT('Ctrl Pts',(-11.9772029119234,-6.25902110304646,-5.37770633091393));
#5477=CARTESIAN_POINT('Ctrl Pts',(-11.9872287130184,-6.32462277341049,-5.39738683202314));
#5478=CARTESIAN_POINT('Ctrl Pts',(-11.9966196785535,-6.39067669706168,-5.4172030091185));
#5479=CARTESIAN_POINT('Ctrl Pts',(-12.0080052984553,-6.47076056755369,-5.4412281702661));
#5480=CARTESIAN_POINT('Ctrl Pts',(-12.018444771504,-6.55146633371626,-5.46543990011488));
#5481=CARTESIAN_POINT('Ctrl Pts',(-12.0279473632973,-6.63240137195759,-5.48972041158728));
#5482=CARTESIAN_POINT('Ctrl Pts',(-12.0377973029824,-6.71629482570472,-5.51488844771141));
#5483=CARTESIAN_POINT('Ctrl Pts',(-12.0466406472143,-6.80043470036987,-5.54013041011096));
#5484=CARTESIAN_POINT('Ctrl Pts',(-12.0544899315113,-6.88443744510518,-5.56533123353156));
#5485=CARTESIAN_POINT('Ctrl Pts',(-12.0625185262658,-6.97035916359837,-5.59110774907951));
#5486=CARTESIAN_POINT('Ctrl Pts',(-12.0695071626713,-7.05613763721428,-5.61684129116428));
#5487=CARTESIAN_POINT('Ctrl Pts',(-12.0754710100476,-7.14141510541646,-5.64242453162494));
#5488=CARTESIAN_POINT('Ctrl Pts',(-12.0816342165895,-7.22954322418346,-5.66886296725504));
#5489=CARTESIAN_POINT('Ctrl Pts',(-12.0867030151522,-7.31713644395152,-5.69514093318545));
#5490=CARTESIAN_POINT('Ctrl Pts',(-12.0906954096546,-7.40385269563674,-5.72115580869102));
#5491=CARTESIAN_POINT('Ctrl Pts',(-12.091092640824,-7.41248070021808,-5.72374421006542));
#5492=CARTESIAN_POINT('Ctrl Pts',(-12.0914792166795,-7.42110006364553,-5.72633001909366));
#5493=CARTESIAN_POINT('Ctrl Pts',(-12.0918551553741,-7.42971047536859,-5.72891314261057));
#5494=CARTESIAN_POINT('',(-12.2010075126454,-9.92971047536859,-6.47891314261058));
#5495=CARTESIAN_POINT('',(-12.2307804345695,-10.6116224988108,-6.68348674964323));
#5496=CARTESIAN_POINT('',(-13.5128508987991,-9.92970728902652,-6.47892312463342));
#5497=CARTESIAN_POINT('',(-27.5,-9.92971047536859,-6.47891314261058));
#5498=CARTESIAN_POINT('Ctrl Pts',(-13.5128560944366,-9.92970844788125,-6.47891253436438));
#5499=CARTESIAN_POINT('Ctrl Pts',(-13.5003655172439,-9.89755327722838,-6.46926598316851));
#5500=CARTESIAN_POINT('Ctrl Pts',(-13.5029552549912,-9.86238972574931,-6.45871691772479));
#5501=CARTESIAN_POINT('Ctrl Pts',(-13.5252886083925,-9.79763962404026,-6.43929188721208));
#5502=CARTESIAN_POINT('Ctrl Pts',(-13.5455008934691,-9.76879347740769,-6.43063804322231));
#5503=CARTESIAN_POINT('Ctrl Pts',(-13.5728069310694,-9.74688038487471,-6.42406411546241));
#5504=CARTESIAN_POINT('',(-13.7295882290774,-10.5515863872999,-6.66547591618997));
#5505=CARTESIAN_POINT('Origin',(-27.5,6.93889390390723E-15,-3.5));
#5506=CARTESIAN_POINT('',(13.1684619781131,1.46768836303517,-3.5));
#5507=CARTESIAN_POINT('',(12.0268018381514,1.46768836303517,-3.5));
#5508=CARTESIAN_POINT('',(11.75,1.46768836303517,-3.5));
#5509=CARTESIAN_POINT('',(-12.0268018381514,1.46768836303517,-3.5));
#5510=CARTESIAN_POINT('Origin',(0.,-5.4166779685891E-32,-3.5));
#5511=CARTESIAN_POINT('',(-13.1684619781131,1.46768836303517,-3.5));
#5512=CARTESIAN_POINT('',(-13.7630994209957,1.46768836303517,-3.5));
#5513=CARTESIAN_POINT('Origin',(0.,3.15404268359419E-17,-3.5));
#5514=CARTESIAN_POINT('Origin',(-27.5,0.,3.5));
#5515=CARTESIAN_POINT('',(-11.75,1.46768836303517,3.5));
#5516=CARTESIAN_POINT('',(13.7630994209957,1.46768836303517,3.5));
#5517=CARTESIAN_POINT('Origin',(-27.5,-10.,6.5));
#5518=CARTESIAN_POINT('',(11.3761179436854,-4.40016150002939,4.82004845000882));
#5519=CARTESIAN_POINT('',(12.0918551553741,-7.42971047536859,5.72891314261057));
#5520=CARTESIAN_POINT('Ctrl Pts',(11.3761179436783,-4.40016150003392,4.82004845001017));
#5521=CARTESIAN_POINT('Ctrl Pts',(11.4091181037443,-4.44743963690177,4.83423189107053));
#5522=CARTESIAN_POINT('Ctrl Pts',(11.4421862337221,-4.50085872553301,4.8502576176599));
#5523=CARTESIAN_POINT('Ctrl Pts',(11.4749495233261,-4.56025915087948,4.86807774526384));
#5524=CARTESIAN_POINT('Ctrl Pts',(11.5087894549877,-4.62161154737861,4.88648346421358));
#5525=CARTESIAN_POINT('Ctrl Pts',(11.542304290987,-4.68934466877066,4.90680340063119));
#5526=CARTESIAN_POINT('Ctrl Pts',(11.5751381981746,-4.76327381018751,4.92898214305625));
#5527=CARTESIAN_POINT('Ctrl Pts',(11.5875436106025,-4.79120595619981,4.93736178685994));
#5528=CARTESIAN_POINT('Ctrl Pts',(11.5998523578638,-4.82002251281309,4.94600675384392));
#5529=CARTESIAN_POINT('Ctrl Pts',(11.6120471403519,-4.84971328710463,4.95491398613138));
#5530=CARTESIAN_POINT('Ctrl Pts',(11.6393303133512,-4.91613993573654,4.97484198072095));
#5531=CARTESIAN_POINT('Ctrl Pts',(11.6660443269102,-4.98699923566657,4.99609977069997));
#5532=CARTESIAN_POINT('Ctrl Pts',(11.6919696011042,-5.06180140570992,5.01854042171297));
#5533=CARTESIAN_POINT('Ctrl Pts',(11.718552677754,-5.13850153258055,5.04155045977416));
#5534=CARTESIAN_POINT('Ctrl Pts',(11.7443065617789,-5.2193471854867,5.065804155646));
#5535=CARTESIAN_POINT('Ctrl Pts',(11.7690238786358,-5.30385565961642,5.09115669788492));
#5536=CARTESIAN_POINT('Ctrl Pts',(11.7909844270096,-5.37893874589419,5.11368162376825));
#5537=CARTESIAN_POINT('Ctrl Pts',(11.8121272354808,-5.45691390799396,5.13707417239818));
#5538=CARTESIAN_POINT('Ctrl Pts',(11.8323246211844,-5.53747088480498,5.16124126544149));
#5539=CARTESIAN_POINT('Ctrl Pts',(11.8519979761392,-5.61593777265634,5.18478133179689));
#5540=CARTESIAN_POINT('Ctrl Pts',(11.8707584504299,-5.69684403642794,5.20905321092837));
#5541=CARTESIAN_POINT('Ctrl Pts',(11.8885219577588,-5.77964553129819,5.23389365938945));
#5542=CARTESIAN_POINT('Ctrl Pts',(11.9065617904481,-5.86373506869831,5.25912052060949));
#5543=CARTESIAN_POINT('Ctrl Pts',(11.9235734451524,-5.94977940395071,5.2849338211852));
#5544=CARTESIAN_POINT('Ctrl Pts',(11.9394797686754,-6.0372596954203,5.31117790862608));
#5545=CARTESIAN_POINT('Ctrl Pts',(11.9557684821539,-6.12684302375495,5.33805290712648));
#5546=CARTESIAN_POINT('Ctrl Pts',(11.9708981175404,-6.21793226554773,5.36537967966431));
#5547=CARTESIAN_POINT('Ctrl Pts',(11.9847965605072,-6.31002174858553,5.39300652457566));
#5548=CARTESIAN_POINT('Ctrl Pts',(11.99082022262,-6.34993384026965,5.40498015208089));
#5549=CARTESIAN_POINT('Ctrl Pts',(11.9966127481223,-6.39003445396215,5.41701033618864));
#5550=CARTESIAN_POINT('Ctrl Pts',(12.002168842952,-6.43028525291161,5.42908557587348));
#5551=CARTESIAN_POINT('Ctrl Pts',(12.0146229333154,-6.52050817074843,5.45615245122453));
#5552=CARTESIAN_POINT('Ctrl Pts',(12.025878664003,-6.61143235882218,5.48342970764665));
#5553=CARTESIAN_POINT('Ctrl Pts',(12.0359533702881,-6.70252881191201,5.5107586435736));
#5554=CARTESIAN_POINT('Ctrl Pts',(12.0462028684387,-6.79520574968479,5.53856172490543));
#5555=CARTESIAN_POINT('Ctrl Pts',(12.0552300226788,-6.88806115008105,5.56641834502431));
#5556=CARTESIAN_POINT('Ctrl Pts',(12.063053697647,-6.98059060794565,5.59417718238369));
#5557=CARTESIAN_POINT('Ctrl Pts',(12.0710972905654,-7.07572100319362,5.62271630095808));
#5558=CARTESIAN_POINT('Ctrl Pts',(12.077868812846,-7.17050696918942,5.65115209075682));
#5559=CARTESIAN_POINT('Ctrl Pts',(12.0833891450666,-7.26445359710217,5.67933607913065));
#5560=CARTESIAN_POINT('Ctrl Pts',(12.086644920508,-7.3198613355761,5.69595840067283));
#5561=CARTESIAN_POINT('Ctrl Pts',(12.0894654888481,-7.37497811351775,5.71249343405532));
#5562=CARTESIAN_POINT('Ctrl Pts',(12.0918551553741,-7.42971047536859,5.72891314261057));
#5563=CARTESIAN_POINT('',(12.2010075126454,-9.92971047536859,6.47891314261058));
#5564=CARTESIAN_POINT('',(12.1347600264265,-8.41239358283838,6.02371807485151));
#5565=CARTESIAN_POINT('',(13.5128508987991,-9.92970728902652,6.47892312463342));
#5566=CARTESIAN_POINT('',(12.9195087291162,-9.92971047536859,6.47891314261058));
#5567=CARTESIAN_POINT('Ctrl Pts',(13.5128560944366,-9.92970844788125,6.47891253436438));
#5568=CARTESIAN_POINT('Ctrl Pts',(13.5003655172439,-9.89755327722838,6.46926598316851));
#5569=CARTESIAN_POINT('Ctrl Pts',(13.5029552549912,-9.86238972574931,6.45871691772479));
#5570=CARTESIAN_POINT('Ctrl Pts',(13.5252886083925,-9.79763962404026,6.43929188721208));
#5571=CARTESIAN_POINT('Ctrl Pts',(13.5455008934691,-9.76879347740769,6.43063804322231));
#5572=CARTESIAN_POINT('Ctrl Pts',(13.5728069310694,-9.74688038487472,6.42406411546241));
#5573=CARTESIAN_POINT('',(13.3302741566673,-1.40579049262829,3.92173714778849));
#5574=CARTESIAN_POINT('',(13.6335678209344,-8.35235747132753,6.00570724139826));
#5575=CARTESIAN_POINT('',(12.1499622818689,-1.40579049262829,3.92173714778849));
#5576=CARTESIAN_POINT('',(11.75,-1.40579049262829,3.92173714778849));
#5577=CARTESIAN_POINT('',(12.1257874887457,-1.59637714203525,3.97891314261058));
#5578=CARTESIAN_POINT('Origin',(5.80619628507137,-0.764261697773963,3.72927850933714));
#5579=CARTESIAN_POINT('Origin',(2.79357398782717,-0.603266522517748,3.6809799567552));
#5580=CARTESIAN_POINT('Origin',(-27.5,-10.,6.5));
#5581=CARTESIAN_POINT('',(-11.3761179436783,-4.40016150003392,4.82004845001018));
#5582=CARTESIAN_POINT('',(-12.1257874887457,-1.59637714203525,3.97891314261058));
#5583=CARTESIAN_POINT('Origin',(-2.79357399080333,-0.603266522756158,3.6809799568268));
#5584=CARTESIAN_POINT('',(-12.1499622818689,-1.40579049262829,3.92173714778849));
#5585=CARTESIAN_POINT('Origin',(-5.80619628480131,-0.76426169774675,3.72927850931558));
#5586=CARTESIAN_POINT('',(-13.3302741566673,-1.40579049262829,3.92173714778849));
#5587=CARTESIAN_POINT('',(-13.7630994209957,-1.40579049262829,3.92173714778849));
#5588=CARTESIAN_POINT('',(-13.6899479168874,-9.64368785494978,6.39305577043303));
#5589=CARTESIAN_POINT('',(-13.7295882290774,-10.5515863872999,6.66547591618997));
#5590=CARTESIAN_POINT('',(-13.5728086579136,-9.74687925186336,6.42406338676778));
#5591=CARTESIAN_POINT('Ctrl Pts',(-13.6899479168874,-9.64368785494978,6.39305577043303));
#5592=CARTESIAN_POINT('Ctrl Pts',(-13.6734044996814,-9.65947881890002,6.39778869516766));
#5593=CARTESIAN_POINT('Ctrl Pts',(-13.6566127465744,-9.67504867771383,6.40246108596797));
#5594=CARTESIAN_POINT('Ctrl Pts',(-13.6395110836716,-9.69031802705659,6.40705190803906));
#5595=CARTESIAN_POINT('Ctrl Pts',(-13.6229489635308,-9.70510564155495,6.41149789362062));
#5596=CARTESIAN_POINT('Ctrl Pts',(-13.606095703347,-9.71961145878165,6.41586662423797));
#5597=CARTESIAN_POINT('Ctrl Pts',(-13.5889405258027,-9.73375675959086,6.42012009250128));
#5598=CARTESIAN_POINT('Ctrl Pts',(-13.5835920264378,-9.73816686448187,6.42144620365613));
#5599=CARTESIAN_POINT('Ctrl Pts',(-13.5782145443826,-9.74254187641421,6.4227610175903));
#5600=CARTESIAN_POINT('Ctrl Pts',(-13.5728087783173,-9.74687928162364,6.42406320130025));
#5601=CARTESIAN_POINT('',(-13.5128560944384,-9.92970844788438,6.47891253436531));
#5602=CARTESIAN_POINT('Ctrl Pts',(-13.572808583002,-9.7468790592144,6.42406371776432));
#5603=CARTESIAN_POINT('Ctrl Pts',(-13.5454875521411,-9.76880367462373,6.43064110238712));
#5604=CARTESIAN_POINT('Ctrl Pts',(-13.5252861643178,-9.79778910130239,6.43933673039072));
#5605=CARTESIAN_POINT('Ctrl Pts',(-13.503117356761,-9.86177838505273,6.45853351551582));
#5606=CARTESIAN_POINT('Ctrl Pts',(-13.5003854897593,-9.89760464466272,6.46928139339882));
#5607=CARTESIAN_POINT('Ctrl Pts',(-13.5128560944384,-9.92970844788438,6.47891253436531));
#5608=CARTESIAN_POINT('',(-12.2010075126454,-9.92971047536859,6.47891314261058));
#5609=CARTESIAN_POINT('',(-11.6973271371724,-9.92971047536859,6.47891314261058));
#5610=CARTESIAN_POINT('',(-12.0918551553741,-7.42971047536859,5.72891314261057));
#5611=CARTESIAN_POINT('',(-12.2307804345695,-10.6116224988108,6.68348674964323));
#5612=CARTESIAN_POINT('Ctrl Pts',(-12.0918551553741,-7.42971047536858,5.72891314261058));
#5613=CARTESIAN_POINT('Ctrl Pts',(-12.0881313682705,-7.34442172859513,5.70332651857854));
#5614=CARTESIAN_POINT('Ctrl Pts',(-12.0833638538628,-7.25825087921788,5.67747526376536));
#5615=CARTESIAN_POINT('Ctrl Pts',(-12.077535285674,-7.17152027662247,5.65145608298674));
#5616=CARTESIAN_POINT('Ctrl Pts',(-12.0718441314081,-7.08683442875025,5.62605032862507));
#5617=CARTESIAN_POINT('Ctrl Pts',(-12.0651413274493,-7.00161469780244,5.60048440934073));
#5618=CARTESIAN_POINT('Ctrl Pts',(-12.0574117874799,-6.91620705478441,5.57486211643532));
#5619=CARTESIAN_POINT('Ctrl Pts',(-12.0494678376901,-6.82843028792801,5.5485290863784));
#5620=CARTESIAN_POINT('Ctrl Pts',(-12.0404393442809,-6.74045432606171,5.52213629781851));
#5621=CARTESIAN_POINT('Ctrl Pts',(-12.0303117621632,-6.65271133759969,5.49581340127991));
#5622=CARTESIAN_POINT('Ctrl Pts',(-12.0209647182759,-6.57173074870584,5.47151922461175));
#5623=CARTESIAN_POINT('Ctrl Pts',(-12.0106814578344,-6.49094889311161,5.44728466793348));
#5624=CARTESIAN_POINT('Ctrl Pts',(-11.9994525265872,-6.41075435816329,5.42322630744898));
#5625=CARTESIAN_POINT('Ctrl Pts',(-11.9985148386689,-6.4040575991509,5.42121727974526));
#5626=CARTESIAN_POINT('Ctrl Pts',(-11.9975705575822,-6.39736496467308,5.41920948940192));
#5627=CARTESIAN_POINT('Ctrl Pts',(-11.996619678556,-6.39067669706486,5.41720300911945));
#5628=CARTESIAN_POINT('Ctrl Pts',(-11.9844942938832,-6.30538948879613,5.39161684663883));
#5629=CARTESIAN_POINT('Ctrl Pts',(-11.9713101746351,-6.22085469404319,5.36625640821295));
#5630=CARTESIAN_POINT('Ctrl Pts',(-11.957115385552,-6.13742669690579,5.34122800907173));
#5631=CARTESIAN_POINT('Ctrl Pts',(-11.943201429627,-6.05564925954606,5.31669477786381));
#5632=CARTESIAN_POINT('Ctrl Pts',(-11.9283163197779,-5.97493509238462,5.29248052771538));
#5633=CARTESIAN_POINT('Ctrl Pts',(-11.9125167079541,-5.89566357611828,5.26869907283547));
#5634=CARTESIAN_POINT('Ctrl Pts',(-11.8971921922674,-5.81877576342516,5.24563272902754));
#5635=CARTESIAN_POINT('Ctrl Pts',(-11.8810072949,-5.743245075036,5.22297352251079));
#5636=CARTESIAN_POINT('Ctrl Pts',(-11.8640254390698,-5.66946261478147,5.20083878443443));
#5637=CARTESIAN_POINT('Ctrl Pts',(-11.8503223741324,-5.60992578593204,5.1829777357796));
#5638=CARTESIAN_POINT('Ctrl Pts',(-11.8361005818752,-5.55152804358968,5.16545841307689));
#5639=CARTESIAN_POINT('Ctrl Pts',(-11.8213996201829,-5.49449790176393,5.14834937052917));
#5640=CARTESIAN_POINT('Ctrl Pts',(-11.7994176706753,-5.40922227665483,5.12276668299644));
#5641=CARTESIAN_POINT('Ctrl Pts',(-11.7763827376378,-5.32698883662173,5.0980966509865));
#5642=CARTESIAN_POINT('Ctrl Pts',(-11.7524438307892,-5.24816678731564,5.07445003619468));
#5643=CARTESIAN_POINT('Ctrl Pts',(-11.7289877818466,-5.17093461218037,5.0512803836541));
#5644=CARTESIAN_POINT('Ctrl Pts',(-11.7046636576729,-5.09697756307416,5.02909326892224));
#5645=CARTESIAN_POINT('Ctrl Pts',(-11.6796435498559,-5.02667953780131,5.00800386134038));
#5646=CARTESIAN_POINT('Ctrl Pts',(-11.6546234420389,-4.95638151252846,4.98691445375853));
#5647=CARTESIAN_POINT('Ctrl Pts',(-11.6289070195109,-4.88974234597394,4.96692270379218));
#5648=CARTESIAN_POINT('Ctrl Pts',(-11.6027027324076,-4.82718456314119,4.94815536894235));
#5649=CARTESIAN_POINT('Ctrl Pts',(-11.5740008755717,-4.75866430461443,4.92759929138432));
#5650=CARTESIAN_POINT('Ctrl Pts',(-11.5447074778928,-4.69496494690284,4.90848948407085));
#5651=CARTESIAN_POINT('Ctrl Pts',(-11.5150443591443,-4.63622342279662,4.89086702683898));
#5652=CARTESIAN_POINT('Ctrl Pts',(-11.4868357644655,-4.580362275546,4.8741086826638));
#5653=CARTESIAN_POINT('Ctrl Pts',(-11.4582927914281,-4.52898491570206,4.85869547471062));
#5654=CARTESIAN_POINT('Ctrl Pts',(-11.4296461983373,-4.48218621129279,4.84465586338784));
#5655=CARTESIAN_POINT('Ctrl Pts',(-11.4118213908033,-4.4530665915078,4.83591997745234));
#5656=CARTESIAN_POINT('Ctrl Pts',(-11.3939572539379,-4.42571923521994,4.82771577056598));
#5657=CARTESIAN_POINT('Ctrl Pts',(-11.3761179436803,-4.4001615000367,4.82004845001101));
#5658=CARTESIAN_POINT('Origin',(0.,0.,3.));
#5659=CARTESIAN_POINT('Origin',(0.,0.,-3.));
#5660=CARTESIAN_POINT('Origin',(-27.5,1.46768836303517,-13.5));
#5661=CARTESIAN_POINT('Ctrl Pts',(-12.0268018381514,1.46768836303517,-3.5));
#5662=CARTESIAN_POINT('Ctrl Pts',(-12.088817074613,0.983710598340424,-3.5));
#5663=CARTESIAN_POINT('Ctrl Pts',(-12.1419312663275,0.500983600216122,-3.53492452927764));
#5664=CARTESIAN_POINT('Ctrl Pts',(-12.2001068861547,-0.462901074128784,
-3.67604602714567));
#5665=CARTESIAN_POINT('Ctrl Pts',(-12.2037672300739,-0.940827178014407,
-3.78224815340432));
#5666=CARTESIAN_POINT('Ctrl Pts',(-12.1499622818689,-1.40579049262828,-3.92173714778849));
#5667=CARTESIAN_POINT('',(-13.2373889359596,0.620325048326085,-3.5359659066779));
#5668=CARTESIAN_POINT('Origin',(-13.1985482323961,1.46756158942169,-13.5198685143697));
#5669=CARTESIAN_POINT('Ctrl Pts',(-13.2373889359596,0.620325048326085,-3.5359659066779));
#5670=CARTESIAN_POINT('Ctrl Pts',(-13.2287166780518,0.809493964417296,-3.5198785671247));
#5671=CARTESIAN_POINT('Ctrl Pts',(-13.2155763755625,0.998530752394736,-3.50922418115602));
#5672=CARTESIAN_POINT('Ctrl Pts',(-13.197940805659,1.18742828305494,-3.50392805710316));
#5673=CARTESIAN_POINT('Ctrl Pts',(-13.1892158963616,1.28088224176086,-3.50130788649104));
#5674=CARTESIAN_POINT('Ctrl Pts',(-13.1793907193324,1.37430230432923,-3.5));
#5675=CARTESIAN_POINT('Ctrl Pts',(-13.1684619781131,1.46768836303517,-3.5));
#5676=CARTESIAN_POINT('Origin',(-27.5,1.46768836303517,-13.5));
#5677=CARTESIAN_POINT('Ctrl Pts',(12.1499622818689,-1.40579049262828,-3.92173714778848));
#5678=CARTESIAN_POINT('Ctrl Pts',(12.1703449129481,-1.22965097056289,-3.86889529116887));
#5679=CARTESIAN_POINT('Ctrl Pts',(12.1824708176579,-1.0523259300604,-3.8209741353531));
#5680=CARTESIAN_POINT('Ctrl Pts',(12.1881230786965,-0.873834470239575,-3.77797935060912));
#5681=CARTESIAN_POINT('Ctrl Pts',(12.1941510827308,-0.683477508215595,-3.73212641952237));
#5682=CARTESIAN_POINT('Ctrl Pts',(12.1928158648961,-0.491793923572827,-3.69187644038828));
#5683=CARTESIAN_POINT('Ctrl Pts',(12.1862213746139,-0.298801143846589,-3.65724968358991));
#5684=CARTESIAN_POINT('Ctrl Pts',(12.182657223279,-0.194493540973796,-3.6385348176658));
#5685=CARTESIAN_POINT('Ctrl Pts',(12.1775558097905,-0.089803406748811,-3.62146280455621));
#5686=CARTESIAN_POINT('Ctrl Pts',(12.171243402951,0.0152671777185632,-3.60603857392732));
#5687=CARTESIAN_POINT('Ctrl Pts',(12.1712031534343,0.0159371345754516,-3.60594022509711));
#5688=CARTESIAN_POINT('Ctrl Pts',(12.1711628573946,0.01660709120464,-3.60584194558442));
#5689=CARTESIAN_POINT('Ctrl Pts',(12.1711225148742,0.017277047604723,-3.60574373538508));
#5690=CARTESIAN_POINT('Ctrl Pts',(12.1576272260194,0.241389350331006,-3.57289068118068));
#5691=CARTESIAN_POINT('Ctrl Pts',(12.1389210977844,0.465712817643257,-3.54775529416784));
#5692=CARTESIAN_POINT('Ctrl Pts',(12.1165373216016,0.690265693062577,-3.53024327384694));
#5693=CARTESIAN_POINT('Ctrl Pts',(12.0933992088806,0.922386033296688,-3.51214109587445));
#5694=CARTESIAN_POINT('Ctrl Pts',(12.0663297215569,1.1547516648513,-3.50218457097582));
#5695=CARTESIAN_POINT('Ctrl Pts',(12.0370090911575,1.38738214847257,-3.50032151263648));
#5696=CARTESIAN_POINT('Ctrl Pts',(12.033635615482,1.41414737374822,-3.50010715906004));
#5697=CARTESIAN_POINT('Ctrl Pts',(12.0302323429607,1.44091610271932,-3.5));
#5698=CARTESIAN_POINT('Ctrl Pts',(12.0268018381514,1.46768836303517,-3.5));
#5699=CARTESIAN_POINT('',(13.2373889359596,0.620325048326085,-3.5359659066779));
#5700=CARTESIAN_POINT('Ctrl Pts',(13.1684619781131,1.46768836303517,-3.5));
#5701=CARTESIAN_POINT('Ctrl Pts',(13.1905521309341,1.27892807795036,-3.5));
#5702=CARTESIAN_POINT('Ctrl Pts',(13.2081335482904,1.09002844119231,-3.50534028165226));
#5703=CARTESIAN_POINT('Ctrl Pts',(13.2212334530147,0.900992010711833,-3.51607015027332));
#5704=CARTESIAN_POINT('Ctrl Pts',(13.2277144162696,0.807469333595209,-3.52137857699298));
#5705=CARTESIAN_POINT('Ctrl Pts',(13.2330984784318,0.713913270528147,-3.52800695898261));
#5706=CARTESIAN_POINT('Ctrl Pts',(13.2373889359596,0.620325048326085,-3.5359659066779));
#5707=CARTESIAN_POINT('Origin',(13.198548232396,1.46756158942164,-13.5198685143696));
#5708=CARTESIAN_POINT('Origin',(-27.5,1.46768836303517,13.5));
#5709=CARTESIAN_POINT('Ctrl Pts',(12.0268018381514,1.46768836303517,3.5));
#5710=CARTESIAN_POINT('Ctrl Pts',(12.088817074613,0.98371059834042,3.5));
#5711=CARTESIAN_POINT('Ctrl Pts',(12.1419312663275,0.500983600216118,3.53492452927765));
#5712=CARTESIAN_POINT('Ctrl Pts',(12.2001068861547,-0.462901074128787,3.67604602714567));
#5713=CARTESIAN_POINT('Ctrl Pts',(12.2037672300739,-0.940827178014412,3.78224815340432));
#5714=CARTESIAN_POINT('Ctrl Pts',(12.1499622818689,-1.40579049262829,3.92173714778849));
#5715=CARTESIAN_POINT('',(13.2373889359596,0.620325048326085,3.5359659066779));
#5716=CARTESIAN_POINT('Origin',(13.198548232396,1.46756158942173,13.5198685143697));
#5717=CARTESIAN_POINT('Ctrl Pts',(13.2373889359596,0.620325048326084,3.5359659066779));
#5718=CARTESIAN_POINT('Ctrl Pts',(13.2287166780518,0.809493964416894,3.51987856712473));
#5719=CARTESIAN_POINT('Ctrl Pts',(13.2155763755626,0.998530752393933,3.50922418115606));
#5720=CARTESIAN_POINT('Ctrl Pts',(13.1979408056591,1.18742828305373,3.50392805710319));
#5721=CARTESIAN_POINT('Ctrl Pts',(13.1892158963617,1.28088224176005,3.50130788649105));
#5722=CARTESIAN_POINT('Ctrl Pts',(13.1793907193324,1.37430230432883,3.5));
#5723=CARTESIAN_POINT('Ctrl Pts',(13.1684619781131,1.46768836303517,3.5));
#5724=CARTESIAN_POINT('Origin',(-27.5,1.46768836303517,13.5));
#5725=CARTESIAN_POINT('Ctrl Pts',(-12.1499622818689,-1.40579049262829,3.92173714778849));
#5726=CARTESIAN_POINT('Ctrl Pts',(-12.1703449129471,-1.22965097056255,3.86889529116877));
#5727=CARTESIAN_POINT('Ctrl Pts',(-12.1824708176567,-1.05232593005981,3.82097413535293));
#5728=CARTESIAN_POINT('Ctrl Pts',(-12.1881230786955,-0.873834470238768,
3.77797935060892));
#5729=CARTESIAN_POINT('Ctrl Pts',(-12.1941510827301,-0.683477508212107,
3.73212641952154));
#5730=CARTESIAN_POINT('Ctrl Pts',(-12.1928158648957,-0.491793923566669,
3.69187644038699));
#5731=CARTESIAN_POINT('Ctrl Pts',(-12.1862213746136,-0.29880114383771,3.65724968358831));
#5732=CARTESIAN_POINT('Ctrl Pts',(-12.1826572232788,-0.194493540967829,
3.63853481766482));
#5733=CARTESIAN_POINT('Ctrl Pts',(-12.1775558097906,-0.0898034067457737,
3.62146280455576));
#5734=CARTESIAN_POINT('Ctrl Pts',(-12.1712434029512,0.015267177718666,3.60603857392731));
#5735=CARTESIAN_POINT('Ctrl Pts',(-12.1712031534345,0.0159371345755235,
3.6059402250971));
#5736=CARTESIAN_POINT('Ctrl Pts',(-12.1711628573948,0.0166070912046787,
3.60584194558442));
#5737=CARTESIAN_POINT('Ctrl Pts',(-12.1711225148744,0.0172770476047309,
3.60574373538508));
#5738=CARTESIAN_POINT('Ctrl Pts',(-12.1576272260201,0.24138935032142,3.57289068118208));
#5739=CARTESIAN_POINT('Ctrl Pts',(-12.138921097786,0.465712817624058,3.54775529416999));
#5740=CARTESIAN_POINT('Ctrl Pts',(-12.1165373216045,0.690265693033747,3.53024327384918));
#5741=CARTESIAN_POINT('Ctrl Pts',(-12.0933992088835,0.922386033271171,3.51214109587576));
#5742=CARTESIAN_POINT('Ctrl Pts',(-12.0663297215596,1.15475166482911,3.50218457097644));
#5743=CARTESIAN_POINT('Ctrl Pts',(-12.0370090911599,1.3873821484537,3.50032151263663));
#5744=CARTESIAN_POINT('Ctrl Pts',(-12.0336356154836,1.41414737373564,3.50010715906009));
#5745=CARTESIAN_POINT('Ctrl Pts',(-12.0302323429615,1.44091610271302,3.5));
#5746=CARTESIAN_POINT('Ctrl Pts',(-12.0268018381514,1.46768836303517,3.5));
#5747=CARTESIAN_POINT('',(-13.2373889359596,0.620325048326085,3.5359659066779));
#5748=CARTESIAN_POINT('Ctrl Pts',(-13.1684619781131,1.46768836303517,3.5));
#5749=CARTESIAN_POINT('Ctrl Pts',(-13.190552130934,1.27892807795067,3.5));
#5750=CARTESIAN_POINT('Ctrl Pts',(-13.2081335482903,1.09002844119294,3.50534028165224));
#5751=CARTESIAN_POINT('Ctrl Pts',(-13.2212334530146,0.900992010712771,3.51607015027327));
#5752=CARTESIAN_POINT('Ctrl Pts',(-13.2277144162695,0.807469333595833,3.52137857699294));
#5753=CARTESIAN_POINT('Ctrl Pts',(-13.2330984784318,0.71391327052846,3.52800695898258));
#5754=CARTESIAN_POINT('Ctrl Pts',(-13.2373889359596,0.620325048326084,3.5359659066779));
#5755=CARTESIAN_POINT('Origin',(-13.198548232396,1.4675615894217,13.5198685143697));
#5756=CARTESIAN_POINT('Origin',(-11.1477903893601,-8.87633198088551,4.75));
#5757=CARTESIAN_POINT('',(-11.1259806956774,-8.37680787009458,-4.25));
#5758=CARTESIAN_POINT('Ctrl Pts',(-11.647314500151,-8.85452228720285,-5.25));
#5759=CARTESIAN_POINT('Ctrl Pts',(-11.6444591033745,-8.78912294888644,-5.1190767134093));
#5760=CARTESIAN_POINT('Ctrl Pts',(-11.6286045809404,-8.72434055063233,-4.98825210476654));
#5761=CARTESIAN_POINT('Ctrl Pts',(-11.6009442828784,-8.66502285001516,-4.86731656763491));
#5762=CARTESIAN_POINT('Ctrl Pts',(-11.5732839848165,-8.60570514939798,-4.74638103050328));
#5763=CARTESIAN_POINT('Ctrl Pts',(-11.5338401766601,-8.55191058325668,-4.63545326974064));
#5764=CARTESIAN_POINT('Ctrl Pts',(-11.4855854931679,-8.50769331248045,-4.54289321881345));
#5765=CARTESIAN_POINT('Ctrl Pts',(-11.4373308096757,-8.46347604170422,-4.45033316788626));
#5766=CARTESIAN_POINT('Ctrl Pts',(-11.3803031902921,-8.42887083327266,-4.37621360436337));
#5767=CARTESIAN_POINT('Ctrl Pts',(-11.3188004610229,-8.40648567049255,-4.32612046748871));
#5768=CARTESIAN_POINT('Ctrl Pts',(-11.2572977317538,-8.38410050771244,-4.27602733061405));
#5769=CARTESIAN_POINT('Ctrl Pts',(-11.1913800314772,-8.37395247342797,-4.25000000003287));
#5770=CARTESIAN_POINT('Ctrl Pts',(-11.1259806956774,-8.37680787009458,-4.25));
#5771=CARTESIAN_POINT('Origin',(-11.1477903893601,-8.87633198088551,-4.25));
#5772=CARTESIAN_POINT('Origin',(-10.739768382005,0.468908414177306,-5.25));
#5773=CARTESIAN_POINT('',(-11.1677708919084,-4.55293207155641,-4.79556765370032));
#5774=CARTESIAN_POINT('Origin',(-11.0909024702118,-7.57338441815707,-5.24999999999961));
#5775=CARTESIAN_POINT('Ctrl Pts',(-11.1677708919084,-4.55293207155641,-4.79556765370032));
#5776=CARTESIAN_POINT('Ctrl Pts',(-11.11691449969,-4.83540704098711,-4.7665966761436));
#5777=CARTESIAN_POINT('Ctrl Pts',(-11.0598780277089,-5.11744270522107,-4.74999999999894));
#5778=CARTESIAN_POINT('Ctrl Pts',(-10.9959742717058,-5.39917121565752,-4.75));
#5779=CARTESIAN_POINT('Ctrl Pts',(-11.1041710019948,-7.87728375930365,-4.75));
#5780=CARTESIAN_POINT('Ctrl Pts',(-11.1695703377959,-7.87442836266965,-4.75));
#5781=CARTESIAN_POINT('Ctrl Pts',(-11.2360556861792,-7.8975776761027,-4.76301366530705));
#5782=CARTESIAN_POINT('Ctrl Pts',(-11.3612461766592,-7.99239346097113,-4.81310680218166));
#5783=CARTESIAN_POINT('Ctrl Pts',(-11.4198903210192,-8.06402317846356,-4.85016658394318));
#5784=CARTESIAN_POINT('Ctrl Pts',(-11.5204371007194,-8.24492967428445,-4.94272663487027));
#5785=CARTESIAN_POINT('Ctrl Pts',(-11.5623002093589,-8.35413533148257,-4.99819051525165));
#5786=CARTESIAN_POINT('Ctrl Pts',(-11.6228959395233,-8.59359116601457,-5.11912605238327));
#5787=CARTESIAN_POINT('Ctrl Pts',(-11.6416037065981,-8.72372361057036,-5.18453835670496));
#5788=CARTESIAN_POINT('Ctrl Pts',(-11.647314500151,-8.85452228720285,-5.25));
#5789=CARTESIAN_POINT('Origin',(11.416107740924,-15.0218096936827,-5.25));
#5790=CARTESIAN_POINT('',(11.1677708919088,-4.55293207155449,-4.79556765370044));
#5791=CARTESIAN_POINT('Ctrl Pts',(10.9959742717058,-5.39917121565752,-4.75));
#5792=CARTESIAN_POINT('Ctrl Pts',(11.0598780277104,-5.11744270522079,-4.75));
#5793=CARTESIAN_POINT('Ctrl Pts',(11.1169144996902,-4.83540704098584,-4.76659667614368));
#5794=CARTESIAN_POINT('Ctrl Pts',(11.1677708919088,-4.55293207155449,-4.79556765370044));
#5795=CARTESIAN_POINT('Origin',(11.0909024702116,-7.57338441814729,-5.24999999999913));
#5796=CARTESIAN_POINT('Ctrl Pts',(11.647314500151,-8.85452228720284,-5.25));
#5797=CARTESIAN_POINT('Ctrl Pts',(11.6416037065981,-8.72372361057046,-5.18453835670477));
#5798=CARTESIAN_POINT('Ctrl Pts',(11.6228959395233,-8.59359116601456,-5.11912605238327));
#5799=CARTESIAN_POINT('Ctrl Pts',(11.5925980744411,-8.47386324874856,-5.05865828381746));
#5800=CARTESIAN_POINT('Ctrl Pts',(11.5623002093589,-8.35413533148257,-4.99819051525165));
#5801=CARTESIAN_POINT('Ctrl Pts',(11.5204371007194,-8.24492967428445,-4.94272663487027));
#5802=CARTESIAN_POINT('Ctrl Pts',(11.4701637108693,-8.154476426374,-4.89644660940673));
#5803=CARTESIAN_POINT('Ctrl Pts',(11.4198903210192,-8.06402317846355,-4.85016658394318));
#5804=CARTESIAN_POINT('Ctrl Pts',(11.3612461766593,-7.992393460971,-4.8131068021817));
#5805=CARTESIAN_POINT('Ctrl Pts',(11.2986509314192,-7.94498556853691,-4.78806023374436));
#5806=CARTESIAN_POINT('Ctrl Pts',(11.2360556861791,-7.89757767610282,-4.76301366530701));
#5807=CARTESIAN_POINT('Ctrl Pts',(11.169570337796,-7.87442836266964,-4.75));
#5808=CARTESIAN_POINT('Ctrl Pts',(11.1041710019948,-7.87728375930365,-4.75));
#5809=CARTESIAN_POINT('Origin',(11.1477903893601,-8.87633198088551,4.75));
#5810=CARTESIAN_POINT('',(11.1259806956774,-8.37680787009458,-4.25));
#5811=CARTESIAN_POINT('Origin',(11.1477903893601,-8.87633198088551,-4.25));
#5812=CARTESIAN_POINT('Ctrl Pts',(11.1259806956774,-8.37680787009458,-4.25));
#5813=CARTESIAN_POINT('Ctrl Pts',(11.1913800314773,-8.37395247342797,-4.25000000003287));
#5814=CARTESIAN_POINT('Ctrl Pts',(11.2572977317536,-8.38410050771239,-4.27602733061405));
#5815=CARTESIAN_POINT('Ctrl Pts',(11.3803031902922,-8.42887083327272,-4.37621360436337));
#5816=CARTESIAN_POINT('Ctrl Pts',(11.4373308096757,-8.46347604170422,-4.45033316788626));
#5817=CARTESIAN_POINT('Ctrl Pts',(11.5338401766601,-8.55191058325667,-4.63545326974064));
#5818=CARTESIAN_POINT('Ctrl Pts',(11.5732839848164,-8.6057051493978,-4.74638103050328));
#5819=CARTESIAN_POINT('Ctrl Pts',(11.6286045809404,-8.72434055063252,-4.98825210476654));
#5820=CARTESIAN_POINT('Ctrl Pts',(11.6444591033745,-8.78912294888641,-5.11907671340924));
#5821=CARTESIAN_POINT('Ctrl Pts',(11.647314500151,-8.85452228720284,-5.25));
#5822=CARTESIAN_POINT('Origin',(-11.416107740924,-15.0218096936827,5.25));
#5823=CARTESIAN_POINT('',(-11.1677708919103,-4.55293207154611,4.7955676537013));
#5824=CARTESIAN_POINT('Ctrl Pts',(-10.9959742717058,-5.39917121565752,4.75));
#5825=CARTESIAN_POINT('Ctrl Pts',(-11.0598780277111,-5.117442705218,4.75));
#5826=CARTESIAN_POINT('Ctrl Pts',(-11.1169144996914,-4.83540704098026,4.76659667614399));
#5827=CARTESIAN_POINT('Ctrl Pts',(-11.1677708919103,-4.55293207154611,4.7955676537013));
#5828=CARTESIAN_POINT('Origin',(-11.090902470206,-7.5733844181334,5.25000000000227));
#5829=CARTESIAN_POINT('Ctrl Pts',(-11.647314500151,-8.85452228720284,5.25));
#5830=CARTESIAN_POINT('Ctrl Pts',(-11.6416037065981,-8.72372361057046,5.18453835670476));
#5831=CARTESIAN_POINT('Ctrl Pts',(-11.6228959395233,-8.59359116601457,5.11912605238327));
#5832=CARTESIAN_POINT('Ctrl Pts',(-11.5623002093589,-8.35413533148257,4.99819051525165));
#5833=CARTESIAN_POINT('Ctrl Pts',(-11.5204371007194,-8.24492967428445,4.94272663487034));
#5834=CARTESIAN_POINT('Ctrl Pts',(-11.4198903210192,-8.06402317846355,4.85016658394311));
#5835=CARTESIAN_POINT('Ctrl Pts',(-11.3612461766592,-7.992393460971,4.81310680218167));
#5836=CARTESIAN_POINT('Ctrl Pts',(-11.2360556861792,-7.89757767610283,4.76301366530705));
#5837=CARTESIAN_POINT('Ctrl Pts',(-11.169570337796,-7.87442836266999,4.75));
#5838=CARTESIAN_POINT('Ctrl Pts',(-11.1041710019948,-7.87728375930365,4.75));
#5839=CARTESIAN_POINT('Origin',(-11.1477903893601,-8.87633198088551,4.75));
#5840=CARTESIAN_POINT('',(-11.1259806956774,-8.37680787009458,4.25));
#5841=CARTESIAN_POINT('Origin',(-11.1477903893601,-8.87633198088551,4.25));
#5842=CARTESIAN_POINT('Ctrl Pts',(-11.1259806956774,-8.37680787009458,4.25));
#5843=CARTESIAN_POINT('Ctrl Pts',(-11.1913800314772,-8.37395247342797,4.25000000003288));
#5844=CARTESIAN_POINT('Ctrl Pts',(-11.2572977317538,-8.38410050771244,4.27602733061406));
#5845=CARTESIAN_POINT('Ctrl Pts',(-11.3188004610229,-8.40648567049256,4.32612046748872));
#5846=CARTESIAN_POINT('Ctrl Pts',(-11.3803031902921,-8.42887083327266,4.37621360436337));
#5847=CARTESIAN_POINT('Ctrl Pts',(-11.4373308096757,-8.46347604170422,4.45033316788627));
#5848=CARTESIAN_POINT('Ctrl Pts',(-11.4855854931679,-8.50769331248045,4.54289321881346));
#5849=CARTESIAN_POINT('Ctrl Pts',(-11.5338401766601,-8.55191058325668,4.63545326974065));
#5850=CARTESIAN_POINT('Ctrl Pts',(-11.5732839848164,-8.60570514939786,4.74638103050328));
#5851=CARTESIAN_POINT('Ctrl Pts',(-11.6009442828784,-8.66502285001516,4.86731656763491));
#5852=CARTESIAN_POINT('Ctrl Pts',(-11.6286045809404,-8.72434055063246,4.98825210476654));
#5853=CARTESIAN_POINT('Ctrl Pts',(-11.6444591033745,-8.78912294888629,5.11907671340932));
#5854=CARTESIAN_POINT('Ctrl Pts',(-11.647314500151,-8.85452228720284,5.25));
#5855=CARTESIAN_POINT('Origin',(11.1477903893601,-8.87633198088551,4.75));
#5856=CARTESIAN_POINT('',(11.1259806956774,-8.37680787009458,4.25));
#5857=CARTESIAN_POINT('Ctrl Pts',(11.647314500151,-8.85452228720284,5.25));
#5858=CARTESIAN_POINT('Ctrl Pts',(11.6444591033746,-8.78912294888683,5.11907671340908));
#5859=CARTESIAN_POINT('Ctrl Pts',(11.6286045809404,-8.7243405506324,4.98825210476654));
#5860=CARTESIAN_POINT('Ctrl Pts',(11.5732839848165,-8.60570514939792,4.74638103050328));
#5861=CARTESIAN_POINT('Ctrl Pts',(11.53384017666,-8.55191058325661,4.63545326974064));
#5862=CARTESIAN_POINT('Ctrl Pts',(11.4373308096758,-8.46347604170429,4.45033316788626));
#5863=CARTESIAN_POINT('Ctrl Pts',(11.3803031902921,-8.42887083327266,4.37621360436337));
#5864=CARTESIAN_POINT('Ctrl Pts',(11.2572977317538,-8.38410050771244,4.27602733061406));
#5865=CARTESIAN_POINT('Ctrl Pts',(11.1913800314772,-8.37395247342797,4.25000000003287));
#5866=CARTESIAN_POINT('Ctrl Pts',(11.1259806956774,-8.37680787009458,4.25));
#5867=CARTESIAN_POINT('Origin',(11.1477903893601,-8.87633198088551,4.25));
#5868=CARTESIAN_POINT('Origin',(10.739768382005,0.468908414177306,5.25));
#5869=CARTESIAN_POINT('',(11.1677708919133,-4.55293207152962,4.79556765370307));
#5870=CARTESIAN_POINT('Origin',(11.0909024702511,-7.57338441795766,5.24999999998597));
#5871=CARTESIAN_POINT('Ctrl Pts',(11.1677708919133,-4.55293207152962,4.79556765370307));
#5872=CARTESIAN_POINT('Ctrl Pts',(11.1169144996936,-4.83540704096928,4.76659667614461));
#5873=CARTESIAN_POINT('Ctrl Pts',(11.0598780277109,-5.11744270521216,4.74999999999894));
#5874=CARTESIAN_POINT('Ctrl Pts',(10.9959742717058,-5.39917121565752,4.75));
#5875=CARTESIAN_POINT('Ctrl Pts',(11.1041710019948,-7.87728375930365,4.75));
#5876=CARTESIAN_POINT('Ctrl Pts',(11.169570337796,-7.87442836267,4.75));
#5877=CARTESIAN_POINT('Ctrl Pts',(11.2360556861792,-7.89757767610271,4.76301366530706));
#5878=CARTESIAN_POINT('Ctrl Pts',(11.2986509314192,-7.94498556853692,4.78806023374436));
#5879=CARTESIAN_POINT('Ctrl Pts',(11.3612461766592,-7.99239346097113,4.81310680218166));
#5880=CARTESIAN_POINT('Ctrl Pts',(11.4198903210192,-8.0640231784637,4.85016658394311));
#5881=CARTESIAN_POINT('Ctrl Pts',(11.4701637108693,-8.15447642637401,4.89644660940673));
#5882=CARTESIAN_POINT('Ctrl Pts',(11.5204371007194,-8.24492967428432,4.94272663487035));
#5883=CARTESIAN_POINT('Ctrl Pts',(11.5623002093589,-8.35413533148257,4.99819051525159));
#5884=CARTESIAN_POINT('Ctrl Pts',(11.5925980744411,-8.47386324874858,5.05865828381746));
#5885=CARTESIAN_POINT('Ctrl Pts',(11.6228959395233,-8.59359116601458,5.11912605238332));
#5886=CARTESIAN_POINT('Ctrl Pts',(11.6416037065981,-8.72372361057035,5.18453835670495));
#5887=CARTESIAN_POINT('Ctrl Pts',(11.647314500151,-8.85452228720284,5.25));
#5888=CARTESIAN_POINT('Ctrl Pts',(11.647314500151,-8.85452228720284,5.25));
#5889=CARTESIAN_POINT('Ctrl Pts',(11.647314500151,-8.85452228720284,5.25));
#5890=CARTESIAN_POINT('Ctrl Pts',(11.647314500151,-8.85452228720284,5.25));
#5891=CARTESIAN_POINT('Ctrl Pts',(11.6416037065981,-8.72372361057035,5.18453835670495));
#5892=CARTESIAN_POINT('Ctrl Pts',(11.6430317160365,-8.75643040394931,5.15181466606468));
#5893=CARTESIAN_POINT('Ctrl Pts',(11.6444591033746,-8.78912294888683,5.11907671340908));
#5894=CARTESIAN_POINT('Ctrl Pts',(11.6228959395233,-8.59359116601457,5.11912605238332));
#5895=CARTESIAN_POINT('Ctrl Pts',(11.610922461604,-8.65760074642981,5.05167848647317));
#5896=CARTESIAN_POINT('Ctrl Pts',(11.6286045809404,-8.7243405506324,4.98825210476654));
#5897=CARTESIAN_POINT('Ctrl Pts',(11.5623002093589,-8.35413533148257,4.99819051525159));
#5898=CARTESIAN_POINT('Ctrl Pts',(11.5077790764744,-8.49552584114505,4.88525878931519));
#5899=CARTESIAN_POINT('Ctrl Pts',(11.5732839848165,-8.60570514939792,4.74638103050328));
#5900=CARTESIAN_POINT('Ctrl Pts',(11.5204371007194,-8.24492967428432,4.94272663487035));
#5901=CARTESIAN_POINT('Ctrl Pts',(11.4333409093965,-8.43146637839635,4.81801334973603));
#5902=CARTESIAN_POINT('Ctrl Pts',(11.53384017666,-8.55191058325661,4.63545326974064));
#5903=CARTESIAN_POINT('Ctrl Pts',(11.4198903210192,-8.0640231784637,4.85016658394311));
#5904=CARTESIAN_POINT('Ctrl Pts',(11.2856256742746,-8.355404695021,4.73558081216897));
#5905=CARTESIAN_POINT('Ctrl Pts',(11.4373308096758,-8.46347604170429,4.45033316788626));
#5906=CARTESIAN_POINT('Ctrl Pts',(11.3612461766592,-7.99239346097113,4.81310680218166));
#5907=CARTESIAN_POINT('Ctrl Pts',(11.2144387194088,-8.3478551210658,4.72493329237562));
#5908=CARTESIAN_POINT('Ctrl Pts',(11.3803031902921,-8.42887083327266,4.37621360436337));
#5909=CARTESIAN_POINT('Ctrl Pts',(11.2360556861792,-7.8975776761027,4.76301366530706));
#5910=CARTESIAN_POINT('Ctrl Pts',(11.1299595312825,-8.3601361771099,4.7335177291444));
#5911=CARTESIAN_POINT('Ctrl Pts',(11.2572977317538,-8.38410050771244,4.27602733061406));
#5912=CARTESIAN_POINT('Ctrl Pts',(11.169570337796,-7.87442836267,4.75));
#5913=CARTESIAN_POINT('Ctrl Pts',(11.1232426316724,-8.37692004675,4.74999263398372));
#5914=CARTESIAN_POINT('Ctrl Pts',(11.1913800314772,-8.37395247342797,4.25000000003287));
#5915=CARTESIAN_POINT('Ctrl Pts',(11.1041710019948,-7.87728375930365,4.75));
#5916=CARTESIAN_POINT('Ctrl Pts',(11.1259806956774,-8.37680787009458,4.75));
#5917=CARTESIAN_POINT('Ctrl Pts',(11.1259806956774,-8.37680787009458,4.25));
#5918=CARTESIAN_POINT('Origin',(11.1041710019948,-7.87728375930365,4.25));
#5919=CARTESIAN_POINT('Origin',(11.1477903893601,-8.87633198088551,4.25));
#5920=CARTESIAN_POINT('Origin',(10.365489309405,-8.25343149099881,4.25));
#5921=CARTESIAN_POINT('Origin',(0.,0.,4.25));
#5922=CARTESIAN_POINT('Origin',(-10.365489309405,-8.25343149099881,4.25));
#5923=CARTESIAN_POINT('Origin',(-11.1477903893601,-8.87633198088551,4.25));
#5924=CARTESIAN_POINT('Origin',(-11.1041710019948,-7.87728375930365,4.25));
#5925=CARTESIAN_POINT('Ctrl Pts',(-11.647314500151,-8.85452228720284,5.25));
#5926=CARTESIAN_POINT('Ctrl Pts',(-11.647314500151,-8.85452228720284,5.25));
#5927=CARTESIAN_POINT('Ctrl Pts',(-11.647314500151,-8.85452228720284,5.25));
#5928=CARTESIAN_POINT('Ctrl Pts',(-11.6444591033745,-8.78912294888629,5.11907671340932));
#5929=CARTESIAN_POINT('Ctrl Pts',(-11.6430317160365,-8.75643040394898,5.15181466606503));
#5930=CARTESIAN_POINT('Ctrl Pts',(-11.6416037065981,-8.72372361057046,5.18453835670476));
#5931=CARTESIAN_POINT('Ctrl Pts',(-11.6286045809404,-8.72434055063246,4.98825210476654));
#5932=CARTESIAN_POINT('Ctrl Pts',(-11.6109224616037,-8.65760074642995,5.05167848647302));
#5933=CARTESIAN_POINT('Ctrl Pts',(-11.6228959395233,-8.59359116601457,5.11912605238327));
#5934=CARTESIAN_POINT('Ctrl Pts',(-11.5732839848164,-8.60570514939786,4.74638103050328));
#5935=CARTESIAN_POINT('Ctrl Pts',(-11.5077790764747,-8.49552584114489,4.88525878931534));
#5936=CARTESIAN_POINT('Ctrl Pts',(-11.5623002093589,-8.35413533148257,4.99819051525165));
#5937=CARTESIAN_POINT('Ctrl Pts',(-11.5338401766601,-8.55191058325668,4.63545326974064));
#5938=CARTESIAN_POINT('Ctrl Pts',(-11.4333409093966,-8.43146637839635,4.8180133497361));
#5939=CARTESIAN_POINT('Ctrl Pts',(-11.5204371007194,-8.24492967428445,4.94272663487034));
#5940=CARTESIAN_POINT('Ctrl Pts',(-11.4373308096757,-8.46347604170422,4.45033316788626));
#5941=CARTESIAN_POINT('Ctrl Pts',(-11.2856256742745,-8.355404695021,4.7355808121689));
#5942=CARTESIAN_POINT('Ctrl Pts',(-11.4198903210192,-8.06402317846355,4.85016658394311));
#5943=CARTESIAN_POINT('Ctrl Pts',(-11.3803031902921,-8.42887083327266,4.37621360436337));
#5944=CARTESIAN_POINT('Ctrl Pts',(-11.214438719409,-8.3478551210658,4.72493329237586));
#5945=CARTESIAN_POINT('Ctrl Pts',(-11.3612461766592,-7.992393460971,4.81310680218167));
#5946=CARTESIAN_POINT('Ctrl Pts',(-11.2572977317538,-8.38410050771244,4.27602733061406));
#5947=CARTESIAN_POINT('Ctrl Pts',(-11.1299595312824,-8.3601361771099,4.73351772914415));
#5948=CARTESIAN_POINT('Ctrl Pts',(-11.2360556861792,-7.89757767610283,4.76301366530705));
#5949=CARTESIAN_POINT('Ctrl Pts',(-11.1913800314772,-8.37395247342797,4.25000000003287));
#5950=CARTESIAN_POINT('Ctrl Pts',(-11.1232426317956,-8.37692004635544,4.74999263400963));
#5951=CARTESIAN_POINT('Ctrl Pts',(-11.169570337796,-7.87442836266999,4.75));
#5952=CARTESIAN_POINT('Ctrl Pts',(-11.1259806956774,-8.37680787009458,4.25));
#5953=CARTESIAN_POINT('Ctrl Pts',(-11.1259806956774,-8.37680787009458,4.75));
#5954=CARTESIAN_POINT('Ctrl Pts',(-11.1041710019948,-7.87728375930365,4.75));
#5955=CARTESIAN_POINT('Ctrl Pts',(-11.1259806956774,-8.37680787009458,-4.25));
#5956=CARTESIAN_POINT('Ctrl Pts',(-11.1259806956774,-8.37680787009458,-4.75));
#5957=CARTESIAN_POINT('Ctrl Pts',(-11.1041710019948,-7.87728375930365,-4.75));
#5958=CARTESIAN_POINT('Ctrl Pts',(-11.1913800314772,-8.37395247342797,-4.25000000003287));
#5959=CARTESIAN_POINT('Ctrl Pts',(-11.1232426302995,-8.37692004680625,-4.74999263754538));
#5960=CARTESIAN_POINT('Ctrl Pts',(-11.1695703377959,-7.87442836266965,-4.75));
#5961=CARTESIAN_POINT('Ctrl Pts',(-11.2572977317538,-8.38410050771244,-4.27602733061405));
#5962=CARTESIAN_POINT('Ctrl Pts',(-11.1299595312823,-8.3601361771099,-4.73351772914434));
#5963=CARTESIAN_POINT('Ctrl Pts',(-11.2360556861792,-7.8975776761027,-4.76301366530705));
#5964=CARTESIAN_POINT('Ctrl Pts',(-11.3803031902921,-8.42887083327266,-4.37621360436337));
#5965=CARTESIAN_POINT('Ctrl Pts',(-11.2144387194091,-8.3478551210658,-4.72493329237568));
#5966=CARTESIAN_POINT('Ctrl Pts',(-11.3612461766592,-7.99239346097113,-4.81310680218166));
#5967=CARTESIAN_POINT('Ctrl Pts',(-11.4373308096757,-8.46347604170422,-4.45033316788626));
#5968=CARTESIAN_POINT('Ctrl Pts',(-11.2856256742745,-8.35540469502114,-4.73558081216883));
#5969=CARTESIAN_POINT('Ctrl Pts',(-11.4198903210192,-8.06402317846356,-4.85016658394318));
#5970=CARTESIAN_POINT('Ctrl Pts',(-11.5338401766601,-8.55191058325668,-4.63545326974064));
#5971=CARTESIAN_POINT('Ctrl Pts',(-11.4333409093966,-8.43146637839621,-4.81801334973616));
#5972=CARTESIAN_POINT('Ctrl Pts',(-11.5204371007194,-8.24492967428445,-4.94272663487027));
#5973=CARTESIAN_POINT('Ctrl Pts',(-11.5732839848165,-8.60570514939798,-4.74638103050328));
#5974=CARTESIAN_POINT('Ctrl Pts',(-11.5077790764747,-8.49552584114521,-4.88525878931526));
#5975=CARTESIAN_POINT('Ctrl Pts',(-11.5623002093589,-8.35413533148257,-4.99819051525165));
#5976=CARTESIAN_POINT('Ctrl Pts',(-11.6286045809404,-8.72434055063233,-4.98825210476654));
#5977=CARTESIAN_POINT('Ctrl Pts',(-11.6109224616037,-8.65760074642965,-5.05167848647309));
#5978=CARTESIAN_POINT('Ctrl Pts',(-11.6228959395233,-8.59359116601457,-5.11912605238327));
#5979=CARTESIAN_POINT('Ctrl Pts',(-11.6444591033745,-8.78912294888644,-5.1190767134093));
#5980=CARTESIAN_POINT('Ctrl Pts',(-11.6430317160365,-8.75643040394907,-5.1518146660651));
#5981=CARTESIAN_POINT('Ctrl Pts',(-11.6416037065981,-8.72372361057036,-5.18453835670496));
#5982=CARTESIAN_POINT('Ctrl Pts',(-11.647314500151,-8.85452228720285,-5.25));
#5983=CARTESIAN_POINT('Ctrl Pts',(-11.647314500151,-8.85452228720285,-5.25));
#5984=CARTESIAN_POINT('Ctrl Pts',(-11.647314500151,-8.85452228720285,-5.25));
#5985=CARTESIAN_POINT('Origin',(-11.1041710019948,-7.87728375930365,-4.25));
#5986=CARTESIAN_POINT('Origin',(-11.1477903893601,-8.87633198088551,-4.25));
#5987=CARTESIAN_POINT('Origin',(-10.365489309405,-8.25343149099881,-4.25));
#5988=CARTESIAN_POINT('Origin',(0.,0.,-4.25));
#5989=CARTESIAN_POINT('Origin',(10.365489309405,-8.25343149099881,-4.25));
#5990=CARTESIAN_POINT('Origin',(11.1477903893601,-8.87633198088551,-4.25));
#5991=CARTESIAN_POINT('Origin',(11.1041710019948,-7.87728375930365,-4.25));
#5992=CARTESIAN_POINT('Ctrl Pts',(11.1041710019948,-7.87728375930365,-4.75));
#5993=CARTESIAN_POINT('Ctrl Pts',(11.1259806956774,-8.37680787009458,-4.75));
#5994=CARTESIAN_POINT('Ctrl Pts',(11.1259806956774,-8.37680787009458,-4.25));
#5995=CARTESIAN_POINT('Ctrl Pts',(11.169570337796,-7.87442836266964,-4.75));
#5996=CARTESIAN_POINT('Ctrl Pts',(11.1232426303763,-8.37692004655965,-4.74999263756157));
#5997=CARTESIAN_POINT('Ctrl Pts',(11.1913800314773,-8.37395247342797,-4.25000000003287));
#5998=CARTESIAN_POINT('Ctrl Pts',(11.2360556861791,-7.89757767610282,-4.76301366530701));
#5999=CARTESIAN_POINT('Ctrl Pts',(11.1299595312825,-8.3601361771099,-4.73351772914434));
#6000=CARTESIAN_POINT('Ctrl Pts',(11.2572977317536,-8.38410050771239,-4.27602733061405));
#6001=CARTESIAN_POINT('Ctrl Pts',(11.3612461766593,-7.992393460971,-4.8131068021817));
#6002=CARTESIAN_POINT('Ctrl Pts',(11.2144387194088,-8.34785512106579,-4.72493329237568));
#6003=CARTESIAN_POINT('Ctrl Pts',(11.3803031902922,-8.42887083327272,-4.37621360436337));
#6004=CARTESIAN_POINT('Ctrl Pts',(11.4198903210192,-8.06402317846355,-4.85016658394318));
#6005=CARTESIAN_POINT('Ctrl Pts',(11.2856256742748,-8.35540469502085,-4.73558081216897));
#6006=CARTESIAN_POINT('Ctrl Pts',(11.4373308096757,-8.46347604170422,-4.45033316788626));
#6007=CARTESIAN_POINT('Ctrl Pts',(11.5204371007194,-8.24492967428445,-4.94272663487027));
#6008=CARTESIAN_POINT('Ctrl Pts',(11.4333409093963,-8.43146637839648,-4.81801334973603));
#6009=CARTESIAN_POINT('Ctrl Pts',(11.5338401766601,-8.55191058325667,-4.63545326974064));
#6010=CARTESIAN_POINT('Ctrl Pts',(11.5623002093589,-8.35413533148257,-4.99819051525165));
#6011=CARTESIAN_POINT('Ctrl Pts',(11.5077790764745,-8.49552584114521,-4.88525878931518));
#6012=CARTESIAN_POINT('Ctrl Pts',(11.5732839848164,-8.6057051493978,-4.74638103050328));
#6013=CARTESIAN_POINT('Ctrl Pts',(11.6228959395233,-8.59359116601456,-5.11912605238327));
#6014=CARTESIAN_POINT('Ctrl Pts',(11.6109224616038,-8.65760074642965,-5.05167848647317));
#6015=CARTESIAN_POINT('Ctrl Pts',(11.6286045809404,-8.72434055063252,-4.98825210476654));
#6016=CARTESIAN_POINT('Ctrl Pts',(11.6416037065981,-8.72372361057046,-5.18453835670477));
#6017=CARTESIAN_POINT('Ctrl Pts',(11.6430317160365,-8.75643040394936,-5.15181466606477));
#6018=CARTESIAN_POINT('Ctrl Pts',(11.6444591033745,-8.78912294888641,-5.11907671340924));
#6019=CARTESIAN_POINT('Ctrl Pts',(11.647314500151,-8.85452228720284,-5.25));
#6020=CARTESIAN_POINT('Ctrl Pts',(11.647314500151,-8.85452228720284,-5.25));
#6021=CARTESIAN_POINT('Ctrl Pts',(11.647314500151,-8.85452228720284,-5.25));
#6022=CARTESIAN_POINT('Ctrl Pts',(10.5471589953096,-5.17879688032456,-4.25));
#6023=CARTESIAN_POINT('Ctrl Pts',(10.5471589953096,-5.17879688032456,-4.75));
#6024=CARTESIAN_POINT('Ctrl Pts',(10.9959742717058,-5.39917121565752,-4.75));
#6025=CARTESIAN_POINT('Ctrl Pts',(10.6812303875181,-4.90574653233392,-4.25000001392488));
#6026=CARTESIAN_POINT('Ctrl Pts',(10.6578709648923,-4.95332043486856,-4.68740240659159));
#6027=CARTESIAN_POINT('Ctrl Pts',(11.059820015838,-5.11769845585984,-4.75));
#6028=CARTESIAN_POINT('Ctrl Pts',(10.8024405672614,-4.63213562464665,-4.28315603479752));
#6029=CARTESIAN_POINT('Ctrl Pts',(10.7769661045994,-4.69152924902174,-4.66153461697177));
#6030=CARTESIAN_POINT('Ctrl Pts',(11.11685327507,-4.8357471068138,-4.76656179873206));
#6031=CARTESIAN_POINT('Ctrl Pts',(10.9117865990474,-4.35837277167169,-4.34113530739944));
#6032=CARTESIAN_POINT('Ctrl Pts',(10.8887475011431,-4.41605432690724,-4.67038163804145));
#6033=CARTESIAN_POINT('Ctrl Pts',(11.1677708919124,-4.55293207153938,-4.79556765369779));
#6034=CARTESIAN_POINT('Origin',(11.3761179436875,-4.54383544280733,-4.341135307404));
#6035=CARTESIAN_POINT('Origin',(10.9959742717058,-5.39917121565752,-4.25));
#6036=CARTESIAN_POINT('Origin',(0.,0.,-4.25));
#6037=CARTESIAN_POINT('Origin',(-10.9959742717058,-5.39917121565751,-4.25));
#6038=CARTESIAN_POINT('Ctrl Pts',(-10.9959742717058,-5.39917121565751,-4.75));
#6039=CARTESIAN_POINT('Ctrl Pts',(-10.5471589953096,-5.17879688032456,-4.75));
#6040=CARTESIAN_POINT('Ctrl Pts',(-10.5471589953096,-5.17879688032455,-4.25));
#6041=CARTESIAN_POINT('Ctrl Pts',(-11.0598200158399,-5.1176984558567,-4.75));
#6042=CARTESIAN_POINT('Ctrl Pts',(-10.6578709648942,-4.9533204348653,-4.68740240659287));
#6043=CARTESIAN_POINT('Ctrl Pts',(-10.6812303875197,-4.90574653233064,-4.25000001392488));
#6044=CARTESIAN_POINT('Ctrl Pts',(-11.116853275071,-4.83574710680666,-4.76656179873229));
#6045=CARTESIAN_POINT('Ctrl Pts',(-10.7769661046013,-4.69152924901599,-4.66153461697012));
#6046=CARTESIAN_POINT('Ctrl Pts',(-10.8024405672645,-4.63213562463977,-4.28315603479802));
#6047=CARTESIAN_POINT('Ctrl Pts',(-11.1677708919143,-4.55293207152891,-4.79556765369886));
#6048=CARTESIAN_POINT('Ctrl Pts',(-10.8887475011471,-4.41605432689747,-4.67038163804177));
#6049=CARTESIAN_POINT('Ctrl Pts',(-10.9117865990515,-4.35837277166156,-4.34113530740159));
#6050=CARTESIAN_POINT('Origin',(-11.3761179436917,-4.54383544279676,-4.34113530740614));
#6051=CARTESIAN_POINT('Ctrl Pts',(10.9959742717058,-5.39917121565752,4.75));
#6052=CARTESIAN_POINT('Ctrl Pts',(10.5471589953096,-5.17879688032456,4.75));
#6053=CARTESIAN_POINT('Ctrl Pts',(10.5471589953096,-5.17879688032456,4.25));
#6054=CARTESIAN_POINT('Ctrl Pts',(11.0598200158389,-5.11769845585641,4.75));
#6055=CARTESIAN_POINT('Ctrl Pts',(10.6578709648941,-4.95332043486488,4.68740240659289));
#6056=CARTESIAN_POINT('Ctrl Pts',(10.6812303875197,-4.90574653233069,4.25000001392488));
#6057=CARTESIAN_POINT('Ctrl Pts',(11.1168532750718,-4.83574710680693,4.76656179873265));
#6058=CARTESIAN_POINT('Ctrl Pts',(10.7769661046014,-4.69152924901639,4.66153461697091));
#6059=CARTESIAN_POINT('Ctrl Pts',(10.8024405672645,-4.63213562463972,4.28315603479788));
#6060=CARTESIAN_POINT('Ctrl Pts',(11.1677708919143,-4.55293207152892,4.79556765369886));
#6061=CARTESIAN_POINT('Ctrl Pts',(10.8887475011471,-4.41605432689748,4.67038163804177));
#6062=CARTESIAN_POINT('Ctrl Pts',(10.9117865990515,-4.35837277166157,4.34113530740159));
#6063=CARTESIAN_POINT('Origin',(11.3761179436917,-4.54383544279677,4.34113530740614));
#6064=CARTESIAN_POINT('Origin',(10.9959742717058,-5.39917121565752,4.25));
#6065=CARTESIAN_POINT('Origin',(0.,0.,4.25));
#6066=CARTESIAN_POINT('Origin',(-10.9959742717058,-5.39917121565751,4.25));
#6067=CARTESIAN_POINT('Ctrl Pts',(-10.5471589953096,-5.17879688032455,4.25));
#6068=CARTESIAN_POINT('Ctrl Pts',(-10.5471589953096,-5.17879688032455,4.75));
#6069=CARTESIAN_POINT('Ctrl Pts',(-10.9959742717058,-5.39917121565751,4.75));
#6070=CARTESIAN_POINT('Ctrl Pts',(-10.6812303875181,-4.90574653233403,4.25000001392488));
#6071=CARTESIAN_POINT('Ctrl Pts',(-10.6578709648927,-4.95332043486835,4.68740240659226));
#6072=CARTESIAN_POINT('Ctrl Pts',(-11.0598200158382,-5.11769845585989,4.75));
#6073=CARTESIAN_POINT('Ctrl Pts',(-10.8024405672615,-4.63213562464646,4.28315603479711));
#6074=CARTESIAN_POINT('Ctrl Pts',(-10.7769661045974,-4.69152924902121,4.66153461697118));
#6075=CARTESIAN_POINT('Ctrl Pts',(-11.1168532750699,-4.83574710681375,4.76656179873204));
#6076=CARTESIAN_POINT('Ctrl Pts',(-10.9117865990474,-4.35837277167168,4.34113530739945));
#6077=CARTESIAN_POINT('Ctrl Pts',(-10.8887475011431,-4.41605432690722,4.67038163804145));
#6078=CARTESIAN_POINT('Ctrl Pts',(-11.1677708919124,-4.55293207153936,4.79556765369779));
#6079=CARTESIAN_POINT('Origin',(-11.3761179436875,-4.54383544280731,4.341135307404));
#6080=CARTESIAN_POINT('Origin',(13.7063682402658,-10.1634351503057,6.02701521964619));
#6081=CARTESIAN_POINT('Ctrl Pts',(13.7589814885257,-9.64506074779573,6.38852767051242));
#6082=CARTESIAN_POINT('Ctrl Pts',(13.7773593912258,-9.64506074779573,6.38585301531054));
#6083=CARTESIAN_POINT('Ctrl Pts',(13.7959717961964,-9.64474880613545,6.38191329662616));
#6084=CARTESIAN_POINT('Ctrl Pts',(13.8146110964201,-9.64409827311194,6.37663356800993));
#6085=CARTESIAN_POINT('Ctrl Pts',(13.8334458799821,-9.643440917495,6.3712984671982));
#6086=CARTESIAN_POINT('Ctrl Pts',(13.852307668927,-9.64243779624333,6.36459503045114));
#6087=CARTESIAN_POINT('Ctrl Pts',(13.8709660041526,-9.6410733567367,6.35649542668446));
#6088=CARTESIAN_POINT('Ctrl Pts',(13.8900747975062,-9.63967597630268,6.34820027855087));
#6089=CARTESIAN_POINT('Ctrl Pts',(13.9089695841887,-9.63789958336655,6.33844067699725));
#6090=CARTESIAN_POINT('Ctrl Pts',(13.92739397095,-9.6357405347,6.32723956026311));
#6091=CARTESIAN_POINT('Ctrl Pts',(13.9460452104333,-9.63355490245847,6.31590052828366));
#6092=CARTESIAN_POINT('Ctrl Pts',(13.9642136067327,-9.63097715001199,6.30308444485974));
#6093=CARTESIAN_POINT('Ctrl Pts',(13.9816349645105,-9.62801685247397,6.2888675438491));
#6094=CARTESIAN_POINT('Ctrl Pts',(13.9992105980711,-9.62503033985986,6.27452474429714));
#6095=CARTESIAN_POINT('Ctrl Pts',(14.016025006756,-9.62165452927692,6.25875654465408));
#6096=CARTESIAN_POINT('Ctrl Pts',(14.0318215438288,-9.6179122264793,6.24169028884296));
#6097=CARTESIAN_POINT('Ctrl Pts',(14.0422713979652,-9.6154365877878,6.23040048000337));
#6098=CARTESIAN_POINT('Ctrl Pts',(14.0522761344379,-9.61280083256322,6.21854362548015));
#6099=CARTESIAN_POINT('Ctrl Pts',(14.0617678773471,-9.61001443321615,6.20616698222153));
#6100=CARTESIAN_POINT('Ctrl Pts',(14.0763528099435,-9.60573287533449,6.18714913592892));
#6101=CARTESIAN_POINT('Ctrl Pts',(14.0896931703557,-9.60110463306123,6.16694438916845));
#6102=CARTESIAN_POINT('Ctrl Pts',(14.1016811514119,-9.59620299649631,6.14585763761738));
#6103=CARTESIAN_POINT('Ctrl Pts',(14.1138233743401,-9.59123829363225,6.12449957599194));
#6104=CARTESIAN_POINT('Ctrl Pts',(14.124577768356,-9.5859933959227,6.10223783350945));
#6105=CARTESIAN_POINT('Ctrl Pts',(14.1338799067349,-9.58055180171524,6.07941127458218));
#6106=CARTESIAN_POINT('Ctrl Pts',(14.1430339666505,-9.57519683091359,6.05694808605738));
#6107=CARTESIAN_POINT('Ctrl Pts',(14.1507815469175,-9.56965166021979,6.03393905489005));
#6108=CARTESIAN_POINT('Ctrl Pts',(14.1571105529748,-9.56399866191597,6.01071098575229));
#6109=CARTESIAN_POINT('Ctrl Pts',(14.1633191337428,-9.55845322615039,5.98792488916445));
#6110=CARTESIAN_POINT('Ctrl Pts',(14.1681626582107,-9.55280425546149,5.96492890491965));
#6111=CARTESIAN_POINT('Ctrl Pts',(14.171677807001,-9.54712846375705,5.94202041093966));
#6112=CARTESIAN_POINT('Ctrl Pts',(14.1751058611697,-9.54159330078851,5.91967951928155));
#6113=CARTESIAN_POINT('Ctrl Pts',(14.177270741605,-9.53603279082906,5.89742244518999));
#6114=CARTESIAN_POINT('Ctrl Pts',(14.178250813006,-9.53051425317063,5.87550342848593));
#6115=CARTESIAN_POINT('Ctrl Pts',(14.1787687284969,-9.52759800019402,5.86392039659159));
#6116=CARTESIAN_POINT('Ctrl Pts',(14.1789565152336,-9.52469338807799,5.85243134579568));
#6117=CARTESIAN_POINT('Ctrl Pts',(14.1788306104172,-9.52180969368267,5.84107049076407));
#6118=CARTESIAN_POINT('Origin',(13.3302741566673,-1.54946443541146,3.44282400517791));
#6119=CARTESIAN_POINT('Ctrl Pts',(13.2373889359596,0.620325048326086,3.53596590667789));
#6120=CARTESIAN_POINT('Ctrl Pts',(13.7350735313927,0.641898404751985,3.53413126112779));
#6121=CARTESIAN_POINT('Ctrl Pts',(13.7369130467506,0.599766576273297,3.03776420201179));
#6122=CARTESIAN_POINT('Ctrl Pts',(13.2688511160413,-0.0659629480803304,
3.59432934321709));
#6123=CARTESIAN_POINT('Ctrl Pts',(13.7650066938021,-0.0436837291480829,
3.5909402553301));
#6124=CARTESIAN_POINT('Ctrl Pts',(13.7683752270348,-0.120835824600514,3.0990458107744));
#6125=CARTESIAN_POINT('Ctrl Pts',(13.3000300797229,-0.74607311397796,3.72382193419339));
#6126=CARTESIAN_POINT('Ctrl Pts',(13.7947316962668,-0.724498216555655,3.71883515865702));
#6127=CARTESIAN_POINT('Ctrl Pts',(13.7995541901603,-0.834951486068759,3.23501302848075));
#6128=CARTESIAN_POINT('Ctrl Pts',(13.3302741566673,-1.40579049262829,3.92173714778849));
#6129=CARTESIAN_POINT('Ctrl Pts',(13.8236147664822,-1.38602928510574,3.91580878553172));
#6130=CARTESIAN_POINT('Ctrl Pts',(13.8297982674582,-1.5276547417288,3.44282400517791));
#6131=CARTESIAN_POINT('Origin',(13.2373889359596,0.577956882590631,3.03776420201179));
#6132=CARTESIAN_POINT('Ctrl Pts',(13.1684619781131,1.46768836303517,3.5));
#6133=CARTESIAN_POINT('Ctrl Pts',(13.6653850716268,1.5230728295648,3.5));
#6134=CARTESIAN_POINT('Ctrl Pts',(13.6653850716268,1.5230728295648,3.));
#6135=CARTESIAN_POINT('Ctrl Pts',(13.2014894574098,1.18546865698612,3.5));
#6136=CARTESIAN_POINT('Ctrl Pts',(13.698054377917,1.2299557548027,3.49843938000144));
#6137=CARTESIAN_POINT('Ctrl Pts',(13.6996588892261,1.21555968490279,2.99999999994621));
#6138=CARTESIAN_POINT('Ctrl Pts',(13.2244297553754,0.903005081220475,3.51192617664164));
#6139=CARTESIAN_POINT('Ctrl Pts',(13.7213018619529,0.935650298623083,3.50976621562881));
#6140=CARTESIAN_POINT('Ctrl Pts',(13.7234648336896,0.907781295267762,3.01252247306417));
#6141=CARTESIAN_POINT('Ctrl Pts',(13.2373889359596,0.620325048326085,3.53596590667789));
#6142=CARTESIAN_POINT('Ctrl Pts',(13.7350735313927,0.641898404751984,3.53413126112778));
#6143=CARTESIAN_POINT('Ctrl Pts',(13.7369130467505,0.599766576273296,3.03776420201179));
#6144=CARTESIAN_POINT('Ctrl Pts',(-13.2373889359596,0.620325048326085,3.5359659066779));
#6145=CARTESIAN_POINT('Ctrl Pts',(-13.7350735313927,0.641898404751984,3.53413126112779));
#6146=CARTESIAN_POINT('Ctrl Pts',(-13.7369130467505,0.599766576273296,3.03776420201179));
#6147=CARTESIAN_POINT('Ctrl Pts',(-13.2244297553754,0.903005081220478,3.51192617664165));
#6148=CARTESIAN_POINT('Ctrl Pts',(-13.7213018619519,0.935650298623075,3.50976621562779));
#6149=CARTESIAN_POINT('Ctrl Pts',(-13.7234648336896,0.907781295267766,3.01252247306342));
#6150=CARTESIAN_POINT('Ctrl Pts',(-13.2014894574098,1.18546865698612,3.5));
#6151=CARTESIAN_POINT('Ctrl Pts',(-13.698054377917,1.22995575480262,3.49843938000247));
#6152=CARTESIAN_POINT('Ctrl Pts',(-13.6996588892261,1.21555968490278,2.99999999994724));
#6153=CARTESIAN_POINT('Ctrl Pts',(-13.1684619781131,1.46768836303517,3.5));
#6154=CARTESIAN_POINT('Ctrl Pts',(-13.6653850716268,1.5230728295648,3.5));
#6155=CARTESIAN_POINT('Ctrl Pts',(-13.6653850716268,1.5230728295648,3.));
#6156=CARTESIAN_POINT('Origin',(-13.2373889359596,0.577956882590631,3.03776420201179));
#6157=CARTESIAN_POINT('Ctrl Pts',(-13.3302741566673,-1.40579049262829,3.92173714778849));
#6158=CARTESIAN_POINT('Ctrl Pts',(-13.8236147664822,-1.38602928510574,3.91580878553172));
#6159=CARTESIAN_POINT('Ctrl Pts',(-13.8297982674582,-1.5276547417288,3.44282400517791));
#6160=CARTESIAN_POINT('Ctrl Pts',(-13.3000300797229,-0.74607311397796,3.72382193419339));
#6161=CARTESIAN_POINT('Ctrl Pts',(-13.7947316962668,-0.724498216555966,
3.71883515865649));
#6162=CARTESIAN_POINT('Ctrl Pts',(-13.7995541901603,-0.834951486069065,
3.23501302848021));
#6163=CARTESIAN_POINT('Ctrl Pts',(-13.2688511160407,-0.0659629480803649,
3.59432934321709));
#6164=CARTESIAN_POINT('Ctrl Pts',(-13.7650066938015,-0.0436837291479168,
3.59094025533011));
#6165=CARTESIAN_POINT('Ctrl Pts',(-13.7683752270348,-0.120835824600323,
3.09904581077441));
#6166=CARTESIAN_POINT('Ctrl Pts',(-13.2373889359596,0.620325048326082,3.53596590667789));
#6167=CARTESIAN_POINT('Ctrl Pts',(-13.7350735313927,0.641898404751981,3.53413126112779));
#6168=CARTESIAN_POINT('Ctrl Pts',(-13.7369130467506,0.599766576273293,3.03776420201179));
#6169=CARTESIAN_POINT('Origin',(-13.3302741566673,-1.54946443541146,3.44282400517791));
#6170=CARTESIAN_POINT('Origin',(-13.7063682402658,-10.1634351503057,6.02701521964619));
#6171=CARTESIAN_POINT('Ctrl Pts',(-14.1788306104172,-9.52180969368267,5.84107049076407));
#6172=CARTESIAN_POINT('Ctrl Pts',(-14.1790675029138,-9.5272354238841,5.86244617272228));
#6173=CARTESIAN_POINT('Ctrl Pts',(-14.1782141651462,-9.53275607824945,5.88435421709759));
#6174=CARTESIAN_POINT('Ctrl Pts',(-14.1761401928378,-9.53830404945533,5.90654702250984));
#6175=CARTESIAN_POINT('Ctrl Pts',(-14.1740326305372,-9.54394187543345,5.92909926192091));
#6176=CARTESIAN_POINT('Ctrl Pts',(-14.1706642926646,-9.54960776417741,5.95194502642479));
#6177=CARTESIAN_POINT('Ctrl Pts',(-14.1659398643449,-9.5552234368175,5.97478950505893));
#6178=CARTESIAN_POINT('Ctrl Pts',(-14.1610752263619,-9.56100576910753,5.99831195284408));
#6179=CARTESIAN_POINT('Ctrl Pts',(-14.1547724904287,-9.56673464733201,6.0218322440397));
#6180=CARTESIAN_POINT('Ctrl Pts',(-14.146976107715,-9.57231963672243,6.04500181564349));
#6181=CARTESIAN_POINT('Ctrl Pts',(-14.1426240604757,-9.57543725402662,6.05793538674151));
#6182=CARTESIAN_POINT('Ctrl Pts',(-14.1378074798841,-9.57850996429918,6.07075926291225));
#6183=CARTESIAN_POINT('Ctrl Pts',(-14.1325234618737,-9.58152181500305,6.08341095062581));
#6184=CARTESIAN_POINT('Ctrl Pts',(-14.123204502481,-9.58683355208474,6.1057236232586));
#6185=CARTESIAN_POINT('Ctrl Pts',(-14.1124320918825,-9.59195292043381,6.12748853562021));
#6186=CARTESIAN_POINT('Ctrl Pts',(-14.1003086652838,-9.59680778886025,6.14840630149673));
#6187=CARTESIAN_POINT('Ctrl Pts',(-14.0881204054632,-9.60168861997632,6.1694359306444));
#6188=CARTESIAN_POINT('Ctrl Pts',(-14.0745671639099,-9.60630188226881,6.18960833550751));
#6189=CARTESIAN_POINT('Ctrl Pts',(-14.0598020252983,-9.61058067531421,6.20863736413391));
#6190=CARTESIAN_POINT('Ctrl Pts',(-14.0452496974309,-9.61479779788319,6.22739212633785));
#6191=CARTESIAN_POINT('Ctrl Pts',(-14.0295208678112,-9.61868983183926,6.24503537471056));
#6192=CARTESIAN_POINT('Ctrl Pts',(-14.0128000915395,-9.6222020476289,6.26132436480172));
#6193=CARTESIAN_POINT('Ctrl Pts',(-14.0077076636121,-9.62327171721145,6.26628528926493));
#6194=CARTESIAN_POINT('Ctrl Pts',(-14.002523456548,-9.62430623372895,6.27112086970048));
#6195=CARTESIAN_POINT('Ctrl Pts',(-13.9972532415487,-9.62530426678929,6.27582501815151));
#6196=CARTESIAN_POINT('Ctrl Pts',(-13.9800588985369,-9.62856040013086,6.29117254041689));
#6197=CARTESIAN_POINT('Ctrl Pts',(-13.9619545805145,-9.63142598055699,6.30511152817536));
#6198=CARTESIAN_POINT('Ctrl Pts',(-13.9432094690842,-9.63388484995666,6.31753910349307));
#6199=CARTESIAN_POINT('Ctrl Pts',(-13.9246891558853,-9.63631423169528,6.32981764278279));
#6200=CARTESIAN_POINT('Ctrl Pts',(-13.9055441993571,-9.638346572456,6.34062057138156));
#6201=CARTESIAN_POINT('Ctrl Pts',(-13.8860426218533,-9.63997877395856,6.349896709255));
#6202=CARTESIAN_POINT('Ctrl Pts',(-13.8669556705504,-9.64157627296037,6.35897562565725));
#6203=CARTESIAN_POINT('Ctrl Pts',(-13.8475278131602,-9.64279048427707,6.3665919489879));
#6204=CARTESIAN_POINT('Ctrl Pts',(-13.8280068039953,-9.64363056495802,6.37274581390531));
#6205=CARTESIAN_POINT('Ctrl Pts',(-13.8185035937764,-9.64403953271396,6.3757416360718));
#6206=CARTESIAN_POINT('Ctrl Pts',(-13.8089781869031,-9.64436001637467,6.37839160269157));
#6207=CARTESIAN_POINT('Ctrl Pts',(-13.7994581322544,-9.64459411388543,6.38069999114077));
#6208=CARTESIAN_POINT('Ctrl Pts',(-13.7790483730636,-9.64509598850673,6.38564887579591));
#6209=CARTESIAN_POINT('Ctrl Pts',(-13.7586754592095,-9.64520038963664,6.389024335392));
#6210=CARTESIAN_POINT('Ctrl Pts',(-13.7386067735977,-9.64495702844909,6.39098373635385));
#6211=CARTESIAN_POINT('Ctrl Pts',(-13.722139134916,-9.64475733504698,6.3925915500242));
#6212=CARTESIAN_POINT('Ctrl Pts',(-13.7058760119253,-9.64432369684355,6.3932467820171));
#6213=CARTESIAN_POINT('Ctrl Pts',(-13.6899479168874,-9.64368785494978,6.39305577043303));
#6214=CARTESIAN_POINT('Origin',(-13.5504229171332,-6.59170003090218,-4.95549468382513));
#6215=CARTESIAN_POINT('Ctrl Pts',(-13.7589814885258,-9.64506074779573,-6.38852767051242));
#6216=CARTESIAN_POINT('Ctrl Pts',(-13.7773593912258,-9.64506074779573,-6.38585301531054));
#6217=CARTESIAN_POINT('Ctrl Pts',(-13.7959717961965,-9.64474880613546,-6.38191329662616));
#6218=CARTESIAN_POINT('Ctrl Pts',(-13.8146110964201,-9.64409827311196,-6.37663356800993));
#6219=CARTESIAN_POINT('Ctrl Pts',(-13.8334458799821,-9.64344091749503,-6.37129846719822));
#6220=CARTESIAN_POINT('Ctrl Pts',(-13.852307668927,-9.64243779624339,-6.36459503045118));
#6221=CARTESIAN_POINT('Ctrl Pts',(-13.8709660041526,-9.64107335673678,-6.35649542668452));
#6222=CARTESIAN_POINT('Ctrl Pts',(-13.8900747975061,-9.63967597630278,-6.34820027855096));
#6223=CARTESIAN_POINT('Ctrl Pts',(-13.9089695841886,-9.63789958336668,-6.33844067699737));
#6224=CARTESIAN_POINT('Ctrl Pts',(-13.9273939709499,-9.63574053470016,-6.32723956026328));
#6225=CARTESIAN_POINT('Ctrl Pts',(-13.9460452104331,-9.63355490245867,-6.31590052828389));
#6226=CARTESIAN_POINT('Ctrl Pts',(-13.9642136067325,-9.63097715001224,-6.30308444486005));
#6227=CARTESIAN_POINT('Ctrl Pts',(-13.9816349645102,-9.62801685247428,-6.28886754384948));
#6228=CARTESIAN_POINT('Ctrl Pts',(-13.9992105980707,-9.62503033986022,-6.2745247442976));
#6229=CARTESIAN_POINT('Ctrl Pts',(-14.0160250067555,-9.62165452927733,-6.25875654465462));
#6230=CARTESIAN_POINT('Ctrl Pts',(-14.0318215438283,-9.61791222647977,-6.24169028884359));
#6231=CARTESIAN_POINT('Ctrl Pts',(-14.0422713979649,-9.61543658778825,-6.23040048000383));
#6232=CARTESIAN_POINT('Ctrl Pts',(-14.0522761344378,-9.61280083256366,-6.21854362548042));
#6233=CARTESIAN_POINT('Ctrl Pts',(-14.0617678773472,-9.61001443321656,-6.20616698222159));
#6234=CARTESIAN_POINT('Ctrl Pts',(-14.0763528099435,-9.60573287533496,-6.18714913592906));
#6235=CARTESIAN_POINT('Ctrl Pts',(-14.0896931703557,-9.60110463306174,-6.1669443891687));
#6236=CARTESIAN_POINT('Ctrl Pts',(-14.1016811514119,-9.59620299649682,-6.14585763761776));
#6237=CARTESIAN_POINT('Ctrl Pts',(-14.1138233743399,-9.59123829363278,-6.12449957599244));
#6238=CARTESIAN_POINT('Ctrl Pts',(-14.1245777683558,-9.58599339592324,-6.10223783351008));
#6239=CARTESIAN_POINT('Ctrl Pts',(-14.1338799067347,-9.58055180171577,-6.07941127458296));
#6240=CARTESIAN_POINT('Ctrl Pts',(-14.1430339666503,-9.5751968309141,-6.05694808605827));
#6241=CARTESIAN_POINT('Ctrl Pts',(-14.1507815469173,-9.56965166022029,-6.03393905489104));
#6242=CARTESIAN_POINT('Ctrl Pts',(-14.1571105529746,-9.56399866191644,-6.01071098575339));
#6243=CARTESIAN_POINT('Ctrl Pts',(-14.1633191337426,-9.55845322615084,-5.98792488916562));
#6244=CARTESIAN_POINT('Ctrl Pts',(-14.1681626582105,-9.55280425546191,-5.96492890492087));
#6245=CARTESIAN_POINT('Ctrl Pts',(-14.1716778070009,-9.54712846375745,-5.94202041094093));
#6246=CARTESIAN_POINT('Ctrl Pts',(-14.1751058611696,-9.54159330078889,-5.91967951928288));
#6247=CARTESIAN_POINT('Ctrl Pts',(-14.1772707416049,-9.53603279082942,-5.89742244519136));
#6248=CARTESIAN_POINT('Ctrl Pts',(-14.1782508130059,-9.530514253171,-5.87550342848734));
#6249=CARTESIAN_POINT('Ctrl Pts',(-14.1787687284969,-9.52759800019426,-5.86392039659252));
#6250=CARTESIAN_POINT('Ctrl Pts',(-14.1789565152336,-9.52469338807811,-5.85243134579614));
#6251=CARTESIAN_POINT('Ctrl Pts',(-14.1788306104172,-9.52180969368267,-5.84107049076407));
#6252=CARTESIAN_POINT('Origin',(-13.3302741566673,-1.54946443541145,-3.44282400517791));
#6253=CARTESIAN_POINT('Ctrl Pts',(-13.2373889359596,0.620325048326086,-3.53596590667789));
#6254=CARTESIAN_POINT('Ctrl Pts',(-13.7350735313927,0.641898404751986,-3.53413126112779));
#6255=CARTESIAN_POINT('Ctrl Pts',(-13.7369130467506,0.599766576273297,-3.03776420201179));
#6256=CARTESIAN_POINT('Ctrl Pts',(-13.2688511160406,-0.065962948080351,
-3.59432934321709));
#6257=CARTESIAN_POINT('Ctrl Pts',(-13.7650066938014,-0.0436837291482407,
-3.59094025532997));
#6258=CARTESIAN_POINT('Ctrl Pts',(-13.7683752270348,-0.120835824599678,
-3.09904581077418));
#6259=CARTESIAN_POINT('Ctrl Pts',(-13.3000300797229,-0.746073113977932,
-3.72382193419338));
#6260=CARTESIAN_POINT('Ctrl Pts',(-13.7947316962668,-0.724498216555422,
-3.71883515865746));
#6261=CARTESIAN_POINT('Ctrl Pts',(-13.7995541901603,-0.834951486070034,
-3.23501302847862));
#6262=CARTESIAN_POINT('Ctrl Pts',(-13.3302741566673,-1.40579049262825,-3.92173714778848));
#6263=CARTESIAN_POINT('Ctrl Pts',(-13.8236147664822,-1.38602928510571,-3.91580878553171));
#6264=CARTESIAN_POINT('Ctrl Pts',(-13.8297982674582,-1.52765474172876,-3.4428240051779));
#6265=CARTESIAN_POINT('Origin',(-13.2373889359596,0.577956882590631,-3.03776420201179));
#6266=CARTESIAN_POINT('Ctrl Pts',(-13.1684619781131,1.46768836303517,-3.5));
#6267=CARTESIAN_POINT('Ctrl Pts',(-13.6653850716268,1.5230728295648,-3.5));
#6268=CARTESIAN_POINT('Ctrl Pts',(-13.6653850716268,1.5230728295648,-3.));
#6269=CARTESIAN_POINT('Ctrl Pts',(-13.2014894574106,1.18546865698628,-3.5));
#6270=CARTESIAN_POINT('Ctrl Pts',(-13.6980543779178,1.22995575480274,-3.49843938000144));
#6271=CARTESIAN_POINT('Ctrl Pts',(-13.6996588892261,1.21555968490279,-2.99999999994621));
#6272=CARTESIAN_POINT('Ctrl Pts',(-13.2244297553754,0.903005081220384,-3.51192617664165));
#6273=CARTESIAN_POINT('Ctrl Pts',(-13.7213018619519,0.935650298623037,-3.50976621562883));
#6274=CARTESIAN_POINT('Ctrl Pts',(-13.7234648336896,0.907781295267767,-3.01252247306419));
#6275=CARTESIAN_POINT('Ctrl Pts',(-13.2373889359596,0.620325048326085,-3.5359659066779));
#6276=CARTESIAN_POINT('Ctrl Pts',(-13.7350735313927,0.641898404751984,-3.53413126112779));
#6277=CARTESIAN_POINT('Ctrl Pts',(-13.7369130467505,0.599766576273296,-3.03776420201179));
#6278=CARTESIAN_POINT('Origin',(-13.1684619781131,1.46768836303517,-3.));
#6279=CARTESIAN_POINT('Origin',(0.,0.,-3.));
#6280=CARTESIAN_POINT('Origin',(13.1684619781131,1.46768836303517,-3.));
#6281=CARTESIAN_POINT('Ctrl Pts',(13.2373889359596,0.620325048326085,-3.5359659066779));
#6282=CARTESIAN_POINT('Ctrl Pts',(13.7350735313927,0.641898404751984,-3.53413126112779));
#6283=CARTESIAN_POINT('Ctrl Pts',(13.7369130467505,0.599766576273296,-3.03776420201179));
#6284=CARTESIAN_POINT('Ctrl Pts',(13.2244297553754,0.903005081220475,-3.51192617664165));
#6285=CARTESIAN_POINT('Ctrl Pts',(13.7213018619511,0.935650298622957,-3.50976621562701));
#6286=CARTESIAN_POINT('Ctrl Pts',(13.7234648336896,0.907781295267622,-3.01252247306264));
#6287=CARTESIAN_POINT('Ctrl Pts',(13.2014894574098,1.18546865698613,-3.5));
#6288=CARTESIAN_POINT('Ctrl Pts',(13.698054377917,1.22995575480265,-3.49843938000254));
#6289=CARTESIAN_POINT('Ctrl Pts',(13.6996588892261,1.21555968490289,-2.99999999994724));
#6290=CARTESIAN_POINT('Ctrl Pts',(13.1684619781131,1.46768836303517,-3.5));
#6291=CARTESIAN_POINT('Ctrl Pts',(13.6653850716268,1.5230728295648,-3.5));
#6292=CARTESIAN_POINT('Ctrl Pts',(13.6653850716268,1.5230728295648,-3.));
#6293=CARTESIAN_POINT('Origin',(13.2373889359596,0.577956882590631,-3.03776420201179));
#6294=CARTESIAN_POINT('Ctrl Pts',(13.3302741566673,-1.40579049262829,-3.92173714778849));
#6295=CARTESIAN_POINT('Ctrl Pts',(13.8236147664822,-1.38602928510574,-3.91580878553172));
#6296=CARTESIAN_POINT('Ctrl Pts',(13.8297982674582,-1.5276547417288,-3.44282400517791));
#6297=CARTESIAN_POINT('Ctrl Pts',(13.3000300797229,-0.746073113977972,-3.72382193419339));
#6298=CARTESIAN_POINT('Ctrl Pts',(13.7947316962668,-0.724498216555993,-3.71883515865808));
#6299=CARTESIAN_POINT('Ctrl Pts',(13.7995541901603,-0.834951486068862,-3.2350130284819));
#6300=CARTESIAN_POINT('Ctrl Pts',(13.2688511160412,-0.065962948080317,-3.59432934321709));
#6301=CARTESIAN_POINT('Ctrl Pts',(13.7650066938021,-0.0436837291479698,
-3.59094025532759));
#6302=CARTESIAN_POINT('Ctrl Pts',(13.7683752270348,-0.120835824600527,-3.09904581077237));
#6303=CARTESIAN_POINT('Ctrl Pts',(13.2373889359596,0.620325048326109,-3.53596590667789));
#6304=CARTESIAN_POINT('Ctrl Pts',(13.7350735313927,0.641898404752008,-3.53413126112779));
#6305=CARTESIAN_POINT('Ctrl Pts',(13.7369130467506,0.599766576273321,-3.03776420201179));
#6306=CARTESIAN_POINT('Origin',(13.3302741566673,-1.54946443541145,-3.44282400517791));
#6307=CARTESIAN_POINT('Origin',(13.5504229171332,-6.59170003090218,-4.95549468382513));
#6308=CARTESIAN_POINT('Ctrl Pts',(14.1788306104172,-9.52180969368267,-5.84107049076407));
#6309=CARTESIAN_POINT('Ctrl Pts',(14.1790675029138,-9.52723542388412,-5.86244617272233));
#6310=CARTESIAN_POINT('Ctrl Pts',(14.1782141651462,-9.5327560782495,-5.88435421709769));
#6311=CARTESIAN_POINT('Ctrl Pts',(14.1761401928378,-9.53830404945543,-5.90654702250998));
#6312=CARTESIAN_POINT('Ctrl Pts',(14.1740326305373,-9.54394187543361,-5.92909926192107));
#6313=CARTESIAN_POINT('Ctrl Pts',(14.1706642926646,-9.54960776417763,-5.95194502642497));
#6314=CARTESIAN_POINT('Ctrl Pts',(14.1659398643449,-9.55522343681779,-5.97478950505912));
#6315=CARTESIAN_POINT('Ctrl Pts',(14.1610752263619,-9.56100576910787,-5.99831195284422));
#6316=CARTESIAN_POINT('Ctrl Pts',(14.1547724904287,-9.5667346473324,-6.0218322440398));
#6317=CARTESIAN_POINT('Ctrl Pts',(14.1469761077151,-9.57231963672283,-6.04500181564356));
#6318=CARTESIAN_POINT('Ctrl Pts',(14.1426240604758,-9.57543725402703,-6.05793538674156));
#6319=CARTESIAN_POINT('Ctrl Pts',(14.1378074798842,-9.5785099642996,-6.07075926291228));
#6320=CARTESIAN_POINT('Ctrl Pts',(14.1325234618738,-9.58152181500346,-6.08341095062584));
#6321=CARTESIAN_POINT('Ctrl Pts',(14.1232045024811,-9.58683355208513,-6.10572362325856));
#6322=CARTESIAN_POINT('Ctrl Pts',(14.1124320918826,-9.59195292043417,-6.12748853562012));
#6323=CARTESIAN_POINT('Ctrl Pts',(14.100308665284,-9.59680778886058,-6.14840630149658));
#6324=CARTESIAN_POINT('Ctrl Pts',(14.0881204054635,-9.60168861997663,-6.1694359306442));
#6325=CARTESIAN_POINT('Ctrl Pts',(14.0745671639102,-9.60630188226908,-6.18960833550725));
#6326=CARTESIAN_POINT('Ctrl Pts',(14.0598020252986,-9.61058067531446,-6.20863736413361));
#6327=CARTESIAN_POINT('Ctrl Pts',(14.0452496974312,-9.61479779788342,-6.22739212633753));
#6328=CARTESIAN_POINT('Ctrl Pts',(14.0295208678116,-9.61868983183947,-6.24503537471022));
#6329=CARTESIAN_POINT('Ctrl Pts',(14.01280009154,-9.62220204762909,-6.26132436480137));
#6330=CARTESIAN_POINT('Ctrl Pts',(14.0077076636124,-9.62327171721166,-6.26628528926472));
#6331=CARTESIAN_POINT('Ctrl Pts',(14.0025234565482,-9.62430623372918,-6.2711208697004));
#6332=CARTESIAN_POINT('Ctrl Pts',(13.9972532415487,-9.62530426678953,-6.27582501815156));
#6333=CARTESIAN_POINT('Ctrl Pts',(13.980058898537,-9.62856040013108,-6.29117254041692));
#6334=CARTESIAN_POINT('Ctrl Pts',(13.9619545805146,-9.63142598055718,-6.30511152817537));
#6335=CARTESIAN_POINT('Ctrl Pts',(13.9432094690843,-9.63388484995682,-6.31753910349306));
#6336=CARTESIAN_POINT('Ctrl Pts',(13.9246891558854,-9.63631423169542,-6.32981764278278));
#6337=CARTESIAN_POINT('Ctrl Pts',(13.9055441993572,-9.63834657245611,-6.34062057138154));
#6338=CARTESIAN_POINT('Ctrl Pts',(13.8860426218534,-9.63997877395866,-6.34989670925498));
#6339=CARTESIAN_POINT('Ctrl Pts',(13.8669556705506,-9.64157627296045,-6.35897562565724));
#6340=CARTESIAN_POINT('Ctrl Pts',(13.8475278131603,-9.64279048427714,-6.36659194898788));
#6341=CARTESIAN_POINT('Ctrl Pts',(13.8280068039954,-9.64363056495809,-6.3727458139053));
#6342=CARTESIAN_POINT('Ctrl Pts',(13.8185035937765,-9.64403953271402,-6.3757416360718));
#6343=CARTESIAN_POINT('Ctrl Pts',(13.8089781869031,-9.64436001637474,-6.37839160269158));
#6344=CARTESIAN_POINT('Ctrl Pts',(13.7994581322544,-9.64459411388549,-6.38069999114078));
#6345=CARTESIAN_POINT('Ctrl Pts',(13.7790483730634,-9.64509598850681,-6.38564887579599));
#6346=CARTESIAN_POINT('Ctrl Pts',(13.758675459209,-9.64520038963669,-6.3890243353921));
#6347=CARTESIAN_POINT('Ctrl Pts',(13.7386067735969,-9.64495702844911,-6.39098373635394));
#6348=CARTESIAN_POINT('Ctrl Pts',(13.7221391349155,-9.64475733504698,-6.39259155002423));
#6349=CARTESIAN_POINT('Ctrl Pts',(13.705876011925,-9.64432369684354,-6.39324678201711));
#6350=CARTESIAN_POINT('Ctrl Pts',(13.6899479168874,-9.64368785494977,-6.39305577043304));
#6351=CARTESIAN_POINT('Origin',(32.1464466094067,-10.5,1.85355339059325));
#6352=CARTESIAN_POINT('Origin',(24.2928932188134,-10.5,-6.));
#6353=CARTESIAN_POINT('Origin',(27.,-10.5,-3.29289321881345));
#6354=CARTESIAN_POINT('Origin',(27.,-10.5,6.5));
#6355=CARTESIAN_POINT('Origin',(27.0000000000001,-10.4999999999998,3.29289321881351));
#6356=CARTESIAN_POINT('Origin',(25.6464466094067,-10.5,4.64644660940673));
#6357=CARTESIAN_POINT('Origin',(24.2928932188135,-10.5,6.));
#6358=CARTESIAN_POINT('Origin',(-24.1464466094067,-10.5,6.14644660940673));
#6359=CARTESIAN_POINT('Origin',(-24.2928932188135,-10.5,6.));
#6360=CARTESIAN_POINT('Origin',(-27.0000000000002,-10.4999999999998,3.29289321881351));
#6361=CARTESIAN_POINT('Origin',(-27.,-10.5,6.5));
#6362=CARTESIAN_POINT('Origin',(-26.9999999999999,-10.5000000000001,-3.29289321881341));
#6363=CARTESIAN_POINT('Origin',(-27.1464466094067,-10.5,-3.14644660940672));
#6364=CARTESIAN_POINT('Origin',(-24.2928932188134,-10.5,-6.));
#6365=CARTESIAN_POINT('Ctrl Pts',(-14.6783547212081,-10.,-5.84107049076407));
#6366=CARTESIAN_POINT('Ctrl Pts',(-14.1997088500807,-10.,-5.84107049076407));
#6367=CARTESIAN_POINT('Ctrl Pts',(-14.1788306104172,-9.52180969368267,-5.84107049076407));
#6368=CARTESIAN_POINT('Ctrl Pts',(-14.6783547211557,-10.,-6.088599066624));
#6369=CARTESIAN_POINT('Ctrl Pts',(-14.2313372884075,-10.0000000000008,-5.97559115198651));
#6370=CARTESIAN_POINT('Ctrl Pts',(-14.1803154752549,-9.55581868979596,-5.97505531081514));
#6371=CARTESIAN_POINT('Ctrl Pts',(-14.590916571818,-10.,-6.33299862659566));
#6372=CARTESIAN_POINT('Ctrl Pts',(-14.2098806833358,-9.99999999999979,-6.13587413223194));
#6373=CARTESIAN_POINT('Ctrl Pts',(-14.1379857441538,-9.5876398897379,-6.10678361749635));
#6374=CARTESIAN_POINT('Ctrl Pts',(-14.2821375299228,-10.,-6.70368263333047));
#6375=CARTESIAN_POINT('Ctrl Pts',(-14.051729052706,-10.0000000000002,-6.38449952808295));
#6376=CARTESIAN_POINT('Ctrl Pts',(-13.9855500105358,-9.63238897666767,-6.30555034694285));
#6377=CARTESIAN_POINT('Ctrl Pts',(-14.0625147681817,-10.,-6.82788833245578));
#6378=CARTESIAN_POINT('Ctrl Pts',(-13.9184814477572,-10.,-6.47405176027513));
#6379=CARTESIAN_POINT('Ctrl Pts',(-13.8762918911449,-9.64506074777887,-6.3714547278695));
#6380=CARTESIAN_POINT('Ctrl Pts',(-13.8278939629511,-10.,-6.86203421779294));
#6381=CARTESIAN_POINT('Ctrl Pts',(-13.7744784709522,-10.,-6.4950094461737));
#6382=CARTESIAN_POINT('Ctrl Pts',(-13.7589814885258,-9.64506074779573,-6.38852767051242));
#6383=CARTESIAN_POINT('Ctrl Pts',(-13.7651580286319,-9.74556698515061,-6.43096786115285));
#6384=CARTESIAN_POINT('Ctrl Pts',(-13.7817066117515,-9.74592319438634,-6.42874372784223));
#6385=CARTESIAN_POINT('Ctrl Pts',(-13.7976923998552,-9.74638670421385,-6.42588507518105));
#6386=CARTESIAN_POINT('Ctrl Pts',(-13.8127238754511,-9.74693486257209,-6.42260654488291));
#6387=CARTESIAN_POINT('Ctrl Pts',(-13.8195467888213,-9.74718367626756,-6.42111839236834));
#6388=CARTESIAN_POINT('Ctrl Pts',(-13.8261725432341,-9.74744996964219,-6.41954354385332));
#6389=CARTESIAN_POINT('Ctrl Pts',(-13.8325607081399,-9.74773175768918,-6.41790170491834));
#6390=CARTESIAN_POINT('Ctrl Pts',(-13.8494414989329,-9.74847638547185,-6.41356312881929));
#6391=CARTESIAN_POINT('Ctrl Pts',(-13.8650364992905,-9.74932876581689,-6.4087838101483));
#6392=CARTESIAN_POINT('Ctrl Pts',(-13.8795312990506,-9.75026892030461,-6.40376029279413));
#6393=CARTESIAN_POINT('Ctrl Pts',(-13.8925300871689,-9.75111204122981,-6.39925525383008));
#6394=CARTESIAN_POINT('Ctrl Pts',(-13.904642583775,-9.75202593012624,-6.39455265750084));
#6395=CARTESIAN_POINT('Ctrl Pts',(-13.9159753093486,-9.75299515429715,-6.38981721174914));
#6396=CARTESIAN_POINT('Ctrl Pts',(-13.9332181640417,-9.75446983851461,-6.38261218393181));
#6397=CARTESIAN_POINT('Ctrl Pts',(-13.948853885973,-9.75606760126102,-6.37533099936627));
#6398=CARTESIAN_POINT('Ctrl Pts',(-13.9632428343319,-9.75779366741479,-6.36799340085281));
#6399=CARTESIAN_POINT('Ctrl Pts',(-13.973877460361,-9.75906937343505,-6.36257030708697));
#6400=CARTESIAN_POINT('Ctrl Pts',(-13.9838289584608,-9.76041522879346,-6.35711688753468));
#6401=CARTESIAN_POINT('Ctrl Pts',(-13.9932664211434,-9.76183135920454,-6.35165978131769));
#6402=CARTESIAN_POINT('Ctrl Pts',(-14.0015521103036,-9.76307466122238,-6.34686867513275));
#6403=CARTESIAN_POINT('Ctrl Pts',(-14.0094406478726,-9.76437217069522,-6.34207475077769));
#6404=CARTESIAN_POINT('Ctrl Pts',(-14.0170841463244,-9.76572160284055,-6.33731045471414));
#6405=CARTESIAN_POINT('Ctrl Pts',(-14.0181466504763,-9.76590918412499,-6.33664818149194));
#6406=CARTESIAN_POINT('Ctrl Pts',(-14.0192044986804,-9.76609776400457,-6.33598650607173));
#6407=CARTESIAN_POINT('Ctrl Pts',(-14.0202581821251,-9.76628733146057,-6.33532554114191));
#6408=CARTESIAN_POINT('Ctrl Pts',(-14.0216130822321,-9.76653109059686,-6.33447562605724));
#6409=CARTESIAN_POINT('Ctrl Pts',(-14.0229610948826,-9.76677653209492,-6.33362596264742));
#6410=CARTESIAN_POINT('Ctrl Pts',(-14.024302238123,-9.76702368785565,-6.3327765380997));
#6411=CARTESIAN_POINT('Ctrl Pts',(-14.0327433059528,-9.76857927004707,-6.32743031555782));
#6412=CARTESIAN_POINT('Ctrl Pts',(-14.0417471715768,-9.77035178489071,-6.3215591264282));
#6413=CARTESIAN_POINT('Ctrl Pts',(-14.0510155878456,-9.77236387353376,-6.31526250498042));
#6414=CARTESIAN_POINT('Ctrl Pts',(-14.0581756989783,-9.77391826835972,-6.31039818857305));
#6415=CARTESIAN_POINT('Ctrl Pts',(-14.065491559777,-9.7756156860852,-6.30528080155967));
#6416=CARTESIAN_POINT('Ctrl Pts',(-14.072843771466,-9.77746480463984,-6.29996352771633));
#6417=CARTESIAN_POINT('Ctrl Pts',(-14.0792988348117,-9.77908828583279,-6.29529509038937));
#6418=CARTESIAN_POINT('Ctrl Pts',(-14.0857808740551,-9.78082873564835,-6.29047288080506));
#6419=CARTESIAN_POINT('Ctrl Pts',(-14.092243288633,-9.78269001315631,-6.28553303134727));
#6420=CARTESIAN_POINT('Ctrl Pts',(-14.0981405269393,-9.784388510968,-6.2810252008608));
#6421=CARTESIAN_POINT('Ctrl Pts',(-14.1040206682107,-9.78618765159252,-6.27641960397534));
#6422=CARTESIAN_POINT('Ctrl Pts',(-14.1098906187802,-9.78808819578797,-6.27174055504714));
#6423=CARTESIAN_POINT('Ctrl Pts',(-14.1152047153552,-9.78980876826639,-6.26750458788034));
#6424=CARTESIAN_POINT('Ctrl Pts',(-14.1205101180005,-9.79161245801635,-6.26320853284217));
#6425=CARTESIAN_POINT('Ctrl Pts',(-14.125855236977,-9.79349775118457,-6.2588657351275));
#6426=CARTESIAN_POINT('Ctrl Pts',(-14.1277024219738,-9.7941492774219,-6.2573649358342));
#6427=CARTESIAN_POINT('Ctrl Pts',(-14.1295547817394,-9.79481052914124,-6.25585850247861));
#6428=CARTESIAN_POINT('Ctrl Pts',(-14.1314158075728,-9.79548137451406,-6.25434679955584));
#6429=CARTESIAN_POINT('Ctrl Pts',(-14.1406493172263,-9.79880978463846,-6.24684646115124));
#6430=CARTESIAN_POINT('Ctrl Pts',(-14.1499796345197,-9.8023787488277,-6.23919749819748));
#6431=CARTESIAN_POINT('Ctrl Pts',(-14.159284872953,-9.80619055686291,-6.23151133396567));
#6432=CARTESIAN_POINT('Ctrl Pts',(-14.1674503267921,-9.80953546229207,-6.2247666363757));
#6433=CARTESIAN_POINT('Ctrl Pts',(-14.1755955447847,-9.8130673652317,-6.21799388904457));
#6434=CARTESIAN_POINT('Ctrl Pts',(-14.1836760994375,-9.81678334522889,-6.21125905516135));
#6435=CARTESIAN_POINT('Ctrl Pts',(-14.1907976719891,-9.82005832105508,-6.20532349625694));
#6436=CARTESIAN_POINT('Ctrl Pts',(-14.1978686679025,-9.82347626262655,-6.1994176563387));
#6437=CARTESIAN_POINT('Ctrl Pts',(-14.2048978265589,-9.82703154928632,-6.19357366278965));
#6438=CARTESIAN_POINT('Ctrl Pts',(-14.2077761853496,-9.82848739786088,-6.19118061533883));
#6439=CARTESIAN_POINT('Ctrl Pts',(-14.2106480501617,-9.82996623179275,-6.18879775297113));
#6440=CARTESIAN_POINT('Ctrl Pts',(-14.2135164836601,-9.831467462737,-6.18642637484702));
#6441=CARTESIAN_POINT('Ctrl Pts',(-14.2199195602417,-9.83481859383629,-6.1811328528807));
#6442=CARTESIAN_POINT('Ctrl Pts',(-14.2262726984555,-9.8382653734189,-6.17592157046922));
#6443=CARTESIAN_POINT('Ctrl Pts',(-14.2326357839231,-9.84179242750631,-6.17079620045512));
#6444=CARTESIAN_POINT('Ctrl Pts',(-14.2389988693908,-9.84531948159371,-6.16567083044103));
#6445=CARTESIAN_POINT('Ctrl Pts',(-14.2453714570967,-9.84892682747475,-6.16063160097877));
#6446=CARTESIAN_POINT('Ctrl Pts',(-14.2518638216151,-9.85259641837612,-6.15565868956306));
#6447=CARTESIAN_POINT('Ctrl Pts',(-14.2611603450406,-9.85785096588033,-6.14853789600039));
#6448=CARTESIAN_POINT('Ctrl Pts',(-14.2705475254291,-9.86324775636465,-6.14159856221552));
#6449=CARTESIAN_POINT('Ctrl Pts',(-14.2800178558171,-9.86873458089998,-6.13490250070666));
#6450=CARTESIAN_POINT('Ctrl Pts',(-14.2892193293241,-9.8740656378463,-6.12839653628409));
#6451=CARTESIAN_POINT('Ctrl Pts',(-14.2984991063328,-9.87948170044007,-6.12212043685276));
#6452=CARTESIAN_POINT('Ctrl Pts',(-14.3078870069595,-9.88492581595936,-6.11609986326134));
#6453=CARTESIAN_POINT('Ctrl Pts',(-14.3169924338027,-9.8902061227668,-6.11026044350494));
#6454=CARTESIAN_POINT('Ctrl Pts',(-14.3261994825738,-9.89551281534721,-6.10466151658118));
#6455=CARTESIAN_POINT('Ctrl Pts',(-14.3355724070058,-9.90078523762006,-6.09929459347942));
#6456=CARTESIAN_POINT('Ctrl Pts',(-14.336982620648,-9.90157850570522,-6.09848710716823));
#6457=CARTESIAN_POINT('Ctrl Pts',(-14.3383966608518,-9.90237098161665,-6.09768481054129));
#6458=CARTESIAN_POINT('Ctrl Pts',(-14.3398148236937,-9.90316244119152,-6.09688760749311));
#6459=CARTESIAN_POINT('Ctrl Pts',(-14.3520344719117,-9.90998207945741,-6.09001848039472));
#6460=CARTESIAN_POINT('Ctrl Pts',(-14.3645832764978,-9.91674692457856,-6.08349331030339));
#6461=CARTESIAN_POINT('Ctrl Pts',(-14.3774732756399,-9.92335363821611,-6.07735177904206));
#6462=CARTESIAN_POINT('Ctrl Pts',(-14.3900195904115,-9.92978419790726,-6.07137399862995));
#6463=CARTESIAN_POINT('Ctrl Pts',(-14.402889117015,-9.93606489673382,-6.06575977707741));
#6464=CARTESIAN_POINT('Ctrl Pts',(-14.4161169294966,-9.94209394865786,-6.06050522594966));
#6465=CARTESIAN_POINT('Ctrl Pts',(-14.4306826433557,-9.9487327973178,-6.05471921346337));
#6466=CARTESIAN_POINT('Ctrl Pts',(-14.4455188420707,-9.95499008367454,-6.04943218604531));
#6467=CARTESIAN_POINT('Ctrl Pts',(-14.4606798355091,-9.96075384498394,-6.04455415733671));
#6468=CARTESIAN_POINT('Ctrl Pts',(-14.4741722545843,-9.96588326366959,-6.04021299012594));
#6469=CARTESIAN_POINT('Ctrl Pts',(-14.4879224447896,-9.97062178419104,-6.03619474559329));
#6470=CARTESIAN_POINT('Ctrl Pts',(-14.5019820749125,-9.97489543425589,-6.0324044299321));
#6471=CARTESIAN_POINT('Ctrl Pts',(-14.5209609861406,-9.98066437870832,-6.02728793228378));
#6472=CARTESIAN_POINT('Ctrl Pts',(-14.5402113080008,-9.98554303989071,-6.0226910865402));
#6473=CARTESIAN_POINT('Ctrl Pts',(-14.5597075714022,-9.98941140681802,-6.01854527376311));
#6474=CARTESIAN_POINT('Ctrl Pts',(-14.5799106257425,-9.99342001224314,-6.01424916434485));
#6475=CARTESIAN_POINT('Ctrl Pts',(-14.6003781795851,-9.99634323816358,-6.01043678321329));
#6476=CARTESIAN_POINT('Ctrl Pts',(-14.6210901079178,-9.99808684469099,-6.00699159005332));
#6477=CARTESIAN_POINT('Ctrl Pts',(-14.6361112478278,-9.99935137965728,-6.00449299467189));
#6478=CARTESIAN_POINT('Ctrl Pts',(-14.6512611285553,-9.99999629069014,-6.00218660717849));
#6479=CARTESIAN_POINT('Ctrl Pts',(-14.666532614131,-9.99999998401948,-6.00001875632202));
#6480=CARTESIAN_POINT('Origin',(-14.6783547212081,-9.5,-5.84107049076407));
#6481=CARTESIAN_POINT('Origin',(-14.6783547212081,-9.5,6.5));
#6482=CARTESIAN_POINT('Origin',(-14.6783547212081,-9.5,5.84107049076407));
#6483=CARTESIAN_POINT('Ctrl Pts',(-13.4663658497216,-10.,6.84570805921935));
#6484=CARTESIAN_POINT('Ctrl Pts',(-13.5540309251129,-10.,6.47740083911879));
#6485=CARTESIAN_POINT('Ctrl Pts',(-13.5778039267747,-9.63558992310063,6.3775233438171));
#6486=CARTESIAN_POINT('Ctrl Pts',(-13.6118153769315,-10.,6.8803281889867));
#6487=CARTESIAN_POINT('Ctrl Pts',(-13.6409825108282,-9.99999999999962,6.50449950160416));
#6488=CARTESIAN_POINT('Ctrl Pts',(-13.6508718272317,-9.64325470874938,6.39713486404804));
#6489=CARTESIAN_POINT('Ctrl Pts',(-13.7641752729282,-10.,6.88064400781763));
#6490=CARTESIAN_POINT('Ctrl Pts',(-13.7358313518096,-10.,6.50738420840268));
#6491=CARTESIAN_POINT('Ctrl Pts',(-13.7271781422588,-9.64634332990771,6.39821734015833));
#6492=CARTESIAN_POINT('Ctrl Pts',(-14.0535980586451,-10.,6.81267429337102));
#6493=CARTESIAN_POINT('Ctrl Pts',(-13.9124119866755,-10.,6.46295934970758));
#6494=CARTESIAN_POINT('Ctrl Pts',(-13.8717345006223,-9.64279245618942,6.36316722081961));
#6495=CARTESIAN_POINT('Ctrl Pts',(-14.1904229951632,-10.,6.7444213034294));
#6496=CARTESIAN_POINT('Ctrl Pts',(-13.9949123411553,-10.0000000000001,6.41529118952997));
#6497=CARTESIAN_POINT('Ctrl Pts',(-13.9398570307135,-9.63615178036689,6.32704852310201));
#6498=CARTESIAN_POINT('Ctrl Pts',(-14.4218937333787,-10.,6.55255139019816));
#6499=CARTESIAN_POINT('Ctrl Pts',(-14.1245040390762,-9.99999999999987,6.28455527976301));
#6500=CARTESIAN_POINT('Ctrl Pts',(-14.0546436376064,-9.61442155303779,6.22459449828765));
#6501=CARTESIAN_POINT('Ctrl Pts',(-14.5163887000027,-10.,6.42905949742785));
#6502=CARTESIAN_POINT('Ctrl Pts',(-14.1716033953376,-10.0000000000001,6.20037200113365));
#6503=CARTESIAN_POINT('Ctrl Pts',(-14.1012329151259,-9.59934616188319,6.15832593455607));
#6504=CARTESIAN_POINT('Ctrl Pts',(-14.6446609882682,-10.,6.15079487310529));
#6505=CARTESIAN_POINT('Ctrl Pts',(-14.2197796558343,-9.99999999999986,6.02160613668815));
#6506=CARTESIAN_POINT('Ctrl Pts',(-14.1638120272136,-9.56368426497139,6.00849505332135));
#6507=CARTESIAN_POINT('Ctrl Pts',(-14.6783547211753,-10.,5.99625244139496));
#6508=CARTESIAN_POINT('Ctrl Pts',(-14.2197459439579,-10.0000000000005,5.92629136349373));
#6509=CARTESIAN_POINT('Ctrl Pts',(-14.1797614105017,-9.5431285205917,5.92506000864178));
#6510=CARTESIAN_POINT('Ctrl Pts',(-14.6783547212081,-10.,5.84107049076407));
#6511=CARTESIAN_POINT('Ctrl Pts',(-14.1997088500807,-10.,5.84107049076407));
#6512=CARTESIAN_POINT('Ctrl Pts',(-14.1788306104172,-9.52180969368267,5.84107049076407));
#6513=CARTESIAN_POINT('Ctrl Pts',(-14.6665853085872,-10.,5.99998824674316));
#6514=CARTESIAN_POINT('Ctrl Pts',(-14.6477370318816,-10.,6.00266619828557));
#6515=CARTESIAN_POINT('Ctrl Pts',(-14.6289355775796,-9.99899739594659,6.00553631663331));
#6516=CARTESIAN_POINT('Ctrl Pts',(-14.6103253733381,-9.99705085607217,6.00870677438574));
#6517=CARTESIAN_POINT('Ctrl Pts',(-14.5917890528827,-9.99511204409443,6.01186464520365));
#6518=CARTESIAN_POINT('Ctrl Pts',(-14.5734433143582,-9.99223723427223,6.01532025171621));
#6519=CARTESIAN_POINT('Ctrl Pts',(-14.5554034730722,-9.98852302333426,6.01916008886648));
#6520=CARTESIAN_POINT('Ctrl Pts',(-14.5375353337075,-9.98484416399078,6.02296337872093));
#6521=CARTESIAN_POINT('Ctrl Pts',(-14.5199679251305,-9.98034246113347,6.02714339110578));
#6522=CARTESIAN_POINT('Ctrl Pts',(-14.5027753917296,-9.97514132954399,6.03176758726697));
#6523=CARTESIAN_POINT('Ctrl Pts',(-14.4857260283072,-9.96998351012268,6.03635327566147));
#6524=CARTESIAN_POINT('Ctrl Pts',(-14.4690457362101,-9.96413857576988,6.04137563890059));
#6525=CARTESIAN_POINT('Ctrl Pts',(-14.4527616236128,-9.95774584908192,6.04688687839492));
#6526=CARTESIAN_POINT('Ctrl Pts',(-14.4366964073392,-9.95143905549972,6.05232403402027));
#6527=CARTESIAN_POINT('Ctrl Pts',(-14.4210169533196,-9.94459978690613,6.05823699624739));
#6528=CARTESIAN_POINT('Ctrl Pts',(-14.405700968507,-9.9373699017563,6.06466381320032));
#6529=CARTESIAN_POINT('Ctrl Pts',(-14.3961141217748,-9.93284444670589,6.06868659788292));
#6530=CARTESIAN_POINT('Ctrl Pts',(-14.3866687028029,-9.92816606924151,6.07291048390182));
#6531=CARTESIAN_POINT('Ctrl Pts',(-14.3773491394193,-9.92336943422209,6.07734219107984));
#6532=CARTESIAN_POINT('Ctrl Pts',(-14.363749318833,-9.91636981707303,6.08380927757638));
#6533=CARTESIAN_POINT('Ctrl Pts',(-14.3504257248567,-9.9091345617426,6.09079277849166));
#6534=CARTESIAN_POINT('Ctrl Pts',(-14.3373869924307,-9.9018292489461,6.0982271233664));
#6535=CARTESIAN_POINT('Ctrl Pts',(-14.3238980972998,-9.8942717199632,6.10591813926467));
#6536=CARTESIAN_POINT('Ctrl Pts',(-14.310714079165,-9.88664033024209,6.11409215630982));
#6537=CARTESIAN_POINT('Ctrl Pts',(-14.2977891139941,-9.87911710637824,6.12268968400495));
#6538=CARTESIAN_POINT('Ctrl Pts',(-14.2870508218105,-9.87286667746454,6.12983266375199));
#6539=CARTESIAN_POINT('Ctrl Pts',(-14.2764901123742,-9.86669110453915,6.137268385011));
#6540=CARTESIAN_POINT('Ctrl Pts',(-14.2660548222171,-9.86068633373023,6.14496521102867));
#6541=CARTESIAN_POINT('Ctrl Pts',(-14.263111762165,-9.85899281099883,6.14713594330728));
#6542=CARTESIAN_POINT('Ctrl Pts',(-14.2601785496119,-9.85731279715319,6.14932710684102));
#6543=CARTESIAN_POINT('Ctrl Pts',(-14.2572539512582,-9.85564828157752,6.15153798053482));
#6544=CARTESIAN_POINT('Ctrl Pts',(-14.243446705228,-9.84778997992555,6.1619756794391));
#6545=CARTESIAN_POINT('Ctrl Pts',(-14.2298166716839,-9.84026204956607,6.1728372423132));
#6546=CARTESIAN_POINT('Ctrl Pts',(-14.216197810267,-9.83316915716254,6.18396419760587));
#6547=CARTESIAN_POINT('Ctrl Pts',(-14.2023009974471,-9.82593150380332,6.19531824624641));
#6548=CARTESIAN_POINT('Ctrl Pts',(-14.1884147236914,-9.81914644285653,6.20694892016097));
#6549=CARTESIAN_POINT('Ctrl Pts',(-14.1743777885976,-9.81287276871992,6.21868325328019));
#6550=CARTESIAN_POINT('Ctrl Pts',(-14.1644700259989,-9.80844458881086,6.22696575840133));
#6551=CARTESIAN_POINT('Ctrl Pts',(-14.1544875674712,-9.804270040094,6.23529976734612));
#6552=CARTESIAN_POINT('Ctrl Pts',(-14.1443818645189,-9.80035663222418,6.24362253558922));
#6553=CARTESIAN_POINT('Ctrl Pts',(-14.1299399179332,-9.79476402499128,6.25551651020735));
#6554=CARTESIAN_POINT('Ctrl Pts',(-14.1152790713227,-9.78972377378366,6.26736461892247));
#6555=CARTESIAN_POINT('Ctrl Pts',(-14.1002679806264,-9.78520111323977,6.27898491853967));
#6556=CARTESIAN_POINT('Ctrl Pts',(-14.0845174670762,-9.78045567350987,6.2911776159446));
#6557=CARTESIAN_POINT('Ctrl Pts',(-14.0683811271064,-9.77627929780823,6.30311916939759));
#6558=CARTESIAN_POINT('Ctrl Pts',(-14.0517568509078,-9.7726039349684,6.31459278104943));
#6559=CARTESIAN_POINT('Ctrl Pts',(-14.0470184858367,-9.77155635787719,6.31786306843159));
#6560=CARTESIAN_POINT('Ctrl Pts',(-14.0422407853122,-9.77054935726608,6.32109531935758));
#6561=CARTESIAN_POINT('Ctrl Pts',(-14.0374220939755,-9.76958110205407,6.32428448617293));
#6562=CARTESIAN_POINT('Ctrl Pts',(-14.0195999174361,-9.76599996059518,6.3360797828675));
#6563=CARTESIAN_POINT('Ctrl Pts',(-14.0012216015071,-9.76294855810158,6.34727351962888));
#6564=CARTESIAN_POINT('Ctrl Pts',(-13.9823018844288,-9.76033740158116,6.35767656096333));
#6565=CARTESIAN_POINT('Ctrl Pts',(-13.9624269466107,-9.75759441270548,6.36860483218357));
#6566=CARTESIAN_POINT('Ctrl Pts',(-13.9419550141835,-9.75533642211212,6.37866001703085));
#6567=CARTESIAN_POINT('Ctrl Pts',(-13.9209586995805,-9.75346279535629,6.38763962129869));
#6568=CARTESIAN_POINT('Ctrl Pts',(-13.9081484601887,-9.75231966106215,6.39311824373746));
#6569=CARTESIAN_POINT('Ctrl Pts',(-13.8951440683392,-9.75131973428251,6.39819685270583));
#6570=CARTESIAN_POINT('Ctrl Pts',(-13.8819701826618,-9.75044249856559,6.40283354945319));
#6571=CARTESIAN_POINT('Ctrl Pts',(-13.858195062923,-9.74885933739966,6.41120146937149));
#6572=CARTESIAN_POINT('Ctrl Pts',(-13.8339885053789,-9.74764470637003,6.41806596718251));
#6573=CARTESIAN_POINT('Ctrl Pts',(-13.8094614228804,-9.74673373762478,6.42329514197913));
#6574=CARTESIAN_POINT('Ctrl Pts',(-13.781016306387,-9.74567724784121,6.42935964175253));
#6575=CARTESIAN_POINT('Ctrl Pts',(-13.7521697736911,-9.74502805946878,6.4332202464016));
#6576=CARTESIAN_POINT('Ctrl Pts',(-13.7231644568181,-9.74475904171834,6.43489711483037));
#6577=CARTESIAN_POINT('Ctrl Pts',(-13.6926856120893,-9.74447635733049,6.43665917151449));
#6578=CARTESIAN_POINT('Ctrl Pts',(-13.6620317072817,-9.74461337822244,6.43600952070031));
#6579=CARTESIAN_POINT('Ctrl Pts',(-13.6314983696672,-9.74519262875254,6.43295277347709));
#6580=CARTESIAN_POINT('Ctrl Pts',(-13.6118581470229,-9.74556522507731,6.43098655554215));
#6581=CARTESIAN_POINT('Ctrl Pts',(-13.5922680969643,-9.74612193157957,6.42802409991194));
#6582=CARTESIAN_POINT('Ctrl Pts',(-13.5728087783173,-9.74687928162365,6.42406320130025));
#6583=CARTESIAN_POINT('Ctrl Pts',(13.4663658497217,-10.,-6.84570805921935));
#6584=CARTESIAN_POINT('Ctrl Pts',(13.5540309251129,-10.,-6.47740083911878));
#6585=CARTESIAN_POINT('Ctrl Pts',(13.5778039267747,-9.63558992310063,-6.3775233438171));
#6586=CARTESIAN_POINT('Ctrl Pts',(13.6118153769315,-10.,-6.88032818898658));
#6587=CARTESIAN_POINT('Ctrl Pts',(13.6409825108282,-10.0000000000006,-6.50449950160442));
#6588=CARTESIAN_POINT('Ctrl Pts',(13.6508718272318,-9.64325470874902,-6.39713486404795));
#6589=CARTESIAN_POINT('Ctrl Pts',(13.7641752729282,-10.,-6.88064400781763));
#6590=CARTESIAN_POINT('Ctrl Pts',(13.7358313518094,-10.,-6.50738420840268));
#6591=CARTESIAN_POINT('Ctrl Pts',(13.7271781422587,-9.64634332990773,-6.39821734015834));
#6592=CARTESIAN_POINT('Ctrl Pts',(14.0535980586451,-10.,-6.81267429337102));
#6593=CARTESIAN_POINT('Ctrl Pts',(13.9124119866756,-10.,-6.46295934970758));
#6594=CARTESIAN_POINT('Ctrl Pts',(13.8717345006223,-9.6427924561894,-6.3631672208196));
#6595=CARTESIAN_POINT('Ctrl Pts',(14.1904229951632,-10.,-6.7444213034294));
#6596=CARTESIAN_POINT('Ctrl Pts',(13.9949123411553,-10.,-6.4152911895299));
#6597=CARTESIAN_POINT('Ctrl Pts',(13.9398570307135,-9.63615178036689,-6.32704852310201));
#6598=CARTESIAN_POINT('Ctrl Pts',(14.4218937333787,-10.,-6.55255139019816));
#6599=CARTESIAN_POINT('Ctrl Pts',(14.1245040390763,-10.,-6.28455527976307));
#6600=CARTESIAN_POINT('Ctrl Pts',(14.0546436376064,-9.61442155303779,-6.22459449828765));
#6601=CARTESIAN_POINT('Ctrl Pts',(14.5163887000027,-10.,-6.42905949742785));
#6602=CARTESIAN_POINT('Ctrl Pts',(14.1716033953374,-10.0000000000001,-6.20037200113372));
#6603=CARTESIAN_POINT('Ctrl Pts',(14.1012329151259,-9.59934616188317,-6.15832593455612));
#6604=CARTESIAN_POINT('Ctrl Pts',(14.6446609882682,-10.,-6.15079487310528));
#6605=CARTESIAN_POINT('Ctrl Pts',(14.2197796558344,-9.99999999999987,-6.02160613668809));
#6606=CARTESIAN_POINT('Ctrl Pts',(14.1638120272136,-9.56368426497141,-6.0084950533213));
#6607=CARTESIAN_POINT('Ctrl Pts',(14.6783547211753,-10.,-5.99625244139496));
#6608=CARTESIAN_POINT('Ctrl Pts',(14.2197459439576,-10.0000000000005,-5.92629136349384));
#6609=CARTESIAN_POINT('Ctrl Pts',(14.1797614105017,-9.54312852059138,-5.9250600086419));
#6610=CARTESIAN_POINT('Ctrl Pts',(14.6783547212081,-10.,-5.84107049076407));
#6611=CARTESIAN_POINT('Ctrl Pts',(14.1997088500807,-10.,-5.84107049076407));
#6612=CARTESIAN_POINT('Ctrl Pts',(14.1788306104172,-9.52180969368267,-5.84107049076407));
#6613=CARTESIAN_POINT('Ctrl Pts',(14.6665853085872,-10.,-5.99998824674316));
#6614=CARTESIAN_POINT('Ctrl Pts',(14.6477370318816,-10.,-6.00266619828557));
#6615=CARTESIAN_POINT('Ctrl Pts',(14.6289355775797,-9.99899739594659,-6.00553631663331));
#6616=CARTESIAN_POINT('Ctrl Pts',(14.6103253733382,-9.99705085607217,-6.00870677438574));
#6617=CARTESIAN_POINT('Ctrl Pts',(14.5917890528827,-9.99511204409443,-6.01186464520365));
#6618=CARTESIAN_POINT('Ctrl Pts',(14.5734433143582,-9.99223723427224,-6.0153202517162));
#6619=CARTESIAN_POINT('Ctrl Pts',(14.5554034730722,-9.98852302333427,-6.01916008886647));
#6620=CARTESIAN_POINT('Ctrl Pts',(14.5375353337075,-9.9848441639908,-6.02296337872091));
#6621=CARTESIAN_POINT('Ctrl Pts',(14.5199679251306,-9.9803424611335,-6.02714339110576));
#6622=CARTESIAN_POINT('Ctrl Pts',(14.5027753917297,-9.97514132954402,-6.03176758726695));
#6623=CARTESIAN_POINT('Ctrl Pts',(14.4857260283073,-9.96998351012271,-6.03635327566144));
#6624=CARTESIAN_POINT('Ctrl Pts',(14.4690457362103,-9.96413857576993,-6.04137563890054));
#6625=CARTESIAN_POINT('Ctrl Pts',(14.452761623613,-9.95774584908198,-6.04688687839486));
#6626=CARTESIAN_POINT('Ctrl Pts',(14.4366964073394,-9.9514390554998,-6.0523240340202));
#6627=CARTESIAN_POINT('Ctrl Pts',(14.4210169533198,-9.94459978690623,-6.0582369962473));
#6628=CARTESIAN_POINT('Ctrl Pts',(14.4057009685072,-9.93736990175642,-6.06466381320021));
#6629=CARTESIAN_POINT('Ctrl Pts',(14.396114121775,-9.93284444670596,-6.06868659788284));
#6630=CARTESIAN_POINT('Ctrl Pts',(14.386668702803,-9.92816606924154,-6.07291048390178));
#6631=CARTESIAN_POINT('Ctrl Pts',(14.3773491394193,-9.92336943422209,-6.07734219107984));
#6632=CARTESIAN_POINT('Ctrl Pts',(14.363749318833,-9.91636981707303,-6.08380927757637));
#6633=CARTESIAN_POINT('Ctrl Pts',(14.3504257248568,-9.90913456174261,-6.09079277849164));
#6634=CARTESIAN_POINT('Ctrl Pts',(14.3373869924307,-9.90182924894612,-6.09822712336637));
#6635=CARTESIAN_POINT('Ctrl Pts',(14.3238980972999,-9.89427171996326,-6.1059181392646));
#6636=CARTESIAN_POINT('Ctrl Pts',(14.3107140791652,-9.88664033024219,-6.11409215630971));
#6637=CARTESIAN_POINT('Ctrl Pts',(14.2977891139943,-9.87911710637838,-6.12268968400479));
#6638=CARTESIAN_POINT('Ctrl Pts',(14.2870508218106,-9.87286667746463,-6.12983266375188));
#6639=CARTESIAN_POINT('Ctrl Pts',(14.2764901123743,-9.86669110453919,-6.13726838501095));
#6640=CARTESIAN_POINT('Ctrl Pts',(14.2660548222171,-9.86068633373023,-6.14496521102867));
#6641=CARTESIAN_POINT('Ctrl Pts',(14.263111762165,-9.85899281099883,-6.14713594330728));
#6642=CARTESIAN_POINT('Ctrl Pts',(14.2601785496119,-9.85731279715319,-6.14932710684102));
#6643=CARTESIAN_POINT('Ctrl Pts',(14.2572539512582,-9.85564828157752,-6.15153798053482));
#6644=CARTESIAN_POINT('Ctrl Pts',(14.243446705228,-9.84778997992555,-6.1619756794391));
#6645=CARTESIAN_POINT('Ctrl Pts',(14.2298166716839,-9.84026204956607,-6.1728372423132));
#6646=CARTESIAN_POINT('Ctrl Pts',(14.2161978102669,-9.83316915716254,-6.18396419760587));
#6647=CARTESIAN_POINT('Ctrl Pts',(14.2023009974471,-9.82593150380331,-6.19531824624644));
#6648=CARTESIAN_POINT('Ctrl Pts',(14.1884147236913,-9.81914644285651,-6.20694892016102));
#6649=CARTESIAN_POINT('Ctrl Pts',(14.1743777885975,-9.81287276871989,-6.21868325328026));
#6650=CARTESIAN_POINT('Ctrl Pts',(14.1644700259989,-9.80844458881085,-6.22696575840137));
#6651=CARTESIAN_POINT('Ctrl Pts',(14.1544875674711,-9.804270040094,-6.23529976734614));
#6652=CARTESIAN_POINT('Ctrl Pts',(14.1443818645189,-9.80035663222418,-6.24362253558921));
#6653=CARTESIAN_POINT('Ctrl Pts',(14.1299399179332,-9.79476402499129,-6.25551651020734));
#6654=CARTESIAN_POINT('Ctrl Pts',(14.1152790713227,-9.78972377378367,-6.26736461892246));
#6655=CARTESIAN_POINT('Ctrl Pts',(14.1002679806264,-9.78520111323979,-6.27898491853965));
#6656=CARTESIAN_POINT('Ctrl Pts',(14.0845174670763,-9.78045567350989,-6.29117761594457));
#6657=CARTESIAN_POINT('Ctrl Pts',(14.0683811271064,-9.77627929780825,-6.30311916939755));
#6658=CARTESIAN_POINT('Ctrl Pts',(14.0517568509079,-9.77260393496842,-6.31459278104938));
#6659=CARTESIAN_POINT('Ctrl Pts',(14.0470184858368,-9.7715563578772,-6.31786306843156));
#6660=CARTESIAN_POINT('Ctrl Pts',(14.0422407853123,-9.77054935726609,-6.32109531935756));
#6661=CARTESIAN_POINT('Ctrl Pts',(14.0374220939755,-9.76958110205407,-6.32428448617293));
#6662=CARTESIAN_POINT('Ctrl Pts',(14.0195999174362,-9.76599996059519,-6.33607978286744));
#6663=CARTESIAN_POINT('Ctrl Pts',(14.0012216015073,-9.7629485581016,-6.34727351962877));
#6664=CARTESIAN_POINT('Ctrl Pts',(13.9823018844291,-9.76033740158119,-6.35767656096317));
#6665=CARTESIAN_POINT('Ctrl Pts',(13.9624269466112,-9.75759441270553,-6.36860483218334));
#6666=CARTESIAN_POINT('Ctrl Pts',(13.9419550141841,-9.75533642211218,-6.37866001703057));
#6667=CARTESIAN_POINT('Ctrl Pts',(13.9209586995813,-9.75346279535635,-6.38763962129837));
#6668=CARTESIAN_POINT('Ctrl Pts',(13.9081484601892,-9.75231966106218,-6.39311824373726));
#6669=CARTESIAN_POINT('Ctrl Pts',(13.8951440683395,-9.75131973428253,-6.39819685270575));
#6670=CARTESIAN_POINT('Ctrl Pts',(13.8819701826618,-9.75044249856559,-6.4028335494532));
#6671=CARTESIAN_POINT('Ctrl Pts',(13.858195062923,-9.74885933739966,-6.41120146937149));
#6672=CARTESIAN_POINT('Ctrl Pts',(13.8339885053789,-9.74764470637003,-6.41806596718251));
#6673=CARTESIAN_POINT('Ctrl Pts',(13.8094614228804,-9.74673373762479,-6.42329514197914));
#6674=CARTESIAN_POINT('Ctrl Pts',(13.7810163063876,-9.74567724784125,-6.42935964175239));
#6675=CARTESIAN_POINT('Ctrl Pts',(13.7521697736924,-9.74502805946881,-6.43322024640143));
#6676=CARTESIAN_POINT('Ctrl Pts',(13.72316445682,-9.74475904171836,-6.43489711483026));
#6677=CARTESIAN_POINT('Ctrl Pts',(13.6926856120882,-9.74447635733046,-6.43665917151466));
#6678=CARTESIAN_POINT('Ctrl Pts',(13.6620317072775,-9.74461337822245,-6.43600952070027));
#6679=CARTESIAN_POINT('Ctrl Pts',(13.6314983696599,-9.74519262875268,-6.43295277347636));
#6680=CARTESIAN_POINT('Ctrl Pts',(13.6118581470181,-9.74556522507745,-6.43098655554141));
#6681=CARTESIAN_POINT('Ctrl Pts',(13.5922680969619,-9.74612193157967,-6.42802409991145));
#6682=CARTESIAN_POINT('Ctrl Pts',(13.5728087783173,-9.74687928162365,-6.42406320130025));
#6683=CARTESIAN_POINT('Origin',(14.6783547212081,-9.5,-5.84107049076407));
#6684=CARTESIAN_POINT('Origin',(14.6783547212081,-9.5,6.5));
#6685=CARTESIAN_POINT('Origin',(14.6783547212081,-9.5,5.84107049076407));
#6686=CARTESIAN_POINT('Ctrl Pts',(14.6783547212081,-10.,5.84107049076407));
#6687=CARTESIAN_POINT('Ctrl Pts',(14.1997088500807,-10.,5.84107049076407));
#6688=CARTESIAN_POINT('Ctrl Pts',(14.1788306104172,-9.52180969368267,5.84107049076407));
#6689=CARTESIAN_POINT('Ctrl Pts',(14.6783547211557,-10.,6.088599066624));
#6690=CARTESIAN_POINT('Ctrl Pts',(14.2313372884081,-10.0000000000008,5.97559115198638));
#6691=CARTESIAN_POINT('Ctrl Pts',(14.1803154752549,-9.55581868979655,5.97505531081493));
#6692=CARTESIAN_POINT('Ctrl Pts',(14.5909165718178,-10.,6.33299862659566));
#6693=CARTESIAN_POINT('Ctrl Pts',(14.2098806833354,-10.,6.13587413223204));
#6694=CARTESIAN_POINT('Ctrl Pts',(14.1379857441537,-9.58763988973786,6.10678361749645));
#6695=CARTESIAN_POINT('Ctrl Pts',(14.282137529923,-10.,6.70368263333047));
#6696=CARTESIAN_POINT('Ctrl Pts',(14.0517290527064,-10.,6.38449952808283));
#6697=CARTESIAN_POINT('Ctrl Pts',(13.9855500105359,-9.6323889766677,6.30555034694276));
#6698=CARTESIAN_POINT('Ctrl Pts',(14.0625147681815,-10.,6.82788833245581));
#6699=CARTESIAN_POINT('Ctrl Pts',(13.9184814477569,-10.,6.4740517602755));
#6700=CARTESIAN_POINT('Ctrl Pts',(13.8762918911448,-9.6450607477789,6.37145472786952));
#6701=CARTESIAN_POINT('Ctrl Pts',(13.8278939629511,-10.,6.86203421779294));
#6702=CARTESIAN_POINT('Ctrl Pts',(13.7744784709522,-10.,6.49500944617371));
#6703=CARTESIAN_POINT('Ctrl Pts',(13.7589814885257,-9.64506074779573,6.38852767051242));
#6704=CARTESIAN_POINT('Ctrl Pts',(13.7651580286319,-9.74556698515061,6.43096786115284));
#6705=CARTESIAN_POINT('Ctrl Pts',(13.7817066117513,-9.74592319438633,6.42874372784225));
#6706=CARTESIAN_POINT('Ctrl Pts',(13.7976923998549,-9.74638670421384,6.4258850751811));
#6707=CARTESIAN_POINT('Ctrl Pts',(13.8127238754508,-9.74693486257207,6.42260654488298));
#6708=CARTESIAN_POINT('Ctrl Pts',(13.819546788821,-9.74718367626755,6.4211183923684));
#6709=CARTESIAN_POINT('Ctrl Pts',(13.826172543234,-9.74744996964218,6.41954354385336));
#6710=CARTESIAN_POINT('Ctrl Pts',(13.8325607081399,-9.74773175768917,6.41790170491835));
#6711=CARTESIAN_POINT('Ctrl Pts',(13.8494414989354,-9.74847638547194,6.41356312881866));
#6712=CARTESIAN_POINT('Ctrl Pts',(13.8650364992949,-9.74932876581712,6.40878381014697));
#6713=CARTESIAN_POINT('Ctrl Pts',(13.8795312990566,-9.75026892030499,6.40376029279207));
#6714=CARTESIAN_POINT('Ctrl Pts',(13.8925300871725,-9.75111204123008,6.39925525382867));
#6715=CARTESIAN_POINT('Ctrl Pts',(13.9046425837766,-9.75202593012638,6.39455265750017));
#6716=CARTESIAN_POINT('Ctrl Pts',(13.9159753093485,-9.75299515429714,6.38981721174916));
#6717=CARTESIAN_POINT('Ctrl Pts',(13.9332181640417,-9.75446983851459,6.38261218393181));
#6718=CARTESIAN_POINT('Ctrl Pts',(13.9488538859729,-9.75606760126099,6.37533099936629));
#6719=CARTESIAN_POINT('Ctrl Pts',(13.9632428343318,-9.75779366741475,6.36799340085287));
#6720=CARTESIAN_POINT('Ctrl Pts',(13.9738774603609,-9.75906937343501,6.36257030708702));
#6721=CARTESIAN_POINT('Ctrl Pts',(13.9838289584608,-9.76041522879343,6.35711688753474));
#6722=CARTESIAN_POINT('Ctrl Pts',(13.9932664211433,-9.7618313592045,6.35165978131775));
#6723=CARTESIAN_POINT('Ctrl Pts',(14.0015521103032,-9.7630746612223,6.346868675133));
#6724=CARTESIAN_POINT('Ctrl Pts',(14.0094406478719,-9.76437217069509,6.34207475077813));
#6725=CARTESIAN_POINT('Ctrl Pts',(14.0170841463234,-9.76572160284037,6.33731045471474));
#6726=CARTESIAN_POINT('Ctrl Pts',(14.0181466504757,-9.76590918412485,6.33664818149235));
#6727=CARTESIAN_POINT('Ctrl Pts',(14.0192044986801,-9.76609776400449,6.33598650607196));
#6728=CARTESIAN_POINT('Ctrl Pts',(14.0202581821251,-9.76628733146054,6.33532554114194));
#6729=CARTESIAN_POINT('Ctrl Pts',(14.0216130822321,-9.76653109059684,6.33447562605724));
#6730=CARTESIAN_POINT('Ctrl Pts',(14.0229610948827,-9.76677653209492,6.3336259626474));
#6731=CARTESIAN_POINT('Ctrl Pts',(14.0243022381231,-9.76702368785566,6.33277653809965));
#6732=CARTESIAN_POINT('Ctrl Pts',(14.0327433059528,-9.76857927004708,6.32743031555777));
#6733=CARTESIAN_POINT('Ctrl Pts',(14.0417471715768,-9.77035178489071,6.32155912642817));
#6734=CARTESIAN_POINT('Ctrl Pts',(14.0510155878456,-9.77236387353375,6.31526250498044));
#6735=CARTESIAN_POINT('Ctrl Pts',(14.0581756989782,-9.7739182683597,6.31039818857312));
#6736=CARTESIAN_POINT('Ctrl Pts',(14.0654915597768,-9.77561568608517,6.3052808015598));
#6737=CARTESIAN_POINT('Ctrl Pts',(14.0728437714658,-9.77746480463979,6.29996352771654));
#6738=CARTESIAN_POINT('Ctrl Pts',(14.0792988348114,-9.77908828583273,6.29529509038964));
#6739=CARTESIAN_POINT('Ctrl Pts',(14.0857808740547,-9.78082873564828,6.29047288080539));
#6740=CARTESIAN_POINT('Ctrl Pts',(14.0922432886325,-9.78269001315621,6.28553303134767));
#6741=CARTESIAN_POINT('Ctrl Pts',(14.0981405269388,-9.78438851096789,6.28102520086126));
#6742=CARTESIAN_POINT('Ctrl Pts',(14.1040206682101,-9.78618765159238,6.27641960397585));
#6743=CARTESIAN_POINT('Ctrl Pts',(14.1098906187796,-9.78808819578782,6.2717405550477));
#6744=CARTESIAN_POINT('Ctrl Pts',(14.1152047153545,-9.78980876826622,6.26750458788094));
#6745=CARTESIAN_POINT('Ctrl Pts',(14.1205101179998,-9.79161245801615,6.26320853284282));
#6746=CARTESIAN_POINT('Ctrl Pts',(14.1258552369763,-9.79349775118435,6.25886573512817));
#6747=CARTESIAN_POINT('Ctrl Pts',(14.1277024219733,-9.79414927742175,6.25736493583468));
#6748=CARTESIAN_POINT('Ctrl Pts',(14.1295547817391,-9.79481052914117,6.25585850247889));
#6749=CARTESIAN_POINT('Ctrl Pts',(14.1314158075728,-9.79548137451407,6.25434679955592));
#6750=CARTESIAN_POINT('Ctrl Pts',(14.1406493172261,-9.79880978463842,6.24684646115142));
#6751=CARTESIAN_POINT('Ctrl Pts',(14.1499796345194,-9.80237874882758,6.23919749819776));
#6752=CARTESIAN_POINT('Ctrl Pts',(14.1592848729525,-9.80619055686271,6.23151133396607));
#6753=CARTESIAN_POINT('Ctrl Pts',(14.1674503267915,-9.80953546229181,6.22476663637621));
#6754=CARTESIAN_POINT('Ctrl Pts',(14.175595544784,-9.81306736523135,6.21799388904519));
#6755=CARTESIAN_POINT('Ctrl Pts',(14.1836760994367,-9.81678334522847,6.21125905516209));
#6756=CARTESIAN_POINT('Ctrl Pts',(14.190797671988,-9.82005832105457,6.2053234962578));
#6757=CARTESIAN_POINT('Ctrl Pts',(14.1978686679013,-9.82347626262596,6.1994176563397));
#6758=CARTESIAN_POINT('Ctrl Pts',(14.2048978265576,-9.82703154928564,6.19357366279077));
#6759=CARTESIAN_POINT('Ctrl Pts',(14.2077761853487,-9.82848739786041,6.19118061533957));
#6760=CARTESIAN_POINT('Ctrl Pts',(14.2106480501612,-9.82996623179251,6.18879775297151));
#6761=CARTESIAN_POINT('Ctrl Pts',(14.2135164836601,-9.83146746273699,6.18642637484702));
#6762=CARTESIAN_POINT('Ctrl Pts',(14.2199195602417,-9.83481859383628,6.18113285288071));
#6763=CARTESIAN_POINT('Ctrl Pts',(14.2262726984555,-9.83826537341889,6.17592157046923));
#6764=CARTESIAN_POINT('Ctrl Pts',(14.2326357839231,-9.8417924275063,6.17079620045514));
#6765=CARTESIAN_POINT('Ctrl Pts',(14.2389988693908,-9.84531948159371,6.16567083044105));
#6766=CARTESIAN_POINT('Ctrl Pts',(14.2453714570967,-9.84892682747474,6.1606316009788));
#6767=CARTESIAN_POINT('Ctrl Pts',(14.2518638216151,-9.85259641837612,6.15565868956307));
#6768=CARTESIAN_POINT('Ctrl Pts',(14.2611603450405,-9.85785096588029,6.14853789600044));
#6769=CARTESIAN_POINT('Ctrl Pts',(14.2705475254289,-9.86324775636454,6.14159856221562));
#6770=CARTESIAN_POINT('Ctrl Pts',(14.2800178558169,-9.86873458089983,6.13490250070682));
#6771=CARTESIAN_POINT('Ctrl Pts',(14.2892193293237,-9.87406563784609,6.1283965362843));
#6772=CARTESIAN_POINT('Ctrl Pts',(14.2984991063323,-9.87948170043981,6.12212043685303));
#6773=CARTESIAN_POINT('Ctrl Pts',(14.3078870069589,-9.88492581595904,6.11609986326166));
#6774=CARTESIAN_POINT('Ctrl Pts',(14.316992433802,-9.89020612276643,6.11026044350531));
#6775=CARTESIAN_POINT('Ctrl Pts',(14.326199482573,-9.89551281534679,6.1046615165816));
#6776=CARTESIAN_POINT('Ctrl Pts',(14.335572407005,-9.90078523761959,6.09929459347987));
#6777=CARTESIAN_POINT('Ctrl Pts',(14.3369826206475,-9.90157850570491,6.09848710716852));
#6778=CARTESIAN_POINT('Ctrl Pts',(14.3383966608515,-9.90237098161649,6.09768481054143));
#6779=CARTESIAN_POINT('Ctrl Pts',(14.3398148236937,-9.90316244119151,6.09688760749309));
#6780=CARTESIAN_POINT('Ctrl Pts',(14.3520344719116,-9.90998207945739,6.09001848039472));
#6781=CARTESIAN_POINT('Ctrl Pts',(14.3645832764977,-9.91674692457853,6.0834933103034));
#6782=CARTESIAN_POINT('Ctrl Pts',(14.3774732756398,-9.92335363821607,6.07735177904208));
#6783=CARTESIAN_POINT('Ctrl Pts',(14.3900195904114,-9.92978419790723,6.07137399862996));
#6784=CARTESIAN_POINT('Ctrl Pts',(14.402889117015,-9.93606489673381,6.06575977707742));
#6785=CARTESIAN_POINT('Ctrl Pts',(14.4161169294966,-9.94209394865786,6.06050522594966));
#6786=CARTESIAN_POINT('Ctrl Pts',(14.4306826433557,-9.94873279731778,6.05471921346337));
#6787=CARTESIAN_POINT('Ctrl Pts',(14.4455188420706,-9.95499008367452,6.04943218604532));
#6788=CARTESIAN_POINT('Ctrl Pts',(14.460679835509,-9.96075384498391,6.04455415733672));
#6789=CARTESIAN_POINT('Ctrl Pts',(14.4741722545843,-9.96588326366957,6.04021299012594));
#6790=CARTESIAN_POINT('Ctrl Pts',(14.4879224447896,-9.97062178419103,6.03619474559327));
#6791=CARTESIAN_POINT('Ctrl Pts',(14.5019820749125,-9.97489543425589,6.03240442993206));
#6792=CARTESIAN_POINT('Ctrl Pts',(14.5209609861405,-9.98066437870831,6.02728793228372));
#6793=CARTESIAN_POINT('Ctrl Pts',(14.5402113080008,-9.98554303989069,6.02269108654014));
#6794=CARTESIAN_POINT('Ctrl Pts',(14.5597075714022,-9.989411406818,6.01854527376306));
#6795=CARTESIAN_POINT('Ctrl Pts',(14.5799106257425,-9.99342001224313,6.01424916434479));
#6796=CARTESIAN_POINT('Ctrl Pts',(14.6003781795851,-9.99634323816359,6.01043678321325));
#6797=CARTESIAN_POINT('Ctrl Pts',(14.621090107918,-9.99808684469099,6.00699159005328));
#6798=CARTESIAN_POINT('Ctrl Pts',(14.6361112478279,-9.99935137965728,6.00449299467187));
#6799=CARTESIAN_POINT('Ctrl Pts',(14.6512611285554,-9.99999629069014,6.00218660717848));
#6800=CARTESIAN_POINT('Ctrl Pts',(14.666532614131,-9.99999998401948,6.00001875632202));
#6801=CARTESIAN_POINT('Origin',(0.,-10.0733844181518,-6.));
#6802=CARTESIAN_POINT('Origin',(-12.2010075126454,-10.0733844181518,-6.));
#6803=CARTESIAN_POINT('Ctrl Pts',(-13.5128507019595,-9.92970363755618,-6.47894390504325));
#6804=CARTESIAN_POINT('Ctrl Pts',(-13.5169517212853,-9.94026092053287,-6.48211443798828));
#6805=CARTESIAN_POINT('Ctrl Pts',(-13.5210921244304,-9.95085631782273,-6.48490912344599));
#6806=CARTESIAN_POINT('Ctrl Pts',(-13.525299469682,-9.96149295278994,-6.48734735089635));
#6807=CARTESIAN_POINT('Ctrl Pts',(-13.5303018256586,-9.97413946295667,-6.49024630045463));
#6808=CARTESIAN_POINT('Ctrl Pts',(-13.5353977222321,-9.98684490845857,-6.49264054695115));
#6809=CARTESIAN_POINT('Ctrl Pts',(-13.5405664966904,-9.99959766541411,-6.49453909162603));
#6810=CARTESIAN_POINT('Ctrl Pts',(-13.54689377904,-10.0152087729688,-6.49686316831157));
#6811=CARTESIAN_POINT('Ctrl Pts',(-13.5533248102518,-10.0308916468288,-6.49844312625333));
#6812=CARTESIAN_POINT('Ctrl Pts',(-13.5597827977802,-10.0465866645164,-6.49928328876125));
#6813=CARTESIAN_POINT('Ctrl Pts',(-13.5634585121578,-10.0555198502678,-6.49976148686807));
#6814=CARTESIAN_POINT('Ctrl Pts',(-13.5671429465054,-10.0644562089183,-6.5));
#6815=CARTESIAN_POINT('Ctrl Pts',(-13.5708288144847,-10.0733798459408,-6.5));
#6816=CARTESIAN_POINT('Ctrl Pts',(-14.6666647708667,-10.,-6.));
#6817=CARTESIAN_POINT('Ctrl Pts',(-14.6666647708667,-10.,-6.5));
#6818=CARTESIAN_POINT('Ctrl Pts',(-14.6666647708667,-10.5,-6.5));
#6819=CARTESIAN_POINT('Ctrl Pts',(-14.6110213893308,-10.,-6.00789553608572));
#6820=CARTESIAN_POINT('Ctrl Pts',(-14.6114353253164,-10.0078368028112,-6.5));
#6821=CARTESIAN_POINT('Ctrl Pts',(-14.5578604501131,-10.4999999798602,-6.5));
#6822=CARTESIAN_POINT('Ctrl Pts',(-14.5566159957698,-9.9915013335991,-6.01762042530143));
#6823=CARTESIAN_POINT('Ctrl Pts',(-14.5550932092386,-10.0090993632758,-6.49999999999995));
#6824=CARTESIAN_POINT('Ctrl Pts',(-14.4519586034691,-10.4830026684648,-6.5));
#6825=CARTESIAN_POINT('Ctrl Pts',(-14.4473517522737,-9.95827837286339,-6.04700760364922));
#6826=CARTESIAN_POINT('Ctrl Pts',(-14.4319874450458,-9.99848305024897,-6.50000000000005));
#6827=CARTESIAN_POINT('Ctrl Pts',(-14.2458364366692,-10.4165567444602,-6.5));
#6828=CARTESIAN_POINT('Ctrl Pts',(-14.3949220016302,-9.93389691078355,-6.06580061597264));
#6829=CARTESIAN_POINT('Ctrl Pts',(-14.3691471594492,-9.98721642601968,-6.5));
#6830=CARTESIAN_POINT('Ctrl Pts',(-14.1490752514295,-10.3677937909182,-6.5));
#6831=CARTESIAN_POINT('Ctrl Pts',(-14.3122739975463,-9.88777679463715,-6.11231763658412));
#6832=CARTESIAN_POINT('Ctrl Pts',(-14.2585987246795,-9.95957177085161,-6.5));
#6833=CARTESIAN_POINT('Ctrl Pts',(-14.0160087271036,-10.2755536045988,-6.5));
#6834=CARTESIAN_POINT('Ctrl Pts',(-14.2839303032934,-9.87071002377956,-6.13106883101493));
#6835=CARTESIAN_POINT('Ctrl Pts',(-14.2201548149229,-9.94887003475485,-6.5));
#6836=CARTESIAN_POINT('Ctrl Pts',(-13.9734599342831,-10.2414199907478,-6.5));
#6837=CARTESIAN_POINT('Ctrl Pts',(-14.2198059734007,-9.83447325602917,-6.18020923143089));
#6838=CARTESIAN_POINT('Ctrl Pts',(-14.1339719495759,-9.92417605519022,-6.5));
#6839=CARTESIAN_POINT('Ctrl Pts',(-13.8932343424469,-10.1689465688696,-6.5));
#6840=CARTESIAN_POINT('Ctrl Pts',(-14.1859418713714,-9.81513306300311,-6.21003605281627));
#6841=CARTESIAN_POINT('Ctrl Pts',(-14.0885417871507,-9.91032916824124,-6.5));
#6842=CARTESIAN_POINT('Ctrl Pts',(-13.8554537126707,-10.1302657386485,-6.5));
#6843=CARTESIAN_POINT('Ctrl Pts',(-14.1041954944789,-9.78561522236511,-6.27640275088966));
#6844=CARTESIAN_POINT('Ctrl Pts',(-13.9959137581829,-9.88775219358365,-6.5));
#6845=CARTESIAN_POINT('Ctrl Pts',(-13.7997501831834,-10.0712306384091,-6.5));
#6846=CARTESIAN_POINT('Ctrl Pts',(-14.0727925516617,-9.7756565264883,-6.30229557961282));
#6847=CARTESIAN_POINT('Ctrl Pts',(-13.9628506777598,-9.88014876411648,-6.5));
#6848=CARTESIAN_POINT('Ctrl Pts',(-13.7814117009682,-10.0513119004886,-6.5));
#6849=CARTESIAN_POINT('Ctrl Pts',(-13.9940459352627,-9.76154610018219,-6.35175323844775));
#6850=CARTESIAN_POINT('Ctrl Pts',(-13.8941900674916,-9.86970760278766,-6.5));
#6851=CARTESIAN_POINT('Ctrl Pts',(-13.7523209845353,-10.0230927766084,-6.5));
#6852=CARTESIAN_POINT('Ctrl Pts',(-13.9625250677509,-9.75696195110901,-6.37035524368677));
#6853=CARTESIAN_POINT('Ctrl Pts',(-13.8687091159718,-9.86645177417217,-6.5));
#6854=CARTESIAN_POINT('Ctrl Pts',(-13.7423610302239,-10.013921581352,-6.5));
#6855=CARTESIAN_POINT('Ctrl Pts',(-13.8927140223308,-9.75099312175027,-6.39952966853215));
#6856=CARTESIAN_POINT('Ctrl Pts',(-13.8186364643065,-9.86250940042972,-6.5));
#6857=CARTESIAN_POINT('Ctrl Pts',(-13.7259986529989,-10.0019874039335,-6.5));
#6858=CARTESIAN_POINT('Ctrl Pts',(-13.8653223165791,-9.74916327104927,-6.40947272168845));
#6859=CARTESIAN_POINT('Ctrl Pts',(-13.7999790220327,-9.86136573859913,-6.5));
#6860=CARTESIAN_POINT('Ctrl Pts',(-13.7202834097801,-9.99832452463819,-6.5));
#6861=CARTESIAN_POINT('Ctrl Pts',(-13.7998139464545,-9.74626916616757,-6.42630806235605));
#6862=CARTESIAN_POINT('Ctrl Pts',(-13.7575978359741,-9.85963148822299,-6.5));
#6863=CARTESIAN_POINT('Ctrl Pts',(-13.7081733628553,-9.99254034979564,-6.5));
#6864=CARTESIAN_POINT('Ctrl Pts',(-13.7603011818801,-9.7452063952453,-6.43309446198272));
#6865=CARTESIAN_POINT('Ctrl Pts',(-13.7330426315353,-9.85901975437391,-6.5));
#6866=CARTESIAN_POINT('Ctrl Pts',(-13.7015998133741,-9.99041257756348,-6.5));
#6867=CARTESIAN_POINT('Ctrl Pts',(-13.6794613693483,-9.74452498348959,-6.43734810403817));
#6868=CARTESIAN_POINT('Ctrl Pts',(-13.6835408342714,-9.85861698871685,-6.5));
#6869=CARTESIAN_POINT('Ctrl Pts',(-13.6882336286953,-9.9890501799063,-6.5));
#6870=CARTESIAN_POINT('Ctrl Pts',(-13.6385835215851,-9.74491810889308,-6.43474552321408));
#6871=CARTESIAN_POINT('Ctrl Pts',(-13.6585021226779,-9.85883812014714,-6.5));
#6872=CARTESIAN_POINT('Ctrl Pts',(-13.6813574546689,-9.98983809485105,-6.5));
#6873=CARTESIAN_POINT('Ctrl Pts',(-13.5693534166928,-9.746790370817,-6.42439038438796));
#6874=CARTESIAN_POINT('Ctrl Pts',(-13.6148429398675,-9.86010008557187,-6.5));
#6875=CARTESIAN_POINT('Ctrl Pts',(-13.668383091638,-9.9935788645691,-6.5));
#6876=CARTESIAN_POINT('Ctrl Pts',(-13.5400454736476,-9.74822806615412,-6.4169965872328));
#6877=CARTESIAN_POINT('Ctrl Pts',(-13.5956112707809,-9.86113058551533,-6.5));
#6878=CARTESIAN_POINT('Ctrl Pts',(-13.6621900844861,-9.99645729737512,-6.5));
#6879=CARTESIAN_POINT('Ctrl Pts',(-13.4653640155073,-9.75318234010445,-6.39426525019415));
#6880=CARTESIAN_POINT('Ctrl Pts',(-13.5445036242155,-9.86489493495558,-6.5));
#6881=CARTESIAN_POINT('Ctrl Pts',(-13.6446587913216,-10.0063623500754,-6.5));
#6882=CARTESIAN_POINT('Ctrl Pts',(-13.4304275594358,-9.75737132677267,-6.37805845032489));
#6883=CARTESIAN_POINT('Ctrl Pts',(-13.5180791087561,-9.86830136371445,-6.49999999999999));
#6884=CARTESIAN_POINT('Ctrl Pts',(-13.6339503342633,-10.0147432513481,-6.5));
#6885=CARTESIAN_POINT('Ctrl Pts',(-13.3431568579,-9.77040934071502,-6.33404094551549));
#6886=CARTESIAN_POINT('Ctrl Pts',(-13.4474476873644,-9.87919282557343,-6.50000000000001));
#6887=CARTESIAN_POINT('Ctrl Pts',(-13.6032636269499,-10.0408174858244,-6.5));
#6888=CARTESIAN_POINT('Ctrl Pts',(-13.3077240638707,-9.77974391580467,-6.30945766709694));
#6889=CARTESIAN_POINT('Ctrl Pts',(-13.4133904179383,-9.88714853913401,-6.5));
#6890=CARTESIAN_POINT('Ctrl Pts',(-13.5843592362185,-10.0598468770089,-6.5));
#6891=CARTESIAN_POINT('Ctrl Pts',(-13.2759352881529,-9.78940461894825,-6.28714900801699));
#6892=CARTESIAN_POINT('Ctrl Pts',(-13.3815313046621,-9.89497833929871,-6.5));
#6893=CARTESIAN_POINT('Ctrl Pts',(-13.5654010265854,-10.0788092378965,-6.5));
#6894=CARTESIAN_POINT('Origin',(-14.6666647708667,-10.5,-6.));
#6895=CARTESIAN_POINT('Origin',(0.,-10.5,-6.));
#6896=CARTESIAN_POINT('Origin',(-24.2928932188134,-10.5,-6.));
#6897=CARTESIAN_POINT('Origin',(-24.2928932188134,-10.5,-6.));
#6898=CARTESIAN_POINT('Origin',(-24.2928932188134,-10.5,-6.));
#6899=CARTESIAN_POINT('Origin',(-24.2928932188134,-15.,-6.));
#6900=CARTESIAN_POINT('Origin',(-27.5,-10.0733844181518,6.));
#6901=CARTESIAN_POINT('Origin',(-12.2010075126454,-10.0733844181518,6.));
#6902=CARTESIAN_POINT('Ctrl Pts',(-13.5708288144847,-10.0733798459408,6.5));
#6903=CARTESIAN_POINT('Ctrl Pts',(-13.5648402885643,-10.0588813799316,6.5));
#6904=CARTESIAN_POINT('Ctrl Pts',(-13.5588529881217,-10.0443504880789,6.4993702342125));
#6905=CARTESIAN_POINT('Ctrl Pts',(-13.5529077488736,-10.0298510642299,6.49810625174166));
#6906=CARTESIAN_POINT('Ctrl Pts',(-13.5465814728864,-10.0144223568059,6.496761259283));
#6907=CARTESIAN_POINT('Ctrl Pts',(-13.5403082315427,-9.9990302925957,6.49469889678164));
#6908=CARTESIAN_POINT('Ctrl Pts',(-13.5341589046549,-9.98371830743214,6.49191349891466));
#6909=CARTESIAN_POINT('Ctrl Pts',(-13.5297007968172,-9.97261750204111,6.48989415528759));
#6910=CARTESIAN_POINT('Ctrl Pts',(-13.5253091480941,-9.96155796379033,6.48749527474517));
#6911=CARTESIAN_POINT('Ctrl Pts',(-13.5209844397602,-9.95054289771617,6.48470669414171));
#6912=CARTESIAN_POINT('Ctrl Pts',(-13.5182504371496,-9.94357937160583,6.48294380377754));
#6913=CARTESIAN_POINT('Ctrl Pts',(-13.515542586905,-9.93663337595844,6.48102502420558));
#6914=CARTESIAN_POINT('Ctrl Pts',(-13.5128507019595,-9.92970363755618,6.47894390504326));
#6915=CARTESIAN_POINT('Ctrl Pts',(-14.7460381719758,-10.4970124909859,6.5));
#6916=CARTESIAN_POINT('Ctrl Pts',(-14.706925951921,-9.99292004940789,6.49999999999999));
#6917=CARTESIAN_POINT('Ctrl Pts',(-14.7072341220289,-9.9985081133482,5.99438046479802));
#6918=CARTESIAN_POINT('Ctrl Pts',(-14.609199910461,-10.5072662099772,6.5));
#6919=CARTESIAN_POINT('Ctrl Pts',(-14.6385921075412,-10.0066502102071,6.50000000000003));
#6920=CARTESIAN_POINT('Ctrl Pts',(-14.6372973506875,-10.0036320507646,6.00331510247917));
#6921=CARTESIAN_POINT('Ctrl Pts',(-14.4768590658144,-10.4910296276918,6.5));
#6922=CARTESIAN_POINT('Ctrl Pts',(-14.5704647598104,-10.0102593448074,6.49999999999994));
#6923=CARTESIAN_POINT('Ctrl Pts',(-14.5698153751971,-9.99550964616286,6.01390097739038));
#6924=CARTESIAN_POINT('Ctrl Pts',(-14.2458364366691,-10.4165567444601,6.5));
#6925=CARTESIAN_POINT('Ctrl Pts',(-14.4320486085322,-9.99834568411269,6.50000000000005));
#6926=CARTESIAN_POINT('Ctrl Pts',(-14.4473572644184,-9.95826394483689,6.04684476267373));
#6927=CARTESIAN_POINT('Ctrl Pts',(-14.1490752514294,-10.3677937909182,6.5));
#6928=CARTESIAN_POINT('Ctrl Pts',(-14.3692182381833,-9.98709350729935,6.49999999999995));
#6929=CARTESIAN_POINT('Ctrl Pts',(-14.3949314145185,-9.93387743426066,6.06564182886502));
#6930=CARTESIAN_POINT('Ctrl Pts',(-14.0160087271037,-10.2755536045988,6.5));
#6931=CARTESIAN_POINT('Ctrl Pts',(-14.2586740610585,-9.9594736426213,6.50000000000003));
#6932=CARTESIAN_POINT('Ctrl Pts',(-14.3122943981181,-9.88774950673661,6.11217018516348));
#6933=CARTESIAN_POINT('Ctrl Pts',(-13.9734599342831,-10.2414199907478,6.5));
#6934=CARTESIAN_POINT('Ctrl Pts',(-14.2202302713929,-9.94878055261038,6.5));
#6935=CARTESIAN_POINT('Ctrl Pts',(-14.283954916419,-9.87067985860048,6.13092636368668));
#6936=CARTESIAN_POINT('Ctrl Pts',(-13.893234342447,-10.1689465688697,6.5));
#6937=CARTESIAN_POINT('Ctrl Pts',(-14.1340428743957,-9.92410394221716,6.5));
#6938=CARTESIAN_POINT('Ctrl Pts',(-14.219840371621,-9.83443730698404,6.18008102144176));
#6939=CARTESIAN_POINT('Ctrl Pts',(-13.8554537126707,-10.1302657386485,6.5));
#6940=CARTESIAN_POINT('Ctrl Pts',(-14.0886089807235,-9.91026576592465,6.50000000000002));
#6941=CARTESIAN_POINT('Ctrl Pts',(-14.185981766011,-9.81509407063871,6.2099172439033));
#6942=CARTESIAN_POINT('Ctrl Pts',(-13.7997501831834,-10.0712306384091,6.5));
#6943=CARTESIAN_POINT('Ctrl Pts',(-13.9959678548301,-9.8877015951547,6.49999999999999));
#6944=CARTESIAN_POINT('Ctrl Pts',(-14.1042418618835,-9.7855714861231,6.2763069802216));
#6945=CARTESIAN_POINT('Ctrl Pts',(-13.7814117009682,-10.0513119004886,6.5));
#6946=CARTESIAN_POINT('Ctrl Pts',(-13.9628998946313,-9.88010233465324,6.5));
#6947=CARTESIAN_POINT('Ctrl Pts',(-14.072840414962,-9.77561103561482,6.30220948953466));
#6948=CARTESIAN_POINT('Ctrl Pts',(-13.7523209845353,-10.0230927766084,6.5));
#6949=CARTESIAN_POINT('Ctrl Pts',(-13.8942274222276,-9.86966721581652,6.5));
#6950=CARTESIAN_POINT('Ctrl Pts',(-13.9940907229481,-9.7614975872104,6.35168673388127));
#6951=CARTESIAN_POINT('Ctrl Pts',(-13.742361030224,-10.0139215813521,6.5));
#6952=CARTESIAN_POINT('Ctrl Pts',(-13.8687420259536,-9.86641336259992,6.5));
#6953=CARTESIAN_POINT('Ctrl Pts',(-13.9625676047845,-9.7569123073962,6.37029645122638));
#6954=CARTESIAN_POINT('Ctrl Pts',(-13.725998652999,-10.0019874039335,6.5));
#6955=CARTESIAN_POINT('Ctrl Pts',(-13.8186602002612,-9.8624736629322,6.5));
#6956=CARTESIAN_POINT('Ctrl Pts',(-13.892748167295,-9.7509417199584,6.39948335078666));
#6957=CARTESIAN_POINT('Ctrl Pts',(-13.7202834097801,-9.99832452463821,6.5));
#6958=CARTESIAN_POINT('Ctrl Pts',(-13.7999993299939,-9.8613308388898,6.5));
#6959=CARTESIAN_POINT('Ctrl Pts',(-13.8653526017775,-9.74911126764825,6.40943075774028));
#6960=CARTESIAN_POINT('Ctrl Pts',(-13.7081733628554,-9.99254034979566,6.5));
#6961=CARTESIAN_POINT('Ctrl Pts',(-13.7576103152946,-9.85959792970151,6.5));
#6962=CARTESIAN_POINT('Ctrl Pts',(-13.7998336931897,-9.74621614055265,6.42627358759725));
#6963=CARTESIAN_POINT('Ctrl Pts',(-13.7015998133741,-9.99041257756349,6.5));
#6964=CARTESIAN_POINT('Ctrl Pts',(-13.7330505417571,-9.85898669924448,6.5));
#6965=CARTESIAN_POINT('Ctrl Pts',(-13.7603139787332,-9.74515296420356,6.43306304781697));
#6966=CARTESIAN_POINT('Ctrl Pts',(-13.6882336286954,-9.9890501799063,6.5));
#6967=CARTESIAN_POINT('Ctrl Pts',(-13.6835396563655,-9.85858424955812,6.5));
#6968=CARTESIAN_POINT('Ctrl Pts',(-13.679459449832,-9.74447129953114,6.43731862007601));
#6969=CARTESIAN_POINT('Ctrl Pts',(-13.6813574546689,-9.98983809485104,6.5));
#6970=CARTESIAN_POINT('Ctrl Pts',(-13.6584963779467,-9.8588051930493,6.5));
#6971=CARTESIAN_POINT('Ctrl Pts',(-13.6385741622561,-9.74486458029983,6.43471485709062));
#6972=CARTESIAN_POINT('Ctrl Pts',(-13.6683830916381,-9.99357886456908,6.5));
#6973=CARTESIAN_POINT('Ctrl Pts',(-13.6148294072846,-9.86006634804033,6.5));
#6974=CARTESIAN_POINT('Ctrl Pts',(-13.5693321609777,-9.74673742503069,6.42435504931925));
#6975=CARTESIAN_POINT('Ctrl Pts',(-13.6621900844862,-9.9964572973751,6.5));
#6976=CARTESIAN_POINT('Ctrl Pts',(-13.5955943749335,-9.86109624336766,6.5));
#6977=CARTESIAN_POINT('Ctrl Pts',(-13.5400196137381,-9.74817552216301,6.41695795218782));
#6978=CARTESIAN_POINT('Ctrl Pts',(-13.6446587913216,-10.0063623500754,6.5));
#6979=CARTESIAN_POINT('Ctrl Pts',(-13.5444778872658,-9.86485858196517,6.5));
#6980=CARTESIAN_POINT('Ctrl Pts',(-13.4653276435126,-9.75313099780358,6.39421664736097));
#6981=CARTESIAN_POINT('Ctrl Pts',(-13.6339503342633,-10.0147432513481,6.5));
#6982=CARTESIAN_POINT('Ctrl Pts',(-13.5180490596002,-9.86826338659644,6.50000000000001));
#6983=CARTESIAN_POINT('Ctrl Pts',(-13.4303876427272,-9.75732080897603,6.37800290835427));
#6984=CARTESIAN_POINT('Ctrl Pts',(-13.6032636269499,-10.0408174858245,6.5));
#6985=CARTESIAN_POINT('Ctrl Pts',(-13.4474062311431,-9.87914982389153,6.49999999999999));
#6986=CARTESIAN_POINT('Ctrl Pts',(-13.3431105660284,-9.77036105462452,6.33396726615101));
#6987=CARTESIAN_POINT('Ctrl Pts',(-13.5843592362185,-10.0598468770089,6.5));
#6988=CARTESIAN_POINT('Ctrl Pts',(-13.4133442286968,-9.88710188264106,6.49999999999999));
#6989=CARTESIAN_POINT('Ctrl Pts',(-13.3076778748717,-9.77969696690539,6.30937435880455));
#6990=CARTESIAN_POINT('Ctrl Pts',(-13.5654010265854,-10.0788092378965,6.5));
#6991=CARTESIAN_POINT('Ctrl Pts',(-13.3814809404804,-9.89492798575117,6.5));
#6992=CARTESIAN_POINT('Ctrl Pts',(-13.2758897630108,-9.78935910341862,6.28705722062713));
#6993=CARTESIAN_POINT('Origin',(-14.6666647708667,-10.5,6.));
#6994=CARTESIAN_POINT('Origin',(-27.5,-10.5,6.));
#6995=CARTESIAN_POINT('Origin',(-24.2928932188135,-10.5,6.));
#6996=CARTESIAN_POINT('Origin',(-24.2928932188135,-10.5,6.));
#6997=CARTESIAN_POINT('Origin',(-24.2928932188135,-10.5,6.));
#6998=CARTESIAN_POINT('Origin',(-24.2928932188135,0.,6.));
#6999=CARTESIAN_POINT('Origin',(-27.5,-10.0733844181518,6.));
#7000=CARTESIAN_POINT('Origin',(12.2010075126454,-10.0733844181518,6.));
#7001=CARTESIAN_POINT('Ctrl Pts',(13.5128507019595,-9.92970363755618,6.47894390504326));
#7002=CARTESIAN_POINT('Ctrl Pts',(13.5169517212852,-9.94026092053281,6.48211443798827));
#7003=CARTESIAN_POINT('Ctrl Pts',(13.5210921244304,-9.95085631782261,6.48490912344597));
#7004=CARTESIAN_POINT('Ctrl Pts',(13.5252994696819,-9.96149295278976,6.48734735089632));
#7005=CARTESIAN_POINT('Ctrl Pts',(13.5303018256587,-9.97413946295693,6.4902463004547));
#7006=CARTESIAN_POINT('Ctrl Pts',(13.5353977222325,-9.98684490845928,6.49264054695129));
#7007=CARTESIAN_POINT('Ctrl Pts',(13.5405664966909,-9.99959766541528,6.4945390916262));
#7008=CARTESIAN_POINT('Ctrl Pts',(13.5468937790394,-10.0152087729672,6.4968631683113));
#7009=CARTESIAN_POINT('Ctrl Pts',(13.5533248102501,-10.0308916468246,6.49844312625288));
#7010=CARTESIAN_POINT('Ctrl Pts',(13.5597827977774,-10.0465866645094,6.49928328876088));
#7011=CARTESIAN_POINT('Ctrl Pts',(13.5634585121559,-10.0555198502632,6.49976148686794));
#7012=CARTESIAN_POINT('Ctrl Pts',(13.5671429465044,-10.064456208916,6.5));
#7013=CARTESIAN_POINT('Ctrl Pts',(13.5708288144848,-10.0733798459408,6.5));
#7014=CARTESIAN_POINT('Ctrl Pts',(14.6666647708667,-10.,6.));
#7015=CARTESIAN_POINT('Ctrl Pts',(14.6666647708667,-10.,6.5));
#7016=CARTESIAN_POINT('Ctrl Pts',(14.6666647708667,-10.5,6.5));
#7017=CARTESIAN_POINT('Ctrl Pts',(14.6110213893308,-10.,6.00789553608577));
#7018=CARTESIAN_POINT('Ctrl Pts',(14.6114353253162,-10.0078368028113,6.5));
#7019=CARTESIAN_POINT('Ctrl Pts',(14.5578604501131,-10.4999999798602,6.5));
#7020=CARTESIAN_POINT('Ctrl Pts',(14.5566159957697,-9.99150133359908,6.01762042530139));
#7021=CARTESIAN_POINT('Ctrl Pts',(14.5550932092389,-10.009099363276,6.49999999999986));
#7022=CARTESIAN_POINT('Ctrl Pts',(14.4519586034691,-10.4830026684649,6.5));
#7023=CARTESIAN_POINT('Ctrl Pts',(14.4473517522737,-9.95827837286341,6.04700760364926));
#7024=CARTESIAN_POINT('Ctrl Pts',(14.4319874450455,-9.99848305024879,6.50000000000014));
#7025=CARTESIAN_POINT('Ctrl Pts',(14.2458364366692,-10.4165567444601,6.5));
#7026=CARTESIAN_POINT('Ctrl Pts',(14.3949220016302,-9.93389691078356,6.06580061597262));
#7027=CARTESIAN_POINT('Ctrl Pts',(14.3691471594493,-9.98721642601958,6.49999999999995));
#7028=CARTESIAN_POINT('Ctrl Pts',(14.1490752514295,-10.3677937909181,6.5));
#7029=CARTESIAN_POINT('Ctrl Pts',(14.3122739975463,-9.88777679463715,6.11231763658413));
#7030=CARTESIAN_POINT('Ctrl Pts',(14.2585987246795,-9.95957177085165,6.50000000000002));
#7031=CARTESIAN_POINT('Ctrl Pts',(14.0160087271036,-10.2755536045988,6.5));
#7032=CARTESIAN_POINT('Ctrl Pts',(14.2839303032934,-9.87071002377956,6.1310688310149));
#7033=CARTESIAN_POINT('Ctrl Pts',(14.2201548149229,-9.9488700347549,6.50000000000003));
#7034=CARTESIAN_POINT('Ctrl Pts',(13.9734599342831,-10.2414199907478,6.5));
#7035=CARTESIAN_POINT('Ctrl Pts',(14.2198059734007,-9.83447325602916,6.18020923143093));
#7036=CARTESIAN_POINT('Ctrl Pts',(14.1339719495758,-9.92417605519017,6.49999999999998));
#7037=CARTESIAN_POINT('Ctrl Pts',(13.8932343424469,-10.1689465688696,6.5));
#7038=CARTESIAN_POINT('Ctrl Pts',(14.1859418713717,-9.81513306300309,6.21003605281587));
#7039=CARTESIAN_POINT('Ctrl Pts',(14.0885417871511,-9.91032916824105,6.5));
#7040=CARTESIAN_POINT('Ctrl Pts',(13.8554537126706,-10.1302657386485,6.5));
#7041=CARTESIAN_POINT('Ctrl Pts',(14.1041954944787,-9.78561522236511,6.27640275088989));
#7042=CARTESIAN_POINT('Ctrl Pts',(13.9959137581826,-9.88775219358375,6.5));
#7043=CARTESIAN_POINT('Ctrl Pts',(13.7997501831834,-10.071230638409,6.5));
#7044=CARTESIAN_POINT('Ctrl Pts',(14.0727925516617,-9.77565652648831,6.30229557961288));
#7045=CARTESIAN_POINT('Ctrl Pts',(13.9628506777598,-9.88014876411648,6.49999999999999));
#7046=CARTESIAN_POINT('Ctrl Pts',(13.7814117009682,-10.0513119004886,6.5));
#7047=CARTESIAN_POINT('Ctrl Pts',(13.9940459352626,-9.76154610018217,6.35175323844781));
#7048=CARTESIAN_POINT('Ctrl Pts',(13.8941900674915,-9.86970760278767,6.50000000000001));
#7049=CARTESIAN_POINT('Ctrl Pts',(13.7523209845352,-10.0230927766084,6.5));
#7050=CARTESIAN_POINT('Ctrl Pts',(13.9625250677512,-9.75696195110901,6.37035524368664));
#7051=CARTESIAN_POINT('Ctrl Pts',(13.868709115972,-9.86645177417214,6.5));
#7052=CARTESIAN_POINT('Ctrl Pts',(13.7423610302239,-10.013921581352,6.5));
#7053=CARTESIAN_POINT('Ctrl Pts',(13.8927140223306,-9.75099312175026,6.39952966853225));
#7054=CARTESIAN_POINT('Ctrl Pts',(13.8186364643063,-9.86250940042973,6.5));
#7055=CARTESIAN_POINT('Ctrl Pts',(13.7259986529989,-10.0019874039335,6.5));
#7056=CARTESIAN_POINT('Ctrl Pts',(13.8653223165793,-9.74916327104926,6.4094727216884));
#7057=CARTESIAN_POINT('Ctrl Pts',(13.7999790220328,-9.86136573859911,6.5));
#7058=CARTESIAN_POINT('Ctrl Pts',(13.7202834097801,-9.99832452463818,6.5));
#7059=CARTESIAN_POINT('Ctrl Pts',(13.7998139464543,-9.74626916616757,6.42630806235611));
#7060=CARTESIAN_POINT('Ctrl Pts',(13.7575978359739,-9.85963148822301,6.5));
#7061=CARTESIAN_POINT('Ctrl Pts',(13.7081733628553,-9.99254034979564,6.5));
#7062=CARTESIAN_POINT('Ctrl Pts',(13.7603011818795,-9.74520639524529,6.43309446198276));
#7063=CARTESIAN_POINT('Ctrl Pts',(13.733042631535,-9.85901975437391,6.5));
#7064=CARTESIAN_POINT('Ctrl Pts',(13.7015998133741,-9.99041257756347,6.5));
#7065=CARTESIAN_POINT('Ctrl Pts',(13.6794613693486,-9.74452498348959,6.43734810403814));
#7066=CARTESIAN_POINT('Ctrl Pts',(13.6835408342716,-9.85861698871685,6.5));
#7067=CARTESIAN_POINT('Ctrl Pts',(13.6882336286953,-9.98905017990631,6.5));
#7068=CARTESIAN_POINT('Ctrl Pts',(13.6385835215838,-9.74491810889309,6.43474552321387));
#7069=CARTESIAN_POINT('Ctrl Pts',(13.6585021226772,-9.85883812014712,6.5));
#7070=CARTESIAN_POINT('Ctrl Pts',(13.6813574546689,-9.98983809485105,6.5));
#7071=CARTESIAN_POINT('Ctrl Pts',(13.569353416694,-9.74679037081699,6.42439038438814));
#7072=CARTESIAN_POINT('Ctrl Pts',(13.6148429398681,-9.8601000855719,6.5));
#7073=CARTESIAN_POINT('Ctrl Pts',(13.668383091638,-9.9935788645691,6.5));
#7074=CARTESIAN_POINT('Ctrl Pts',(13.540045473648,-9.74822806615412,6.41699658723296));
#7075=CARTESIAN_POINT('Ctrl Pts',(13.5956112707811,-9.86113058551536,6.5));
#7076=CARTESIAN_POINT('Ctrl Pts',(13.6621900844861,-9.99645729737512,6.5));
#7077=CARTESIAN_POINT('Ctrl Pts',(13.4653640155062,-9.75318234010445,6.39426525019375));
#7078=CARTESIAN_POINT('Ctrl Pts',(13.5445036242149,-9.86489493495553,6.5));
#7079=CARTESIAN_POINT('Ctrl Pts',(13.6446587913216,-10.0063623500754,6.5));
#7080=CARTESIAN_POINT('Ctrl Pts',(13.4304275594364,-9.75737132677267,6.37805845032525));
#7081=CARTESIAN_POINT('Ctrl Pts',(13.5180791087564,-9.8683013637145,6.5));
#7082=CARTESIAN_POINT('Ctrl Pts',(13.6339503342633,-10.0147432513482,6.5));
#7083=CARTESIAN_POINT('Ctrl Pts',(13.3431568578988,-9.77040934071504,6.33404094551477));
#7084=CARTESIAN_POINT('Ctrl Pts',(13.4474476873636,-9.87919282557334,6.5));
#7085=CARTESIAN_POINT('Ctrl Pts',(13.6032636269499,-10.0408174858244,6.5));
#7086=CARTESIAN_POINT('Ctrl Pts',(13.3077240638716,-9.77974391580429,6.30945766709743));
#7087=CARTESIAN_POINT('Ctrl Pts',(13.4133904179389,-9.88714853913375,6.5));
#7088=CARTESIAN_POINT('Ctrl Pts',(13.5843592362186,-10.059846877009,6.5));
#7089=CARTESIAN_POINT('Ctrl Pts',(13.2759352881529,-9.78940461894825,6.28714900801698));
#7090=CARTESIAN_POINT('Ctrl Pts',(13.3815313046621,-9.89497833929871,6.5));
#7091=CARTESIAN_POINT('Ctrl Pts',(13.5654010265854,-10.0788092378965,6.5));
#7092=CARTESIAN_POINT('Origin',(14.6666647708667,-10.5,6.));
#7093=CARTESIAN_POINT('Origin',(0.,-10.5,6.));
#7094=CARTESIAN_POINT('Origin',(24.2928932188135,-10.5,6.));
#7095=CARTESIAN_POINT('Origin',(24.2928932188135,-10.5,6.));
#7096=CARTESIAN_POINT('Origin',(24.2928932188135,-10.5,6.));
#7097=CARTESIAN_POINT('Origin',(24.2928932188135,0.,6.));
#7098=CARTESIAN_POINT('Origin',(0.,-10.0733844181518,-6.));
#7099=CARTESIAN_POINT('Origin',(12.2010075126454,-10.0733844181518,-6.));
#7100=CARTESIAN_POINT('Ctrl Pts',(13.5708288144848,-10.0733798459408,-6.5));
#7101=CARTESIAN_POINT('Ctrl Pts',(13.5648402885634,-10.0588813799294,-6.5));
#7102=CARTESIAN_POINT('Ctrl Pts',(13.5588529881199,-10.0443504880745,-6.49937023421231));
#7103=CARTESIAN_POINT('Ctrl Pts',(13.5529077488709,-10.0298510642234,-6.49810625174108));
#7104=CARTESIAN_POINT('Ctrl Pts',(13.5465814728846,-10.0144223568017,-6.49676125928243));
#7105=CARTESIAN_POINT('Ctrl Pts',(13.540308231542,-9.99903029259389,-6.49469889678128));
#7106=CARTESIAN_POINT('Ctrl Pts',(13.5341589046551,-9.9837183074327,-6.49191349891476));
#7107=CARTESIAN_POINT('Ctrl Pts',(13.5297007968174,-9.97261750204165,-6.48989415528769));
#7108=CARTESIAN_POINT('Ctrl Pts',(13.5253091480943,-9.96155796379085,-6.48749527474528));
#7109=CARTESIAN_POINT('Ctrl Pts',(13.5209844397604,-9.95054289771666,-6.48470669414183));
#7110=CARTESIAN_POINT('Ctrl Pts',(13.5182504371497,-9.94357937160616,-6.48294380377762));
#7111=CARTESIAN_POINT('Ctrl Pts',(13.515542586905,-9.9366333759586,-6.48102502420562));
#7112=CARTESIAN_POINT('Ctrl Pts',(13.5128507019595,-9.92970363755618,-6.47894390504326));
#7113=CARTESIAN_POINT('Ctrl Pts',(14.7460381717929,-10.4970124909996,-6.5));
#7114=CARTESIAN_POINT('Ctrl Pts',(14.7069259518291,-9.99292004942645,-6.50000000000002));
#7115=CARTESIAN_POINT('Ctrl Pts',(14.7072341219355,-9.99850811335505,-5.99438046480997));
#7116=CARTESIAN_POINT('Ctrl Pts',(14.609199910343,-10.5072662099627,-6.5));
#7117=CARTESIAN_POINT('Ctrl Pts',(14.6385921074795,-10.0066502102105,-6.49999999999994));
#7118=CARTESIAN_POINT('Ctrl Pts',(14.6372973506272,-10.0036320507574,-6.00331510248884));
#7119=CARTESIAN_POINT('Ctrl Pts',(14.4768590657573,-10.4910296276735,-6.5));
#7120=CARTESIAN_POINT('Ctrl Pts',(14.5704647597754,-10.0102593448042,-6.50000000000012));
#7121=CARTESIAN_POINT('Ctrl Pts',(14.569815375167,-9.99550964615368,-6.01390097739848));
#7122=CARTESIAN_POINT('Ctrl Pts',(14.2458364366691,-10.4165567444601,-6.5));
#7123=CARTESIAN_POINT('Ctrl Pts',(14.432048608532,-9.99834568411296,-6.49999999999991));
#7124=CARTESIAN_POINT('Ctrl Pts',(14.4473572644183,-9.95826394483688,-6.04684476267394));
#7125=CARTESIAN_POINT('Ctrl Pts',(14.1490752514295,-10.3677937909182,-6.5));
#7126=CARTESIAN_POINT('Ctrl Pts',(14.3692182381833,-9.98709350729932,-6.5));
#7127=CARTESIAN_POINT('Ctrl Pts',(14.3949314145186,-9.9338774342607,-6.06564182886507));
#7128=CARTESIAN_POINT('Ctrl Pts',(14.0160087271036,-10.2755536045987,-6.5));
#7129=CARTESIAN_POINT('Ctrl Pts',(14.2586740610584,-9.9594736426214,-6.5));
#7130=CARTESIAN_POINT('Ctrl Pts',(14.312294398118,-9.88774950673659,-6.11217018516362));
#7131=CARTESIAN_POINT('Ctrl Pts',(13.9734599342831,-10.2414199907478,-6.5));
#7132=CARTESIAN_POINT('Ctrl Pts',(14.2202302713929,-9.94878055261042,-6.49999999999998));
#7133=CARTESIAN_POINT('Ctrl Pts',(14.283954916419,-9.87067985860048,-6.1309263636867));
#7134=CARTESIAN_POINT('Ctrl Pts',(13.8932343424469,-10.1689465688696,-6.5));
#7135=CARTESIAN_POINT('Ctrl Pts',(14.1340428743955,-9.92410394221718,-6.50000000000002));
#7136=CARTESIAN_POINT('Ctrl Pts',(14.2198403716209,-9.83443730698404,-6.18008102144196));
#7137=CARTESIAN_POINT('Ctrl Pts',(13.8554537126706,-10.1302657386485,-6.5));
#7138=CARTESIAN_POINT('Ctrl Pts',(14.0886089807226,-9.9102657659249,-6.50000000000003));
#7139=CARTESIAN_POINT('Ctrl Pts',(14.1859817660103,-9.81509407063871,-6.20991724390421));
#7140=CARTESIAN_POINT('Ctrl Pts',(13.7997501831834,-10.071230638409,-6.5));
#7141=CARTESIAN_POINT('Ctrl Pts',(13.9959678548303,-9.88770159515459,-6.49999999999999));
#7142=CARTESIAN_POINT('Ctrl Pts',(14.1042418618837,-9.78557148612309,-6.27630698022133));
#7143=CARTESIAN_POINT('Ctrl Pts',(13.7814117009682,-10.0513119004885,-6.5));
#7144=CARTESIAN_POINT('Ctrl Pts',(13.962899894634,-9.8801023346527,-6.5));
#7145=CARTESIAN_POINT('Ctrl Pts',(14.0728404149654,-9.77561103561479,-6.302209489532));
#7146=CARTESIAN_POINT('Ctrl Pts',(13.7523209845352,-10.0230927766084,-6.5));
#7147=CARTESIAN_POINT('Ctrl Pts',(13.8942274222261,-9.86966721581679,-6.5));
#7148=CARTESIAN_POINT('Ctrl Pts',(13.9940907229461,-9.76149758721041,-6.35168673388281));
#7149=CARTESIAN_POINT('Ctrl Pts',(13.7423610302239,-10.013921581352,-6.5));
#7150=CARTESIAN_POINT('Ctrl Pts',(13.8687420259532,-9.86641336259991,-6.5));
#7151=CARTESIAN_POINT('Ctrl Pts',(13.962567604784,-9.7569123073962,-6.37029645122667));
#7152=CARTESIAN_POINT('Ctrl Pts',(13.7259986529989,-10.0019874039335,-6.5));
#7153=CARTESIAN_POINT('Ctrl Pts',(13.818660200261,-9.86247366293222,-6.5));
#7154=CARTESIAN_POINT('Ctrl Pts',(13.8927481672948,-9.75094171995841,-6.39948335078675));
#7155=CARTESIAN_POINT('Ctrl Pts',(13.72028340978,-9.99832452463817,-6.5));
#7156=CARTESIAN_POINT('Ctrl Pts',(13.799999329994,-9.86133083888979,-6.5));
#7157=CARTESIAN_POINT('Ctrl Pts',(13.8653526017777,-9.74911126764826,-6.40943075774028));
#7158=CARTESIAN_POINT('Ctrl Pts',(13.7081733628553,-9.99254034979562,-6.5));
#7159=CARTESIAN_POINT('Ctrl Pts',(13.7576103152939,-9.85959792970153,-6.5));
#7160=CARTESIAN_POINT('Ctrl Pts',(13.7998336931886,-9.74621614055265,-6.42627358759752));
#7161=CARTESIAN_POINT('Ctrl Pts',(13.701599813374,-9.99041257756347,-6.5));
#7162=CARTESIAN_POINT('Ctrl Pts',(13.7330505417569,-9.85898669924449,-6.5));
#7163=CARTESIAN_POINT('Ctrl Pts',(13.7603139787328,-9.74515296420358,-6.43306304781705));
#7164=CARTESIAN_POINT('Ctrl Pts',(13.6882336286953,-9.98905017990631,-6.5));
#7165=CARTESIAN_POINT('Ctrl Pts',(13.6835396563649,-9.85858424955816,-6.5));
#7166=CARTESIAN_POINT('Ctrl Pts',(13.679459449831,-9.74447129953119,-6.43731862007603));
#7167=CARTESIAN_POINT('Ctrl Pts',(13.6813574546689,-9.98983809485106,-6.5));
#7168=CARTESIAN_POINT('Ctrl Pts',(13.6584963779457,-9.8588051930493,-6.5));
#7169=CARTESIAN_POINT('Ctrl Pts',(13.6385741622543,-9.74486458029988,-6.43471485709038));
#7170=CARTESIAN_POINT('Ctrl Pts',(13.668383091638,-9.99357886456911,-6.5));
#7171=CARTESIAN_POINT('Ctrl Pts',(13.6148294072852,-9.86006634804039,-6.5));
#7172=CARTESIAN_POINT('Ctrl Pts',(13.5693321609788,-9.74673742503073,-6.42435504931944));
#7173=CARTESIAN_POINT('Ctrl Pts',(13.6621900844861,-9.99645729737514,-6.5));
#7174=CARTESIAN_POINT('Ctrl Pts',(13.595594374933,-9.86109624336768,-6.5));
#7175=CARTESIAN_POINT('Ctrl Pts',(13.5400196137372,-9.74817552216307,-6.41695795218757));
#7176=CARTESIAN_POINT('Ctrl Pts',(13.6446587913215,-10.0063623500754,-6.5));
#7177=CARTESIAN_POINT('Ctrl Pts',(13.5444778872663,-9.86485858196525,-6.5));
#7178=CARTESIAN_POINT('Ctrl Pts',(13.4653276435135,-9.7531309978036,-6.39421664736125));
#7179=CARTESIAN_POINT('Ctrl Pts',(13.6339503342632,-10.0147432513482,-6.5));
#7180=CARTESIAN_POINT('Ctrl Pts',(13.5180490595998,-9.86826338659644,-6.5));
#7181=CARTESIAN_POINT('Ctrl Pts',(13.4303876427265,-9.75732080897609,-6.3780029083539));
#7182=CARTESIAN_POINT('Ctrl Pts',(13.6032636269499,-10.0408174858245,-6.5));
#7183=CARTESIAN_POINT('Ctrl Pts',(13.4474062311439,-9.87914982389166,-6.5));
#7184=CARTESIAN_POINT('Ctrl Pts',(13.3431105660296,-9.77036105462455,-6.33396726615171));
#7185=CARTESIAN_POINT('Ctrl Pts',(13.5843592362185,-10.0598468770089,-6.5));
#7186=CARTESIAN_POINT('Ctrl Pts',(13.4133442286963,-9.88710188264101,-6.5));
#7187=CARTESIAN_POINT('Ctrl Pts',(13.307677874871,-9.77969696690533,-6.3093743588038));
#7188=CARTESIAN_POINT('Ctrl Pts',(13.5654010265854,-10.0788092378965,-6.5));
#7189=CARTESIAN_POINT('Ctrl Pts',(13.3814809404804,-9.89492798575119,-6.5));
#7190=CARTESIAN_POINT('Ctrl Pts',(13.2758897630108,-9.78935910341864,-6.28705722062719));
#7191=CARTESIAN_POINT('Origin',(14.6666647708667,-10.5,-6.));
#7192=CARTESIAN_POINT('Origin',(27.5,-10.5,-6.));
#7193=CARTESIAN_POINT('Origin',(24.2928932188134,-10.5,-6.));
#7194=CARTESIAN_POINT('Origin',(24.2928932188134,-10.5,-6.));
#7195=CARTESIAN_POINT('Origin',(24.2928932188134,-10.5,-6.));
#7196=CARTESIAN_POINT('Origin',(24.2928932188134,0.,-6.));
#7197=CARTESIAN_POINT('Origin',(-11.7388166035868,0.512527801542637,-6.));
#7198=CARTESIAN_POINT('Origin',(-12.2010075126454,-10.0733844181518,-6.));
#7199=CARTESIAN_POINT('Origin',(-12.2010075126454,-10.0733844181518,-6.));
#7200=CARTESIAN_POINT('Origin',(-12.2010075126454,-10.0733844181518,-6.));
#7201=CARTESIAN_POINT('Origin',(-12.2475574239753,-11.1395526735535,-6.31985047662053));
#7202=CARTESIAN_POINT('Origin',(-12.0918551553741,-7.57338441815176,-5.25));
#7203=CARTESIAN_POINT('Ctrl Pts',(-11.1672373870594,-4.55173239088723,-4.79534735904584));
#7204=CARTESIAN_POINT('Ctrl Pts',(-11.2637494440855,-4.47047898159177,-4.84114369447753));
#7205=CARTESIAN_POINT('Ctrl Pts',(-11.3752498296245,-4.39891916836392,-4.81967575050918));
#7206=CARTESIAN_POINT('Ctrl Pts',(-11.2065842066259,-4.65897585959163,-4.81119569872535));
#7207=CARTESIAN_POINT('Ctrl Pts',(-11.3177356498364,-4.57668711501283,-4.87300613450393));
#7208=CARTESIAN_POINT('Ctrl Pts',(-11.4492221585699,-4.50466087321082,-4.85139826196325));
#7209=CARTESIAN_POINT('Ctrl Pts',(-11.2483450121473,-4.8010957981837,-4.83226619303333));
#7210=CARTESIAN_POINT('Ctrl Pts',(-11.3728707519522,-4.71832910310864,-4.91549873093247));
#7211=CARTESIAN_POINT('Ctrl Pts',(-11.5264820328276,-4.64522188951352,-4.89356656685405));
#7212=CARTESIAN_POINT('Ctrl Pts',(-11.3324655288947,-5.16728115630977,-4.88671218330285));
#7213=CARTESIAN_POINT('Ctrl Pts',(-11.4749855781559,-5.07875493091691,-5.0236264792752));
#7214=CARTESIAN_POINT('Ctrl Pts',(-11.6786254707521,-5.00843548385026,-5.00253064515508));
#7215=CARTESIAN_POINT('Ctrl Pts',(-11.3748606762622,-5.39160015795587,-4.92012552302838));
#7216=CARTESIAN_POINT('Ctrl Pts',(-11.5224275226549,-5.30307613673699,-5.09092284102099));
#7217=CARTESIAN_POINT('Ctrl Pts',(-11.7535628264528,-5.23133493336051,-5.06940048000815));
#7218=CARTESIAN_POINT('Ctrl Pts',(-11.4543036682802,-5.92038423282411,-4.99902930062032));
#7219=CARTESIAN_POINT('Ctrl Pts',(-11.5957523033842,-5.82326303614342,-5.24697891084314));
#7220=CARTESIAN_POINT('Ctrl Pts',(-11.8892366284351,-5.75766081942306,-5.22729824582692));
#7221=CARTESIAN_POINT('Ctrl Pts',(-11.49126002733,-6.22499604420215,-5.04454244839567));
#7222=CARTESIAN_POINT('Ctrl Pts',(-11.6208331041205,-6.12740575326732,-5.33822172598038));
#7223=CARTESIAN_POINT('Ctrl Pts',(-11.9497838945068,-6.06124379801512,-5.31837313940453));
#7224=CARTESIAN_POINT('Ctrl Pts',(-11.5526953178841,-6.88657590112076,-5.1435231373518));
#7225=CARTESIAN_POINT('Ctrl Pts',(-11.6348144321935,-6.77549579304671,-5.5326487379138));
#7226=CARTESIAN_POINT('Ctrl Pts',(-12.0436394838533,-6.72140312060105,-5.51642093618032));
#7227=CARTESIAN_POINT('Ctrl Pts',(-11.5769963633952,-7.24304197467355,-5.19691659104229));
#7228=CARTESIAN_POINT('Ctrl Pts',(-11.6205975892357,-7.12736745374824,-5.63821023612571));
#7229=CARTESIAN_POINT('Ctrl Pts',(-12.0766134009743,-7.0774893516857,-5.62324680550571));
#7230=CARTESIAN_POINT('Ctrl Pts',(-11.5925170535249,-7.59945439394627,-5.25036532220787));
#7231=CARTESIAN_POINT('Ctrl Pts',(-11.5852791833539,-7.45401660022961,-5.73620498006886));
#7232=CARTESIAN_POINT('Ctrl Pts',(-12.0920369345306,-7.43389235795207,-5.73016770738562));
#7233=CARTESIAN_POINT('Origin',(-11.3761179436752,-4.54383544281267,-4.34113530739827));
#7234=CARTESIAN_POINT('Origin',(-11.3761179436854,-4.54383544281256,-4.34113530739824));
#7235=CARTESIAN_POINT('Origin',(-11.3761179436817,-4.54383544282188,-4.34113530740104));
#7236=CARTESIAN_POINT('Ctrl Pts',(-11.6308573871643,-1.66902859156053,-3.5));
#7237=CARTESIAN_POINT('Ctrl Pts',(-11.6502664107557,-1.53377411685739,-3.96013223505722));
#7238=CARTESIAN_POINT('Ctrl Pts',(-12.1257874887457,-1.59637714203525,-3.97891314261058));
#7239=CARTESIAN_POINT('Ctrl Pts',(-11.4987267689167,-2.5897991434171,-3.78798568323991));
#7240=CARTESIAN_POINT('Ctrl Pts',(-11.5295090408679,-2.45062756776384,-4.23518827033432));
#7241=CARTESIAN_POINT('Ctrl Pts',(-11.9880342480389,-2.55632971887618,-4.26689891566286));
#7242=CARTESIAN_POINT('Ctrl Pts',(-11.2568206436491,-3.49453251262911,-4.07095548169679));
#7243=CARTESIAN_POINT('Ctrl Pts',(-11.2982123825598,-3.36492066554129,-4.50947619965948));
#7244=CARTESIAN_POINT('Ctrl Pts',(-11.7358345304412,-3.49956147418869,-4.54986844225661));
#7245=CARTESIAN_POINT('Ctrl Pts',(-10.9117865990416,-4.35837277168628,-4.34113530740103));
#7246=CARTESIAN_POINT('Ctrl Pts',(-10.9565103156095,-4.24640078657396,-4.77392023597219));
#7247=CARTESIAN_POINT('Ctrl Pts',(-11.3761179436817,-4.4001615000387,-4.82004845001161));
#7248=CARTESIAN_POINT('Origin',(-12.1257874887457,-1.74005108481842,-3.5));
#7249=CARTESIAN_POINT('Ctrl Pts',(-12.1257874887457,-1.59637714203525,-3.97891314261058));
#7250=CARTESIAN_POINT('Ctrl Pts',(-11.6502664107557,-1.5337741168574,-3.96013223505722));
#7251=CARTESIAN_POINT('Ctrl Pts',(-11.6308573871643,-1.66902859156053,-3.5));
#7252=CARTESIAN_POINT('Ctrl Pts',(-12.1349085476898,-1.53281577565793,-3.95984473269738));
#7253=CARTESIAN_POINT('Ctrl Pts',(-11.6665617496112,-1.47649112165343,-3.94294733649588));
#7254=CARTESIAN_POINT('Ctrl Pts',(-11.6396061584827,-1.6080615643735,-3.49046579465076));
#7255=CARTESIAN_POINT('Ctrl Pts',(-12.1429644475906,-1.46928693999997,-3.94078608199999));
#7256=CARTESIAN_POINT('Ctrl Pts',(-11.6818589291557,-1.41851306549587,-3.92555391964882));
#7257=CARTESIAN_POINT('Ctrl Pts',(-11.6475809749291,-1.54716129442163,-3.48093647101701));
#7258=CARTESIAN_POINT('Ctrl Pts',(-12.1499622818689,-1.40579049262828,-3.92173714778849));
#7259=CARTESIAN_POINT('Ctrl Pts',(-11.696115933692,-1.35990276230809,-3.90797082869243));
#7260=CARTESIAN_POINT('Ctrl Pts',(-11.6547905910162,-1.48631601514486,-3.47141200258895));
#7261=CARTESIAN_POINT('Origin',(-12.1499622818689,-1.54946443541145,-3.44282400517791));
#7262=CARTESIAN_POINT('Ctrl Pts',(-12.1499622818689,-1.40579049262828,-3.92173714778849));
#7263=CARTESIAN_POINT('Ctrl Pts',(-11.696115933692,-1.35990276230809,-3.90797082869243));
#7264=CARTESIAN_POINT('Ctrl Pts',(-11.6547905910162,-1.48631601514486,-3.47141200258896));
#7265=CARTESIAN_POINT('Ctrl Pts',(-12.2036472423776,-0.941863980746372,
-3.78255919422391));
#7266=CARTESIAN_POINT('Ctrl Pts',(-11.7969747637692,-0.956382064131621,
-3.78921041061304));
#7267=CARTESIAN_POINT('Ctrl Pts',(-11.7100704987345,-1.0197833473028,-3.39838290677964));
#7268=CARTESIAN_POINT('Ctrl Pts',(-12.2001440290444,-0.463364277364726,
-3.67610118926044));
#7269=CARTESIAN_POINT('Ctrl Pts',(-11.8396882587794,-0.484498054045866,
-3.6801512905254));
#7270=CARTESIAN_POINT('Ctrl Pts',(-11.7239963840076,-0.538666194329793,
-3.34245312378021));
#7271=CARTESIAN_POINT('Ctrl Pts',(-12.1418634517308,0.501954908473449,-3.53479498262149));
#7272=CARTESIAN_POINT('Ctrl Pts',(-11.8376716941674,0.461642185116267,-3.53978697606168));
#7273=CARTESIAN_POINT('Ctrl Pts',(-11.6969001919711,0.436438011275965,-3.2682673664578));
#7274=CARTESIAN_POINT('Ctrl Pts',(-12.088659893893,0.98493726295029,-3.5));
#7275=CARTESIAN_POINT('Ctrl Pts',(-11.799762196766,0.953132792312545,-3.50169077089854));
#7276=CARTESIAN_POINT('Ctrl Pts',(-11.6566441579202,0.926306522281028,-3.24999999994912));
#7277=CARTESIAN_POINT('Ctrl Pts',(-12.0268018381514,1.46768836303517,-3.5));
#7278=CARTESIAN_POINT('Ctrl Pts',(-11.7402525347561,1.43271937596041,-3.5));
#7279=CARTESIAN_POINT('Ctrl Pts',(-11.5969778830585,1.41523488242303,-3.25));
#7280=CARTESIAN_POINT('Origin',(-12.0268018381514,1.46768836303517,-3.));
#7281=CARTESIAN_POINT('Origin',(0.,-3.1540426835942E-17,-3.));
#7282=CARTESIAN_POINT('Origin',(12.0268018381514,1.46768836303517,-3.));
#7283=CARTESIAN_POINT('Ctrl Pts',(12.0268018381514,1.46768836303517,-3.5));
#7284=CARTESIAN_POINT('Ctrl Pts',(11.7402525347561,1.43271937596041,-3.5));
#7285=CARTESIAN_POINT('Ctrl Pts',(11.5969778830585,1.41523488242303,-3.25));
#7286=CARTESIAN_POINT('Ctrl Pts',(12.0888625198172,0.983355934630247,-3.5));
#7287=CARTESIAN_POINT('Ctrl Pts',(11.7999576055358,0.951557998637075,-3.50169632283839));
#7288=CARTESIAN_POINT('Ctrl Pts',(11.6568399543179,0.924702091466709,-3.24999999995482));
#7289=CARTESIAN_POINT('Ctrl Pts',(12.1422054534733,0.498701238201943,-3.53507106554589));
#7290=CARTESIAN_POINT('Ctrl Pts',(11.837890183061,0.458343167245308,-3.5400889880912));
#7291=CARTESIAN_POINT('Ctrl Pts',(11.6971453927562,0.433141251068144,-3.26841231002427));
#7292=CARTESIAN_POINT('Ctrl Pts',(12.2002871832284,-0.468166556210789,-3.67700603438827));
#7293=CARTESIAN_POINT('Ctrl Pts',(11.8394739632499,-0.489234295705188,-3.68105280941811));
#7294=CARTESIAN_POINT('Ctrl Pts',(11.7239760239306,-0.543506958323137,-3.34292816744117));
#7295=CARTESIAN_POINT('Ctrl Pts',(12.2036076229746,-0.942206340676638,-3.78266190220299));
#7296=CARTESIAN_POINT('Ctrl Pts',(11.7969139079032,-0.956625528955322,-3.78928206585946));
#7297=CARTESIAN_POINT('Ctrl Pts',(11.7100342322347,-1.02008941729847,-3.39843081823859));
#7298=CARTESIAN_POINT('Ctrl Pts',(12.1499622818689,-1.40579049262839,-3.92173714778852));
#7299=CARTESIAN_POINT('Ctrl Pts',(11.696115933692,-1.35990276230818,-3.90797082869245));
#7300=CARTESIAN_POINT('Ctrl Pts',(11.6547905910162,-1.48631601514496,-3.47141200258897));
#7301=CARTESIAN_POINT('Origin',(12.1499622818689,-1.54946443541156,-3.44282400517794));
#7302=CARTESIAN_POINT('Ctrl Pts',(11.6308573871643,-1.66902859156053,-3.5));
#7303=CARTESIAN_POINT('Ctrl Pts',(11.6502664107557,-1.5337741168574,-3.96013223505722));
#7304=CARTESIAN_POINT('Ctrl Pts',(12.1257874887457,-1.59637714203525,-3.97891314261058));
#7305=CARTESIAN_POINT('Ctrl Pts',(11.6396061584827,-1.60806156437353,-3.49046579465076));
#7306=CARTESIAN_POINT('Ctrl Pts',(11.6665617496112,-1.47649112165344,-3.94294733649589));
#7307=CARTESIAN_POINT('Ctrl Pts',(12.1349085476898,-1.53281577565797,-3.95984473269739));
#7308=CARTESIAN_POINT('Ctrl Pts',(11.6475809749291,-1.54716129442171,-3.48093647101693));
#7309=CARTESIAN_POINT('Ctrl Pts',(11.6818589291554,-1.41851306549593,-3.92555391964862));
#7310=CARTESIAN_POINT('Ctrl Pts',(12.1429644475905,-1.46928694000003,-3.94078608200001));
#7311=CARTESIAN_POINT('Ctrl Pts',(11.6547905910162,-1.48631601514496,-3.47141200258897));
#7312=CARTESIAN_POINT('Ctrl Pts',(11.696115933692,-1.35990276230819,-3.90797082869246));
#7313=CARTESIAN_POINT('Ctrl Pts',(12.1499622818689,-1.40579049262839,-3.92173714778852));
#7314=CARTESIAN_POINT('Origin',(12.1257874887457,-1.74005108481842,-3.5));
#7315=CARTESIAN_POINT('Ctrl Pts',(10.9117865990465,-4.35837277167409,-4.34113530739722));
#7316=CARTESIAN_POINT('Ctrl Pts',(10.9565103156143,-4.24640078656164,-4.77392023596849));
#7317=CARTESIAN_POINT('Ctrl Pts',(11.3761179436867,-4.40016150002599,-4.8200484500078));
#7318=CARTESIAN_POINT('Ctrl Pts',(11.2568206436513,-3.49453251262088,-4.07095548169294));
#7319=CARTESIAN_POINT('Ctrl Pts',(11.2982123825579,-3.36492066552918,-4.50947619965911));
#7320=CARTESIAN_POINT('Ctrl Pts',(11.7358345304426,-3.49956147417931,-4.54986844225379));
#7321=CARTESIAN_POINT('Ctrl Pts',(11.4987267689173,-2.58979914341284,-3.78798568323848));
#7322=CARTESIAN_POINT('Ctrl Pts',(11.5295090408686,-2.45062756776177,-4.23518827033161));
#7323=CARTESIAN_POINT('Ctrl Pts',(11.98803424804,-2.55632971887199,-4.2668989156616));
#7324=CARTESIAN_POINT('Ctrl Pts',(11.6308573871643,-1.66902859156053,-3.5));
#7325=CARTESIAN_POINT('Ctrl Pts',(11.6502664107557,-1.53377411685739,-3.96013223505722));
#7326=CARTESIAN_POINT('Ctrl Pts',(12.1257874887457,-1.59637714203525,-3.97891314261058));
#7327=CARTESIAN_POINT('Origin',(11.3761179436846,-4.54383544281452,-4.34113530739883));
#7328=CARTESIAN_POINT('Origin',(11.3761179436854,-4.54383544281257,-4.34113530739824));
#7329=CARTESIAN_POINT('Origin',(11.3761179436817,-4.54383544282188,-4.34113530740104));
#7330=CARTESIAN_POINT('Ctrl Pts',(11.5925170535258,-7.59945439396491,-5.25036532220947));
#7331=CARTESIAN_POINT('Ctrl Pts',(11.5852791833508,-7.45401660024728,-5.73620498007422));
#7332=CARTESIAN_POINT('Ctrl Pts',(12.0920369345314,-7.43389235797038,-5.73016770739111));
#7333=CARTESIAN_POINT('Ctrl Pts',(11.5769963633961,-7.24304197468868,-5.19691659104332));
#7334=CARTESIAN_POINT('Ctrl Pts',(11.620597589235,-7.12736745376398,-5.63821023612794));
#7335=CARTESIAN_POINT('Ctrl Pts',(12.0766134009754,-7.07748935170061,-5.62324680551018));
#7336=CARTESIAN_POINT('Ctrl Pts',(11.5526953178846,-6.88657590113185,-5.1435231373522));
#7337=CARTESIAN_POINT('Ctrl Pts',(11.6348144321922,-6.77549579305782,-5.53264873791742));
#7338=CARTESIAN_POINT('Ctrl Pts',(12.0436394838543,-6.72140312061169,-5.51642093618351));
#7339=CARTESIAN_POINT('Ctrl Pts',(11.4912600273307,-6.22499604421166,-5.04454244839645));
#7340=CARTESIAN_POINT('Ctrl Pts',(11.6208331041206,-6.12740575327646,-5.33822172598289));
#7341=CARTESIAN_POINT('Ctrl Pts',(11.9497838945088,-6.06124379802449,-5.31837313940735));
#7342=CARTESIAN_POINT('Ctrl Pts',(11.4543036682811,-5.92038423283525,-4.99902930062111));
#7343=CARTESIAN_POINT('Ctrl Pts',(11.5957523033846,-5.82326303615427,-5.24697891084633));
#7344=CARTESIAN_POINT('Ctrl Pts',(11.8892366284379,-5.75766081943409,-5.22729824583022));
#7345=CARTESIAN_POINT('Ctrl Pts',(11.374860676264,-5.3916001579683,-4.9201255230298));
#7346=CARTESIAN_POINT('Ctrl Pts',(11.5224275226567,-5.30307613674912,-5.09092284102471));
#7347=CARTESIAN_POINT('Ctrl Pts',(11.753562826456,-5.23133493337243,-5.06940048001173));
#7348=CARTESIAN_POINT('Ctrl Pts',(11.3324655288966,-5.16728115632267,-4.88671218330424));
#7349=CARTESIAN_POINT('Ctrl Pts',(11.4749855781584,-5.07875493092943,-5.02362647927891));
#7350=CARTESIAN_POINT('Ctrl Pts',(11.6786254707565,-5.00843548386251,-5.00253064515875));
#7351=CARTESIAN_POINT('Ctrl Pts',(11.2483450121483,-4.80109579818763,-4.83226619303367));
#7352=CARTESIAN_POINT('Ctrl Pts',(11.3728707519537,-4.71832910311272,-4.91549873093374));
#7353=CARTESIAN_POINT('Ctrl Pts',(11.5264820328301,-4.64522188951745,-4.89356656685524));
#7354=CARTESIAN_POINT('Ctrl Pts',(11.2065842066256,-4.65897585959075,-4.81119569872511));
#7355=CARTESIAN_POINT('Ctrl Pts',(11.3177356498361,-4.57668711501189,-4.87300613450361));
#7356=CARTESIAN_POINT('Ctrl Pts',(11.449222158569,-4.50466087320994,-4.85139826196298));
#7357=CARTESIAN_POINT('Ctrl Pts',(11.1672373870576,-4.55173239088356,-4.79534735904511));
#7358=CARTESIAN_POINT('Ctrl Pts',(11.2637494440834,-4.47047898158803,-4.84114369447641));
#7359=CARTESIAN_POINT('Ctrl Pts',(11.3752498296219,-4.39891916836004,-4.81967575050801));
#7360=CARTESIAN_POINT('Origin',(12.0918551553741,-7.57338441815176,-5.25));
#7361=CARTESIAN_POINT('Origin',(12.2475574239753,-11.1395526735535,-6.31985047662053));
#7362=CARTESIAN_POINT('Origin',(12.2010075126454,-10.0733844181518,-6.));
#7363=CARTESIAN_POINT('Origin',(12.2010075126454,-10.0733844181518,-6.));
#7364=CARTESIAN_POINT('Origin',(12.2010075126454,-10.0733844181518,-6.));
#7365=CARTESIAN_POINT('Origin',(12.4151559625059,-14.9781903063173,-6.));
#7366=CARTESIAN_POINT('Origin',(-12.4151559625059,-14.9781903063173,6.));
#7367=CARTESIAN_POINT('Origin',(-12.2010075126454,-10.0733844181518,6.));
#7368=CARTESIAN_POINT('Origin',(-12.2010075126454,-10.0733844181518,6.));
#7369=CARTESIAN_POINT('Origin',(-12.2010075126454,-10.0733844181518,6.));
#7370=CARTESIAN_POINT('Origin',(-12.4035027471079,-14.7112877929571,7.39137101244159));
#7371=CARTESIAN_POINT('Origin',(-12.0918551553741,-7.57338441815176,5.25));
#7372=CARTESIAN_POINT('Ctrl Pts',(-11.5925170535202,-7.59945439383877,5.25036532219865));
#7373=CARTESIAN_POINT('Ctrl Pts',(-11.5852791833719,-7.45401660012758,5.73620498003829));
#7374=CARTESIAN_POINT('Ctrl Pts',(-12.092036934526,-7.43389235784656,5.73016770735397));
#7375=CARTESIAN_POINT('Ctrl Pts',(-11.5769963633911,-7.24304197460223,5.19691659103791));
#7376=CARTESIAN_POINT('Ctrl Pts',(-11.6205975892454,-7.12736745367629,5.63821023610154));
#7377=CARTESIAN_POINT('Ctrl Pts',(-12.0766134009679,-7.07748935161617,5.62324680548485));
#7378=CARTESIAN_POINT('Ctrl Pts',(-11.5526953178824,-6.88657590108963,5.14352313735311));
#7379=CARTESIAN_POINT('Ctrl Pts',(-11.6348144321979,-6.77549579301484,5.5326487379048));
#7380=CARTESIAN_POINT('Ctrl Pts',(-12.043639483849,-6.7214031205715,5.51642093617145));
#7381=CARTESIAN_POINT('Ctrl Pts',(-11.4912600273326,-6.22499604420423,5.04454244840106));
#7382=CARTESIAN_POINT('Ctrl Pts',(-11.6208331041244,-6.12740575327021,5.33822172598074));
#7383=CARTESIAN_POINT('Ctrl Pts',(-11.9497838945074,-6.06124379801893,5.31837313940568));
#7384=CARTESIAN_POINT('Ctrl Pts',(-11.4543036682832,-5.92038423282749,4.99902930062519));
#7385=CARTESIAN_POINT('Ctrl Pts',(-11.5957523033883,-5.82326303614795,5.24697891084455));
#7386=CARTESIAN_POINT('Ctrl Pts',(-11.8892366284364,-5.75766081942879,5.22729824582864));
#7387=CARTESIAN_POINT('Ctrl Pts',(-11.3748606762659,-5.39160015796038,4.92012552303227));
#7388=CARTESIAN_POINT('Ctrl Pts',(-11.5224275226582,-5.30307613674181,5.09092284102239));
#7389=CARTESIAN_POINT('Ctrl Pts',(-11.7535628264544,-5.2313349333658,5.06940048000974));
#7390=CARTESIAN_POINT('Ctrl Pts',(-11.3324655288983,-5.16728115631472,4.88671218330606));
#7391=CARTESIAN_POINT('Ctrl Pts',(-11.4749855781588,-5.07875493092255,5.02362647927679));
#7392=CARTESIAN_POINT('Ctrl Pts',(-11.6786254707538,-5.00843548385631,5.00253064515689));
#7393=CARTESIAN_POINT('Ctrl Pts',(-11.2483450121543,-4.8010957982008,4.83226619303782));
#7394=CARTESIAN_POINT('Ctrl Pts',(-11.37287075196,-4.7183291031259,4.91549873093774));
#7395=CARTESIAN_POINT('Ctrl Pts',(-11.5264820328363,-4.64522188953242,4.89356656685972));
#7396=CARTESIAN_POINT('Ctrl Pts',(-11.206584206636,-4.65897585961666,4.81119569873048));
#7397=CARTESIAN_POINT('Ctrl Pts',(-11.3177356498469,-4.57668711503866,4.8730061345115));
#7398=CARTESIAN_POINT('Ctrl Pts',(-11.4492221585833,-4.50466087323735,4.8513982619712));
#7399=CARTESIAN_POINT('Ctrl Pts',(-11.1672373870716,-4.55173239091418,4.79534735905091));
#7400=CARTESIAN_POINT('Ctrl Pts',(-11.2637494441009,-4.47047898161902,4.84114369448571));
#7401=CARTESIAN_POINT('Ctrl Pts',(-11.3752498296442,-4.398919168392,4.8196757505176));
#7402=CARTESIAN_POINT('Origin',(-11.3761179436783,-4.54383544281709,4.3411353073996));
#7403=CARTESIAN_POINT('Origin',(-11.3761179436854,-4.54383544281257,4.34113530739824));
#7404=CARTESIAN_POINT('Origin',(-11.3761179436854,-4.54383544281257,4.34113530739824));
#7405=CARTESIAN_POINT('Ctrl Pts',(-10.9117865990428,-4.35837277168332,4.34113530740011));
#7406=CARTESIAN_POINT('Ctrl Pts',(-10.9565103156107,-4.24640078657097,4.77392023597129));
#7407=CARTESIAN_POINT('Ctrl Pts',(-11.3761179436829,-4.40016150003561,4.82004845001068));
#7408=CARTESIAN_POINT('Ctrl Pts',(-11.2568206436495,-3.4945325126274,4.07095548169466));
#7409=CARTESIAN_POINT('Ctrl Pts',(-11.2982123825617,-3.3649206655393,4.50947619966183));
#7410=CARTESIAN_POINT('Ctrl Pts',(-11.7358345304414,-3.49956147418622,4.54986844225587));
#7411=CARTESIAN_POINT('Ctrl Pts',(-11.4987267689168,-2.58979914341591,3.78798568324019));
#7412=CARTESIAN_POINT('Ctrl Pts',(-11.5295090408681,-2.45062756776249,4.23518827033304));
#7413=CARTESIAN_POINT('Ctrl Pts',(-11.988034248039,-2.55632971887525,4.26689891566258));
#7414=CARTESIAN_POINT('Ctrl Pts',(-11.6308573871643,-1.66902859156051,3.49999999999999));
#7415=CARTESIAN_POINT('Ctrl Pts',(-11.6502664107557,-1.53377411685738,3.96013223505721));
#7416=CARTESIAN_POINT('Ctrl Pts',(-12.1257874887457,-1.59637714203523,3.97891314261057));
#7417=CARTESIAN_POINT('Origin',(-12.1257874887457,-1.74005108481842,3.5));
#7418=CARTESIAN_POINT('Ctrl Pts',(-11.6308573871643,-1.66902859156053,3.5));
#7419=CARTESIAN_POINT('Ctrl Pts',(-11.6502664107557,-1.5337741168574,3.96013223505722));
#7420=CARTESIAN_POINT('Ctrl Pts',(-12.1257874887457,-1.59637714203525,3.97891314261058));
#7421=CARTESIAN_POINT('Ctrl Pts',(-11.6396061584827,-1.6080615643735,3.49046579465075));
#7422=CARTESIAN_POINT('Ctrl Pts',(-11.6665617496112,-1.47649112165337,3.94294733649594));
#7423=CARTESIAN_POINT('Ctrl Pts',(-12.1349085476898,-1.53281577565792,3.95984473269738));
#7424=CARTESIAN_POINT('Ctrl Pts',(-11.6475809749292,-1.54716129442163,3.48093647101702));
#7425=CARTESIAN_POINT('Ctrl Pts',(-11.6818589291554,-1.41851306549582,3.92555391964879));
#7426=CARTESIAN_POINT('Ctrl Pts',(-12.1429644475904,-1.46928693999996,3.94078608199999));
#7427=CARTESIAN_POINT('Ctrl Pts',(-11.6547905910162,-1.48631601514486,3.47141200258895));
#7428=CARTESIAN_POINT('Ctrl Pts',(-11.696115933692,-1.35990276230809,3.90797082869243));
#7429=CARTESIAN_POINT('Ctrl Pts',(-12.1499622818689,-1.40579049262828,3.92173714778848));
#7430=CARTESIAN_POINT('Origin',(-12.1499622818689,-1.54946443541146,3.44282400517791));
#7431=CARTESIAN_POINT('Ctrl Pts',(-12.0268018381514,1.46768836303517,3.5));
#7432=CARTESIAN_POINT('Ctrl Pts',(-11.7402525347561,1.43271937596041,3.5));
#7433=CARTESIAN_POINT('Ctrl Pts',(-11.5969778830585,1.41523488242303,3.25));
#7434=CARTESIAN_POINT('Ctrl Pts',(-12.0888625198173,0.983355934630264,3.5));
#7435=CARTESIAN_POINT('Ctrl Pts',(-11.7999576055359,0.951557998637042,3.50169632283962));
#7436=CARTESIAN_POINT('Ctrl Pts',(-11.656839954318,0.924702091466784,3.24999999995499));
#7437=CARTESIAN_POINT('Ctrl Pts',(-12.1422054534728,0.498701238202026,3.53507106554589));
#7438=CARTESIAN_POINT('Ctrl Pts',(-11.8378901830602,0.45834316724522,3.54008898809087));
#7439=CARTESIAN_POINT('Ctrl Pts',(-11.6971453927561,0.433141251068211,3.2684123100241));
#7440=CARTESIAN_POINT('Ctrl Pts',(-12.2002871832289,-0.468166556210694,
3.67700603438825));
#7441=CARTESIAN_POINT('Ctrl Pts',(-11.8394739632508,-0.489234295705115,
3.68105280941846));
#7442=CARTESIAN_POINT('Ctrl Pts',(-11.7239760239307,-0.543506958323023,
3.34292816744132));
#7443=CARTESIAN_POINT('Ctrl Pts',(-12.2036076229719,-0.942206340676292,
3.78266190220289));
#7444=CARTESIAN_POINT('Ctrl Pts',(-11.7969139079059,-0.956625528956636,
3.78928206585774));
#7445=CARTESIAN_POINT('Ctrl Pts',(-11.7100342322346,-1.0200894172985,3.39843081823771));
#7446=CARTESIAN_POINT('Ctrl Pts',(-12.1499622818689,-1.40579049262829,3.92173714778849));
#7447=CARTESIAN_POINT('Ctrl Pts',(-11.696115933692,-1.35990276230809,3.90797082869243));
#7448=CARTESIAN_POINT('Ctrl Pts',(-11.6547905910162,-1.48631601514487,3.47141200258896));
#7449=CARTESIAN_POINT('Ctrl Pts',(12.1499622818689,-1.40579049262829,3.92173714778848));
#7450=CARTESIAN_POINT('Ctrl Pts',(11.696115933692,-1.35990276230809,3.90797082869243));
#7451=CARTESIAN_POINT('Ctrl Pts',(11.6547905910162,-1.48631601514487,3.47141200258895));
#7452=CARTESIAN_POINT('Ctrl Pts',(12.2036472423789,-0.941863980746516,3.78255919422395));
#7453=CARTESIAN_POINT('Ctrl Pts',(11.7969747637675,-0.956382064130804,3.78921041061458));
#7454=CARTESIAN_POINT('Ctrl Pts',(11.7100704987347,-1.01978334730257,3.39838290678115));
#7455=CARTESIAN_POINT('Ctrl Pts',(12.2001440290444,-0.463364277364745,3.67610118926045));
#7456=CARTESIAN_POINT('Ctrl Pts',(11.8396882587794,-0.484498054045997,3.68015129052542));
#7457=CARTESIAN_POINT('Ctrl Pts',(11.7239963840076,-0.538666194329829,3.34245312378012));
#7458=CARTESIAN_POINT('Ctrl Pts',(12.1418634517308,0.501954908473446,3.53479498262149));
#7459=CARTESIAN_POINT('Ctrl Pts',(11.8376716941674,0.461642185116181,3.53978697606169));
#7460=CARTESIAN_POINT('Ctrl Pts',(11.6969001919712,0.43643801127598,3.2682673664579));
#7461=CARTESIAN_POINT('Ctrl Pts',(12.0886598938927,0.984937262950244,3.5));
#7462=CARTESIAN_POINT('Ctrl Pts',(11.7997621967653,0.953132792312367,3.50169077089888));
#7463=CARTESIAN_POINT('Ctrl Pts',(11.65664415792,0.926306522280989,3.24999999994883));
#7464=CARTESIAN_POINT('Ctrl Pts',(12.0268018381514,1.46768836303517,3.5));
#7465=CARTESIAN_POINT('Ctrl Pts',(11.7402525347561,1.43271937596041,3.5));
#7466=CARTESIAN_POINT('Ctrl Pts',(11.5969778830585,1.41523488242303,3.25));
#7467=CARTESIAN_POINT('Origin',(12.1499622818689,-1.54946443541146,3.44282400517791));
#7468=CARTESIAN_POINT('Ctrl Pts',(12.1257874887457,-1.59637714203525,3.97891314261058));
#7469=CARTESIAN_POINT('Ctrl Pts',(11.6502664107557,-1.5337741168574,3.96013223505722));
#7470=CARTESIAN_POINT('Ctrl Pts',(11.6308573871643,-1.66902859156053,3.5));
#7471=CARTESIAN_POINT('Ctrl Pts',(12.1349085476899,-1.53281577565795,3.95984473269738));
#7472=CARTESIAN_POINT('Ctrl Pts',(11.6665617496113,-1.47649112165343,3.94294733649591));
#7473=CARTESIAN_POINT('Ctrl Pts',(11.6396061584827,-1.6080615643735,3.4904657946508));
#7474=CARTESIAN_POINT('Ctrl Pts',(12.1429644475904,-1.46928693999994,3.94078608199998));
#7475=CARTESIAN_POINT('Ctrl Pts',(11.6818589291553,-1.41851306549577,3.92555391964885));
#7476=CARTESIAN_POINT('Ctrl Pts',(11.6475809749292,-1.54716129442162,3.48093647101702));
#7477=CARTESIAN_POINT('Ctrl Pts',(12.1499622818689,-1.40579049262828,3.92173714778848));
#7478=CARTESIAN_POINT('Ctrl Pts',(11.696115933692,-1.35990276230809,3.90797082869243));
#7479=CARTESIAN_POINT('Ctrl Pts',(11.6547905910162,-1.48631601514486,3.47141200258895));
#7480=CARTESIAN_POINT('Origin',(12.1257874887457,-1.74005108481843,3.5));
#7481=CARTESIAN_POINT('Ctrl Pts',(11.6308573871643,-1.66902859156053,3.5));
#7482=CARTESIAN_POINT('Ctrl Pts',(11.6502664107557,-1.5337741168574,3.96013223505722));
#7483=CARTESIAN_POINT('Ctrl Pts',(12.1257874887457,-1.59637714203525,3.97891314261058));
#7484=CARTESIAN_POINT('Ctrl Pts',(11.4987267689171,-2.58979914341398,3.78798568323902));
#7485=CARTESIAN_POINT('Ctrl Pts',(11.5295090408659,-2.45062756776321,4.23518827032902));
#7486=CARTESIAN_POINT('Ctrl Pts',(11.9880342480369,-2.556329718874,4.2668989156622));
#7487=CARTESIAN_POINT('Ctrl Pts',(11.2568206436506,-3.49453251262332,4.07095548169302));
#7488=CARTESIAN_POINT('Ctrl Pts',(11.2982123825598,-3.36492066553284,4.50947619965747));
#7489=CARTESIAN_POINT('Ctrl Pts',(11.7358345304412,-3.49956147418003,4.54986844225401));
#7490=CARTESIAN_POINT('Ctrl Pts',(10.9117865990452,-4.35837277167735,4.34113530739824));
#7491=CARTESIAN_POINT('Ctrl Pts',(10.956510315613,-4.24640078656493,4.77392023596948));
#7492=CARTESIAN_POINT('Ctrl Pts',(11.3761179436854,-4.40016150002939,4.82004845000881));
#7493=CARTESIAN_POINT('Origin',(11.3761179436854,-4.54383544281256,4.34113530739824));
#7494=CARTESIAN_POINT('Origin',(11.3761179436854,-4.54383544281257,4.34113530739824));
#7495=CARTESIAN_POINT('Origin',(11.3761179436854,-4.54383544281257,4.34113530739824));
#7496=CARTESIAN_POINT('Ctrl Pts',(11.1663283387007,-4.54954630253383,4.79497621603301));
#7497=CARTESIAN_POINT('Ctrl Pts',(11.2625719199714,-4.46829735808092,4.84048920742427));
#7498=CARTESIAN_POINT('Ctrl Pts',(11.3736916550024,-4.39669631764195,4.81900889529259));
#7499=CARTESIAN_POINT('Ctrl Pts',(11.2080729318797,-4.66293271527514,4.81171756747345));
#7500=CARTESIAN_POINT('Ctrl Pts',(11.3199180935006,-4.5806420137941,4.87419260413828));
#7501=CARTESIAN_POINT('Ctrl Pts',(11.4522240732958,-4.50850317501348,4.85255095250404));
#7502=CARTESIAN_POINT('Ctrl Pts',(11.2519812749885,-4.81427029842508,4.83414025407388));
#7503=CARTESIAN_POINT('Ctrl Pts',(11.3777417312362,-4.73155851047414,4.91946755314242));
#7504=CARTESIAN_POINT('Ctrl Pts',(11.5333838423117,-4.65819073107535,4.89745721932261));
#7505=CARTESIAN_POINT('Ctrl Pts',(11.3386712750587,-5.1983965001809,4.89122114792963));
#7506=CARTESIAN_POINT('Ctrl Pts',(11.4822356683689,-5.10961576730055,5.03288473018998));
#7507=CARTESIAN_POINT('Ctrl Pts',(11.6899007345102,-5.03926408158322,5.01177922447497));
#7508=CARTESIAN_POINT('Ctrl Pts',(11.3814920948379,-5.43083916853464,4.92582716877484));
#7509=CARTESIAN_POINT('Ctrl Pts',(11.5293641860188,-5.34189395074648,5.10256818522359));
#7510=CARTESIAN_POINT('Ctrl Pts',(11.7653354847271,-5.27028530649882,5.08108559194964));
#7511=CARTESIAN_POINT('Ctrl Pts',(11.4602738590127,-5.96762699534917,5.00588643611016));
#7512=CARTESIAN_POINT('Ctrl Pts',(11.6002089657152,-5.86988756792488,5.26096627037783));
#7513=CARTESIAN_POINT('Ctrl Pts',(11.8993139331142,-5.80465642274896,5.24139692682469));
#7514=CARTESIAN_POINT('Ctrl Pts',(11.4961384963072,-6.27186480281796,5.05132436433139));
#7515=CARTESIAN_POINT('Ctrl Pts',(11.6229973338041,-6.17292398278883,5.35187719483694));
#7516=CARTESIAN_POINT('Ctrl Pts',(11.9576697501444,-6.1079137228784,5.33237411686352));
#7517=CARTESIAN_POINT('Ctrl Pts',(11.555148331954,-6.92130115466474,5.14844989882633));
#7518=CARTESIAN_POINT('Ctrl Pts',(11.6336347353233,-6.8090253061258,5.54270759183743));
#7519=CARTESIAN_POINT('Ctrl Pts',(12.0471309094924,-6.75601008791738,5.52680302637521));
#7520=CARTESIAN_POINT('Ctrl Pts',(11.5780751889126,-7.26623460868692,5.20009950152738));
#7521=CARTESIAN_POINT('Ctrl Pts',(11.6183487730231,-7.14826255555604,5.64447876666679));
#7522=CARTESIAN_POINT('Ctrl Pts',(12.0778094465293,-7.10060170317996,5.63018051095399));
#7523=CARTESIAN_POINT('Ctrl Pts',(11.5927958922025,-7.60585094160098,5.25101567138368));
#7524=CARTESIAN_POINT('Ctrl Pts',(11.5843054695643,-7.46010963000609,5.73803288900183));
#7525=CARTESIAN_POINT('Ctrl Pts',(12.0923080855426,-7.44020048084324,5.73206014425297));
#7526=CARTESIAN_POINT('Origin',(12.0918551553741,-7.57338441815176,5.25));
#7527=CARTESIAN_POINT('Origin',(12.4035027471079,-14.7112877929571,7.39137101244159));
#7528=CARTESIAN_POINT('Origin',(12.2010075126454,-10.0733844181518,6.));
#7529=CARTESIAN_POINT('Origin',(12.2010075126454,-10.0733844181518,6.));
#7530=CARTESIAN_POINT('Origin',(12.2010075126454,-10.0733844181518,6.));
#7531=CARTESIAN_POINT('Origin',(11.7388166035868,0.512527801542637,6.));
#7532=CARTESIAN_POINT('Origin',(14.415631851715,-14.5,-3.69778549322349E-31));
#7533=CARTESIAN_POINT('',(9.61042123447664,-19.3052106172383,8.80521061723834));
#7534=CARTESIAN_POINT('',(15.7489651850483,-13.1666666666667,-2.66666666666665));
#7535=CARTESIAN_POINT('Origin',(-1.63524717560013E-15,-14.5,-4.));
#7536=CARTESIAN_POINT('',(21.6105720986453,-10.02430397305,0.475696026950058));
#7537=CARTESIAN_POINT('Origin',(-1.63524717560013E-15,-14.5,4.));
#7538=CARTESIAN_POINT('',(24.5518971172887,-17.1252907244066,6.6252907244066));
#7539=CARTESIAN_POINT('Origin',(13.7322330470336,-14.5,-13.7322330470336));
#7540=CARTESIAN_POINT('',(24.5299189394913,-14.0299189394913,-2.26975214338981));
#7541=CARTESIAN_POINT('Origin',(13.7322330470336,-14.5,13.7322330470336));
#7542=CARTESIAN_POINT('',(24.5299189394913,-14.0299189394913,2.2697521433898));
#7543=CARTESIAN_POINT('Origin',(25.,-14.5,-3.69778549322349E-31));
#7544=CARTESIAN_POINT('Origin',(-4.87797051176943,-15.,23.2936023634844));
#7545=CARTESIAN_POINT('',(-19.9371633445014,-9.4371633445015,0.367370487280239));
#7546=CARTESIAN_POINT('',(-20.8598785928143,-8.21196953008753,-2.28803046991245));
#7547=CARTESIAN_POINT('Origin',(11.915631851715,-15.,4.49999999999999));
#7548=CARTESIAN_POINT('',(-13.2489651850483,-15.6666666666667,5.16666666666666));
#7549=CARTESIAN_POINT('Origin',(-25.5,-15.,6.5));
#7550=CARTESIAN_POINT('',(-23.7505814488132,-13.2505814488132,-1.94693998508519));
#7551=CARTESIAN_POINT('Origin',(-13.915631851715,-15.,6.5));
#7552=CARTESIAN_POINT('',(-5.30521061723835,-23.6104212344766,-13.1104212344766));
#7553=CARTESIAN_POINT('Origin',(-11.3779705117694,-15.,-16.7936023634844));
#7554=CARTESIAN_POINT('',(-20.8598785928145,-8.21196953008779,2.2880304699122));
#7555=CARTESIAN_POINT('Origin',(11.915631851715,-15.,-4.49999999999999));
#7556=CARTESIAN_POINT('Origin',(0.,0.,-3.));
#7557=CARTESIAN_POINT('',(6.,-7.34788079488412E-16,-2.75));
#7558=CARTESIAN_POINT('Origin',(0.,0.,-2.75));
#7559=CARTESIAN_POINT('',(6.25,-7.65404249467095E-16,-3.));
#7560=CARTESIAN_POINT('',(6.25,-7.65404249467095E-16,-3.));
#7561=CARTESIAN_POINT('Origin',(0.,0.,-3.));
#7562=CARTESIAN_POINT('Origin',(0.,0.,2.74999999999999));
#7563=CARTESIAN_POINT('',(6.,7.34788079488412E-16,2.74999999999999));
#7564=CARTESIAN_POINT('',(-6.,-7.34788079488412E-16,2.74999999999999));
#7565=CARTESIAN_POINT('Origin',(0.,0.,2.74999999999999));
#7566=CARTESIAN_POINT('Origin',(0.,0.,2.74999999999999));
#7567=CARTESIAN_POINT('',(-6.25000000000001,-7.65404249467097E-16,3.));
#7568=CARTESIAN_POINT('',(-6.,-7.34788079488412E-16,2.74999999999999));
#7569=CARTESIAN_POINT('Origin',(0.,0.,3.));
#7570=CARTESIAN_POINT('Origin',(0.,0.,3.));
#7571=CARTESIAN_POINT('',(6.,-7.34788079488412E-16,3.));
#7572=CARTESIAN_POINT('Origin',(0.,0.,3.));
#7573=CARTESIAN_POINT('',(10.,-1.22464679914735E-15,-3.));
#7574=CARTESIAN_POINT('Origin',(0.,0.,-3.));
#7575=CARTESIAN_POINT('',(10.,-1.22464679914735E-15,3.));
#7576=CARTESIAN_POINT('',(10.,-1.22464679914735E-15,3.));
#7577=CARTESIAN_POINT('Origin',(0.,0.,3.));
#7578=CARTESIAN_POINT('Origin',(0.,0.,3.));
#7579=CARTESIAN_POINT('Origin',(0.,0.,-3.));
#7580=CARTESIAN_POINT('Origin',(-6.00000000000002,-2.09488880330589E-14,
3.875));
#7581=CARTESIAN_POINT('',(-6.00000000000002,-2.09488880330589E-14,4.625));
#7582=CARTESIAN_POINT('',(-5.95294044989533,-0.750000000000021,3.875));
#7583=CARTESIAN_POINT('Ctrl Pts',(-5.95294044989533,-0.750000000000021,
3.875));
#7584=CARTESIAN_POINT('Ctrl Pts',(-5.95294044989533,-0.750000000000021,
3.96927801446382));
#7585=CARTESIAN_POINT('Ctrl Pts',(-5.95541118371286,-0.731138302336693,
4.06977201843521));
#7586=CARTESIAN_POINT('Ctrl Pts',(-5.96431277537357,-0.654567560817947,
4.25452691140792));
#7587=CARTESIAN_POINT('Ctrl Pts',(-5.97061262566371,-0.596863865882565,
4.33879630589727));
#7588=CARTESIAN_POINT('Ctrl Pts',(-5.98242041289637,-0.463796861726207,
4.47186331005363));
#7589=CARTESIAN_POINT('Ctrl Pts',(-5.98869871873939,-0.379527225594884,
4.52956744044947));
#7590=CARTESIAN_POINT('Ctrl Pts',(-5.99755094315313,-0.194771514418989,
4.60613850137892));
#7591=CARTESIAN_POINT('Ctrl Pts',(-6.,-0.094277226857218,4.625));
#7592=CARTESIAN_POINT('Ctrl Pts',(-6.,-2.08860706507608E-14,4.625));
#7593=CARTESIAN_POINT('',(-6.,-1.09231863910631E-14,3.125));
#7594=CARTESIAN_POINT('Ctrl Pts',(-6.,-2.08860706507608E-14,4.625));
#7595=CARTESIAN_POINT('Ctrl Pts',(-6.,0.0942772268571762,4.625));
#7596=CARTESIAN_POINT('Ctrl Pts',(-5.99755094315313,0.194771514418947,4.60613850137892));
#7597=CARTESIAN_POINT('Ctrl Pts',(-5.98869871873939,0.379527225594842,4.52956744044947));
#7598=CARTESIAN_POINT('Ctrl Pts',(-5.98242041289637,0.463796861726165,4.47186331005363));
#7599=CARTESIAN_POINT('Ctrl Pts',(-5.97061262566371,0.596863865882523,4.33879630589728));
#7600=CARTESIAN_POINT('Ctrl Pts',(-5.96431277537357,0.654567560817905,4.25452691140792));
#7601=CARTESIAN_POINT('Ctrl Pts',(-5.95541118371286,0.731138302336651,4.06977201843521));
#7602=CARTESIAN_POINT('Ctrl Pts',(-5.95294044989533,0.749999999999979,3.96927801446382));
#7603=CARTESIAN_POINT('Ctrl Pts',(-5.95294044989533,0.749999999999979,3.875));
#7604=CARTESIAN_POINT('Ctrl Pts',(-5.95294044989533,0.749999999999979,3.78072198553618));
#7605=CARTESIAN_POINT('Ctrl Pts',(-5.95541118371286,0.731138302336652,3.68022798156479));
#7606=CARTESIAN_POINT('Ctrl Pts',(-5.96431277537357,0.654567560817907,3.49547308859208));
#7607=CARTESIAN_POINT('Ctrl Pts',(-5.97061262566371,0.596863865882524,3.41120369410272));
#7608=CARTESIAN_POINT('Ctrl Pts',(-5.98242041289637,0.463796861726166,3.27813668994636));
#7609=CARTESIAN_POINT('Ctrl Pts',(-5.98869871873939,0.379527225594842,3.22043255955052));
#7610=CARTESIAN_POINT('Ctrl Pts',(-5.99755094315313,0.194771514418946,3.14386149862107));
#7611=CARTESIAN_POINT('Ctrl Pts',(-6.,0.094277226857176,3.125));
#7612=CARTESIAN_POINT('Ctrl Pts',(-6.,-2.11115847026377E-14,3.125));
#7613=CARTESIAN_POINT('Ctrl Pts',(-6.,-2.11115847026377E-14,3.125));
#7614=CARTESIAN_POINT('Ctrl Pts',(-6.,-0.0942772268572183,3.125));
#7615=CARTESIAN_POINT('Ctrl Pts',(-5.99755094315313,-0.194771514418988,
3.14386149862107));
#7616=CARTESIAN_POINT('Ctrl Pts',(-5.98869871873939,-0.379527225594884,
3.22043255955052));
#7617=CARTESIAN_POINT('Ctrl Pts',(-5.98242041289637,-0.463796861726208,
3.27813668994636));
#7618=CARTESIAN_POINT('Ctrl Pts',(-5.97061262566371,-0.596863865882566,
3.41120369410272));
#7619=CARTESIAN_POINT('Ctrl Pts',(-5.96431277537357,-0.654567560817948,
3.49547308859208));
#7620=CARTESIAN_POINT('Ctrl Pts',(-5.95541118371286,-0.731138302336694,
3.68022798156479));
#7621=CARTESIAN_POINT('Ctrl Pts',(-5.95294044989533,-0.750000000000021,
3.78072198553618));
#7622=CARTESIAN_POINT('Ctrl Pts',(-5.95294044989533,-0.750000000000021,
3.875));
#7623=CARTESIAN_POINT('',(-3.92905841137543,-0.750000000000014,3.875));
#7624=CARTESIAN_POINT('',(-6.00000000000002,-0.750000000000021,3.875));
#7625=CARTESIAN_POINT('',(-4.,4.89857899771593E-16,3.125));
#7626=CARTESIAN_POINT('Ctrl Pts',(-3.92905841137543,-0.750000000000014,
3.875));
#7627=CARTESIAN_POINT('Ctrl Pts',(-3.92905841137543,-0.750000000000014,
3.78058561672337));
#7628=CARTESIAN_POINT('Ctrl Pts',(-3.93281409930167,-0.731085403092829,
3.68003508140384));
#7629=CARTESIAN_POINT('Ctrl Pts',(-3.9462859483074,-0.654476735451266,3.49531932326526));
#7630=CARTESIAN_POINT('Ctrl Pts',(-3.95579737753183,-0.596794492543299,
3.41113432076346));
#7631=CARTESIAN_POINT('Ctrl Pts',(-3.97357800299886,-0.463868542846448,
3.27820837106661));
#7632=CARTESIAN_POINT('Ctrl Pts',(-3.98301593603892,-0.37968231907412,3.22052388365852));
#7633=CARTESIAN_POINT('Ctrl Pts',(-3.99631884331926,-0.194962335408097,
3.14391358759185));
#7634=CARTESIAN_POINT('Ctrl Pts',(-4.,-0.0944103154458172,3.125));
#7635=CARTESIAN_POINT('Ctrl Pts',(-4.,-1.39211558947139E-14,3.125));
#7636=CARTESIAN_POINT('',(-4.,-7.28790667229531E-15,4.625));
#7637=CARTESIAN_POINT('Ctrl Pts',(-4.,-1.39211558947139E-14,3.125));
#7638=CARTESIAN_POINT('Ctrl Pts',(-4.,0.0944103154457895,3.125));
#7639=CARTESIAN_POINT('Ctrl Pts',(-3.99631884331926,0.194962335408069,3.14391358759185));
#7640=CARTESIAN_POINT('Ctrl Pts',(-3.98301593603892,0.379682319074092,3.22052388365852));
#7641=CARTESIAN_POINT('Ctrl Pts',(-3.97357800299886,0.46386854284642,3.27820837106661));
#7642=CARTESIAN_POINT('Ctrl Pts',(-3.95579737753184,0.596794492543271,3.41113432076346));
#7643=CARTESIAN_POINT('Ctrl Pts',(-3.9462859483074,0.654476735451239,3.49531932326526));
#7644=CARTESIAN_POINT('Ctrl Pts',(-3.93281409930168,0.731085403092802,3.68003508140384));
#7645=CARTESIAN_POINT('Ctrl Pts',(-3.92905841137543,0.749999999999986,3.78058561672337));
#7646=CARTESIAN_POINT('Ctrl Pts',(-3.92905841137543,0.749999999999986,3.875));
#7647=CARTESIAN_POINT('Ctrl Pts',(-3.92905841137543,0.749999999999986,3.96941438327663));
#7648=CARTESIAN_POINT('Ctrl Pts',(-3.93281409930168,0.731085403092801,4.06996491859616));
#7649=CARTESIAN_POINT('Ctrl Pts',(-3.9462859483074,0.654476735451238,4.25468067673474));
#7650=CARTESIAN_POINT('Ctrl Pts',(-3.95579737753184,0.59679449254327,4.33886567923654));
#7651=CARTESIAN_POINT('Ctrl Pts',(-3.97357800299886,0.463868542846419,4.47179162893339));
#7652=CARTESIAN_POINT('Ctrl Pts',(-3.98301593603892,0.379682319074091,4.52947611634148));
#7653=CARTESIAN_POINT('Ctrl Pts',(-3.99631884331926,0.194962335408068,4.60608641240814));
#7654=CARTESIAN_POINT('Ctrl Pts',(-4.,0.0944103154457891,4.625));
#7655=CARTESIAN_POINT('Ctrl Pts',(-4.,-1.40859546249317E-14,4.625));
#7656=CARTESIAN_POINT('Ctrl Pts',(-4.,-1.40859546249317E-14,4.625));
#7657=CARTESIAN_POINT('Ctrl Pts',(-4.,-0.0944103154458172,4.625));
#7658=CARTESIAN_POINT('Ctrl Pts',(-3.99631884331926,-0.194962335408096,
4.60608641240814));
#7659=CARTESIAN_POINT('Ctrl Pts',(-3.98301593603892,-0.379682319074118,
4.52947611634148));
#7660=CARTESIAN_POINT('Ctrl Pts',(-3.97357800299886,-0.463868542846447,
4.47179162893339));
#7661=CARTESIAN_POINT('Ctrl Pts',(-3.95579737753183,-0.596794492543298,
4.33886567923654));
#7662=CARTESIAN_POINT('Ctrl Pts',(-3.9462859483074,-0.654476735451266,4.25468067673474));
#7663=CARTESIAN_POINT('Ctrl Pts',(-3.93281409930167,-0.731085403092829,
4.06996491859616));
#7664=CARTESIAN_POINT('Ctrl Pts',(-3.92905841137543,-0.750000000000014,
3.96941438327663));
#7665=CARTESIAN_POINT('Ctrl Pts',(-3.92905841137543,-0.750000000000014,
3.875));
#7666=CARTESIAN_POINT('Origin',(0.,13.75,3.875));
#7667=CARTESIAN_POINT('',(9.37623912161404E-13,6.00000000000101,4.62500000000809));
#7668=CARTESIAN_POINT('Ctrl Pts',(0.75,5.95294044989533,3.875));
#7669=CARTESIAN_POINT('Ctrl Pts',(0.75,5.95294044989533,3.96927801446382));
#7670=CARTESIAN_POINT('Ctrl Pts',(0.731138302336672,5.95541118371286,4.06977201843521));
#7671=CARTESIAN_POINT('Ctrl Pts',(0.654567560817927,5.96431277537357,4.25452691140792));
#7672=CARTESIAN_POINT('Ctrl Pts',(0.596863865882544,5.97061262566371,4.33879630589728));
#7673=CARTESIAN_POINT('Ctrl Pts',(0.463796861726186,5.98242041289637,4.47186331005363));
#7674=CARTESIAN_POINT('Ctrl Pts',(0.379527225594863,5.98869871873939,4.52956744044947));
#7675=CARTESIAN_POINT('Ctrl Pts',(0.194771514418968,5.99755094315313,4.60613850137892));
#7676=CARTESIAN_POINT('Ctrl Pts',(0.0942772268571972,6.,4.625));
#7677=CARTESIAN_POINT('Ctrl Pts',(-0.0942772268571969,6.,4.625));
#7678=CARTESIAN_POINT('Ctrl Pts',(-0.194771514418968,5.99755094315313,4.60613850137892));
#7679=CARTESIAN_POINT('Ctrl Pts',(-0.379527225594863,5.98869871873939,4.52956744044947));
#7680=CARTESIAN_POINT('Ctrl Pts',(-0.463796861726186,5.98242041289637,4.47186331005363));
#7681=CARTESIAN_POINT('Ctrl Pts',(-0.596863865882544,5.97061262566371,4.33879630589728));
#7682=CARTESIAN_POINT('Ctrl Pts',(-0.654567560817926,5.96431277537357,4.25452691140792));
#7683=CARTESIAN_POINT('Ctrl Pts',(-0.731138302336672,5.95541118371286,4.06977201843521));
#7684=CARTESIAN_POINT('Ctrl Pts',(-0.75,5.95294044989533,3.96927801446382));
#7685=CARTESIAN_POINT('Ctrl Pts',(-0.75,5.95294044989533,3.78072198553618));
#7686=CARTESIAN_POINT('Ctrl Pts',(-0.731138302336673,5.95541118371286,3.68022798156479));
#7687=CARTESIAN_POINT('Ctrl Pts',(-0.654567560817927,5.96431277537357,3.49547308859208));
#7688=CARTESIAN_POINT('Ctrl Pts',(-0.596863865882545,5.97061262566371,3.41120369410272));
#7689=CARTESIAN_POINT('Ctrl Pts',(-0.463796861726187,5.98242041289637,3.27813668994636));
#7690=CARTESIAN_POINT('Ctrl Pts',(-0.379527225594863,5.98869871873939,3.22043255955052));
#7691=CARTESIAN_POINT('Ctrl Pts',(-0.194771514418967,5.99755094315313,3.14386149862107));
#7692=CARTESIAN_POINT('Ctrl Pts',(-0.0942772268571973,6.,3.125));
#7693=CARTESIAN_POINT('Ctrl Pts',(0.0942772268571971,6.,3.125));
#7694=CARTESIAN_POINT('Ctrl Pts',(0.194771514418967,5.99755094315313,3.14386149862107));
#7695=CARTESIAN_POINT('Ctrl Pts',(0.379527225594863,5.98869871873939,3.22043255955052));
#7696=CARTESIAN_POINT('Ctrl Pts',(0.463796861726187,5.98242041289637,3.27813668994636));
#7697=CARTESIAN_POINT('Ctrl Pts',(0.596863865882545,5.97061262566371,3.41120369410272));
#7698=CARTESIAN_POINT('Ctrl Pts',(0.654567560817928,5.96431277537357,3.49547308859208));
#7699=CARTESIAN_POINT('Ctrl Pts',(0.731138302336673,5.95541118371286,3.68022798156479));
#7700=CARTESIAN_POINT('Ctrl Pts',(0.75,5.95294044989533,3.78072198553618));
#7701=CARTESIAN_POINT('Ctrl Pts',(0.75,5.95294044989533,3.875));
#7702=CARTESIAN_POINT('',(-9.796595924733E-17,4.,4.625));
#7703=CARTESIAN_POINT('',(-9.18485099360515E-17,13.75,4.625));
#7704=CARTESIAN_POINT('',(0.,4.,3.125));
#7705=CARTESIAN_POINT('Ctrl Pts',(-1.04083408558608E-16,4.,4.625));
#7706=CARTESIAN_POINT('Ctrl Pts',(-0.0944103154458032,4.,4.625));
#7707=CARTESIAN_POINT('Ctrl Pts',(-0.194962335408082,3.99631884331926,4.60608641240814));
#7708=CARTESIAN_POINT('Ctrl Pts',(-0.379682319074105,3.98301593603892,4.52947611634148));
#7709=CARTESIAN_POINT('Ctrl Pts',(-0.463868542846433,3.97357800299886,4.47179162893339));
#7710=CARTESIAN_POINT('Ctrl Pts',(-0.596794492543284,3.95579737753183,4.33886567923654));
#7711=CARTESIAN_POINT('Ctrl Pts',(-0.654476735451252,3.9462859483074,4.25468067673474));
#7712=CARTESIAN_POINT('Ctrl Pts',(-0.731085403092815,3.93281409930167,4.06996491859616));
#7713=CARTESIAN_POINT('Ctrl Pts',(-0.75,3.92905841137543,3.96941438327663));
#7714=CARTESIAN_POINT('Ctrl Pts',(-0.75,3.92905841137543,3.78058561672337));
#7715=CARTESIAN_POINT('Ctrl Pts',(-0.731085403092816,3.93281409930167,3.68003508140384));
#7716=CARTESIAN_POINT('Ctrl Pts',(-0.654476735451253,3.9462859483074,3.49531932326526));
#7717=CARTESIAN_POINT('Ctrl Pts',(-0.596794492543285,3.95579737753183,3.41113432076346));
#7718=CARTESIAN_POINT('Ctrl Pts',(-0.463868542846434,3.97357800299886,3.27820837106661));
#7719=CARTESIAN_POINT('Ctrl Pts',(-0.379682319074106,3.98301593603892,3.22052388365852));
#7720=CARTESIAN_POINT('Ctrl Pts',(-0.194962335408083,3.99631884331926,3.14391358759185));
#7721=CARTESIAN_POINT('Ctrl Pts',(-0.0944103154458034,4.,3.125));
#7722=CARTESIAN_POINT('Ctrl Pts',(0.,4.,3.125));
#7723=CARTESIAN_POINT('Ctrl Pts',(0.,4.,3.125));
#7724=CARTESIAN_POINT('Ctrl Pts',(0.0944103154458034,4.,3.125));
#7725=CARTESIAN_POINT('Ctrl Pts',(0.194962335408083,3.99631884331926,3.14391358759185));
#7726=CARTESIAN_POINT('Ctrl Pts',(0.379682319074106,3.98301593603892,3.22052388365852));
#7727=CARTESIAN_POINT('Ctrl Pts',(0.463868542846434,3.97357800299886,3.27820837106661));
#7728=CARTESIAN_POINT('Ctrl Pts',(0.596794492543285,3.95579737753183,3.41113432076346));
#7729=CARTESIAN_POINT('Ctrl Pts',(0.654476735451253,3.9462859483074,3.49531932326526));
#7730=CARTESIAN_POINT('Ctrl Pts',(0.731085403092816,3.93281409930167,3.68003508140384));
#7731=CARTESIAN_POINT('Ctrl Pts',(0.75,3.92905841137543,3.78058561672337));
#7732=CARTESIAN_POINT('Ctrl Pts',(0.75,3.92905841137543,3.875));
#7733=CARTESIAN_POINT('Ctrl Pts',(0.75,3.92905841137543,3.96941438327663));
#7734=CARTESIAN_POINT('Ctrl Pts',(0.731085403092815,3.93281409930167,4.06996491859616));
#7735=CARTESIAN_POINT('Ctrl Pts',(0.654476735451252,3.9462859483074,4.25468067673474));
#7736=CARTESIAN_POINT('Ctrl Pts',(0.596794492543284,3.95579737753183,4.33886567923654));
#7737=CARTESIAN_POINT('Ctrl Pts',(0.463868542846433,3.97357800299886,4.47179162893339));
#7738=CARTESIAN_POINT('Ctrl Pts',(0.379682319074104,3.98301593603892,4.52947611634148));
#7739=CARTESIAN_POINT('Ctrl Pts',(0.194962335408082,3.99631884331926,4.60608641240814));
#7740=CARTESIAN_POINT('Ctrl Pts',(0.094410315445803,4.,4.625));
#7741=CARTESIAN_POINT('Ctrl Pts',(-1.04083408558608E-16,4.,4.625));
#7742=CARTESIAN_POINT('Origin',(0.,0.,-3.));
#7743=CARTESIAN_POINT('',(-6.,-7.34788079488412E-16,-2.75));
#7744=CARTESIAN_POINT('Origin',(0.,0.,-2.75));
#7745=CARTESIAN_POINT('',(-5.75,-7.04171909509728E-16,-3.));
#7746=CARTESIAN_POINT('',(-5.75,-7.04171909509728E-16,-3.));
#7747=CARTESIAN_POINT('Origin',(0.,0.,-3.));
#7748=CARTESIAN_POINT('Origin',(0.,0.,5.));
#7749=CARTESIAN_POINT('',(-6.,7.34788079488412E-16,4.75));
#7750=CARTESIAN_POINT('',(6.,-7.34788079488412E-16,4.75));
#7751=CARTESIAN_POINT('Origin',(0.,0.,4.75));
#7752=CARTESIAN_POINT('Origin',(0.,0.,4.75));
#7753=CARTESIAN_POINT('',(5.75,-7.04171909509728E-16,5.));
#7754=CARTESIAN_POINT('',(5.75,-7.04171909509728E-16,5.));
#7755=CARTESIAN_POINT('Origin',(0.,0.,5.));
#7756=CARTESIAN_POINT('Origin',(0.,0.,-19.9705627484771));
#7757=CARTESIAN_POINT('',(-4.,-4.89858719658941E-16,-3.));
#7758=CARTESIAN_POINT('Origin',(0.,0.,-3.));
#7759=CARTESIAN_POINT('',(-4.,-4.89858719658941E-16,-19.9705627484771));
#7760=CARTESIAN_POINT('',(-4.,-4.89858719658941E-16,5.));
#7761=CARTESIAN_POINT('',(-4.,-4.89858719658941E-16,-19.9705627484771));
#7762=CARTESIAN_POINT('Origin',(0.,0.,5.));
#7763=CARTESIAN_POINT('Origin',(0.,0.,-19.9705627484771));
#7764=CARTESIAN_POINT('',(-6.,-7.34788079488412E-16,-19.9705627484771));
#7765=CARTESIAN_POINT('',(-6.,-7.34788079488412E-16,-19.9705627484771));
#7766=CARTESIAN_POINT('Origin',(0.,0.,-3.));
#7767=CARTESIAN_POINT('Origin',(0.,0.,5.));
#7768=CARTESIAN_POINT('Ctrl Pts',(10.2737199332852,0.,3.));
#7769=CARTESIAN_POINT('Ctrl Pts',(10.2737199332852,-10.2737199332852,3.));
#7770=CARTESIAN_POINT('Ctrl Pts',(0.,-10.2737199332852,3.));
#7771=CARTESIAN_POINT('Ctrl Pts',(-10.2737199332852,-10.2737199332852,3.));
#7772=CARTESIAN_POINT('Ctrl Pts',(-10.2737199332852,0.,3.));
#7773=CARTESIAN_POINT('Ctrl Pts',(-10.2737199332852,10.2737199332852,3.));
#7774=CARTESIAN_POINT('Ctrl Pts',(0.,10.2737199332852,3.));
#7775=CARTESIAN_POINT('Ctrl Pts',(10.2737199332852,10.2737199332852,3.));
#7776=CARTESIAN_POINT('Ctrl Pts',(10.2737199332852,0.,3.));
#7777=CARTESIAN_POINT('Ctrl Pts',(10.7288694969669,0.,0.));
#7778=CARTESIAN_POINT('Ctrl Pts',(10.7288694969669,-10.7288694969669,0.));
#7779=CARTESIAN_POINT('Ctrl Pts',(0.,-10.7288694969669,0.));
#7780=CARTESIAN_POINT('Ctrl Pts',(-10.7288694969669,-10.7288694969669,0.));
#7781=CARTESIAN_POINT('Ctrl Pts',(-10.7288694969669,0.,0.));
#7782=CARTESIAN_POINT('Ctrl Pts',(-10.7288694969669,10.7288694969669,0.));
#7783=CARTESIAN_POINT('Ctrl Pts',(0.,10.7288694969669,0.));
#7784=CARTESIAN_POINT('Ctrl Pts',(10.7288694969669,10.7288694969669,0.));
#7785=CARTESIAN_POINT('Ctrl Pts',(10.7288694969669,0.,0.));
#7786=CARTESIAN_POINT('Ctrl Pts',(10.2737199332852,0.,-3.));
#7787=CARTESIAN_POINT('Ctrl Pts',(10.2737199332852,-10.2737199332852,-3.));
#7788=CARTESIAN_POINT('Ctrl Pts',(0.,-10.2737199332852,-3.));
#7789=CARTESIAN_POINT('Ctrl Pts',(-10.2737199332852,-10.2737199332852,-3.));
#7790=CARTESIAN_POINT('Ctrl Pts',(-10.2737199332852,0.,-3.));
#7791=CARTESIAN_POINT('Ctrl Pts',(-10.2737199332852,10.2737199332852,-3.));
#7792=CARTESIAN_POINT('Ctrl Pts',(0.,10.2737199332852,-3.));
#7793=CARTESIAN_POINT('Ctrl Pts',(10.2737199332852,10.2737199332852,-3.));
#7794=CARTESIAN_POINT('Ctrl Pts',(10.2737199332852,0.,-3.));
#7795=CARTESIAN_POINT('',(10.2737199332852,-1.25816782316341E-15,-3.));
#7796=CARTESIAN_POINT('Origin',(0.,0.,-3.));
#7797=CARTESIAN_POINT('',(10.2737199332852,-1.25816782316341E-15,3.));
#7798=CARTESIAN_POINT('Origin',(-9.5,1.16341445918999E-15,0.));
#7799=CARTESIAN_POINT('Origin',(0.,0.,3.));
#7800=CARTESIAN_POINT('Origin',(0.,0.,3.));
#7801=CARTESIAN_POINT('',(10.,-1.22464679914735E-15,3.));
#7802=CARTESIAN_POINT('Origin',(0.,0.,3.));
#7803=CARTESIAN_POINT('',(10.,-1.22464679914735E-15,-3.));
#7804=CARTESIAN_POINT('',(10.,-1.22464679914735E-15,3.));
#7805=CARTESIAN_POINT('Origin',(0.,0.,-3.));
#7806=CARTESIAN_POINT('Origin',(0.,0.,3.));
#7807=CARTESIAN_POINT('Origin',(0.,0.,-3.));
#7808=UNCERTAINTY_MEASURE_WITH_UNIT(LENGTH_MEASURE(0.01),#7812,
'DISTANCE_ACCURACY_VALUE',
'Maximum model space distance between geometric entities at asserted c
onnectivities');
#7809=UNCERTAINTY_MEASURE_WITH_UNIT(LENGTH_MEASURE(0.01),#7812,
'DISTANCE_ACCURACY_VALUE',
'Maximum model space distance between geometric entities at asserted c
onnectivities');
#7810=(
GEOMETRIC_REPRESENTATION_CONTEXT(3)
GLOBAL_UNCERTAINTY_ASSIGNED_CONTEXT((#7808))
GLOBAL_UNIT_ASSIGNED_CONTEXT((#7812,#7814,#7815))
REPRESENTATION_CONTEXT('','3D')
);
#7811=(
GEOMETRIC_REPRESENTATION_CONTEXT(3)
GLOBAL_UNCERTAINTY_ASSIGNED_CONTEXT((#7809))
GLOBAL_UNIT_ASSIGNED_CONTEXT((#7812,#7814,#7815))
REPRESENTATION_CONTEXT('','3D')
);
#7812=(
LENGTH_UNIT()
NAMED_UNIT(*)
SI_UNIT(.MILLI.,.METRE.)
);
#7813=(
LENGTH_UNIT()
NAMED_UNIT(*)
SI_UNIT($,.METRE.)
);
#7814=(
NAMED_UNIT(*)
PLANE_ANGLE_UNIT()
SI_UNIT($,.RADIAN.)
);
#7815=(
NAMED_UNIT(*)
SI_UNIT($,.STERADIAN.)
SOLID_ANGLE_UNIT()
);
#7816=SHAPE_DEFINITION_REPRESENTATION(#7817,#7818);
#7817=PRODUCT_DEFINITION_SHAPE('',$,#7820);
#7818=SHAPE_REPRESENTATION('',(#3180),#7810);
#7819=PRODUCT_DEFINITION_CONTEXT('part definition',#7824,'design');
#7820=PRODUCT_DEFINITION(
'Power Screw Bearing Part - KP08 SUPPORT BEARING-Edited',
'KP08 SUPPORT BEARING-Edited v2',#7821,#7819);
#7821=PRODUCT_DEFINITION_FORMATION('',$,#7826);
#7822=PRODUCT_RELATED_PRODUCT_CATEGORY('KP08 SUPPORT BEARING-Edited v2',
'KP08 SUPPORT BEARING-Edited v2',(#7826));
#7823=APPLICATION_PROTOCOL_DEFINITION('international standard',
'automotive_design',2009,#7824);
#7824=APPLICATION_CONTEXT(
'Core Data for Automotive Mechanical Design Process');
#7825=PRODUCT_CONTEXT('part definition',#7824,'mechanical');
#7826=PRODUCT('Power Screw Bearing Part - KP08 SUPPORT BEARING-Edited',
'KP08 SUPPORT BEARING-Edited v2','STEP AP214',(#7825));
#7827=PRESENTATION_STYLE_ASSIGNMENT((#7832));
#7828=PRESENTATION_STYLE_ASSIGNMENT((#7833));
#7829=PRESENTATION_STYLE_ASSIGNMENT((#7834));
#7830=PRESENTATION_STYLE_ASSIGNMENT((#7835));
#7831=PRESENTATION_STYLE_ASSIGNMENT((#7836));
#7832=SURFACE_STYLE_USAGE(.BOTH.,#7837);
#7833=SURFACE_STYLE_USAGE(.BOTH.,#7838);
#7834=SURFACE_STYLE_USAGE(.BOTH.,#7839);
#7835=SURFACE_STYLE_USAGE(.BOTH.,#7840);
#7836=SURFACE_STYLE_USAGE(.BOTH.,#7841);
#7837=SURFACE_SIDE_STYLE('',(#7842));
#7838=SURFACE_SIDE_STYLE('',(#7843));
#7839=SURFACE_SIDE_STYLE('',(#7844));
#7840=SURFACE_SIDE_STYLE('',(#7845));
#7841=SURFACE_SIDE_STYLE('',(#7846));
#7842=SURFACE_STYLE_FILL_AREA(#7847);
#7843=SURFACE_STYLE_FILL_AREA(#7848);
#7844=SURFACE_STYLE_FILL_AREA(#7849);
#7845=SURFACE_STYLE_FILL_AREA(#7850);
#7846=SURFACE_STYLE_FILL_AREA(#7851);
#7847=FILL_AREA_STYLE('Steel - Satin',(#7852));
#7848=FILL_AREA_STYLE('Aluminum - Cast',(#7853));
#7849=FILL_AREA_STYLE(
'EPX 150 - Air Baked (with Carbon M2 M3 L1 3D Printers)',(#7854));
#7850=FILL_AREA_STYLE('Aluminum - Satin',(#7855));
#7851=FILL_AREA_STYLE('Steel - Satin',(#7856));
#7852=FILL_AREA_STYLE_COLOUR('Steel - Satin',#7857);
#7853=FILL_AREA_STYLE_COLOUR('Aluminum - Cast',#7858);
#7854=FILL_AREA_STYLE_COLOUR(
'EPX 150 - Air Baked (with Carbon M2 M3 L1 3D Printers)',#7859);
#7855=FILL_AREA_STYLE_COLOUR('Aluminum - Satin',#7860);
#7856=FILL_AREA_STYLE_COLOUR('Steel - Satin',#7861);
#7857=COLOUR_RGB('Steel - Satin',0.627450980392157,0.627450980392157,0.627450980392157);
#7858=COLOUR_RGB('Aluminum - Cast',0.96078431372549,0.96078431372549,0.964705882352941);
#7859=COLOUR_RGB(
'EPX 150 - Air Baked (with Carbon M2 M3 L1 3D Printers)',0.247058823529412,
0.247058823529412,0.247058823529412);
#7860=COLOUR_RGB('Aluminum - Satin',0.996078431372549,1.,1.);
#7861=COLOUR_RGB('Steel - Satin',0.63921568627451,0.682352941176471,0.780392156862745);
ENDSEC;
END-ISO-10303-21;
