ISO-10303-21;
HEADER;
FILE_DESCRIPTION (( 'STEP AP214' ),
    '1' );
FILE_NAME ('Microswitch.STEP',
    '2023-05-25T07:14:28',
    ( 'Nick' ),
    ( '' ),
    'SwSTEP 2.0',
    'SolidWorks 2013',
    '' );
FILE_SCHEMA (( 'AUTOMOTIVE_DESIGN' ));
ENDSEC;

DATA;
#1 = DIRECTION ( 'NONE',  ( 0.0000000000000000000, -1.000000000000000000, 0.0000000000000000000 ) ) ;
#2 = VERTEX_POINT ( 'NONE', #3116 ) ;
#4 = DIRECTION ( 'NONE',  ( -1.000000000000000000, -1.057758217059028400E-016, 0.0000000000000000000 ) ) ;
#3 = SURFACE_STYLE_USAGE ( .BOTH. , #2866 ) ;
#5 = AXIS2_PLACEMENT_3D ( 'NONE', #2313, #2818, #6126 ) ;
#6 = CARTESIAN_POINT ( 'NONE',  ( -1.999999999999996700, 1.350000000000000500, 7.000000000000002700 ) ) ;
#7 = CYLINDRICAL_SURFACE ( 'NONE', #3355, 1.749999999999999800 ) ;
#8 = VECTOR ( 'NONE', #2530, 1000.000000000000000 ) ;
#9 = ADVANCED_FACE ( 'NONE', ( #2639, #3261 ), #2629, .F. ) ;
#10 = CARTESIAN_POINT ( 'NONE',  ( 4.772126708505619600, 1.094812011727248800, 10.62740979714395800 ) ) ;
#11 = ORIENTED_EDGE ( 'NONE', *, *, #3658, .F. ) ;
#12 = DIRECTION ( 'NONE',  ( 1.734723475976806800E-016, 0.0000000000000000000, -1.000000000000000000 ) ) ;
#13 = MECHANICAL_DESIGN_GEOMETRIC_PRESENTATION_REPRESENTATION (  '', ( #5554 ), #332 ) ;
#14 = FACE_OUTER_BOUND ( 'NONE', #2668, .T. ) ;
#15 = ORIENTED_EDGE ( 'NONE', *, *, #5300, .T. ) ;
#16 = DIRECTION ( 'NONE',  ( 0.0000000000000000000, 1.000000000000000000, 0.0000000000000000000 ) ) ;
#17 = CYLINDRICAL_SURFACE ( 'NONE', #5187, 0.7500000000000006700 ) ;
#18 = DIRECTION ( 'NONE',  ( 0.0000000000000000000, 1.000000000000000000, 0.0000000000000000000 ) ) ;
#19 =( GEOMETRIC_REPRESENTATION_CONTEXT ( 3 ) GLOBAL_UNCERTAINTY_ASSIGNED_CONTEXT ( ( #5965 ) ) GLOBAL_UNIT_ASSIGNED_CONTEXT ( ( #6160, #2061, #2189 ) ) REPRESENTATION_CONTEXT ( 'NONE', 'WORKASPACE' ) );
#20 = EDGE_LOOP ( 'NONE', ( #2580, #802, #2539, #357 ) ) ;
#21 = MECHANICAL_DESIGN_GEOMETRIC_PRESENTATION_REPRESENTATION (  '', ( #5258 ), #343 ) ;
#22 = CARTESIAN_POINT ( 'NONE',  ( 7.925129743375459900, 7.448411032447918200, 14.44441838603068400 ) ) ;
#23 = DIRECTION ( 'NONE',  ( 0.0000000000000000000, -1.000000000000000000, 0.0000000000000000000 ) ) ;
#24 = EDGE_LOOP ( 'NONE', ( #2919, #1983, #68, #4186 ) ) ;
#25 =( GEOMETRIC_REPRESENTATION_CONTEXT ( 3 ) GLOBAL_UNCERTAINTY_ASSIGNED_CONTEXT ( ( #214 ) ) GLOBAL_UNIT_ASSIGNED_CONTEXT ( ( #3590, #5367, #5149 ) ) REPRESENTATION_CONTEXT ( 'NONE', 'WORKASPACE' ) );
#26 = MECHANICAL_DESIGN_GEOMETRIC_PRESENTATION_REPRESENTATION (  '', ( #5575 ), #352 ) ;
#27 =( NAMED_UNIT ( * ) SI_UNIT ( $, .STERADIAN. ) SOLID_ANGLE_UNIT ( ) );
#28 = CARTESIAN_POINT ( 'NONE',  ( 6.938893903907249700E-015, 4.000000000000016000, -10.99999999999999800 ) ) ;
#29 = CARTESIAN_POINT ( 'NONE',  ( 4.794322988211932900, 1.200000000000000200, 10.63321475905617300 ) ) ;
#30 = UNCERTAINTY_MEASURE_WITH_UNIT (LENGTH_MEASURE( 1.000000000000000100E-005 ), #5408, 'distance_accuracy_value', 'NONE');
#31 = SURFACE_SIDE_STYLE ('',( #2260 ) ) ;
#32 = PRESENTATION_STYLE_ASSIGNMENT (( #3165 ) ) ;
#33 = ADVANCED_FACE ( 'NONE', ( #4526 ), #604, .F. ) ;
#34 = CARTESIAN_POINT ( 'NONE',  ( -0.1999999999999981000, 6.000000000000000000, 5.167157287525384400 ) ) ;
#35 = STYLED_ITEM ( 'NONE', ( #4855 ), #2146 ) ;
#36 = LINE ( 'NONE', #3480, #3547 ) ;
#37 = DIRECTION ( 'NONE',  ( 0.0000000000000000000, 0.0000000000000000000, -1.000000000000000000 ) ) ;
#39 = CARTESIAN_POINT ( 'NONE',  ( 9.800000000000002500, 0.1999999999999996500, -4.799999999999998000 ) ) ;
#38 = FILL_AREA_STYLE_COLOUR ( '', #5697 ) ;
#40 = ORIENTED_EDGE ( 'NONE', *, *, #3610, .T. ) ;
#41 = CARTESIAN_POINT ( 'NONE',  ( 10.22344725000894000, 4.800000000000000700, 11.20298081695579000 ) ) ;
#42 = LINE ( 'NONE', #3626, #5626 ) ;
#43 = PRESENTATION_STYLE_ASSIGNMENT (( #1076 ) ) ;
#44 = MECHANICAL_DESIGN_GEOMETRIC_PRESENTATION_REPRESENTATION (  '', ( #4633 ), #369 ) ;
#45 = CARTESIAN_POINT ( 'NONE',  ( 2.999999999999998700, 0.2000000000000005100, -5.049999999999993600 ) ) ;
#46 = VERTEX_POINT ( 'NONE', #4537 ) ;
#47 = DIRECTION ( 'NONE',  ( 0.0000000000000000000, 1.000000000000000000, 0.0000000000000000000 ) ) ;
#48 = EDGE_CURVE ( 'NONE', #2148, #5516, #5637, .T. ) ;
#49 = EDGE_CURVE ( 'NONE', #2357, #5925, #1985, .T. ) ;
#50 = EDGE_CURVE ( 'NONE', #304, #1638, #4357, .T. ) ;
#51 = ORIENTED_EDGE ( 'NONE', *, *, #4378, .T. ) ;
#52 = SURFACE_SIDE_STYLE ('',( #1803 ) ) ;
#53 = STYLED_ITEM ( 'NONE', ( #1974 ), #4528 ) ;
#54 = VERTEX_POINT ( 'NONE', #760 ) ;
#55 = FILL_AREA_STYLE ('',( #5298 ) ) ;
#56 = UNCERTAINTY_MEASURE_WITH_UNIT (LENGTH_MEASURE( 1.000000000000000100E-005 ), #1583, 'distance_accuracy_value', 'NONE');
#57 = ORIENTED_EDGE ( 'NONE', *, *, #762, .T. ) ;
#58 = ORIENTED_EDGE ( 'NONE', *, *, #4312, .F. ) ;
#60 = DIRECTION ( 'NONE',  ( 0.0000000000000000000, 1.000000000000000000, 0.0000000000000000000 ) ) ;
#59 = DIRECTION ( 'NONE',  ( -0.7071067811865453500, 0.0000000000000000000, -0.7071067811865496800 ) ) ;
#61 = MECHANICAL_DESIGN_GEOMETRIC_PRESENTATION_REPRESENTATION (  '', ( #4646 ), #382 ) ;
#62 = FACE_OUTER_BOUND ( 'NONE', #2376, .T. ) ;
#63 = PLANE ( 'NONE',  #2417 ) ;
#64 =( GEOMETRIC_REPRESENTATION_CONTEXT ( 3 ) GLOBAL_UNCERTAINTY_ASSIGNED_CONTEXT ( ( #30 ) ) GLOBAL_UNIT_ASSIGNED_CONTEXT ( ( #5408, #2553, #5875 ) ) REPRESENTATION_CONTEXT ( 'NONE', 'WORKASPACE' ) );
#65 = ORIENTED_EDGE ( 'NONE', *, *, #3370, .F. ) ;
#66 = ADVANCED_FACE ( 'NONE', ( #566 ), #3766, .T. ) ;
#67 = UNCERTAINTY_MEASURE_WITH_UNIT (LENGTH_MEASURE( 1.000000000000000100E-005 ), #1749, 'distance_accuracy_value', 'NONE');
#68 = ORIENTED_EDGE ( 'NONE', *, *, #2200, .F. ) ;
#69 =( LENGTH_UNIT ( ) NAMED_UNIT ( * ) SI_UNIT ( .MILLI., .METRE. ) );
#70 = FILL_AREA_STYLE ('',( #5308 ) ) ;
#71 = CIRCLE ( 'NONE', #2470, 0.3999999999999993000 ) ;
#72 = CARTESIAN_POINT ( 'NONE',  ( 7.925129743375459900, 1.000000000000000000, 14.04441838603068500 ) ) ;
#73 = FACE_OUTER_BOUND ( 'NONE', #6086, .T. ) ;
#74 = ORIENTED_EDGE ( 'NONE', *, *, #2800, .T. ) ;
#75 = MECHANICAL_DESIGN_GEOMETRIC_PRESENTATION_REPRESENTATION (  '', ( #5616 ), #395 ) ;
#76 = UNCERTAINTY_MEASURE_WITH_UNIT (LENGTH_MEASURE( 1.000000000000000100E-005 ), #754, 'distance_accuracy_value', 'NONE');
#77 = VECTOR ( 'NONE', #3892, 1000.000000000000000 ) ;
#78 = DIRECTION ( 'NONE',  ( -3.469446951953695000E-014, 0.0000000000000000000, -1.000000000000000000 ) ) ;
#79 = SPHERICAL_SURFACE ( 'NONE', #3113, 0.2000000000000000100 ) ;
#80 = EDGE_CURVE ( 'NONE', #977, #126, #129, .T. ) ;
#81 =( NAMED_UNIT ( * ) PLANE_ANGLE_UNIT ( ) SI_UNIT ( $, .RADIAN. ) );
#82 = ORIENTED_EDGE ( 'NONE', *, *, #449, .F. ) ;
#83 = CARTESIAN_POINT ( 'NONE',  ( -6.999999999999996400, 0.08284271247461824600, -4.999999999999995600 ) ) ;
#84 = PRESENTATION_STYLE_ASSIGNMENT (( #947 ) ) ;
#85 = PRESENTATION_STYLE_ASSIGNMENT (( #896 ) ) ;
#86 = CARTESIAN_POINT ( 'NONE',  ( -3.199999999999954000, 5.800000000000000700, 2.775557561562964600E-014 ) ) ;
#87 = VECTOR ( 'NONE', #3367, 1000.000000000000000 ) ;
#89 = FILL_AREA_STYLE_COLOUR ( '', #4470 ) ;
#88 = SURFACE_SIDE_STYLE ('',( #196 ) ) ;
#90 = AXIS2_PLACEMENT_3D ( 'NONE', #637, #1631, #4951 ) ;
#91 = ORIENTED_EDGE ( 'NONE', *, *, #2642, .F. ) ;
#92 = EDGE_CURVE ( 'NONE', #5049, #4362, #2664, .T. ) ;
#93 = COLOUR_RGB ( '',0.2509803921568627400, 0.2509803921568627400, 0.2509803921568627400 ) ;
#94 = CARTESIAN_POINT ( 'NONE',  ( 5.000000000000001800, 5.800000000000000700, -4.017398742541498500 ) ) ;
#95 = EDGE_CURVE ( 'NONE', #772, #1697, #1404, .T. ) ;
#96 = AXIS2_PLACEMENT_3D ( 'NONE', #2501, #5834, #2988 ) ;
#97 = VECTOR ( 'NONE', #559, 1000.000000000000000 ) ;
#98 = UNCERTAINTY_MEASURE_WITH_UNIT (LENGTH_MEASURE( 1.000000000000000100E-005 ), #3916, 'distance_accuracy_value', 'NONE');
#99 = ORIENTED_EDGE ( 'NONE', *, *, #1051, .F. ) ;
#100 = CARTESIAN_POINT ( 'NONE',  ( 0.0000000000000000000, 0.0000000000000000000, -10.99999999999999800 ) ) ;
#101 = AXIS2_PLACEMENT_3D ( 'NONE', #4599, #1733, #2923 ) ;
#102 = EDGE_CURVE ( 'NONE', #2136, #104, #5036, .T. ) ;
#103 = PRESENTATION_LAYER_ASSIGNMENT (  '', '', ( #5641 ) ) ;
#104 = VERTEX_POINT ( 'NONE', #2409 ) ;
#105 = LINE ( 'NONE', #2443, #2475 ) ;
#106 = DIRECTION ( 'NONE',  ( 3.469446951953695000E-014, 0.0000000000000000000, -1.000000000000000000 ) ) ;
#107 = EDGE_CURVE ( 'NONE', #2815, #4618, #2354, .T. ) ;
#108 = FILL_AREA_STYLE ('',( #1994 ) ) ;
#109 = CARTESIAN_POINT ( 'NONE',  ( -4.999999999999998200, 6.000000000000000000, -4.217398742541498700 ) ) ;
#111 = CARTESIAN_POINT ( 'NONE',  ( -8.449999999999997500, 4.500000000000001800, -4.999999999999997300 ) ) ;
#110 = DIRECTION ( 'NONE',  ( -0.0000000000000000000, 1.000000000000000000, 0.0000000000000000000 ) ) ;
#112 = FACE_OUTER_BOUND ( 'NONE', #2465, .T. ) ;
#113 = ORIENTED_EDGE ( 'NONE', *, *, #693, .T. ) ;
#114 = VECTOR ( 'NONE', #106, 1000.000000000000000 ) ;
#115 = DIRECTION ( 'NONE',  ( 1.000000000000000000, 0.0000000000000000000, -0.0000000000000000000 ) ) ;
#116 = FILL_AREA_STYLE ('',( #4372 ) ) ;
#117 = CIRCLE ( 'NONE', #1025, 0.2000000000000005100 ) ;
#118 = DIRECTION ( 'NONE',  ( 0.0000000000000000000, 0.0000000000000000000, -1.000000000000000000 ) ) ;
#119 = FILL_AREA_STYLE_COLOUR ( '', #1840 ) ;
#120 = MECHANICAL_DESIGN_GEOMETRIC_PRESENTATION_REPRESENTATION (  '', ( #5663 ), #437 ) ;
#121 = ORIENTED_EDGE ( 'NONE', *, *, #3281, .T. ) ;
#122 = FACE_OUTER_BOUND ( 'NONE', #808, .T. ) ;
#123 = DIRECTION ( 'NONE',  ( 0.0000000000000000000, 1.000000000000000000, 0.0000000000000000000 ) ) ;
#124 = VECTOR ( 'NONE', #2792, 1000.000000000000100 ) ;
#125 = CARTESIAN_POINT ( 'NONE',  ( -4.999999999999998200, 5.800000000000000700, -2.817398742541499200 ) ) ;
#126 = VERTEX_POINT ( 'NONE', #533 ) ;
#127 = ADVANCED_FACE ( 'NONE', ( #1250 ), #5245, .T. ) ;
#128 = ORIENTED_EDGE ( 'NONE', *, *, #3494, .T. ) ;
#129 = CIRCLE ( 'NONE', #642, 0.2000000000000005100 ) ;
#130 = AXIS2_PLACEMENT_3D ( 'NONE', #1818, #5166, #2299 ) ;
#131 = EDGE_CURVE ( 'NONE', #3142, #2632, #6150, .T. ) ;
#132 = LINE ( 'NONE', #2027, #3767 ) ;
#133 = SURFACE_STYLE_USAGE ( .BOTH. , #2984 ) ;
#134 = UNCERTAINTY_MEASURE_WITH_UNIT (LENGTH_MEASURE( 1.000000000000000100E-005 ), #676, 'distance_accuracy_value', 'NONE');
#135 = FILL_AREA_STYLE ('',( #4281 ) ) ;
#136 =( NAMED_UNIT ( * ) PLANE_ANGLE_UNIT ( ) SI_UNIT ( $, .RADIAN. ) );
#137 = ORIENTED_EDGE ( 'NONE', *, *, #3850, .T. ) ;
#138 = CARTESIAN_POINT ( 'NONE',  ( -6.399999999999995900, 1.000000000000000000, 6.000000000000003600 ) ) ;
#139 = ORIENTED_EDGE ( 'NONE', *, *, #4638, .T. ) ;
#140 = EDGE_CURVE ( 'NONE', #3844, #2543, #6007, .T. ) ;
#141 = FACE_OUTER_BOUND ( 'NONE', #5524, .T. ) ;
#142 = DIRECTION ( 'NONE',  ( 0.0000000000000000000, -1.000000000000000000, 0.0000000000000000000 ) ) ;
#143 = EDGE_CURVE ( 'NONE', #3405, #5365, #3629, .T. ) ;
#144 = CARTESIAN_POINT ( 'NONE',  ( 5.875129743375459200, 1.799999999999999800, 14.44441838603068400 ) ) ;
#145 =( GEOMETRIC_REPRESENTATION_CONTEXT ( 3 ) GLOBAL_UNCERTAINTY_ASSIGNED_CONTEXT ( ( #4797 ) ) GLOBAL_UNIT_ASSIGNED_CONTEXT ( ( #2265, #5606, #2763 ) ) REPRESENTATION_CONTEXT ( 'NONE', 'WORKASPACE' ) );
#146 = DIRECTION ( 'NONE',  ( 0.1600216669179818600, -0.0000000000000000000, -0.9871135021449106700 ) ) ;
#147 = VERTEX_POINT ( 'NONE', #1397 ) ;
#148 = DIRECTION ( 'NONE',  ( -9.199760500100236000E-016, -0.7071067811865475700, -0.7071067811865474600 ) ) ;
#149 = DIRECTION ( 'NONE',  ( 0.7071067811865474600, 0.0000000000000000000, 0.7071067811865474600 ) ) ;
#150 = ORIENTED_EDGE ( 'NONE', *, *, #5421, .F. ) ;
#151 = PRESENTATION_STYLE_ASSIGNMENT (( #5695 ) ) ;
#152 = CARTESIAN_POINT ( 'NONE',  ( -3.499999999999996400, 4.649999999999999500, 6.500000000000002700 ) ) ;
#153 = EDGE_LOOP ( 'NONE', ( #2901, #657, #4827, #5580 ) ) ;
#154 = DIRECTION ( 'NONE',  ( 0.0000000000000000000, 0.0000000000000000000, 1.000000000000000000 ) ) ;
#155 = STYLED_ITEM ( 'NONE', ( #2879 ), #1201 ) ;
#156 = DIRECTION ( 'NONE',  ( 1.084202172485504400E-015, 1.000000000000000000, 0.0000000000000000000 ) ) ;
#157 = AXIS2_PLACEMENT_3D ( 'NONE', #5130, #2273, #1343 ) ;
#158 = CIRCLE ( 'NONE', #4840, 0.2000000000000000900 ) ;
#159 = CYLINDRICAL_SURFACE ( 'NONE', #1407, 0.1999999999999996500 ) ;
#160 = EDGE_LOOP ( 'NONE', ( #1763, #2816, #1588, #510 ) ) ;
#162 = FILL_AREA_STYLE ('',( #5851 ) ) ;
#161 = SURFACE_STYLE_USAGE ( .BOTH. , #3006 ) ;
#163 = LINE ( 'NONE', #4842, #2534 ) ;
#164 = PRESENTATION_STYLE_ASSIGNMENT (( #1954 ) ) ;
#165 = FACE_OUTER_BOUND ( 'NONE', #1700, .T. ) ;
#166 = VERTEX_POINT ( 'NONE', #4195 ) ;
#167 = AXIS2_PLACEMENT_3D ( 'NONE', #4681, #5165, #2298 ) ;
#168 = ADVANCED_FACE ( 'NONE', ( #3489 ), #2493, .T. ) ;
#169 = FILL_AREA_STYLE ('',( #3498 ) ) ;
#170 = COLOUR_RGB ( '',1.000000000000000000, 0.0000000000000000000, 0.0000000000000000000 ) ;
#171 = DIRECTION ( 'NONE',  ( 1.000000000000000000, 1.239088197126290800E-016, 0.0000000000000000000 ) ) ;
#172 = DIRECTION ( 'NONE',  ( 0.0000000000000000000, 0.7071067811865474600, 0.7071067811865474600 ) ) ;
#173 = AXIS2_PLACEMENT_3D ( 'NONE', #5190, #416, #2321 ) ;
#174 = VECTOR ( 'NONE', #3105, 1000.000000000000000 ) ;
#175 = CARTESIAN_POINT ( 'NONE',  ( 5.675129743375459100, 1.799999999999999800, 14.44441838603068400 ) ) ;
#176 = VERTEX_POINT ( 'NONE', #2411 ) ;
#177 = EDGE_CURVE ( 'NONE', #2904, #6049, #950, .T. ) ;
#178 = FILL_AREA_STYLE_COLOUR ( '', #5346 ) ;
#179 = UNCERTAINTY_MEASURE_WITH_UNIT (LENGTH_MEASURE( 1.000000000000000100E-005 ), #231, 'distance_accuracy_value', 'NONE');
#180 = VECTOR ( 'NONE', #2504, 1000.000000000000100 ) ;
#181 = EDGE_CURVE ( 'NONE', #6109, #443, #2210, .T. ) ;
#182 = MECHANICAL_DESIGN_GEOMETRIC_PRESENTATION_REPRESENTATION (  '', ( #5716 ), #488 ) ;
#183 = LINE ( 'NONE', #1801, #2716 ) ;
#184 = DIRECTION ( 'NONE',  ( 1.734723475976806800E-016, 0.0000000000000000000, -1.000000000000000000 ) ) ;
#185 = EDGE_CURVE ( 'NONE', #3834, #4978, #5857, .T. ) ;
#186 = FILL_AREA_STYLE_COLOUR ( '', #5046 ) ;
#187 = PRESENTATION_LAYER_ASSIGNMENT (  '', '', ( #6041 ) ) ;
#188 = EDGE_CURVE ( 'NONE', #2773, #3649, #700, .T. ) ;
#189 = MECHANICAL_DESIGN_GEOMETRIC_PRESENTATION_REPRESENTATION (  '', ( #5084 ), #497 ) ;
#190 = CARTESIAN_POINT ( 'NONE',  ( 8.550000000000002500, 3.000000000000000400, -9.199999999999997500 ) ) ;
#191 = DIRECTION ( 'NONE',  ( -0.9871135021449106700, 0.0000000000000000000, -0.1600216669179817800 ) ) ;
#192 = VERTEX_POINT ( 'NONE', #5750 ) ;
#193 = ADVANCED_FACE ( 'NONE', ( #3326 ), #1476, .T. ) ;
#194 = CARTESIAN_POINT ( 'NONE',  ( 0.5500000000000018200, 1.999999999999999600, -10.99999999999999800 ) ) ;
#195 = VECTOR ( 'NONE', #5178, 1000.000000000000000 ) ;
#196 = SURFACE_STYLE_FILL_AREA ( #2940 ) ;
#197 = VERTEX_POINT ( 'NONE', #4084 ) ;
#199 = SURFACE_SIDE_STYLE ('',( #1289 ) ) ;
#198 = CARTESIAN_POINT ( 'NONE',  ( 2.483578643762692600, 5.800000000000000700, 2.483578643762686300 ) ) ;
#200 = AXIS2_PLACEMENT_3D ( 'NONE', #5262, #3354, #2907 ) ;
#201 = CIRCLE ( 'NONE', #1153, 0.1999999999999996500 ) ;
#202 = EDGE_CURVE ( 'NONE', #5629, #3495, #5711, .T. ) ;
#203 = CIRCLE ( 'NONE', #2736, 0.1999999999999996500 ) ;
#204 = CARTESIAN_POINT ( 'NONE',  ( -2.999999999999996400, 5.917157287525379900, -4.999999999999997300 ) ) ;
#205 = ORIENTED_EDGE ( 'NONE', *, *, #1967, .F. ) ;
#206 = VECTOR ( 'NONE', #2180, 1000.000000000000000 ) ;
#207 = EDGE_CURVE ( 'NONE', #2749, #4076, #4002, .T. ) ;
#208 = AXIS2_PLACEMENT_3D ( 'NONE', #1536, #1999, #5349 ) ;
#209 = ORIENTED_EDGE ( 'NONE', *, *, #3677, .T. ) ;
#210 = DIRECTION ( 'NONE',  ( 0.0000000000000000000, -1.000000000000000000, 0.0000000000000000000 ) ) ;
#211 = SURFACE_SIDE_STYLE ('',( #4436 ) ) ;
#212 = VERTEX_POINT ( 'NONE', #6136 ) ;
#213 = TOROIDAL_SURFACE ( 'NONE', #2439, 2.050000000000000700, 0.2000000000000000100 ) ;
#214 = UNCERTAINTY_MEASURE_WITH_UNIT (LENGTH_MEASURE( 1.000000000000000100E-005 ), #3590, 'distance_accuracy_value', 'NONE');
#215 = CARTESIAN_POINT ( 'NONE',  ( -3.082842712474617400, -7.573155319898672600E-017, -5.015685424949233500 ) ) ;
#216 = SURFACE_SIDE_STYLE ('',( #1208 ) ) ;
#217 = EDGE_CURVE ( 'NONE', #5701, #4282, #5280, .T. ) ;
#218 = VERTEX_POINT ( 'NONE', #843 ) ;
#219 =( GEOMETRIC_REPRESENTATION_CONTEXT ( 3 ) GLOBAL_UNCERTAINTY_ASSIGNED_CONTEXT ( ( #2691 ) ) GLOBAL_UNIT_ASSIGNED_CONTEXT ( ( #1152, #5731, #27 ) ) REPRESENTATION_CONTEXT ( 'NONE', 'WORKASPACE' ) );
#220 = ORIENTED_EDGE ( 'NONE', *, *, #3815, .T. ) ;
#221 = CARTESIAN_POINT ( 'NONE',  ( -6.858578643762690800, 6.000000000000000000, -4.908578643762684400 ) ) ;
#222 = VECTOR ( 'NONE', #5255, 1000.000000000000000 ) ;
#224 = DIRECTION ( 'NONE',  ( 1.000000000000000000, 0.0000000000000000000, -4.956352788505161300E-016 ) ) ;
#223 = DIRECTION ( 'NONE',  ( 0.0000000000000000000, 0.0000000000000000000, 1.000000000000000000 ) ) ;
#225 = ORIENTED_EDGE ( 'NONE', *, *, #1497, .T. ) ;
#226 = CARTESIAN_POINT ( 'NONE',  ( 7.925129743375459900, 4.399999999999999500, 14.44441838603068400 ) ) ;
#227 = STYLED_ITEM ( 'NONE', ( #2582 ), #228 ) ;
#228 = ADVANCED_FACE ( 'NONE', ( #3846 ), #867, .T. ) ;
#229 = PRESENTATION_LAYER_ASSIGNMENT (  '', '', ( #6076 ) ) ;
#230 = VECTOR ( 'NONE', #5180, 1000.000000000000100 ) ;
#231 =( LENGTH_UNIT ( ) NAMED_UNIT ( * ) SI_UNIT ( .MILLI., .METRE. ) );
#232 = ORIENTED_EDGE ( 'NONE', *, *, #3694, .F. ) ;
#233 = LINE ( 'NONE', #3527, #5144 ) ;
#234 = SURFACE_SIDE_STYLE ('',( #6133 ) ) ;
#235 = PRESENTATION_LAYER_ASSIGNMENT (  '', '', ( #6084 ) ) ;
#236 = VERTEX_POINT ( 'NONE', #5119 ) ;
#237 = ORIENTED_EDGE ( 'NONE', *, *, #188, .T. ) ;
#238 = CARTESIAN_POINT ( 'NONE',  ( -8.449999999999997500, 4.500000000000001800, -10.99999999999999800 ) ) ;
#239 = LINE ( 'NONE', #2350, #2612 ) ;
#240 = CIRCLE ( 'NONE', #6025, 0.1999999999999996500 ) ;
#241 = LINE ( 'NONE', #3841, #87 ) ;
#242 = EDGE_CURVE ( 'NONE', #4982, #5879, #3400, .T. ) ;
#243 = EDGE_LOOP ( 'NONE', ( #1328, #4507, #5461, #4977 ) ) ;
#244 = DIRECTION ( 'NONE',  ( 0.0000000000000000000, 0.0000000000000000000, -1.000000000000000000 ) ) ;
#245 = COLOUR_RGB ( '',0.2509803921568627400, 0.2509803921568627400, 0.2509803921568627400 ) ;
#246 = SURFACE_STYLE_FILL_AREA ( #5483 ) ;
#247 = VECTOR ( 'NONE', #333, 1000.000000000000000 ) ;
#248 = PRESENTATION_LAYER_ASSIGNMENT (  '', '', ( #6094 ) ) ;
#249 = CARTESIAN_POINT ( 'NONE',  ( -3.199999999999995700, 6.000000000000000000, -4.799999999999998000 ) ) ;
#250 = VERTEX_POINT ( 'NONE', #2838 ) ;
#251 = LINE ( 'NONE', #5770, #5164 ) ;
#252 = SURFACE_STYLE_USAGE ( .BOTH. , #3103 ) ;
#253 = DIRECTION ( 'NONE',  ( 0.1600216669179818600, -0.0000000000000000000, -0.9871135021449106700 ) ) ;
#254 =( GEOMETRIC_REPRESENTATION_CONTEXT ( 3 ) GLOBAL_UNCERTAINTY_ASSIGNED_CONTEXT ( ( #5923 ) ) GLOBAL_UNIT_ASSIGNED_CONTEXT ( ( #1275, #4595, #1729 ) ) REPRESENTATION_CONTEXT ( 'NONE', 'WORKASPACE' ) );
#255 = DIRECTION ( 'NONE',  ( 1.000000000000000000, -1.734723475976805500E-015, 0.0000000000000000000 ) ) ;
#256 = VECTOR ( 'NONE', #1849, 1000.000000000000000 ) ;
#257 = ADVANCED_FACE ( 'NONE', ( #4669 ), #2824, .T. ) ;
#258 = SURFACE_SIDE_STYLE ('',( #5513 ) ) ;
#259 =( BOUNDED_CURVE ( )  B_SPLINE_CURVE ( 3, ( #4600, #4127, #2208, #1736 ),
 .UNSPECIFIED., .F., .F. ) 
 B_SPLINE_CURVE_WITH_KNOTS ( ( 4, 4 ),
 ( 4.712388980384688800, 6.283185307179580900 ),
 .UNSPECIFIED. ) 
 CURVE ( )  GEOMETRIC_REPRESENTATION_ITEM ( )  RATIONAL_B_SPLINE_CURVE ( ( 1.000000000000000000, 0.8047378541243661600, 0.8047378541243661600, 1.000000000000000000 ) ) 
 REPRESENTATION_ITEM ( '' )  );
#260 = ORIENTED_EDGE ( 'NONE', *, *, #3009, .F. ) ;
#262 =( NAMED_UNIT ( * ) PLANE_ANGLE_UNIT ( ) SI_UNIT ( $, .RADIAN. ) );
#261 = CARTESIAN_POINT ( 'NONE',  ( -6.799999999999997200, 6.000000000000000000, -4.967157287525377100 ) ) ;
#263 = EDGE_CURVE ( 'NONE', #5792, #2772, #4072, .T. ) ;
#264 = SURFACE_STYLE_FILL_AREA ( #4652 ) ;
#265 = PRESENTATION_LAYER_ASSIGNMENT (  '', '', ( #5168 ) ) ;
#266 = VECTOR ( 'NONE', #390, 1000.000000000000000 ) ;
#267 = CARTESIAN_POINT ( 'NONE',  ( 7.925129743375459900, 4.200000000000000200, 14.44441838603068400 ) ) ;
#268 = CARTESIAN_POINT ( 'NONE',  ( -9.799999999999995400, 0.2000000000000000100, 5.300000000000003400 ) ) ;
#269 = VECTOR ( 'NONE', #4892, 1000.000000000000000 ) ;
#270 = CIRCLE ( 'NONE', #4723, 0.2000000000000000900 ) ;
#271 = EDGE_CURVE ( 'NONE', #4907, #1409, #5351, .T. ) ;
#272 = VECTOR ( 'NONE', #5393, 1000.000000000000100 ) ;
#273 = MECHANICAL_DESIGN_GEOMETRIC_PRESENTATION_REPRESENTATION (  '', ( #5806 ), #573 ) ;
#274 = ORIENTED_EDGE ( 'NONE', *, *, #1178, .F. ) ;
#275 = EDGE_CURVE ( 'NONE', #622, #1950, #421, .T. ) ;
#276 =( GEOMETRIC_REPRESENTATION_CONTEXT ( 3 ) GLOBAL_UNCERTAINTY_ASSIGNED_CONTEXT ( ( #4255 ) ) GLOBAL_UNIT_ASSIGNED_CONTEXT ( ( #3633, #770, #4111 ) ) REPRESENTATION_CONTEXT ( 'NONE', 'WORKASPACE' ) );
#277 = DIRECTION ( 'NONE',  ( 1.734723475976807500E-015, 1.000000000000000000, 0.0000000000000000000 ) ) ;
#278 = CYLINDRICAL_SURFACE ( 'NONE', #1964, 0.1999999999999996500 ) ;
#279 =( NAMED_UNIT ( * ) PLANE_ANGLE_UNIT ( ) SI_UNIT ( $, .RADIAN. ) );
#280 = DIRECTION ( 'NONE',  ( 0.0000000000000000000, 0.0000000000000000000, 1.000000000000000000 ) ) ;
#281 = EDGE_LOOP ( 'NONE', ( #5815, #2966 ) ) ;
#282 = CARTESIAN_POINT ( 'NONE',  ( 4.771995440322088600, 4.905252572592883300, 10.62736697438213100 ) ) ;
#283 = FACE_OUTER_BOUND ( 'NONE', #4389, .T. ) ;
#285 = CARTESIAN_POINT ( 'NONE',  ( 2.999999999999998700, 0.1999999999999987900, -5.049999999999993600 ) ) ;
#284 = CARTESIAN_POINT ( 'NONE',  ( 5.000000000000000000, 10.01123422402631900, -5.299999999999993600 ) ) ;
#286 = AXIS2_PLACEMENT_3D ( 'NONE', #3643, #782, #4116 ) ;
#287 = ORIENTED_EDGE ( 'NONE', *, *, #4433, .T. ) ;
#288 = SPHERICAL_SURFACE ( 'NONE', #409, 0.2000000000000000100 ) ;
#289 = PLANE ( 'NONE',  #3496 ) ;
#290 = ADVANCED_FACE ( 'NONE', ( #5927 ), #2659, .T. ) ;
#291 =( LENGTH_UNIT ( ) NAMED_UNIT ( * ) SI_UNIT ( .MILLI., .METRE. ) );
#292 = EDGE_LOOP ( 'NONE', ( #2823, #5989, #4791, #3422 ) ) ;
#293 = SURFACE_STYLE_USAGE ( .BOTH. , #3140 ) ;
#294 = EDGE_LOOP ( 'NONE', ( #4473, #4673, #5559, #4889 ) ) ;
#295 =( BOUNDED_CURVE ( )  B_SPLINE_CURVE ( 3, ( #3858, #3384, #4325, #1501 ),
 .UNSPECIFIED., .F., .F. ) 
 B_SPLINE_CURVE_WITH_KNOTS ( ( 4, 4 ),
 ( 3.141592653589790900, 4.712388980384686100 ),
 .UNSPECIFIED. ) 
 CURVE ( )  GEOMETRIC_REPRESENTATION_ITEM ( )  RATIONAL_B_SPLINE_CURVE ( ( 1.000000000000000000, 0.8047378541243652700, 0.8047378541243652700, 1.000000000000000000 ) ) 
 REPRESENTATION_ITEM ( '' )  );
#296 = SURFACE_SIDE_STYLE ('',( #3244 ) ) ;
#297 = VERTEX_POINT ( 'NONE', #4663 ) ;
#298 = PLANE ( 'NONE',  #4245 ) ;
#299 = ORIENTED_EDGE ( 'NONE', *, *, #185, .F. ) ;
#300 = SURFACE_SIDE_STYLE ('',( #1290 ) ) ;
#301 = VECTOR ( 'NONE', #4219, 1000.000000000000000 ) ;
#302 = DIRECTION ( 'NONE',  ( 0.0000000000000000000, 0.0000000000000000000, -1.000000000000000000 ) ) ;
#303 = EDGE_CURVE ( 'NONE', #772, #2543, #5193, .T. ) ;
#304 = VERTEX_POINT ( 'NONE', #906 ) ;
#305 = CARTESIAN_POINT ( 'NONE',  ( -3.999999999999996400, 4.649999999999999500, 7.000000000000002700 ) ) ;
#307 =( NAMED_UNIT ( * ) SI_UNIT ( $, .STERADIAN. ) SOLID_ANGLE_UNIT ( ) );
#306 = CARTESIAN_POINT ( 'NONE',  ( 9.800000000000000700, 5.800000000000000700, -4.799999999999998000 ) ) ;
#308 = ORIENTED_EDGE ( 'NONE', *, *, #2143, .F. ) ;
#309 = UNCERTAINTY_MEASURE_WITH_UNIT (LENGTH_MEASURE( 1.000000000000000100E-005 ), #291, 'distance_accuracy_value', 'NONE');
#310 = DIRECTION ( 'NONE',  ( 0.0000000000000000000, 0.0000000000000000000, -1.000000000000000000 ) ) ;
#311 = PRESENTATION_LAYER_ASSIGNMENT (  '', '', ( #937 ) ) ;
#312 = SURFACE_STYLE_USAGE ( .BOTH. , #3158 ) ;
#313 = STYLED_ITEM ( 'NONE', ( #1380 ), #5406 ) ;
#314 = CIRCLE ( 'NONE', #3045, 0.2000000000000005100 ) ;
#315 = CARTESIAN_POINT ( 'NONE',  ( -9.799999999999995400, 5.800000000000000700, 5.300000000000003400 ) ) ;
#316 = TOROIDAL_SURFACE ( 'NONE', #4502, 1.399999999999999500, 0.2000000000000000100 ) ;
#317 = VERTEX_POINT ( 'NONE', #4359 ) ;
#318 = COLOUR_RGB ( '',0.2509803921568627400, 0.2509803921568627400, 0.2509803921568627400 ) ;
#319 =( LENGTH_UNIT ( ) NAMED_UNIT ( * ) SI_UNIT ( .MILLI., .METRE. ) );
#320 = CARTESIAN_POINT ( 'NONE',  ( 7.925129743375459900, 5.000000000000000000, 14.04441838603068500 ) ) ;
#321 = EDGE_LOOP ( 'NONE', ( #1127, #5104, #800, #596 ) ) ;
#322 = ADVANCED_FACE ( 'NONE', ( #283 ), #4588, .T. ) ;
#323 = DIRECTION ( 'NONE',  ( 1.000000000000000000, 0.0000000000000000000, -4.956352788505161300E-016 ) ) ;
#324 = CARTESIAN_POINT ( 'NONE',  ( 6.749999999999999100, 5.799999999999999800, -5.299999999999992700 ) ) ;
#325 = LINE ( 'NONE', #3585, #2863 ) ;
#326 = ORIENTED_EDGE ( 'NONE', *, *, #1962, .T. ) ;
#327 = PLANE ( 'NONE',  #4122 ) ;
#328 = FACE_BOUND ( 'NONE', #4221, .T. ) ;
#329 = SURFACE_STYLE_FILL_AREA ( #169 ) ;
#330 = TOROIDAL_SURFACE ( 'NONE', #3220, 1.399999999999999500, 0.2000000000000000100 ) ;
#331 = COLOUR_RGB ( '',0.2509803921568627400, 0.2509803921568627400, 0.2509803921568627400 ) ;
#332 =( GEOMETRIC_REPRESENTATION_CONTEXT ( 3 ) GLOBAL_UNCERTAINTY_ASSIGNED_CONTEXT ( ( #4438 ) ) GLOBAL_UNIT_ASSIGNED_CONTEXT ( ( #3862, #1019, #4328 ) ) REPRESENTATION_CONTEXT ( 'NONE', 'WORKASPACE' ) );
#333 = DIRECTION ( 'NONE',  ( -0.0000000000000000000, -0.0000000000000000000, 1.000000000000000000 ) ) ;
#334 = CARTESIAN_POINT ( 'NONE',  ( 5.000000000000000000, 0.2000000000000005100, -5.299999999999993600 ) ) ;
#335 = FACE_OUTER_BOUND ( 'NONE', #2142, .T. ) ;
#336 = SURFACE_SIDE_STYLE ('',( #2128 ) ) ;
#337 = DIRECTION ( 'NONE',  ( 1.000000000000000000, 0.0000000000000000000, 0.0000000000000000000 ) ) ;
#338 = VERTEX_POINT ( 'NONE', #5080 ) ;
#339 = PLANE ( 'NONE',  #5033 ) ;
#340 = AXIS2_PLACEMENT_3D ( 'NONE', #2472, #3440, #5980 ) ;
#341 = SURFACE_STYLE_FILL_AREA ( #2509 ) ;
#342 = DIRECTION ( 'NONE',  ( 0.1600216669179818600, -0.0000000000000000000, -0.9871135021449106700 ) ) ;
#343 =( GEOMETRIC_REPRESENTATION_CONTEXT ( 3 ) GLOBAL_UNCERTAINTY_ASSIGNED_CONTEXT ( ( #1722 ) ) GLOBAL_UNIT_ASSIGNED_CONTEXT ( ( #975, #4294, #1465 ) ) REPRESENTATION_CONTEXT ( 'NONE', 'WORKASPACE' ) );
#344 = CARTESIAN_POINT ( 'NONE',  ( -7.949999999999996600, 1.999999999999997300, -10.99999999999999800 ) ) ;
#345 = ORIENTED_EDGE ( 'NONE', *, *, #1979, .T. ) ;
#346 = VERTEX_POINT ( 'NONE', #5561 ) ;
#347 = DIRECTION ( 'NONE',  ( 0.7071067811865475700, 1.916616770854221200E-016, -0.7071067811865475700 ) ) ;
#348 = VECTOR ( 'NONE', #5221, 1000.000000000000000 ) ;
#349 = ORIENTED_EDGE ( 'NONE', *, *, #5614, .T. ) ;
#350 = AXIS2_PLACEMENT_3D ( 'NONE', #5350, #745, #689 ) ;
#351 = EDGE_CURVE ( 'NONE', #724, #1484, #941, .T. ) ;
#352 =( GEOMETRIC_REPRESENTATION_CONTEXT ( 3 ) GLOBAL_UNCERTAINTY_ASSIGNED_CONTEXT ( ( #1684 ) ) GLOBAL_UNIT_ASSIGNED_CONTEXT ( ( #69, #3397, #538 ) ) REPRESENTATION_CONTEXT ( 'NONE', 'WORKASPACE' ) );
#353 = ORIENTED_EDGE ( 'NONE', *, *, #4879, .F. ) ;
#354 = DIRECTION ( 'NONE',  ( -0.0000000000000000000, -1.000000000000000000, -0.0000000000000000000 ) ) ;
#355 = LINE ( 'NONE', #3137, #5281 ) ;
#356 =( NAMED_UNIT ( * ) SI_UNIT ( $, .STERADIAN. ) SOLID_ANGLE_UNIT ( ) );
#357 = ORIENTED_EDGE ( 'NONE', *, *, #2437, .F. ) ;
#358 = EDGE_LOOP ( 'NONE', ( #1119, #5379, #5570, #3427 ) ) ;
#359 = DIRECTION ( 'NONE',  ( -1.223120689731756600E-016, 1.000000000000000000, -1.982809587625459700E-017 ) ) ;
#360 = AXIS2_PLACEMENT_3D ( 'NONE', #3820, #4287, #2902 ) ;
#361 = SURFACE_SIDE_STYLE ('',( #3162 ) ) ;
#362 = EDGE_LOOP ( 'NONE', ( #1488, #1680, #4038, #3860, #5772, #5285, #4305, #2276 ) ) ;
#363 = VERTEX_POINT ( 'NONE', #2343 ) ;
#364 = DIRECTION ( 'NONE',  ( -0.0000000000000000000, 1.000000000000000000, -0.0000000000000000000 ) ) ;
#365 = LINE ( 'NONE', #2383, #2757 ) ;
#366 = DIRECTION ( 'NONE',  ( -1.000000000000000000, 0.0000000000000000000, 0.0000000000000000000 ) ) ;
#367 =( BOUNDED_CURVE ( )  B_SPLINE_CURVE ( 3, ( #3569, #4520, #4995, #2138 ),
 .UNSPECIFIED., .F., .F. ) 
 B_SPLINE_CURVE_WITH_KNOTS ( ( 4, 4 ),
 ( 3.141592653589789100, 4.712388980384687900 ),
 .UNSPECIFIED. ) 
 CURVE ( )  GEOMETRIC_REPRESENTATION_ITEM ( )  RATIONAL_B_SPLINE_CURVE ( ( 1.000000000000000000, 0.8047378541243644900, 0.8047378541243644900, 1.000000000000000000 ) ) 
 REPRESENTATION_ITEM ( '' )  );
#368 = EDGE_LOOP ( 'NONE', ( #3002, #2840, #4425, #2102 ) ) ;
#369 =( GEOMETRIC_REPRESENTATION_CONTEXT ( 3 ) GLOBAL_UNCERTAINTY_ASSIGNED_CONTEXT ( ( #5215 ) ) GLOBAL_UNIT_ASSIGNED_CONTEXT ( ( #2078, #5420, #2559 ) ) REPRESENTATION_CONTEXT ( 'NONE', 'WORKASPACE' ) );
#370 = PLANE ( 'NONE',  #2292 ) ;
#371 = CYLINDRICAL_SURFACE ( 'NONE', #5859, 0.3999999999999993000 ) ;
#372 = CARTESIAN_POINT ( 'NONE',  ( -1.999999999999996700, 4.649999999999999500, 6.500000000000002700 ) ) ;
#373 = ORIENTED_EDGE ( 'NONE', *, *, #5631, .F. ) ;
#374 = CARTESIAN_POINT ( 'NONE',  ( 7.925129743375459900, 4.399999999999999500, 14.44441838603068400 ) ) ;
#375 = EDGE_CURVE ( 'NONE', #6135, #3497, #5852, .T. ) ;
#376 = PRESENTATION_LAYER_ASSIGNMENT (  '', '', ( #53 ) ) ;
#377 = EDGE_LOOP ( 'NONE', ( #5252, #961, #345, #1112 ) ) ;
#378 = CARTESIAN_POINT ( 'NONE',  ( -8.449999999999997500, 1.500000000000000400, -10.99999999999999800 ) ) ;
#379 = LINE ( 'NONE', #3297, #4032 ) ;
#380 = EDGE_CURVE ( 'NONE', #4881, #3142, #2052, .T. ) ;
#381 =( LENGTH_UNIT ( ) NAMED_UNIT ( * ) SI_UNIT ( .MILLI., .METRE. ) );
#382 =( GEOMETRIC_REPRESENTATION_CONTEXT ( 3 ) GLOBAL_UNCERTAINTY_ASSIGNED_CONTEXT ( ( #4329 ) ) GLOBAL_UNIT_ASSIGNED_CONTEXT ( ( #4622, #1371, #1348 ) ) REPRESENTATION_CONTEXT ( 'NONE', 'WORKASPACE' ) );
#383 = ORIENTED_EDGE ( 'NONE', *, *, #3399, .F. ) ;
#384 =( LENGTH_UNIT ( ) NAMED_UNIT ( * ) SI_UNIT ( .MILLI., .METRE. ) );
#385 = CARTESIAN_POINT ( 'NONE',  ( -9.799999999999995400, 6.000000000000000000, 5.500000000000003600 ) ) ;
#386 = SURFACE_STYLE_USAGE ( .BOTH. , #2162 ) ;
#387 = CIRCLE ( 'NONE', #1673, 0.3999999999999993000 ) ;
#388 = CARTESIAN_POINT ( 'NONE',  ( 8.550000000000002500, 3.000000000000000400, -9.199999999999997500 ) ) ;
#389 = EDGE_CURVE ( 'NONE', #5680, #5472, #2201, .T. ) ;
#390 = DIRECTION ( 'NONE',  ( 8.673617379884388900E-015, -0.0000000000000000000, -1.000000000000000000 ) ) ;
#391 = VECTOR ( 'NONE', #1916, 1000.000000000000000 ) ;
#392 = CARTESIAN_POINT ( 'NONE',  ( 3.249999999999998700, 10.01123422402631900, -5.299999999999994500 ) ) ;
#393 = FACE_OUTER_BOUND ( 'NONE', #2584, .T. ) ;
#394 = SURFACE_SIDE_STYLE ('',( #889 ) ) ;
#395 =( GEOMETRIC_REPRESENTATION_CONTEXT ( 3 ) GLOBAL_UNCERTAINTY_ASSIGNED_CONTEXT ( ( #1217 ) ) GLOBAL_UNIT_ASSIGNED_CONTEXT ( ( #4426, #1594, #4913 ) ) REPRESENTATION_CONTEXT ( 'NONE', 'WORKASPACE' ) );
#397 = SURFACE_SIDE_STYLE ('',( #666 ) ) ;
#396 = CARTESIAN_POINT ( 'NONE',  ( 6.667157287525378200, 0.0000000000000000000, -5.099999999999993400 ) ) ;
#398 =( LENGTH_UNIT ( ) NAMED_UNIT ( * ) SI_UNIT ( .MILLI., .METRE. ) );
#399 = PRESENTATION_LAYER_ASSIGNMENT (  '', '', ( #5938 ) ) ;
#400 = CARTESIAN_POINT ( 'NONE',  ( 7.925129743375459900, 5.000000000000000000, 14.44441838603068400 ) ) ;
#401 = LINE ( 'NONE', #138, #2110 ) ;
#402 = ORIENTED_EDGE ( 'NONE', *, *, #2281, .F. ) ;
#403 = FACE_BOUND ( 'NONE', #5571, .T. ) ;
#404 = EDGE_CURVE ( 'NONE', #4837, #3748, #5705, .T. ) ;
#405 = CARTESIAN_POINT ( 'NONE',  ( -7.949999999999996600, 4.000000000000004400, -10.99999999999999800 ) ) ;
#406 = EDGE_CURVE ( 'NONE', #2632, #1414, #3178, .T. ) ;
#407 = VECTOR ( 'NONE', #721, 1000.000000000000100 ) ;
#408 = FACE_OUTER_BOUND ( 'NONE', #4203, .T. ) ;
#409 = AXIS2_PLACEMENT_3D ( 'NONE', #4865, #583, #3925 ) ;
#410 = CIRCLE ( 'NONE', #1507, 0.3999999999999993000 ) ;
#411 = ADVANCED_FACE ( 'NONE', ( #122 ), #486, .T. ) ;
#412 = DIRECTION ( 'NONE',  ( -3.469446951953695000E-014, 0.0000000000000000000, 1.000000000000000000 ) ) ;
#413 = EDGE_LOOP ( 'NONE', ( #4232, #929, #2617, #731 ) ) ;
#414 = ORIENTED_EDGE ( 'NONE', *, *, #2642, .T. ) ;
#416 = DIRECTION ( 'NONE',  ( 0.7071067811865458000, 0.0000000000000000000, -0.7071067811865493500 ) ) ;
#415 = CARTESIAN_POINT ( 'NONE',  ( 7.000000000000000900, 5.799999999999999800, -5.049999999999992700 ) ) ;
#417 = AXIS2_PLACEMENT_3D ( 'NONE', #2807, #3041, #337 ) ;
#418 = ORIENTED_EDGE ( 'NONE', *, *, #1066, .T. ) ;
#419 = DIRECTION ( 'NONE',  ( 1.000000000000000000, 0.0000000000000000000, -1.224646799147353200E-016 ) ) ;
#420 = MECHANICAL_DESIGN_GEOMETRIC_PRESENTATION_REPRESENTATION (  '', ( #5641 ), #730 ) ;
#421 = CIRCLE ( 'NONE', #4046, 0.5000000000000004400 ) ;
#422 = FILL_AREA_STYLE_COLOUR ( '', #4743 ) ;
#423 = SURFACE_STYLE_USAGE ( .BOTH. , #3276 ) ;
#424 = FILL_AREA_STYLE ('',( #2551 ) ) ;
#425 = EDGE_LOOP ( 'NONE', ( #3342, #3798, #2900 ) ) ;
#426 = ORIENTED_EDGE ( 'NONE', *, *, #3054, .T. ) ;
#427 = DIRECTION ( 'NONE',  ( 0.0000000000000000000, 0.0000000000000000000, -1.000000000000000000 ) ) ;
#428 = ORIENTED_EDGE ( 'NONE', *, *, #6139, .F. ) ;
#429 = CARTESIAN_POINT ( 'NONE',  ( 0.0000000000000000000, 5.800000000000000700, 5.300000000000003400 ) ) ;
#430 = FILL_AREA_STYLE_COLOUR ( '', #2519 ) ;
#431 = EDGE_LOOP ( 'NONE', ( #5116, #3521, #3729, #958 ) ) ;
#432 = ORIENTED_EDGE ( 'NONE', *, *, #5631, .T. ) ;
#433 = CARTESIAN_POINT ( 'NONE',  ( 5.883578643762663600, 0.2000000000000000100, -5.883578643762704500 ) ) ;
#434 = ORIENTED_EDGE ( 'NONE', *, *, #4517, .F. ) ;
#436 = DIRECTION ( 'NONE',  ( -0.0000000000000000000, -0.0000000000000000000, -1.000000000000000000 ) ) ;
#435 = DIRECTION ( 'NONE',  ( 0.0000000000000000000, -1.000000000000000000, 0.0000000000000000000 ) ) ;
#437 =( GEOMETRIC_REPRESENTATION_CONTEXT ( 3 ) GLOBAL_UNCERTAINTY_ASSIGNED_CONTEXT ( ( #2377 ) ) GLOBAL_UNIT_ASSIGNED_CONTEXT ( ( #3614, #752, #4091 ) ) REPRESENTATION_CONTEXT ( 'NONE', 'WORKASPACE' ) );
#438 = UNCERTAINTY_MEASURE_WITH_UNIT (LENGTH_MEASURE( 1.000000000000000100E-005 ), #4499, 'distance_accuracy_value', 'NONE');
#439 =( NAMED_UNIT ( * ) SI_UNIT ( $, .STERADIAN. ) SOLID_ANGLE_UNIT ( ) );
#440 = ORIENTED_EDGE ( 'NONE', *, *, #4237, .T. ) ;
#441 = ADVANCED_FACE ( 'NONE', ( #4276 ), #4953, .T. ) ;
#442 = PLANE ( 'NONE',  #1285 ) ;
#443 = VERTEX_POINT ( 'NONE', #324 ) ;
#444 = EDGE_LOOP ( 'NONE', ( #139, #4241 ) ) ;
#445 = CARTESIAN_POINT ( 'NONE',  ( -9.999999999999996400, 0.0000000000000000000, 5.300000000000003400 ) ) ;
#446 = DIRECTION ( 'NONE',  ( 0.0000000000000000000, 0.0000000000000000000, -1.000000000000000000 ) ) ;
#447 = ORIENTED_EDGE ( 'NONE', *, *, #2542, .F. ) ;
#448 = DIRECTION ( 'NONE',  ( -1.000000000000000000, 1.301042606982604100E-015, -0.0000000000000000000 ) ) ;
#449 = EDGE_CURVE ( 'NONE', #443, #1134, #1314, .T. ) ;
#450 = CIRCLE ( 'NONE', #4094, 0.2000000000000002300 ) ;
#451 = LINE ( 'NONE', #3667, #1438 ) ;
#452 = DIRECTION ( 'NONE',  ( -0.0000000000000000000, 1.000000000000000000, -0.0000000000000000000 ) ) ;
#453 = FACE_OUTER_BOUND ( 'NONE', #1079, .T. ) ;
#454 = DIRECTION ( 'NONE',  ( 0.0000000000000000000, -0.7071067811865475700, -0.7071067811865475700 ) ) ;
#455 = ORIENTED_EDGE ( 'NONE', *, *, #6063, .F. ) ;
#456 = CARTESIAN_POINT ( 'NONE',  ( 9.800000000000000700, 0.0000000000000000000, 5.000000000000002700 ) ) ;
#457 = CARTESIAN_POINT ( 'NONE',  ( -0.3914213562373073400, 0.0000000000000000000, 5.358578643762693400 ) ) ;
#458 = PRESENTATION_LAYER_ASSIGNMENT (  '', '', ( #155 ) ) ;
#459 = FILL_AREA_STYLE ('',( #5685 ) ) ;
#460 = DIRECTION ( 'NONE',  ( -0.9871135021449106700, -0.0000000000000000000, -0.1600216669179818100 ) ) ;
#461 = VERTEX_POINT ( 'NONE', #3810 ) ;
#462 = DIRECTION ( 'NONE',  ( 1.000000000000000000, -0.0000000000000000000, 0.0000000000000000000 ) ) ;
#463 = LINE ( 'NONE', #41, #3005 ) ;
#464 = CARTESIAN_POINT ( 'NONE',  ( 2.168404344971009300E-015, 5.800000000000000700, 5.250000000000002700 ) ) ;
#465 = ADVANCED_FACE ( 'NONE', ( #2573 ), #698, .T. ) ;
#466 = FILL_AREA_STYLE_COLOUR ( '', #1139 ) ;
#467 = EDGE_CURVE ( 'NONE', #2487, #1184, #1973, .T. ) ;
#468 = UNCERTAINTY_MEASURE_WITH_UNIT (LENGTH_MEASURE( 1.000000000000000100E-005 ), #5374, 'distance_accuracy_value', 'NONE');
#469 = STYLED_ITEM ( 'NONE', ( #4109 ), #2058 ) ;
#470 = VECTOR ( 'NONE', #5205, 1000.000000000000000 ) ;
#472 = CARTESIAN_POINT ( 'NONE',  ( -0.8835786437626805800, -0.0000000000000000000, -0.8835786437626761400 ) ) ;
#471 =( NAMED_UNIT ( * ) PLANE_ANGLE_UNIT ( ) SI_UNIT ( $, .RADIAN. ) );
#473 = DIRECTION ( 'NONE',  ( 0.0000000000000000000, 0.0000000000000000000, 1.000000000000000000 ) ) ;
#474 = CIRCLE ( 'NONE', #5045, 0.2000000000000005100 ) ;
#475 = VECTOR ( 'NONE', #4751, 1000.000000000000000 ) ;
#476 = EDGE_CURVE ( 'NONE', #1121, #4988, #42, .T. ) ;
#477 = COLOUR_RGB ( '',0.2509803921568627400, 0.2509803921568627400, 0.2509803921568627400 ) ;
#478 = PRESENTATION_LAYER_ASSIGNMENT (  '', '', ( #5707 ) ) ;
#479 = CARTESIAN_POINT ( 'NONE',  ( 4.794322988211932900, 1.200000000000000200, 10.63321475905617300 ) ) ;
#480 = ORIENTED_EDGE ( 'NONE', *, *, #4846, .T. ) ;
#481 = CARTESIAN_POINT ( 'NONE',  ( -6.699999999999996600, 5.000000000000000000, 5.500000000000003600 ) ) ;
#482 = LINE ( 'NONE', #4891, #4139 ) ;
#483 = ORIENTED_EDGE ( 'NONE', *, *, #2362, .T. ) ;
#484 = EDGE_LOOP ( 'NONE', ( #2592, #3915, #1787, #65 ) ) ;
#485 = EDGE_CURVE ( 'NONE', #651, #790, #4508, .T. ) ;
#486 = CYLINDRICAL_SURFACE ( 'NONE', #1064, 0.3999999999999993000 ) ;
#487 = CARTESIAN_POINT ( 'NONE',  ( 7.925129743375459900, 1.500000000000000000, 14.04441838603068500 ) ) ;
#488 =( GEOMETRIC_REPRESENTATION_CONTEXT ( 3 ) GLOBAL_UNCERTAINTY_ASSIGNED_CONTEXT ( ( #4065 ) ) GLOBAL_UNIT_ASSIGNED_CONTEXT ( ( #381, #3707, #858 ) ) REPRESENTATION_CONTEXT ( 'NONE', 'WORKASPACE' ) );
#489 = LINE ( 'NONE', #3296, #3028 ) ;
#490 = ORIENTED_EDGE ( 'NONE', *, *, #1790, .T. ) ;
#491 = VERTEX_POINT ( 'NONE', #3413 ) ;
#492 = CIRCLE ( 'NONE', #598, 2.250000000000000400 ) ;
#494 = DIRECTION ( 'NONE',  ( -1.000000000000000000, 0.0000000000000000000, 0.0000000000000000000 ) ) ;
#493 = SURFACE_SIDE_STYLE ('',( #2407 ) ) ;
#495 = MECHANICAL_DESIGN_GEOMETRIC_PRESENTATION_REPRESENTATION (  '', ( #6041 ), #816 ) ;
#496 = CARTESIAN_POINT ( 'NONE',  ( 5.320240709957161600, 4.800000000000000700, 8.703600665524955800 ) ) ;
#497 =( GEOMETRIC_REPRESENTATION_CONTEXT ( 3 ) GLOBAL_UNCERTAINTY_ASSIGNED_CONTEXT ( ( #4030 ) ) GLOBAL_UNIT_ASSIGNED_CONTEXT ( ( #508, #3837, #992 ) ) REPRESENTATION_CONTEXT ( 'NONE', 'WORKASPACE' ) );
#498 = ORIENTED_EDGE ( 'NONE', *, *, #4461, .F. ) ;
#499 = EDGE_LOOP ( 'NONE', ( #4762, #5590 ) ) ;
#500 = ADVANCED_FACE ( 'NONE', ( #1819 ), #5021, .T. ) ;
#501 = CARTESIAN_POINT ( 'NONE',  ( 7.925129743375459900, 4.800000000000000700, 14.44441838603068400 ) ) ;
#502 = FILL_AREA_STYLE_COLOUR ( '', #3371 ) ;
#503 = ORIENTED_EDGE ( 'NONE', *, *, #1054, .T. ) ;
#504 = ORIENTED_EDGE ( 'NONE', *, *, #5112, .T. ) ;
#505 = EDGE_CURVE ( 'NONE', #1858, #461, #1392, .T. ) ;
#506 = AXIS2_PLACEMENT_3D ( 'NONE', #1001, #2430, #5764 ) ;
#507 = FILL_AREA_STYLE ('',( #3361 ) ) ;
#508 =( LENGTH_UNIT ( ) NAMED_UNIT ( * ) SI_UNIT ( .MILLI., .METRE. ) );
#509 = CARTESIAN_POINT ( 'NONE',  ( -6.999999999999997300, 0.0000000000000000000, -4.799999999999998000 ) ) ;
#510 = ORIENTED_EDGE ( 'NONE', *, *, #3603, .F. ) ;
#511 = EDGE_CURVE ( 'NONE', #5550, #3764, #3917, .T. ) ;
#512 = DIRECTION ( 'NONE',  ( -0.0000000000000000000, 1.000000000000000000, -0.0000000000000000000 ) ) ;
#513 = PRESENTATION_STYLE_ASSIGNMENT (( #4620 ) ) ;
#514 = LINE ( 'NONE', #2796, #656 ) ;
#515 = CARTESIAN_POINT ( 'NONE',  ( 2.168404344971009300E-015, 6.000000000000000000, 5.250000000000002700 ) ) ;
#516 = VERTEX_POINT ( 'NONE', #5535 ) ;
#518 = DIRECTION ( 'NONE',  ( -1.000000000000000000, 0.0000000000000000000, 0.0000000000000000000 ) ) ;
#517 = CARTESIAN_POINT ( 'NONE',  ( -5.883578643762663600, 5.800000000000000700, -5.883578643762704500 ) ) ;
#519 = STYLED_ITEM ( 'NONE', ( #2316 ), #2835 ) ;
#520 = FACE_OUTER_BOUND ( 'NONE', #1581, .T. ) ;
#521 = VERTEX_POINT ( 'NONE', #6006 ) ;
#522 = DIRECTION ( 'NONE',  ( 0.0000000000000000000, -1.000000000000000000, 0.0000000000000000000 ) ) ;
#523 = CARTESIAN_POINT ( 'NONE',  ( 8.050000000000002500, 4.000000000000001800, -10.99999999999999800 ) ) ;
#524 = EDGE_CURVE ( 'NONE', #1697, #5146, #6137, .T. ) ;
#525 = STYLED_ITEM ( 'NONE', ( #5573 ), #3872 ) ;
#526 = ORIENTED_EDGE ( 'NONE', *, *, #2395, .T. ) ;
#527 =( LENGTH_UNIT ( ) NAMED_UNIT ( * ) SI_UNIT ( .MILLI., .METRE. ) );
#528 = ADVANCED_FACE ( 'NONE', ( #2491, #1240 ), #1509, .F. ) ;
#529 = SURFACE_STYLE_USAGE ( .BOTH. , #3388 ) ;
#530 = EDGE_CURVE ( 'NONE', #3360, #46, #2342, .T. ) ;
#531 = PRESENTATION_LAYER_ASSIGNMENT (  '', '', ( #227 ) ) ;
#532 = MECHANICAL_DESIGN_GEOMETRIC_PRESENTATION_REPRESENTATION (  '', ( #6076 ), #856 ) ;
#533 = CARTESIAN_POINT ( 'NONE',  ( 9.800000000000002500, 6.000000000000000000, -4.799999999999998000 ) ) ;
#534 = CARTESIAN_POINT ( 'NONE',  ( -6.999999999999999100, 5.799999999999999800, -5.049999999999994500 ) ) ;
#535 = CIRCLE ( 'NONE', #4324, 0.2000000000000005100 ) ;
#536 = FILL_AREA_STYLE_COLOUR ( '', #4256 ) ;
#537 = MECHANICAL_DESIGN_GEOMETRIC_PRESENTATION_REPRESENTATION (  '', ( #6084 ), #865 ) ;
#538 =( NAMED_UNIT ( * ) SI_UNIT ( $, .STERADIAN. ) SOLID_ANGLE_UNIT ( ) );
#539 = CYLINDRICAL_SURFACE ( 'NONE', #1469, 0.1999999999999996800 ) ;
#540 = ORIENTED_EDGE ( 'NONE', *, *, #5111, .F. ) ;
#541 = UNCERTAINTY_MEASURE_WITH_UNIT (LENGTH_MEASURE( 1.000000000000000100E-005 ), #6046, 'distance_accuracy_value', 'NONE');
#542 = FILL_AREA_STYLE ('',( #1013 ) ) ;
#543 = CARTESIAN_POINT ( 'NONE',  ( -6.799999999999998000, 6.000000000000000000, -5.000000000000004400 ) ) ;
#544 = FACE_OUTER_BOUND ( 'NONE', #3932, .T. ) ;
#545 = CARTESIAN_POINT ( 'NONE',  ( -6.799999999999990900, 0.0000000000000000000, -4.799999999999998000 ) ) ;
#546 = MECHANICAL_DESIGN_GEOMETRIC_PRESENTATION_REPRESENTATION (  '', ( #6094 ), #878 ) ;
#547 = CIRCLE ( 'NONE', #1231, 0.7500000000000002200 ) ;
#548 = CIRCLE ( 'NONE', #4087, 0.7500000000000002200 ) ;
#549 =( NAMED_UNIT ( * ) SI_UNIT ( $, .STERADIAN. ) SOLID_ANGLE_UNIT ( ) );
#551 = CARTESIAN_POINT ( 'NONE',  ( 4.599763768472680400, 1.000074018921616000, 10.56932116356027700 ) ) ;
#550 =( LENGTH_UNIT ( ) NAMED_UNIT ( * ) SI_UNIT ( .MILLI., .METRE. ) );
#552 = ORIENTED_EDGE ( 'NONE', *, *, #3280, .T. ) ;
#553 = PRESENTATION_STYLE_ASSIGNMENT (( #3618 ) ) ;
#554 = FACE_OUTER_BOUND ( 'NONE', #5385, .T. ) ;
#555 = PRESENTATION_LAYER_ASSIGNMENT (  '', '', ( #887 ) ) ;
#556 = ORIENTED_EDGE ( 'NONE', *, *, #719, .F. ) ;
#557 = DIRECTION ( 'NONE',  ( 0.0000000000000000000, -1.000000000000000000, 0.0000000000000000000 ) ) ;
#558 = ORIENTED_EDGE ( 'NONE', *, *, #2455, .T. ) ;
#559 = DIRECTION ( 'NONE',  ( -8.673617379884388900E-015, 0.0000000000000000000, 1.000000000000000000 ) ) ;
#560 = DIRECTION ( 'NONE',  ( 0.0000000000000000000, -1.000000000000000000, 0.0000000000000000000 ) ) ;
#561 = COLOUR_RGB ( '',0.2509803921568627400, 0.2509803921568627400, 0.2509803921568627400 ) ;
#562 = FILL_AREA_STYLE ('',( #3900 ) ) ;
#563 = EDGE_CURVE ( 'NONE', #4191, #2749, #3617, .T. ) ;
#564 = ORIENTED_EDGE ( 'NONE', *, *, #3321, .T. ) ;
#565 = MECHANICAL_DESIGN_GEOMETRIC_PRESENTATION_REPRESENTATION (  '', ( #5168 ), #894 ) ;
#566 = FACE_OUTER_BOUND ( 'NONE', #5003, .T. ) ;
#567 = CARTESIAN_POINT ( 'NONE',  ( -0.3328427124746172700, 0.1999999999999996500, 5.300000000000003400 ) ) ;
#568 = DIRECTION ( 'NONE',  ( -1.000000000000000000, 0.0000000000000000000, -0.0000000000000000000 ) ) ;
#569 = ORIENTED_EDGE ( 'NONE', *, *, #1962, .F. ) ;
#570 = DIRECTION ( 'NONE',  ( 0.0000000000000000000, 0.0000000000000000000, -1.000000000000000000 ) ) ;
#571 = VERTEX_POINT ( 'NONE', #5803 ) ;
#572 = DIRECTION ( 'NONE',  ( 1.000000000000000000, 0.0000000000000000000, 0.0000000000000000000 ) ) ;
#573 =( GEOMETRIC_REPRESENTATION_CONTEXT ( 3 ) GLOBAL_UNCERTAINTY_ASSIGNED_CONTEXT ( ( #5088 ) ) GLOBAL_UNIT_ASSIGNED_CONTEXT ( ( #2972, #1473, #3714 ) ) REPRESENTATION_CONTEXT ( 'NONE', 'WORKASPACE' ) );
#574 = CIRCLE ( 'NONE', #1918, 1.399999999999999200 ) ;
#575 = SURFACE_STYLE_USAGE ( .BOTH. , #3434 ) ;
#576 = EDGE_LOOP ( 'NONE', ( #1988, #2414, #2552, #1995, #2340, #5471 ) ) ;
#577 = ORIENTED_EDGE ( 'NONE', *, *, #3052, .F. ) ;
#578 =( BOUNDED_CURVE ( )  B_SPLINE_CURVE ( 3, ( #1449, #3808, #982, #4300 ),
 .UNSPECIFIED., .F., .F. ) 
 B_SPLINE_CURVE_WITH_KNOTS ( ( 4, 4 ),
 ( 3.141592653589789100, 4.712388980384694100 ),
 .UNSPECIFIED. ) 
 CURVE ( )  GEOMETRIC_REPRESENTATION_ITEM ( )  RATIONAL_B_SPLINE_CURVE ( ( 1.000000000000000000, 0.8047378541243630500, 0.8047378541243630500, 1.000000000000000000 ) ) 
 REPRESENTATION_ITEM ( '' )  );
#580 = FILL_AREA_STYLE_COLOUR ( '', #2628 ) ;
#579 = FILL_AREA_STYLE ('',( #5811 ) ) ;
#581 = EDGE_LOOP ( 'NONE', ( #736, #3628, #577, #4716 ) ) ;
#582 = AXIS2_PLACEMENT_3D ( 'NONE', #1711, #5052, #2198 ) ;
#583 = DIRECTION ( 'NONE',  ( 0.0000000000000000000, 1.000000000000000000, 0.0000000000000000000 ) ) ;
#584 = COLOUR_RGB ( '',0.2509803921568627400, 0.2509803921568627400, 0.2509803921568627400 ) ;
#585 = CARTESIAN_POINT ( 'NONE',  ( -8.449999999999997500, 1.500000000000000400, -10.99999999999999800 ) ) ;
#586 = CARTESIAN_POINT ( 'NONE',  ( 2.602085213965220100E-015, 2.000000000000009800, -10.99999999999999800 ) ) ;
#587 = ORIENTED_EDGE ( 'NONE', *, *, #4523, .F. ) ;
#588 = CARTESIAN_POINT ( 'NONE',  ( -9.999999999999996400, 0.1999999999999996500, 5.500000000000003600 ) ) ;
#589 = VECTOR ( 'NONE', #4825, 1000.000000000000000 ) ;
#590 = CARTESIAN_POINT ( 'NONE',  ( -6.699999999999995700, 1.000000000000000000, 6.000000000000003600 ) ) ;
#591 = DIRECTION ( 'NONE',  ( 0.0000000000000000000, 0.0000000000000000000, -1.000000000000000000 ) ) ;
#592 = ORIENTED_EDGE ( 'NONE', *, *, #4787, .F. ) ;
#593 = DIRECTION ( 'NONE',  ( -1.224646799147353200E-016, -1.497890837650898600E-032, 1.000000000000000000 ) ) ;
#594 = VECTOR ( 'NONE', #892, 1000.000000000000000 ) ;
#595 =( NAMED_UNIT ( * ) PLANE_ANGLE_UNIT ( ) SI_UNIT ( $, .RADIAN. ) );
#596 = ORIENTED_EDGE ( 'NONE', *, *, #5201, .F. ) ;
#597 = EDGE_CURVE ( 'NONE', #6049, #236, #1093, .T. ) ;
#598 = AXIS2_PLACEMENT_3D ( 'NONE', #267, #3591, #726 ) ;
#599 = FACE_OUTER_BOUND ( 'NONE', #3982, .T. ) ;
#600 = CYLINDRICAL_SURFACE ( 'NONE', #3268, 0.1999999999999996500 ) ;
#601 = CARTESIAN_POINT ( 'NONE',  ( 4.711480275737313800, 5.000000000000000000, 10.29087064909162000 ) ) ;
#602 = EDGE_LOOP ( 'NONE', ( #2594, #1778, #4524, #4582 ) ) ;
#603 = DIRECTION ( 'NONE',  ( -1.000000000000000000, 0.0000000000000000000, 0.0000000000000000000 ) ) ;
#604 = PLANE ( 'NONE',  #4601 ) ;
#605 = DIRECTION ( 'NONE',  ( 1.000000000000000000, 0.0000000000000000000, 0.0000000000000000000 ) ) ;
#606 = CARTESIAN_POINT ( 'NONE',  ( -6.699999999999996600, 5.000000000000000000, 5.862838719962299500 ) ) ;
#607 = AXIS2_PLACEMENT_3D ( 'NONE', #4351, #3866, #1021 ) ;
#608 = AXIS2_PLACEMENT_3D ( 'NONE', #5596, #5139, #2277 ) ;
#609 = ORIENTED_EDGE ( 'NONE', *, *, #4475, .F. ) ;
#610 = DIRECTION ( 'NONE',  ( -0.0000000000000000000, -0.0000000000000000000, -1.000000000000000000 ) ) ;
#611 = DIRECTION ( 'NONE',  ( -0.0000000000000000000, -1.000000000000000000, -0.0000000000000000000 ) ) ;
#612 = FILL_AREA_STYLE ('',( #3486 ) ) ;
#613 = ADVANCED_FACE ( 'NONE', ( #4737 ), #4581, .T. ) ;
#614 = LINE ( 'NONE', #445, #4128 ) ;
#615 = ORIENTED_EDGE ( 'NONE', *, *, #828, .F. ) ;
#617 = SURFACE_STYLE_USAGE ( .BOTH. , #3493 ) ;
#616 =( NAMED_UNIT ( * ) PLANE_ANGLE_UNIT ( ) SI_UNIT ( $, .RADIAN. ) );
#618 = UNCERTAINTY_MEASURE_WITH_UNIT (LENGTH_MEASURE( 1.000000000000000100E-005 ), #3328, 'distance_accuracy_value', 'NONE');
#619 = LINE ( 'NONE', #509, #5546 ) ;
#620 = FACE_OUTER_BOUND ( 'NONE', #6005, .T. ) ;
#621 = LINE ( 'NONE', #2621, #1732 ) ;
#622 = VERTEX_POINT ( 'NONE', #2705 ) ;
#623 = DIRECTION ( 'NONE',  ( -2.168404344971008900E-016, 1.000000000000000000, -8.373630090956932600E-017 ) ) ;
#624 = VECTOR ( 'NONE', #146, 1000.000000000000000 ) ;
#625 = CARTESIAN_POINT ( 'NONE',  ( 7.000000000000000900, 5.799999999999999800, -5.049999999999992700 ) ) ;
#626 = ORIENTED_EDGE ( 'NONE', *, *, #271, .T. ) ;
#627 = PRESENTATION_STYLE_ASSIGNMENT (( #1953 ) ) ;
#628 = CARTESIAN_POINT ( 'NONE',  ( -3.249999999999998700, 0.08284271247461824600, -5.299999999999996300 ) ) ;
#629 = AXIS2_PLACEMENT_3D ( 'NONE', #4231, #1856, #5200 ) ;
#630 = EDGE_LOOP ( 'NONE', ( #1641, #5636, #3711, #2717 ) ) ;
#631 = PRESENTATION_STYLE_ASSIGNMENT (( #2426 ) ) ;
#632 = PRESENTATION_STYLE_ASSIGNMENT (( #2092 ) ) ;
#633 = DIRECTION ( 'NONE',  ( -0.0000000000000000000, -0.0000000000000000000, 1.000000000000000000 ) ) ;
#634 = FILL_AREA_STYLE ('',( #3022 ) ) ;
#635 = ORIENTED_EDGE ( 'NONE', *, *, #3816, .F. ) ;
#637 = CARTESIAN_POINT ( 'NONE',  ( -0.3328427124746173300, 0.2000000000000000100, 5.300000000000003400 ) ) ;
#636 = CARTESIAN_POINT ( 'NONE',  ( -4.999999999999998200, 0.1999999999999996500, -2.817398742541499200 ) ) ;
#638 = ORIENTED_EDGE ( 'NONE', *, *, #2502, .T. ) ;
#639 = ORIENTED_EDGE ( 'NONE', *, *, #303, .F. ) ;
#640 = SURFACE_STYLE_FILL_AREA ( #507 ) ;
#641 = CARTESIAN_POINT ( 'NONE',  ( 9.652578372129053000, 4.500000000000000900, 14.72445630313715600 ) ) ;
#642 = AXIS2_PLACEMENT_3D ( 'NONE', #1886, #4748, #3350 ) ;
#643 = ADVANCED_FACE ( 'NONE', ( #2193 ), #2885, .T. ) ;
#644 = DIRECTION ( 'NONE',  ( 1.000000000000000000, 0.0000000000000000000, -8.673617379884388900E-015 ) ) ;
#645 = AXIS2_PLACEMENT_3D ( 'NONE', #3847, #999, #4316 ) ;
#646 = ORIENTED_EDGE ( 'NONE', *, *, #3030, .F. ) ;
#647 = SURFACE_SIDE_STYLE ('',( #2380 ) ) ;
#648 = SURFACE_SIDE_STYLE ('',( #3637 ) ) ;
#649 = VERTEX_POINT ( 'NONE', #4401 ) ;
#650 = FILL_AREA_STYLE_COLOUR ( '', #1904 ) ;
#651 = VERTEX_POINT ( 'NONE', #1567 ) ;
#652 = AXIS2_PLACEMENT_3D ( 'NONE', #2831, #560, #6154 ) ;
#653 = DIRECTION ( 'NONE',  ( 0.0000000000000000000, 0.0000000000000000000, 1.000000000000000000 ) ) ;
#654 = SURFACE_STYLE_FILL_AREA ( #4145 ) ;
#655 = CARTESIAN_POINT ( 'NONE',  ( 6.799999999999992700, 6.000000000000000000, -4.799999999999998000 ) ) ;
#656 = VECTOR ( 'NONE', #5627, 1000.000000000000000 ) ;
#657 = ORIENTED_EDGE ( 'NONE', *, *, #2707, .F. ) ;
#659 =( LENGTH_UNIT ( ) NAMED_UNIT ( * ) SI_UNIT ( .MILLI., .METRE. ) );
#658 = CARTESIAN_POINT ( 'NONE',  ( -9.999999999999996400, 6.000000000000000000, -4.799999999999997200 ) ) ;
#660 = VECTOR ( 'NONE', #1512, 1000.000000000000000 ) ;
#661 = LINE ( 'NONE', #3059, #5445 ) ;
#662 = ORIENTED_EDGE ( 'NONE', *, *, #4758, .F. ) ;
#663 = EDGE_CURVE ( 'NONE', #649, #2357, #482, .T. ) ;
#664 = DIRECTION ( 'NONE',  ( 0.0000000000000000000, -1.000000000000000000, 0.0000000000000000000 ) ) ;
#665 = CARTESIAN_POINT ( 'NONE',  ( -4.999999999999998200, 0.1999999999999996500, -4.217398742541498700 ) ) ;
#666 = SURFACE_STYLE_FILL_AREA ( #3252 ) ;
#667 = CARTESIAN_POINT ( 'NONE',  ( -6.699999999999996600, 5.000000000000000900, 5.862838719962299500 ) ) ;
#668 = SURFACE_STYLE_FILL_AREA ( #1883 ) ;
#669 = COLOUR_RGB ( '',0.2509803921568627400, 0.2509803921568627400, 0.2509803921568627400 ) ;
#670 = DIRECTION ( 'NONE',  ( 1.734723475976807100E-015, -0.0000000000000000000, 1.000000000000000000 ) ) ;
#671 = PRESENTATION_LAYER_ASSIGNMENT (  '', '', ( #1005 ) ) ;
#672 = ORIENTED_EDGE ( 'NONE', *, *, #1017, .F. ) ;
#673 = FACE_OUTER_BOUND ( 'NONE', #5161, .T. ) ;
#674 = CARTESIAN_POINT ( 'NONE',  ( -2.999999999999998700, 0.08284271247461833000, -5.049999999999996300 ) ) ;
#675 = ADVANCED_FACE ( 'NONE', ( #1738 ), #2979, .F. ) ;
#676 =( LENGTH_UNIT ( ) NAMED_UNIT ( * ) SI_UNIT ( .MILLI., .METRE. ) );
#678 = FILL_AREA_STYLE ('',( #2563 ) ) ;
#677 = CARTESIAN_POINT ( 'NONE',  ( 5.000000000000001800, 5.800000000000000700, -2.817398742541499200 ) ) ;
#679 = EDGE_CURVE ( 'NONE', #4233, #2282, #5268, .T. ) ;
#680 = ORIENTED_EDGE ( 'NONE', *, *, #2541, .F. ) ;
#681 = MECHANICAL_DESIGN_GEOMETRIC_PRESENTATION_REPRESENTATION (  '', ( #53 ), #1016 ) ;
#682 = DIRECTION ( 'NONE',  ( -1.000000000000000000, -1.223120689731756600E-016, 0.0000000000000000000 ) ) ;
#683 =( NAMED_UNIT ( * ) SI_UNIT ( $, .STERADIAN. ) SOLID_ANGLE_UNIT ( ) );
#684 = AXIS2_PLACEMENT_3D ( 'NONE', #3777, #5960, #3019 ) ;
#685 = AXIS2_PLACEMENT_3D ( 'NONE', #3537, #664, #4010 ) ;
#686 = CARTESIAN_POINT ( 'NONE',  ( -9.799999999999995400, 5.800000000000000700, -4.799999999999997200 ) ) ;
#687 = EDGE_LOOP ( 'NONE', ( #3725, #4075, #1043, #2309, #5501, #6068, #2865, #774 ) ) ;
#688 =( LENGTH_UNIT ( ) NAMED_UNIT ( * ) SI_UNIT ( .MILLI., .METRE. ) );
#689 = DIRECTION ( 'NONE',  ( 0.0000000000000000000, 0.0000000000000000000, -1.000000000000000000 ) ) ;
#690 = DIRECTION ( 'NONE',  ( 0.0000000000000000000, -1.000000000000000000, 0.0000000000000000000 ) ) ;
#691 = DIRECTION ( 'NONE',  ( 1.000000000000000000, -1.734723475976807500E-015, 0.0000000000000000000 ) ) ;
#692 =( BOUNDED_CURVE ( )  B_SPLINE_CURVE ( 3, ( #2730, #5579, #4165, #1310 ),
 .UNSPECIFIED., .F., .F. ) 
 B_SPLINE_CURVE_WITH_KNOTS ( ( 4, 4 ),
 ( -4.440892098500626200E-015, 1.570796326794896600 ),
 .UNSPECIFIED. ) 
 CURVE ( )  GEOMETRIC_REPRESENTATION_ITEM ( )  RATIONAL_B_SPLINE_CURVE ( ( 1.000000000000000000, 0.8047378541243640500, 0.8047378541243640500, 1.000000000000000000 ) ) 
 REPRESENTATION_ITEM ( '' )  );
#693 = EDGE_CURVE ( 'NONE', #651, #1147, #1610, .T. ) ;
#694 = ORIENTED_EDGE ( 'NONE', *, *, #844, .F. ) ;
#696 = DIRECTION ( 'NONE',  ( 0.7071067811865458000, 0.0000000000000000000, -0.7071067811865493500 ) ) ;
#695 = CARTESIAN_POINT ( 'NONE',  ( -3.332842712474616900, 6.000000000000000000, -5.099999999999996100 ) ) ;
#697 = AXIS2_PLACEMENT_3D ( 'NONE', #1136, #4452, #1609 ) ;
#698 = CYLINDRICAL_SURFACE ( 'NONE', #4243, 0.2000000000000000400 ) ;
#699 = VECTOR ( 'NONE', #4556, 1000.000000000000100 ) ;
#700 =( BOUNDED_CURVE ( )  B_SPLINE_CURVE ( 3, ( #5334, #4229, #4970, #1645 ),
 .UNSPECIFIED., .F., .F. ) 
 B_SPLINE_CURVE_WITH_KNOTS ( ( 4, 4 ),
 ( 6.234162491791645800E-015, 1.570796326794896600 ),
 .UNSPECIFIED. ) 
 CURVE ( )  GEOMETRIC_REPRESENTATION_ITEM ( )  RATIONAL_B_SPLINE_CURVE ( ( 1.000000000000000000, 0.8047378541243663800, 0.8047378541243663800, 1.000000000000000000 ) ) 
 REPRESENTATION_ITEM ( '' )  );
#701 = ADVANCED_FACE ( 'NONE', ( #3986 ), #5999, .T. ) ;
#702 = ORIENTED_EDGE ( 'NONE', *, *, #3953, .F. ) ;
#703 = CARTESIAN_POINT ( 'NONE',  ( -1.999999999999996700, 1.350000000000000500, 7.000000000000002700 ) ) ;
#704 = CARTESIAN_POINT ( 'NONE',  ( -7.949999999999996600, 1.500000000000000400, -10.99999999999999800 ) ) ;
#705 = SURFACE_SIDE_STYLE ('',( #4986 ) ) ;
#706 = LINE ( 'NONE', #1765, #1829 ) ;
#707 = MECHANICAL_DESIGN_GEOMETRIC_PRESENTATION_REPRESENTATION (  '', ( #5938 ), #1048 ) ;
#708 = UNCERTAINTY_MEASURE_WITH_UNIT (LENGTH_MEASURE( 1.000000000000000100E-005 ), #5433, 'distance_accuracy_value', 'NONE');
#709 = EDGE_LOOP ( 'NONE', ( #1481, #4045, #2112, #2754 ) ) ;
#710 = ORIENTED_EDGE ( 'NONE', *, *, #1040, .F. ) ;
#711 = CARTESIAN_POINT ( 'NONE',  ( 7.925129743375459900, 5.000000000000000000, 14.84441838603068200 ) ) ;
#712 = SURFACE_STYLE_FILL_AREA ( #4641 ) ;
#713 = CARTESIAN_POINT ( 'NONE',  ( -3.332842712474615600, 0.0000000000000000000, -5.099999999999996100 ) ) ;
#714 = SURFACE_STYLE_FILL_AREA ( #562 ) ;
#715 =( LENGTH_UNIT ( ) NAMED_UNIT ( * ) SI_UNIT ( .MILLI., .METRE. ) );
#716 = EDGE_CURVE ( 'NONE', #1118, #3050, #2348, .T. ) ;
#717 = EDGE_CURVE ( 'NONE', #3769, #3851, #1100, .T. ) ;
#718 = ORIENTED_EDGE ( 'NONE', *, *, #1825, .T. ) ;
#719 = EDGE_CURVE ( 'NONE', #3393, #3122, #4893, .T. ) ;
#720 = ORIENTED_EDGE ( 'NONE', *, *, #4262, .T. ) ;
#721 = DIRECTION ( 'NONE',  ( 0.7071067811865458000, -0.0000000000000000000, 0.7071067811865492400 ) ) ;
#722 = VECTOR ( 'NONE', #1487, 1000.000000000000100 ) ;
#723 = DIRECTION ( 'NONE',  ( 0.0000000000000000000, 1.000000000000000000, 0.0000000000000000000 ) ) ;
#724 = VERTEX_POINT ( 'NONE', #1129 ) ;
#725 = ORIENTED_EDGE ( 'NONE', *, *, #716, .T. ) ;
#726 = DIRECTION ( 'NONE',  ( -1.000000000000000000, 0.0000000000000000000, 0.0000000000000000000 ) ) ;
#727 = STYLED_ITEM ( 'NONE', ( #631 ), #441 ) ;
#728 = PRESENTATION_STYLE_ASSIGNMENT (( #3721 ) ) ;
#729 = DIRECTION ( 'NONE',  ( 0.0000000000000000000, 0.0000000000000000000, 1.000000000000000000 ) ) ;
#730 =( GEOMETRIC_REPRESENTATION_CONTEXT ( 3 ) GLOBAL_UNCERTAINTY_ASSIGNED_CONTEXT ( ( #4675 ) ) GLOBAL_UNIT_ASSIGNED_CONTEXT ( ( #3123, #279, #3601 ) ) REPRESENTATION_CONTEXT ( 'NONE', 'WORKASPACE' ) );
#731 = ORIENTED_EDGE ( 'NONE', *, *, #1808, .T. ) ;
#732 =( BOUNDED_CURVE ( )  B_SPLINE_CURVE ( 3, ( #2122, #204, #3094, #249 ),
 .UNSPECIFIED., .F., .F. ) 
 B_SPLINE_CURVE_WITH_KNOTS ( ( 4, 4 ),
 ( 3.141592653589789100, 4.712388980384689700 ),
 .UNSPECIFIED. ) 
 CURVE ( )  GEOMETRIC_REPRESENTATION_ITEM ( )  RATIONAL_B_SPLINE_CURVE ( ( 1.000000000000000000, 0.8047378541243640500, 0.8047378541243640500, 1.000000000000000000 ) ) 
 REPRESENTATION_ITEM ( '' )  );
#733 = CIRCLE ( 'NONE', #2599, 0.7500000000000002200 ) ;
#734 = EDGE_CURVE ( 'NONE', #3599, #6104, #2203, .T. ) ;
#735 = CIRCLE ( 'NONE', #4704, 0.7500000000000006700 ) ;
#736 = ORIENTED_EDGE ( 'NONE', *, *, #2735, .F. ) ;
#737 = DIRECTION ( 'NONE',  ( 0.0000000000000000000, 0.0000000000000000000, 1.000000000000000000 ) ) ;
#738 = ADVANCED_FACE ( 'NONE', ( #4742 ), #3506, .F. ) ;
#739 = CARTESIAN_POINT ( 'NONE',  ( 4.649439812716052800, 4.998574098549480200, 10.58850433942151500 ) ) ;
#740 = VECTOR ( 'NONE', #4280, 1000.000000000000000 ) ;
#741 = CIRCLE ( 'NONE', #2267, 0.1999999999999996500 ) ;
#742 = SURFACE_STYLE_USAGE ( .BOTH. , #1307 ) ;
#743 = ORIENTED_EDGE ( 'NONE', *, *, #1036, .T. ) ;
#744 = DIRECTION ( 'NONE',  ( -1.000000000000000000, 0.0000000000000000000, -4.956352788505166200E-016 ) ) ;
#745 = DIRECTION ( 'NONE',  ( 0.0000000000000000000, -1.000000000000000000, 0.0000000000000000000 ) ) ;
#746 = VECTOR ( 'NONE', #3239, 1000.000000000000000 ) ;
#747 = STYLED_ITEM ( 'NONE', ( #3945 ), #2433 ) ;
#748 = DIRECTION ( 'NONE',  ( -0.0000000000000000000, -0.0000000000000000000, 1.000000000000000000 ) ) ;
#749 = EDGE_CURVE ( 'NONE', #3101, #2136, #2054, .T. ) ;
#750 = ORIENTED_EDGE ( 'NONE', *, *, #4433, .F. ) ;
#751 =( NAMED_UNIT ( * ) SI_UNIT ( $, .STERADIAN. ) SOLID_ANGLE_UNIT ( ) );
#752 =( NAMED_UNIT ( * ) PLANE_ANGLE_UNIT ( ) SI_UNIT ( $, .RADIAN. ) );
#753 = ORIENTED_EDGE ( 'NONE', *, *, #5311, .F. ) ;
#754 =( LENGTH_UNIT ( ) NAMED_UNIT ( * ) SI_UNIT ( .MILLI., .METRE. ) );
#755 = CARTESIAN_POINT ( 'NONE',  ( -8.449999999999997500, 4.500000000000001800, -4.999999999999997300 ) ) ;
#756 =( LENGTH_UNIT ( ) NAMED_UNIT ( * ) SI_UNIT ( .MILLI., .METRE. ) );
#757 = CARTESIAN_POINT ( 'NONE',  ( -2.999999999999997800, 0.2000000000000005100, -5.049999999999994500 ) ) ;
#758 = VECTOR ( 'NONE', #1561, 1000.000000000000000 ) ;
#759 = EDGE_LOOP ( 'NONE', ( #2039, #3345, #3994, #4755, #2531, #490 ) ) ;
#760 = CARTESIAN_POINT ( 'NONE',  ( 8.050000000000000700, 3.000000000000000400, -9.949999999999999300 ) ) ;
#761 =( NAMED_UNIT ( * ) PLANE_ANGLE_UNIT ( ) SI_UNIT ( $, .RADIAN. ) );
#762 = EDGE_CURVE ( 'NONE', #2158, #197, #5853, .T. ) ;
#764 = DIRECTION ( 'NONE',  ( 0.0000000000000000000, 1.000000000000000000, 0.0000000000000000000 ) ) ;
#763 = DIRECTION ( 'NONE',  ( 8.673617379884051200E-015, 1.000000000000000000, 0.0000000000000000000 ) ) ;
#765 = EDGE_CURVE ( 'NONE', #3484, #3642, #3323, .T. ) ;
#766 = VECTOR ( 'NONE', #1762, 1000.000000000000000 ) ;
#767 = AXIS2_PLACEMENT_3D ( 'NONE', #1797, #5147, #2287 ) ;
#768 = VECTOR ( 'NONE', #1837, 1000.000000000000100 ) ;
#769 = ADVANCED_FACE ( 'NONE', ( #786 ), #3995, .T. ) ;
#770 =( NAMED_UNIT ( * ) PLANE_ANGLE_UNIT ( ) SI_UNIT ( $, .RADIAN. ) );
#771 = DIRECTION ( 'NONE',  ( 1.000000000000000000, 0.0000000000000000000, 0.0000000000000000000 ) ) ;
#772 = VERTEX_POINT ( 'NONE', #2556 ) ;
#773 = MECHANICAL_DESIGN_GEOMETRIC_PRESENTATION_REPRESENTATION (  '', ( #155 ), #1114 ) ;
#774 = ORIENTED_EDGE ( 'NONE', *, *, #2281, .T. ) ;
#775 = PRESENTATION_LAYER_ASSIGNMENT (  '', '', ( #6003 ) ) ;
#776 = DIRECTION ( 'NONE',  ( -0.0000000000000000000, -1.000000000000000000, -0.0000000000000000000 ) ) ;
#777 = VECTOR ( 'NONE', #1425, 1000.000000000000000 ) ;
#778 = PRESENTATION_STYLE_ASSIGNMENT (( #4972 ) ) ;
#779 =( NAMED_UNIT ( * ) SI_UNIT ( $, .STERADIAN. ) SOLID_ANGLE_UNIT ( ) );
#780 = TOROIDAL_SURFACE ( 'NONE', #972, 1.399999999999999500, 0.2000000000000000100 ) ;
#781 = EDGE_CURVE ( 'NONE', #5312, #3939, #1185, .T. ) ;
#782 = DIRECTION ( 'NONE',  ( 0.0000000000000000000, -4.336808689942025600E-015, 1.000000000000000000 ) ) ;
#783 = ORIENTED_EDGE ( 'NONE', *, *, #1031, .T. ) ;
#784 = SURFACE_SIDE_STYLE ('',( #4770 ) ) ;
#785 = VECTOR ( 'NONE', #1435, 1000.000000000000000 ) ;
#786 = FACE_OUTER_BOUND ( 'NONE', #4176, .T. ) ;
#787 = DIRECTION ( 'NONE',  ( -0.0000000000000000000, -1.000000000000000000, -0.0000000000000000000 ) ) ;
#788 = CARTESIAN_POINT ( 'NONE',  ( 0.0000000000000000000, 4.000000000000001800, -10.99999999999999800 ) ) ;
#789 = AXIS2_PLACEMENT_3D ( 'NONE', #5656, #6129, #3286 ) ;
#790 = VERTEX_POINT ( 'NONE', #1195 ) ;
#791 = VECTOR ( 'NONE', #3208, 1000.000000000000000 ) ;
#792 = DIRECTION ( 'NONE',  ( 0.3602384707422405800, 0.0000000000000000000, -0.9328602490176607400 ) ) ;
#793 = SURFACE_SIDE_STYLE ('',( #2164 ) ) ;
#794 = DIRECTION ( 'NONE',  ( 1.734723475976807100E-015, 0.0000000000000000000, 1.000000000000000000 ) ) ;
#795 = ORIENTED_EDGE ( 'NONE', *, *, #869, .F. ) ;
#796 = EDGE_CURVE ( 'NONE', #3792, #2303, #201, .T. ) ;
#797 = DIRECTION ( 'NONE',  ( -1.000000000000000000, 0.0000000000000000000, 3.469446951953695000E-014 ) ) ;
#798 = ORIENTED_EDGE ( 'NONE', *, *, #4202, .T. ) ;
#799 = MECHANICAL_DESIGN_GEOMETRIC_PRESENTATION_REPRESENTATION (  '', ( #5707 ), #1133 ) ;
#800 = ORIENTED_EDGE ( 'NONE', *, *, #511, .F. ) ;
#801 = PLANE ( 'NONE',  #4890 ) ;
#802 = ORIENTED_EDGE ( 'NONE', *, *, #3485, .F. ) ;
#803 = ADVANCED_FACE ( 'NONE', ( #5107 ), #863, .T. ) ;
#804 = CYLINDRICAL_SURFACE ( 'NONE', #2682, 0.7500000000000006700 ) ;
#805 = DIRECTION ( 'NONE',  ( -3.469446951953695000E-014, 0.0000000000000000000, 1.000000000000000000 ) ) ;
#806 = EDGE_CURVE ( 'NONE', #1734, #5441, #5920, .T. ) ;
#807 = STYLED_ITEM ( 'NONE', ( #943 ), #4427 ) ;
#808 = EDGE_LOOP ( 'NONE', ( #3842, #4114, #5362, #2045 ) ) ;
#809 = ORIENTED_EDGE ( 'NONE', *, *, #107, .T. ) ;
#811 = CARTESIAN_POINT ( 'NONE',  ( 7.925129743375459900, 4.200000000000000200, 14.44441838603068400 ) ) ;
#810 = DIRECTION ( 'NONE',  ( -1.000000000000000000, 0.0000000000000000000, 0.0000000000000000000 ) ) ;
#812 = CARTESIAN_POINT ( 'NONE',  ( 1.050000000000002300, 1.999999999999999600, -10.99999999999999800 ) ) ;
#813 = VECTOR ( 'NONE', #5106, 1000.000000000000000 ) ;
#814 = ORIENTED_EDGE ( 'NONE', *, *, #4152, .F. ) ;
#815 = CARTESIAN_POINT ( 'NONE',  ( 3.332842712474617400, 0.0000000000000000000, -5.099999999999995200 ) ) ;
#816 =( GEOMETRIC_REPRESENTATION_CONTEXT ( 3 ) GLOBAL_UNCERTAINTY_ASSIGNED_CONTEXT ( ( #708 ) ) GLOBAL_UNIT_ASSIGNED_CONTEXT ( ( #5433, #2574, #4471 ) ) REPRESENTATION_CONTEXT ( 'NONE', 'WORKASPACE' ) );
#817 = CARTESIAN_POINT ( 'NONE',  ( -7.949999999999996600, 1.500000000000000400, -10.99999999999999800 ) ) ;
#818 =( BOUNDED_CURVE ( )  B_SPLINE_CURVE ( 3, ( #1486, #1947, #2422, #2918 ),
 .UNSPECIFIED., .F., .F. ) 
 B_SPLINE_CURVE_WITH_KNOTS ( ( 4, 4 ),
 ( 1.570796326794896600, 3.141592653589797100 ),
 .UNSPECIFIED. ) 
 CURVE ( )  GEOMETRIC_REPRESENTATION_ITEM ( )  RATIONAL_B_SPLINE_CURVE ( ( 1.000000000000000000, 0.8047378541243640500, 0.8047378541243640500, 1.000000000000000000 ) ) 
 REPRESENTATION_ITEM ( '' )  );
#819 = PRESENTATION_LAYER_ASSIGNMENT (  '', '', ( #1155 ) ) ;
#820 = COLOUR_RGB ( '',0.7921568627450980000, 0.8196078431372548800, 0.9333333333333333500 ) ;
#821 = CARTESIAN_POINT ( 'NONE',  ( 7.925129743375459900, 5.000000000000000000, 14.04441838603068500 ) ) ;
#822 = ORIENTED_EDGE ( 'NONE', *, *, #3452, .T. ) ;
#823 = DIRECTION ( 'NONE',  ( 1.223120689731756600E-016, -1.000000000000000000, 1.982809587625459700E-017 ) ) ;
#824 = PRESENTATION_STYLE_ASSIGNMENT (( #423 ) ) ;
#825 = VECTOR ( 'NONE', #5148, 1000.000000000000200 ) ;
#826 = CARTESIAN_POINT ( 'NONE',  ( -7.949999999999996600, 3.000000000000000400, -8.449999999999997500 ) ) ;
#827 = CARTESIAN_POINT ( 'NONE',  ( 2.168404344971009300E-015, 6.000000000000000000, 5.250000000000002700 ) ) ;
#828 = EDGE_CURVE ( 'NONE', #2564, #6135, #4661, .T. ) ;
#829 = ORIENTED_EDGE ( 'NONE', *, *, #5111, .T. ) ;
#830 = DIRECTION ( 'NONE',  ( -0.0000000000000000000, -0.0000000000000000000, 1.000000000000000000 ) ) ;
#831 = PRESENTATION_LAYER_ASSIGNMENT (  '', '', ( #5735 ) ) ;
#832 = CYLINDRICAL_SURFACE ( 'NONE', #3258, 0.7500000000000006700 ) ;
#833 = PRESENTATION_STYLE_ASSIGNMENT (( #1182 ) ) ;
#834 = PRESENTATION_STYLE_ASSIGNMENT (( #2732 ) ) ;
#835 = DIRECTION ( 'NONE',  ( 1.000000000000000000, 0.0000000000000000000, -1.224646799147353200E-016 ) ) ;
#836 =( LENGTH_UNIT ( ) NAMED_UNIT ( * ) SI_UNIT ( .MILLI., .METRE. ) );
#837 = PRESENTATION_LAYER_ASSIGNMENT (  '', '', ( #519 ) ) ;
#838 = FILL_AREA_STYLE_COLOUR ( '', #561 ) ;
#839 = CARTESIAN_POINT ( 'NONE',  ( -6.699999999999995700, 1.000000000000000000, 5.500000000000003600 ) ) ;
#840 = DIRECTION ( 'NONE',  ( -1.000000000000000000, 0.0000000000000000000, 0.0000000000000000000 ) ) ;
#841 = CARTESIAN_POINT ( 'NONE',  ( -6.667157287525377300, 0.0000000000000000000, -5.099999999999994300 ) ) ;
#842 = CIRCLE ( 'NONE', #1198, 2.250000000000000400 ) ;
#843 = CARTESIAN_POINT ( 'NONE',  ( 7.925129743375459900, 1.200000000000000200, 14.04441838603068500 ) ) ;
#844 = EDGE_CURVE ( 'NONE', #1410, #1616, #5774, .T. ) ;
#845 = ORIENTED_EDGE ( 'NONE', *, *, #3009, .T. ) ;
#846 = DIRECTION ( 'NONE',  ( -1.224646799147353200E-016, 1.982809587625458100E-017, 1.000000000000000000 ) ) ;
#847 = AXIS2_PLACEMENT_3D ( 'NONE', #2532, #966, #4283 ) ;
#848 = DIRECTION ( 'NONE',  ( -1.000000000000000000, 0.0000000000000000000, 0.0000000000000000000 ) ) ;
#849 = CARTESIAN_POINT ( 'NONE',  ( 0.5500000000000018200, 1.499999999999999100, -10.99999999999999800 ) ) ;
#850 = LINE ( 'NONE', #4230, #3386 ) ;
#851 = ORIENTED_EDGE ( 'NONE', *, *, #177, .F. ) ;
#852 = CARTESIAN_POINT ( 'NONE',  ( 5.000197376121189300, 4.800000000000000700, 10.35623609131637400 ) ) ;
#853 = UNCERTAINTY_MEASURE_WITH_UNIT (LENGTH_MEASURE( 1.000000000000000100E-005 ), #1753, 'distance_accuracy_value', 'NONE');
#854 = MECHANICAL_DESIGN_GEOMETRIC_PRESENTATION_REPRESENTATION (  '', ( #227 ), #1188 ) ;
#855 = DIRECTION ( 'NONE',  ( 0.0000000000000000000, -0.0000000000000000000, 1.000000000000000000 ) ) ;
#856 =( GEOMETRIC_REPRESENTATION_CONTEXT ( 3 ) GLOBAL_UNCERTAINTY_ASSIGNED_CONTEXT ( ( #5056 ) ) GLOBAL_UNIT_ASSIGNED_CONTEXT ( ( #1569, #4895, #2036 ) ) REPRESENTATION_CONTEXT ( 'NONE', 'WORKASPACE' ) );
#857 = FACE_OUTER_BOUND ( 'NONE', #2608, .T. ) ;
#858 =( NAMED_UNIT ( * ) SI_UNIT ( $, .STERADIAN. ) SOLID_ANGLE_UNIT ( ) );
#859 = ORIENTED_EDGE ( 'NONE', *, *, #1194, .F. ) ;
#860 =( NAMED_UNIT ( * ) SI_UNIT ( $, .STERADIAN. ) SOLID_ANGLE_UNIT ( ) );
#861 = DIRECTION ( 'NONE',  ( -0.1600216669179815300, 0.0000000000000000000, 0.9871135021449106700 ) ) ;
#862 = UNCERTAINTY_MEASURE_WITH_UNIT (LENGTH_MEASURE( 1.000000000000000100E-005 ), #3763, 'distance_accuracy_value', 'NONE');
#863 = CYLINDRICAL_SURFACE ( 'NONE', #4318, 0.2000000000000005100 ) ;
#864 = CIRCLE ( 'NONE', #5602, 0.1999999999999996500 ) ;
#865 =( GEOMETRIC_REPRESENTATION_CONTEXT ( 3 ) GLOBAL_UNCERTAINTY_ASSIGNED_CONTEXT ( ( #3154 ) ) GLOBAL_UNIT_ASSIGNED_CONTEXT ( ( #6132, #3293, #439 ) ) REPRESENTATION_CONTEXT ( 'NONE', 'WORKASPACE' ) );
#866 = EDGE_LOOP ( 'NONE', ( #3204, #1176, #1919, #2382 ) ) ;
#867 = CYLINDRICAL_SURFACE ( 'NONE', #2123, 0.1999999999999996800 ) ;
#868 = FILL_AREA_STYLE ('',( #5613 ) ) ;
#869 = EDGE_CURVE ( 'NONE', #443, #2284, #2120, .T. ) ;
#870 = VECTOR ( 'NONE', #4606, 1000.000000000000000 ) ;
#871 = CARTESIAN_POINT ( 'NONE',  ( -6.999999999999997300, 0.1999999999999987900, -4.999999999999995600 ) ) ;
#872 =( LENGTH_UNIT ( ) NAMED_UNIT ( * ) SI_UNIT ( .MILLI., .METRE. ) );
#873 = ORIENTED_EDGE ( 'NONE', *, *, #3694, .T. ) ;
#874 = ORIENTED_EDGE ( 'NONE', *, *, #3731, .T. ) ;
#875 =( NAMED_UNIT ( * ) SI_UNIT ( $, .STERADIAN. ) SOLID_ANGLE_UNIT ( ) );
#877 =( LENGTH_UNIT ( ) NAMED_UNIT ( * ) SI_UNIT ( .MILLI., .METRE. ) );
#876 = CARTESIAN_POINT ( 'NONE',  ( 6.715685424949234600, 5.583609737426127600E-018, -5.217157287525374400 ) ) ;
#878 =( GEOMETRIC_REPRESENTATION_CONTEXT ( 3 ) GLOBAL_UNCERTAINTY_ASSIGNED_CONTEXT ( ( #5261 ) ) GLOBAL_UNIT_ASSIGNED_CONTEXT ( ( #1150, #4466, #1620 ) ) REPRESENTATION_CONTEXT ( 'NONE', 'WORKASPACE' ) );
#879 =( NAMED_UNIT ( * ) SI_UNIT ( $, .STERADIAN. ) SOLID_ANGLE_UNIT ( ) );
#880 = ORIENTED_EDGE ( 'NONE', *, *, #5371, .T. ) ;
#881 = ORIENTED_EDGE ( 'NONE', *, *, #4729, .F. ) ;
#882 = ADVANCED_FACE ( 'NONE', ( #5628, #4510 ), #5959, .F. ) ;
#883 = DIRECTION ( 'NONE',  ( 1.734723475976807100E-015, -0.0000000000000000000, 1.000000000000000000 ) ) ;
#884 = CARTESIAN_POINT ( 'NONE',  ( 9.652578372129053000, 7.448411032447918200, 14.72445630313715600 ) ) ;
#885 = ORIENTED_EDGE ( 'NONE', *, *, #485, .F. ) ;
#886 = CARTESIAN_POINT ( 'NONE',  ( 7.925129743375459900, 4.800000000000000700, 14.44441838603068400 ) ) ;
#887 = STYLED_ITEM ( 'NONE', ( #513 ), #3536 ) ;
#888 = ORIENTED_EDGE ( 'NONE', *, *, #4237, .F. ) ;
#889 = SURFACE_STYLE_FILL_AREA ( #3241 ) ;
#890 = DIRECTION ( 'NONE',  ( -0.0000000000000000000, 1.000000000000000000, -0.0000000000000000000 ) ) ;
#891 = VERTEX_POINT ( 'NONE', #3144 ) ;
#892 = DIRECTION ( 'NONE',  ( 1.000000000000000000, -0.0000000000000000000, -0.0000000000000000000 ) ) ;
#893 = EDGE_CURVE ( 'NONE', #1269, #2295, #5416, .T. ) ;
#894 =( GEOMETRIC_REPRESENTATION_CONTEXT ( 3 ) GLOBAL_UNCERTAINTY_ASSIGNED_CONTEXT ( ( #1478 ) ) GLOBAL_UNIT_ASSIGNED_CONTEXT ( ( #5504, #2649, #5967 ) ) REPRESENTATION_CONTEXT ( 'NONE', 'WORKASPACE' ) );
#895 = ORIENTED_EDGE ( 'NONE', *, *, #1421, .T. ) ;
#896 = SURFACE_STYLE_USAGE ( .BOTH. , #3737 ) ;
#897 = FILL_AREA_STYLE ('',( #1384 ) ) ;
#898 = VECTOR ( 'NONE', #3329, 1000.000000000000100 ) ;
#899 = DIRECTION ( 'NONE',  ( 0.7071067811865500200, 0.0000000000000000000, -0.7071067811865451300 ) ) ;
#900 = ORIENTED_EDGE ( 'NONE', *, *, #3443, .F. ) ;
#901 =( NAMED_UNIT ( * ) PLANE_ANGLE_UNIT ( ) SI_UNIT ( $, .RADIAN. ) );
#902 = STYLED_ITEM ( 'NONE', ( #5819 ), #5924 ) ;
#903 = COLOUR_RGB ( '',0.2509803921568627400, 0.2509803921568627400, 0.2509803921568627400 ) ;
#904 = FACE_OUTER_BOUND ( 'NONE', #3687, .T. ) ;
#905 = VECTOR ( 'NONE', #412, 1000.000000000000000 ) ;
#906 = CARTESIAN_POINT ( 'NONE',  ( 5.000000000000001800, 0.1999999999999996500, -1.617398742541499700 ) ) ;
#907 = CARTESIAN_POINT ( 'NONE',  ( 0.5500000000000018200, 1.499999999999999100, -4.999999999999997300 ) ) ;
#908 = ADVANCED_FACE ( 'NONE', ( #554 ), #5023, .T. ) ;
#909 = CARTESIAN_POINT ( 'NONE',  ( 10.00000000000000400, 0.1999999999999996500, -4.999999999999997300 ) ) ;
#910 = SURFACE_SIDE_STYLE ('',( #5054 ) ) ;
#911 = AXIS2_PLACEMENT_3D ( 'NONE', #5555, #2708, #6030 ) ;
#912 = ORIENTED_EDGE ( 'NONE', *, *, #1880, .T. ) ;
#913 = SURFACE_SIDE_STYLE ('',( #2742 ) ) ;
#914 = DIRECTION ( 'NONE',  ( 1.000000000000000000, 0.0000000000000000000, 0.0000000000000000000 ) ) ;
#915 = CARTESIAN_POINT ( 'NONE',  ( 5.000000000000001800, 0.1999999999999996500, -2.817398742541499200 ) ) ;
#916 = PRESENTATION_STYLE_ASSIGNMENT (( #4798 ) ) ;
#917 = CARTESIAN_POINT ( 'NONE',  ( -7.949999999999996600, 4.500000000000001800, -4.999999999999997300 ) ) ;
#918 = SURFACE_STYLE_FILL_AREA ( #3944 ) ;
#919 = DIRECTION ( 'NONE',  ( -0.0000000000000000000, -0.0000000000000000000, -1.000000000000000000 ) ) ;
#920 = DIRECTION ( 'NONE',  ( 0.0000000000000000000, 0.0000000000000000000, -1.000000000000000000 ) ) ;
#921 = SURFACE_STYLE_USAGE ( .BOTH. , #6089 ) ;
#922 = FACE_OUTER_BOUND ( 'NONE', #5035, .T. ) ;
#923 = DIRECTION ( 'NONE',  ( -1.000000000000000000, 0.0000000000000000000, -0.0000000000000000000 ) ) ;
#924 = LINE ( 'NONE', #2240, #4575 ) ;
#925 = EDGE_CURVE ( 'NONE', #1827, #197, #117, .T. ) ;
#926 = EDGE_CURVE ( 'NONE', #3148, #4182, #1394, .T. ) ;
#927 = CIRCLE ( 'NONE', #767, 2.250000000000000400 ) ;
#928 = STYLED_ITEM ( 'NONE', ( #1477 ), #4217 ) ;
#929 = ORIENTED_EDGE ( 'NONE', *, *, #3606, .T. ) ;
#930 = DIRECTION ( 'NONE',  ( 0.1600216669179818600, -0.0000000000000000000, -0.9871135021449106700 ) ) ;
#931 = UNCERTAINTY_MEASURE_WITH_UNIT (LENGTH_MEASURE( 1.000000000000000100E-005 ), #2722, 'distance_accuracy_value', 'NONE');
#932 = PRESENTATION_STYLE_ASSIGNMENT (( #4872 ) ) ;
#933 = CYLINDRICAL_SURFACE ( 'NONE', #3882, 0.1999999999999999600 ) ;
#934 = CARTESIAN_POINT ( 'NONE',  ( 4.599763768472672400, 4.800000000000000700, 10.24772958506187200 ) ) ;
#936 = DIRECTION ( 'NONE',  ( 0.0000000000000000000, -1.000000000000000000, 0.0000000000000000000 ) ) ;
#935 = CARTESIAN_POINT ( 'NONE',  ( 4.794322988211932900, 4.800000000000000700, 10.63321475905617300 ) ) ;
#937 = STYLED_ITEM ( 'NONE', ( #932 ), #643 ) ;
#938 = ORIENTED_EDGE ( 'NONE', *, *, #4846, .F. ) ;
#939 = FILL_AREA_STYLE_COLOUR ( '', #5170 ) ;
#940 = PRESENTATION_LAYER_ASSIGNMENT (  '', '', ( #313 ) ) ;
#941 = LINE ( 'NONE', #2226, #3322 ) ;
#942 = VECTOR ( 'NONE', #1111, 1000.000000000000000 ) ;
#943 = PRESENTATION_STYLE_ASSIGNMENT (( #1851 ) ) ;
#944 = ADVANCED_FACE ( 'NONE', ( #3752 ), #370, .F. ) ;
#945 = DIRECTION ( 'NONE',  ( -0.7071067811865465700, -0.0000000000000000000, 0.7071067811865484600 ) ) ;
#946 = ORIENTED_EDGE ( 'NONE', *, *, #1786, .F. ) ;
#947 = SURFACE_STYLE_USAGE ( .BOTH. , #3787 ) ;
#948 = ORIENTED_EDGE ( 'NONE', *, *, #1542, .T. ) ;
#949 = DIRECTION ( 'NONE',  ( 0.0000000000000000000, -1.000000000000000000, 0.0000000000000000000 ) ) ;
#950 = LINE ( 'NONE', #2752, #4591 ) ;
#951 = ORIENTED_EDGE ( 'NONE', *, *, #979, .F. ) ;
#952 = DIRECTION ( 'NONE',  ( -0.7071067811865465700, -0.0000000000000000000, 0.7071067811865484600 ) ) ;
#953 = EDGE_CURVE ( 'NONE', #1354, #2295, #3918, .T. ) ;
#954 = ORIENTED_EDGE ( 'NONE', *, *, #3584, .F. ) ;
#955 = DIRECTION ( 'NONE',  ( -1.223120689731756600E-016, 1.000000000000000000, -1.982809587625459700E-017 ) ) ;
#956 = DIRECTION ( 'NONE',  ( 1.000000000000000000, 0.0000000000000000000, 0.0000000000000000000 ) ) ;
#957 = ORIENTED_EDGE ( 'NONE', *, *, #3610, .F. ) ;
#958 = ORIENTED_EDGE ( 'NONE', *, *, #1010, .F. ) ;
#959 = AXIS2_PLACEMENT_3D ( 'NONE', #3317, #462, #3790 ) ;
#960 = CARTESIAN_POINT ( 'NONE',  ( 9.800000000000002500, 0.0000000000000000000, -4.799999999999998000 ) ) ;
#961 = ORIENTED_EDGE ( 'NONE', *, *, #4721, .T. ) ;
#962 = CARTESIAN_POINT ( 'NONE',  ( 2.661582163112104900E-015, 0.08284271247461898200, 5.250000000000002700 ) ) ;
#963 = CARTESIAN_POINT ( 'NONE',  ( 2.168404344971009300E-015, 5.800000000000000700, 5.250000000000002700 ) ) ;
#964 = ORIENTED_EDGE ( 'NONE', *, *, #1014, .F. ) ;
#965 = UNCERTAINTY_MEASURE_WITH_UNIT (LENGTH_MEASURE( 1.000000000000000100E-005 ), #1287, 'distance_accuracy_value', 'NONE');
#966 = DIRECTION ( 'NONE',  ( 0.0000000000000000000, -1.000000000000000000, 0.0000000000000000000 ) ) ;
#967 = FILL_AREA_STYLE_COLOUR ( '', #1159 ) ;
#968 = ADVANCED_FACE ( 'NONE', ( #6140 ), #4392, .F. ) ;
#969 = EDGE_LOOP ( 'NONE', ( #710, #2933, #3200, #1312, #798, #4772 ) ) ;
#970 = AXIS2_PLACEMENT_3D ( 'NONE', #5782, #4817, #4338 ) ;
#971 = EDGE_CURVE ( 'NONE', #4740, #4297, #4428, .T. ) ;
#972 = AXIS2_PLACEMENT_3D ( 'NONE', #5724, #1931, #5282 ) ;
#973 = FACE_BOUND ( 'NONE', #4902, .T. ) ;
#974 = VECTOR ( 'NONE', #6072, 1000.000000000000100 ) ;
#976 = DIRECTION ( 'NONE',  ( -0.0000000000000000000, -1.000000000000000000, -0.0000000000000000000 ) ) ;
#975 =( LENGTH_UNIT ( ) NAMED_UNIT ( * ) SI_UNIT ( .MILLI., .METRE. ) );
#977 = VERTEX_POINT ( 'NONE', #2286 ) ;
#978 = DIRECTION ( 'NONE',  ( 0.0000000000000000000, 0.0000000000000000000, -1.000000000000000000 ) ) ;
#979 = EDGE_CURVE ( 'NONE', #4291, #1426, #1898, .T. ) ;
#980 = CYLINDRICAL_SURFACE ( 'NONE', #2618, 0.4999999999999995600 ) ;
#981 = AXIS2_PLACEMENT_3D ( 'NONE', #886, #1655, #3809 ) ;
#982 = CARTESIAN_POINT ( 'NONE',  ( -3.284314575050760100, 6.000000000000000900, -5.217157287525378000 ) ) ;
#983 = AXIS2_PLACEMENT_3D ( 'NONE', #1052, #4360, #1535 ) ;
#984 = ORIENTED_EDGE ( 'NONE', *, *, #1066, .F. ) ;
#985 = DIRECTION ( 'NONE',  ( 1.000000000000000000, 0.0000000000000000000, 0.0000000000000000000 ) ) ;
#986 = FACE_OUTER_BOUND ( 'NONE', #1533, .T. ) ;
#987 = VECTOR ( 'NONE', #2468, 1000.000000000000100 ) ;
#988 = EDGE_LOOP ( 'NONE', ( #5082, #4367, #4733, #5598 ) ) ;
#989 = SURFACE_STYLE_USAGE ( .BOTH. , #3835 ) ;
#990 = FACE_OUTER_BOUND ( 'NONE', #3303, .T. ) ;
#991 = ORIENTED_EDGE ( 'NONE', *, *, #3008, .T. ) ;
#992 =( NAMED_UNIT ( * ) SI_UNIT ( $, .STERADIAN. ) SOLID_ANGLE_UNIT ( ) );
#993 = CARTESIAN_POINT ( 'NONE',  ( 0.5500000000000018200, 1.499999999999999100, -10.99999999999999800 ) ) ;
#994 = CARTESIAN_POINT ( 'NONE',  ( 10.17264878961249500, 1.200000000000000200, 11.51633742116618500 ) ) ;
#995 = PRESENTATION_LAYER_ASSIGNMENT (  '', '', ( #35 ) ) ;
#996 = LINE ( 'NONE', #2305, #5759 ) ;
#997 = PRESENTATION_STYLE_ASSIGNMENT (( #3363 ) ) ;
#998 = CARTESIAN_POINT ( 'NONE',  ( 7.925129743375459900, 5.000000000000000000, 14.44441838603068400 ) ) ;
#1000 = FILL_AREA_STYLE_COLOUR ( '', #3653 ) ;
#999 = DIRECTION ( 'NONE',  ( -0.0000000000000000000, 1.000000000000000000, -0.0000000000000000000 ) ) ;
#1001 = CARTESIAN_POINT ( 'NONE',  ( 8.049999999999998900, 1.499999999999998700, -10.99999999999999800 ) ) ;
#1002 = FACE_BOUND ( 'NONE', #5373, .T. ) ;
#1003 = VERTEX_POINT ( 'NONE', #5797 ) ;
#1004 = ADVANCED_FACE ( 'NONE', ( #5696 ), #3830, .T. ) ;
#1005 = STYLED_ITEM ( 'NONE', ( #6100 ), #3379 ) ;
#1006 = PLANE ( 'NONE',  #1306 ) ;
#1007 = VECTOR ( 'NONE', #2234, 1000.000000000000000 ) ;
#1008 = CIRCLE ( 'NONE', #2163, 0.1999999999999996500 ) ;
#1009 = SURFACE_STYLE_FILL_AREA ( #3935 ) ;
#1010 = EDGE_CURVE ( 'NONE', #3961, #1540, #1462, .T. ) ;
#1011 = ORIENTED_EDGE ( 'NONE', *, *, #1578, .F. ) ;
#1012 = B_SPLINE_CURVE_WITH_KNOTS ( 'NONE', 3,
 ( #2370, #5242, #2872, #10, #3334, #479 ),
 .UNSPECIFIED., .F., .F.,
 ( 4, 2, 4 ),
 ( 0.0000000000000000000, 0.0001577456759090809700, 0.0003154913518181619400 ),
 .UNSPECIFIED. ) ;
#1013 = FILL_AREA_STYLE_COLOUR ( '', #2434 ) ;
#1014 = EDGE_CURVE ( 'NONE', #363, #147, #5552, .T. ) ;
#1015 =( NAMED_UNIT ( * ) SI_UNIT ( $, .STERADIAN. ) SOLID_ANGLE_UNIT ( ) );
#1016 =( GEOMETRIC_REPRESENTATION_CONTEXT ( 3 ) GLOBAL_UNCERTAINTY_ASSIGNED_CONTEXT ( ( #3226 ) ) GLOBAL_UNIT_ASSIGNED_CONTEXT ( ( #3492, #616, #3957 ) ) REPRESENTATION_CONTEXT ( 'NONE', 'WORKASPACE' ) );
#1017 = EDGE_CURVE ( 'NONE', #166, #1723, #5100, .T. ) ;
#1018 = CARTESIAN_POINT ( 'NONE',  ( 7.925129743375459900, 1.500000000000000000, 14.84441838603068200 ) ) ;
#1019 =( NAMED_UNIT ( * ) PLANE_ANGLE_UNIT ( ) SI_UNIT ( $, .RADIAN. ) );
#1020 = ORIENTED_EDGE ( 'NONE', *, *, #242, .F. ) ;
#1021 = DIRECTION ( 'NONE',  ( 0.0000000000000000000, 0.0000000000000000000, -1.000000000000000000 ) ) ;
#1022 = VECTOR ( 'NONE', #5543, 1000.000000000000000 ) ;
#1024 = CARTESIAN_POINT ( 'NONE',  ( -3.082842712474617400, -1.072002502690292200E-016, -4.917157287525379100 ) ) ;
#1023 = CARTESIAN_POINT ( 'NONE',  ( 1.734723475976807100E-015, 5.800000000000000700, 5.000000000000002700 ) ) ;
#1025 = AXIS2_PLACEMENT_3D ( 'NONE', #1059, #2106, #1832 ) ;
#1026 = SURFACE_SIDE_STYLE ('',( #1596 ) ) ;
#1027 = AXIS2_PLACEMENT_3D ( 'NONE', #3518, #644, #3987 ) ;
#1028 = ORIENTED_EDGE ( 'NONE', *, *, #2082, .T. ) ;
#1029 = ORIENTED_EDGE ( 'NONE', *, *, #5939, .F. ) ;
#1030 = CARTESIAN_POINT ( 'NONE',  ( -1.999999999999996700, 4.649999999999999500, 7.000000000000002700 ) ) ;
#1031 = EDGE_CURVE ( 'NONE', #1692, #2252, #2568, .T. ) ;
#1032 = CARTESIAN_POINT ( 'NONE',  ( 8.549999999999998900, 1.499999999999998000, -10.49999999999999600 ) ) ;
#1033 = ORIENTED_EDGE ( 'NONE', *, *, #2965, .F. ) ;
#1034 = EDGE_CURVE ( 'NONE', #5284, #2071, #3685, .T. ) ;
#1035 = EDGE_LOOP ( 'NONE', ( #2503, #4370, #2320, #5204 ) ) ;
#1036 = EDGE_CURVE ( 'NONE', #2416, #1426, #36, .T. ) ;
#1037 = AXIS2_PLACEMENT_3D ( 'NONE', #2022, #2540, #5865 ) ;
#1038 = SURFACE_STYLE_USAGE ( .BOTH. , #3880 ) ;
#1039 = ORIENTED_EDGE ( 'NONE', *, *, #3385, .F. ) ;
#1040 = EDGE_CURVE ( 'NONE', #2683, #1734, #1168, .T. ) ;
#1041 = ADVANCED_FACE ( 'NONE', ( #4654 ), #4061, .T. ) ;
#1042 = DIRECTION ( 'NONE',  ( 0.0000000000000000000, 0.0000000000000000000, 1.000000000000000000 ) ) ;
#1043 = ORIENTED_EDGE ( 'NONE', *, *, #1843, .T. ) ;
#1044 = DIRECTION ( 'NONE',  ( 0.0000000000000000000, 0.0000000000000000000, -1.000000000000000000 ) ) ;
#1045 = EDGE_LOOP ( 'NONE', ( #3043, #4467, #2424, #3196 ) ) ;
#1047 = DIRECTION ( 'NONE',  ( -0.0000000000000000000, 0.0000000000000000000, 1.000000000000000000 ) ) ;
#1046 =( NAMED_UNIT ( * ) SI_UNIT ( $, .STERADIAN. ) SOLID_ANGLE_UNIT ( ) );
#1048 =( GEOMETRIC_REPRESENTATION_CONTEXT ( 3 ) GLOBAL_UNCERTAINTY_ASSIGNED_CONTEXT ( ( #438 ) ) GLOBAL_UNIT_ASSIGNED_CONTEXT ( ( #4499, #1648, #4973 ) ) REPRESENTATION_CONTEXT ( 'NONE', 'WORKASPACE' ) );
#1049 = EDGE_LOOP ( 'NONE', ( #2066, #6029, #2741, #5869 ) ) ;
#1050 = ORIENTED_EDGE ( 'NONE', *, *, #2296, .F. ) ;
#1051 = EDGE_CURVE ( 'NONE', #2136, #3101, #547, .T. ) ;
#1052 = CARTESIAN_POINT ( 'NONE',  ( 7.925129743375459900, 5.000000000000000000, 14.44441838603068400 ) ) ;
#1053 = PLANE ( 'NONE',  #208 ) ;
#1054 = EDGE_CURVE ( 'NONE', #2151, #6158, #4207, .T. ) ;
#1055 = AXIS2_PLACEMENT_3D ( 'NONE', #4009, #1165, #4483 ) ;
#1056 = EDGE_LOOP ( 'NONE', ( #3021, #5172, #2843, #2051, #5502, #2010 ) ) ;
#1057 = CARTESIAN_POINT ( 'NONE',  ( 5.000000000000001800, 0.1999999999999996500, -2.817398742541499200 ) ) ;
#1058 = CARTESIAN_POINT ( 'NONE',  ( 2.999999999999998700, 10.01123422402631900, -5.049999999999993600 ) ) ;
#1059 = CARTESIAN_POINT ( 'NONE',  ( 9.800000000000000700, 0.2000000000000000100, 4.800000000000003400 ) ) ;
#1060 = LINE ( 'NONE', #2160, #4702 ) ;
#1062 = EDGE_CURVE ( 'NONE', #3834, #363, #5480, .T. ) ;
#1061 = DIRECTION ( 'NONE',  ( 0.0000000000000000000, 0.0000000000000000000, -1.000000000000000000 ) ) ;
#1063 = CARTESIAN_POINT ( 'NONE',  ( 5.000000000000001800, 6.001000000000000300, -4.017398742541498500 ) ) ;
#1064 = AXIS2_PLACEMENT_3D ( 'NONE', #998, #4792, #37 ) ;
#1065 = EDGE_LOOP ( 'NONE', ( #2924, #718, #946 ) ) ;
#1066 = EDGE_CURVE ( 'NONE', #2, #6149, #1812, .T. ) ;
#1067 = AXIS2_PLACEMENT_3D ( 'NONE', #4096, #1251, #4576 ) ;
#1068 =( NAMED_UNIT ( * ) SI_UNIT ( $, .STERADIAN. ) SOLID_ANGLE_UNIT ( ) );
#1069 = DIRECTION ( 'NONE',  ( -0.7071067811865500200, 0.0000000000000000000, 0.7071067811865451300 ) ) ;
#1070 = PRESENTATION_STYLE_ASSIGNMENT (( #5418 ) ) ;
#1071 =( NAMED_UNIT ( * ) PLANE_ANGLE_UNIT ( ) SI_UNIT ( $, .RADIAN. ) );
#1072 = ORIENTED_EDGE ( 'NONE', *, *, #4481, .F. ) ;
#1073 = ORIENTED_EDGE ( 'NONE', *, *, #4822, .T. ) ;
#1074 =( LENGTH_UNIT ( ) NAMED_UNIT ( * ) SI_UNIT ( .MILLI., .METRE. ) );
#1075 = SURFACE_STYLE_FILL_AREA ( #4296 ) ;
#1077 = FILL_AREA_STYLE ('',( #580 ) ) ;
#1076 = SURFACE_STYLE_USAGE ( .BOTH. , #3921 ) ;
#1078 = LINE ( 'NONE', #1058, #3454 ) ;
#1079 = EDGE_LOOP ( 'NONE', ( #6024, #4144, #2511, #2848 ) ) ;
#1080 = CARTESIAN_POINT ( 'NONE',  ( 0.0000000000000000000, 1.200000000000000200, 0.0000000000000000000 ) ) ;
#1081 = TOROIDAL_SURFACE ( 'NONE', #652, 1.399999999999999500, 0.2000000000000000100 ) ;
#1082 = CARTESIAN_POINT ( 'NONE',  ( 8.550000000000004300, 4.499999999999997300, -10.99999999999999800 ) ) ;
#1083 = CARTESIAN_POINT ( 'NONE',  ( 3.249999999999998700, 5.799999999999999800, -5.299999999999994500 ) ) ;
#1084 = DIRECTION ( 'NONE',  ( 0.0000000000000000000, -1.000000000000000000, 0.0000000000000000000 ) ) ;
#1085 = AXIS2_PLACEMENT_3D ( 'NONE', #315, #3635, #771 ) ;
#1086 = FACE_OUTER_BOUND ( 'NONE', #3049, .T. ) ;
#1087 = VECTOR ( 'NONE', #5458, 1000.000000000000000 ) ;
#1088 = DIRECTION ( 'NONE',  ( -2.312964634635742300E-015, -1.000000000000000000, 0.0000000000000000000 ) ) ;
#1089 = SURFACE_SIDE_STYLE ('',( #1009 ) ) ;
#1090 = ORIENTED_EDGE ( 'NONE', *, *, #1151, .T. ) ;
#1091 = ORIENTED_EDGE ( 'NONE', *, *, #4152, .T. ) ;
#1092 = DIRECTION ( 'NONE',  ( 0.0000000000000000000, 1.000000000000000000, 0.0000000000000000000 ) ) ;
#1093 = LINE ( 'NONE', #4836, #3473 ) ;
#1094 = PRESENTATION_LAYER_ASSIGNMENT (  '', '', ( #5982 ) ) ;
#1095 = FILL_AREA_STYLE_COLOUR ( '', #5113 ) ;
#1096 = VERTEX_POINT ( 'NONE', #3190 ) ;
#1098 = CARTESIAN_POINT ( 'NONE',  ( 7.000000000000000900, 10.01123422402631900, -5.049999999999992700 ) ) ;
#1097 = CARTESIAN_POINT ( 'NONE',  ( 5.000197376121198200, 4.800000000000000700, 10.67782766981477500 ) ) ;
#1099 = UNCERTAINTY_MEASURE_WITH_UNIT (LENGTH_MEASURE( 1.000000000000000100E-005 ), #5287, 'distance_accuracy_value', 'NONE');
#1100 = LINE ( 'NONE', #5090, #3481 ) ;
#1101 = LINE ( 'NONE', #3742, #1400 ) ;
#1102 = EDGE_CURVE ( 'NONE', #4496, #1806, #1537, .T. ) ;
#1103 = ADVANCED_FACE ( 'NONE', ( #2811 ), #1788, .T. ) ;
#1104 = ORIENTED_EDGE ( 'NONE', *, *, #4148, .F. ) ;
#1105 = SURFACE_SIDE_STYLE ('',( #918 ) ) ;
#1106 = AXIS2_PLACEMENT_3D ( 'NONE', #1296, #6052, #3229 ) ;
#1107 = VECTOR ( 'NONE', #2274, 1000.000000000000100 ) ;
#1108 = CARTESIAN_POINT ( 'NONE',  ( -7.949999999999996600, 1.500000000000000400, -10.50000000000000000 ) ) ;
#1109 = FACE_BOUND ( 'NONE', #1622, .T. ) ;
#1110 = ORIENTED_EDGE ( 'NONE', *, *, #2948, .T. ) ;
#1111 = DIRECTION ( 'NONE',  ( 8.673617379884388900E-015, 0.0000000000000000000, -1.000000000000000000 ) ) ;
#1112 = ORIENTED_EDGE ( 'NONE', *, *, #717, .T. ) ;
#1113 = CARTESIAN_POINT ( 'NONE',  ( 5.000000000000001800, 6.001000000000000300, -1.617398742541499700 ) ) ;
#1114 =( GEOMETRIC_REPRESENTATION_CONTEXT ( 3 ) GLOBAL_UNCERTAINTY_ASSIGNED_CONTEXT ( ( #931 ) ) GLOBAL_UNIT_ASSIGNED_CONTEXT ( ( #2722, #3446, #5839 ) ) REPRESENTATION_CONTEXT ( 'NONE', 'WORKASPACE' ) );
#1115 = SURFACE_STYLE_USAGE ( .BOTH. , #3952 ) ;
#1116 = MECHANICAL_DESIGN_GEOMETRIC_PRESENTATION_REPRESENTATION (  '', ( #6003 ), #1434 ) ;
#1117 = DIRECTION ( 'NONE',  ( 0.0000000000000000000, 0.0000000000000000000, -1.000000000000000000 ) ) ;
#1118 = VERTEX_POINT ( 'NONE', #4867 ) ;
#1119 = ORIENTED_EDGE ( 'NONE', *, *, #4202, .F. ) ;
#1120 =( NAMED_UNIT ( * ) PLANE_ANGLE_UNIT ( ) SI_UNIT ( $, .RADIAN. ) );
#1121 = VERTEX_POINT ( 'NONE', #3724 ) ;
#1122 = PRESENTATION_LAYER_ASSIGNMENT (  '', '', ( #469 ) ) ;
#1123 = DIRECTION ( 'NONE',  ( -0.9328602490176607400, 0.0000000000000000000, -0.3602384707422405800 ) ) ;
#1124 = VECTOR ( 'NONE', #5055, 1000.000000000000000 ) ;
#1125 = CARTESIAN_POINT ( 'NONE',  ( 7.925129743375459900, 5.000000000000000000, 14.84441838603068200 ) ) ;
#1126 = CARTESIAN_POINT ( 'NONE',  ( -5.899999999999996800, 1.000000000000000900, 5.657096799905748000 ) ) ;
#1127 = ORIENTED_EDGE ( 'NONE', *, *, #4564, .F. ) ;
#1128 = DIRECTION ( 'NONE',  ( -0.0000000000000000000, 1.000000000000000000, -0.0000000000000000000 ) ) ;
#1129 = CARTESIAN_POINT ( 'NONE',  ( -0.1999999999999986200, 6.000000000000000000, 4.800000000000003400 ) ) ;
#1130 = SURFACE_STYLE_USAGE ( .BOTH. , #2259 ) ;
#1131 = VECTOR ( 'NONE', #5878, 1000.000000000000100 ) ;
#1132 = DIRECTION ( 'NONE',  ( 0.0000000000000000000, 0.7071067811865474600, -0.7071067811865474600 ) ) ;
#1133 =( GEOMETRIC_REPRESENTATION_CONTEXT ( 3 ) GLOBAL_UNCERTAINTY_ASSIGNED_CONTEXT ( ( #6038 ) ) GLOBAL_UNIT_ASSIGNED_CONTEXT ( ( #2850, #6152, #3310 ) ) REPRESENTATION_CONTEXT ( 'NONE', 'WORKASPACE' ) );
#1134 = VERTEX_POINT ( 'NONE', #4873 ) ;
#1135 =( BOUNDED_CURVE ( )  B_SPLINE_CURVE ( 3, ( #6110, #3734, #5186, #2319 ),
 .UNSPECIFIED., .F., .F. ) 
 B_SPLINE_CURVE_WITH_KNOTS ( ( 4, 4 ),
 ( 4.712388980384686100, 6.283185307179580000 ),
 .UNSPECIFIED. ) 
 CURVE ( )  GEOMETRIC_REPRESENTATION_ITEM ( )  RATIONAL_B_SPLINE_CURVE ( ( 1.000000000000000000, 0.8047378541243654900, 0.8047378541243654900, 1.000000000000000000 ) ) 
 REPRESENTATION_ITEM ( '' )  );
#1136 = CARTESIAN_POINT ( 'NONE',  ( -4.999999999999998200, 0.0000000000000000000, -2.817398742541499200 ) ) ;
#1137 = ADVANCED_FACE ( 'NONE', ( #2334 ), #3016, .T. ) ;
#1138 = FACE_BOUND ( 'NONE', #1838, .T. ) ;
#1139 = COLOUR_RGB ( '',0.2509803921568627400, 0.2509803921568627400, 0.2509803921568627400 ) ;
#1140 = EDGE_LOOP ( 'NONE', ( #3488, #1893, #1033, #556 ) ) ;
#1142 = CARTESIAN_POINT ( 'NONE',  ( 1.734723475976807100E-015, 5.917157287525380800, 5.000000000000003600 ) ) ;
#1141 = DIRECTION ( 'NONE',  ( 0.0000000000000000000, 0.0000000000000000000, -1.000000000000000000 ) ) ;
#1143 = EDGE_CURVE ( 'NONE', #521, #5804, #619, .T. ) ;
#1144 = PRESENTATION_LAYER_ASSIGNMENT (  '', '', ( #807 ) ) ;
#1145 = VECTOR ( 'NONE', #4503, 1000.000000000000000 ) ;
#1146 = CARTESIAN_POINT ( 'NONE',  ( 4.599763768472680400, 1.000074018921616000, 10.56932116356027700 ) ) ;
#1147 = VERTEX_POINT ( 'NONE', #2245 ) ;
#1148 = DIRECTION ( 'NONE',  ( -1.000000000000000000, 1.734723475976807500E-015, 0.0000000000000000000 ) ) ;
#1149 = FILL_AREA_STYLE_COLOUR ( '', #5912 ) ;
#1151 = EDGE_CURVE ( 'NONE', #3599, #1369, #4263, .T. ) ;
#1150 =( LENGTH_UNIT ( ) NAMED_UNIT ( * ) SI_UNIT ( .MILLI., .METRE. ) );
#1152 =( LENGTH_UNIT ( ) NAMED_UNIT ( * ) SI_UNIT ( .MILLI., .METRE. ) );
#1153 = AXIS2_PLACEMENT_3D ( 'NONE', #686, #2596, #5919 ) ;
#1154 = FACE_OUTER_BOUND ( 'NONE', #3155, .T. ) ;
#1155 = STYLED_ITEM ( 'NONE', ( #5470 ), #5556 ) ;
#1156 = CARTESIAN_POINT ( 'NONE',  ( 10.00000000000000200, 6.000000000000000000, 4.800000000000002500 ) ) ;
#1157 = CARTESIAN_POINT ( 'NONE',  ( 7.000000000000000000, 5.917157287525379900, -4.999999999999997300 ) ) ;
#1158 = CARTESIAN_POINT ( 'NONE',  ( 1.050000000000002300, 1.499999999999999600, -4.999999999999997300 ) ) ;
#1159 = COLOUR_RGB ( '',0.2509803921568627400, 0.2509803921568627400, 0.2509803921568627400 ) ;
#1161 =( NAMED_UNIT ( * ) SI_UNIT ( $, .STERADIAN. ) SOLID_ANGLE_UNIT ( ) );
#1160 = DIRECTION ( 'NONE',  ( -1.000000000000000000, -0.0000000000000000000, 0.0000000000000000000 ) ) ;
#1162 = MECHANICAL_DESIGN_GEOMETRIC_PRESENTATION_REPRESENTATION (  '', ( #5735 ), #1479 ) ;
#1163 = PRESENTATION_STYLE_ASSIGNMENT (( #3822 ) ) ;
#1164 = CYLINDRICAL_SURFACE ( 'NONE', #1687, 0.1999999999999996500 ) ;
#1165 = DIRECTION ( 'NONE',  ( 1.000000000000000000, 0.0000000000000000000, -1.224646799147353200E-016 ) ) ;
#1166 = ADVANCED_FACE ( 'NONE', ( #1086 ), #1605, .T. ) ;
#1167 = CARTESIAN_POINT ( 'NONE',  ( 4.594322988211932700, 1.200000000000000200, 10.32286164890689100 ) ) ;
#1168 = LINE ( 'NONE', #3357, #1007 ) ;
#1169 = DIRECTION ( 'NONE',  ( -2.168404344971008900E-016, 1.000000000000000000, -8.373630090956933800E-017 ) ) ;
#1170 = MECHANICAL_DESIGN_GEOMETRIC_PRESENTATION_REPRESENTATION (  '', ( #519 ), #1493 ) ;
#1171 = ORIENTED_EDGE ( 'NONE', *, *, #1378, .F. ) ;
#1172 = PRESENTATION_STYLE_ASSIGNMENT (( #2689 ) ) ;
#1173 = CARTESIAN_POINT ( 'NONE',  ( 2.999999999999998700, 5.799999999999999800, -5.049999999999993600 ) ) ;
#1174 = CARTESIAN_POINT ( 'NONE',  ( -4.999999999999998200, 0.1999999999999996500, -1.617398742541499700 ) ) ;
#1175 = DIRECTION ( 'NONE',  ( -1.000000000000000000, 0.0000000000000000000, 0.0000000000000000000 ) ) ;
#1176 = ORIENTED_EDGE ( 'NONE', *, *, #4451, .F. ) ;
#1177 =( NAMED_UNIT ( * ) SI_UNIT ( $, .STERADIAN. ) SOLID_ANGLE_UNIT ( ) );
#1178 = EDGE_CURVE ( 'NONE', #3332, #521, #474, .T. ) ;
#1179 = PRESENTATION_LAYER_ASSIGNMENT (  '', '', ( #525 ) ) ;
#1180 = EDGE_CURVE ( 'NONE', #166, #1646, #4134, .T. ) ;
#1181 = DIRECTION ( 'NONE',  ( -1.000000000000000000, 0.0000000000000000000, -0.0000000000000000000 ) ) ;
#1182 = SURFACE_STYLE_USAGE ( .BOTH. , #4026 ) ;
#1183 = EDGE_LOOP ( 'NONE', ( #845, #646, #2961, #5009 ) ) ;
#1184 = VERTEX_POINT ( 'NONE', #934 ) ;
#1185 =( BOUNDED_CURVE ( )  B_SPLINE_CURVE ( 3, ( #1173, #2111, #4963, #4489 ),
 .UNSPECIFIED., .F., .F. ) 
 B_SPLINE_CURVE_WITH_KNOTS ( ( 4, 4 ),
 ( 3.141592653589789100, 4.712388980384687900 ),
 .UNSPECIFIED. ) 
 CURVE ( )  GEOMETRIC_REPRESENTATION_ITEM ( )  RATIONAL_B_SPLINE_CURVE ( ( 1.000000000000000000, 0.8047378541243644900, 0.8047378541243644900, 1.000000000000000000 ) ) 
 REPRESENTATION_ITEM ( '' )  );
#1186 = PRESENTATION_STYLE_ASSIGNMENT (( #1038 ) ) ;
#1187 = CARTESIAN_POINT ( 'NONE',  ( -3.199999999999997500, 0.0000000000000000000, -4.967157287525377100 ) ) ;
#1188 =( GEOMETRIC_REPRESENTATION_CONTEXT ( 3 ) GLOBAL_UNCERTAINTY_ASSIGNED_CONTEXT ( ( #5712 ) ) GLOBAL_UNIT_ASSIGNED_CONTEXT ( ( #2739, #6050, #2711 ) ) REPRESENTATION_CONTEXT ( 'NONE', 'WORKASPACE' ) );
#1189 = CARTESIAN_POINT ( 'NONE',  ( -2.499999999999996400, 0.0000000000000000000, 7.000000000000002700 ) ) ;
#1190 = SURFACE_SIDE_STYLE ('',( #4815 ) ) ;
#1191 = ORIENTED_EDGE ( 'NONE', *, *, #1194, .T. ) ;
#1192 = DIRECTION ( 'NONE',  ( 0.0000000000000000000, 1.000000000000000000, 0.0000000000000000000 ) ) ;
#1193 = ORIENTED_EDGE ( 'NONE', *, *, #2542, .T. ) ;
#1194 = EDGE_CURVE ( 'NONE', #1646, #5411, #1730, .T. ) ;
#1195 = CARTESIAN_POINT ( 'NONE',  ( -3.999999999999996400, 4.649999999999999500, 5.500000000000003600 ) ) ;
#1196 = VERTEX_POINT ( 'NONE', #5105 ) ;
#1197 =( NAMED_UNIT ( * ) SI_UNIT ( $, .STERADIAN. ) SOLID_ANGLE_UNIT ( ) );
#1198 = AXIS2_PLACEMENT_3D ( 'NONE', #2851, #6156, #3312 ) ;
#1199 = ORIENTED_EDGE ( 'NONE', *, *, #2502, .F. ) ;
#1200 = DIRECTION ( 'NONE',  ( 1.000000000000000000, -0.0000000000000000000, -0.0000000000000000000 ) ) ;
#1201 = ADVANCED_FACE ( 'NONE', ( #335 ), #1405, .F. ) ;
#1202 = FILL_AREA_STYLE_COLOUR ( '', #584 ) ;
#1203 = VECTOR ( 'NONE', #5224, 1000.000000000000000 ) ;
#1204 = ORIENTED_EDGE ( 'NONE', *, *, #3968, .T. ) ;
#1205 = EDGE_CURVE ( 'NONE', #571, #649, #3541, .T. ) ;
#1206 = CARTESIAN_POINT ( 'NONE',  ( 5.320240709957153600, 4.800000000000000700, 8.382009087026551300 ) ) ;
#1207 = CARTESIAN_POINT ( 'NONE',  ( 0.5500000000000018200, 1.999999999999999600, -10.99999999999999800 ) ) ;
#1208 = SURFACE_STYLE_FILL_AREA ( #3068 ) ;
#1209 = LINE ( 'NONE', #2129, #6102 ) ;
#1210 = ORIENTED_EDGE ( 'NONE', *, *, #2774, .F. ) ;
#1211 = PRESENTATION_LAYER_ASSIGNMENT (  '', '', ( #1526 ) ) ;
#1212 = DIRECTION ( 'NONE',  ( 1.000000000000000000, -0.0000000000000000000, -0.0000000000000000000 ) ) ;
#1213 = CARTESIAN_POINT ( 'NONE',  ( 8.549999999999998900, 1.499999999999998000, -10.99999999999999800 ) ) ;
#1214 =( LENGTH_UNIT ( ) NAMED_UNIT ( * ) SI_UNIT ( .MILLI., .METRE. ) );
#1215 = COLOUR_RGB ( '',0.2509803921568627400, 0.2509803921568627400, 0.2509803921568627400 ) ;
#1216 = ORIENTED_EDGE ( 'NONE', *, *, #5439, .F. ) ;
#1217 = UNCERTAINTY_MEASURE_WITH_UNIT (LENGTH_MEASURE( 1.000000000000000100E-005 ), #4426, 'distance_accuracy_value', 'NONE');
#1218 = DIRECTION ( 'NONE',  ( -0.0000000000000000000, 1.000000000000000000, -0.0000000000000000000 ) ) ;
#1219 = DIRECTION ( 'NONE',  ( 1.000000000000000000, 0.0000000000000000000, 0.0000000000000000000 ) ) ;
#1220 = AXIS2_PLACEMENT_3D ( 'NONE', #2685, #323, #2223 ) ;
#1221 =( NAMED_UNIT ( * ) SI_UNIT ( $, .STERADIAN. ) SOLID_ANGLE_UNIT ( ) );
#1222 = CIRCLE ( 'NONE', #6056, 0.3999999999999993000 ) ;
#1223 = SPHERICAL_SURFACE ( 'NONE', #1037, 0.2000000000000000100 ) ;
#1224 = EDGE_CURVE ( 'NONE', #4740, #1303, #4808, .T. ) ;
#1225 = EDGE_LOOP ( 'NONE', ( #6018, #4374, #4871 ) ) ;
#1226 = CARTESIAN_POINT ( 'NONE',  ( 6.917157287525376400, -3.143675778383755400E-018, -4.917157287525377300 ) ) ;
#1227 = ADVANCED_FACE ( 'NONE', ( #1002, #2262 ), #5428, .F. ) ;
#1228 = DIRECTION ( 'NONE',  ( 0.0000000000000000000, -0.0000000000000000000, -1.000000000000000000 ) ) ;
#1229 = LINE ( 'NONE', #4345, #2326 ) ;
#1230 = DIRECTION ( 'NONE',  ( -1.000000000000000000, 0.0000000000000000000, 0.0000000000000000000 ) ) ;
#1231 = AXIS2_PLACEMENT_3D ( 'NONE', #388, #1295, #1088 ) ;
#1232 = EDGE_CURVE ( 'NONE', #3439, #317, #850, .T. ) ;
#1233 = AXIS2_PLACEMENT_3D ( 'NONE', #4587, #1721, #5065 ) ;
#1234 = DIRECTION ( 'NONE',  ( 6.071532165918824800E-015, 0.0000000000000000000, -1.000000000000000000 ) ) ;
#1235 = FACE_OUTER_BOUND ( 'NONE', #4441, .T. ) ;
#1236 = CARTESIAN_POINT ( 'NONE',  ( 7.925129743375459900, 4.200000000000000200, 14.44441838603068400 ) ) ;
#1237 = ORIENTED_EDGE ( 'NONE', *, *, #1178, .T. ) ;
#1238 = CARTESIAN_POINT ( 'NONE',  ( 0.5500000000000018200, 4.000000000000000900, -10.99999999999999800 ) ) ;
#1239 = STYLED_ITEM ( 'NONE', ( #834 ), #1906 ) ;
#1240 = FACE_OUTER_BOUND ( 'NONE', #759, .T. ) ;
#1241 = SURFACE_STYLE_FILL_AREA ( #2847 ) ;
#1242 = UNCERTAINTY_MEASURE_WITH_UNIT (LENGTH_MEASURE( 1.000000000000000100E-005 ), #384, 'distance_accuracy_value', 'NONE');
#1243 = FILL_AREA_STYLE_COLOUR ( '', #4157 ) ;
#1244 = EDGE_LOOP ( 'NONE', ( #4699, #5791 ) ) ;
#1245 = DIRECTION ( 'NONE',  ( 0.7071067811865494600, 0.0000000000000000000, -0.7071067811865455700 ) ) ;
#1246 = LINE ( 'NONE', #1804, #4894 ) ;
#1247 = PRESENTATION_LAYER_ASSIGNMENT (  '', '', ( #5512 ) ) ;
#1248 = VERTEX_POINT ( 'NONE', #2611 ) ;
#1249 =( NAMED_UNIT ( * ) SI_UNIT ( $, .STERADIAN. ) SOLID_ANGLE_UNIT ( ) );
#1250 = FACE_OUTER_BOUND ( 'NONE', #5508, .T. ) ;
#1251 = DIRECTION ( 'NONE',  ( -1.223120689731756600E-016, 1.000000000000000000, -1.982809587625459700E-017 ) ) ;
#1252 = LINE ( 'NONE', #4439, #2506 ) ;
#1253 =( NAMED_UNIT ( * ) SI_UNIT ( $, .STERADIAN. ) SOLID_ANGLE_UNIT ( ) );
#1254 = ADVANCED_FACE ( 'NONE', ( #5765 ), #2805, .T. ) ;
#1255 = CARTESIAN_POINT ( 'NONE',  ( -6.749999999999997300, 5.799999999999999800, -5.299999999999994500 ) ) ;
#1256 = EDGE_CURVE ( 'NONE', #1894, #6157, #4051, .T. ) ;
#1257 = EDGE_CURVE ( 'NONE', #4285, #4196, #5299, .T. ) ;
#1258 = VERTEX_POINT ( 'NONE', #4460 ) ;
#1259 = EDGE_LOOP ( 'NONE', ( #638, #3583, #4650, #5722 ) ) ;
#1260 = CYLINDRICAL_SURFACE ( 'NONE', #4477, 0.2000000000000002900 ) ;
#1262 = CARTESIAN_POINT ( 'NONE',  ( 9.652578372129053000, 7.448411032447918200, 14.72445630313715100 ) ) ;
#1261 = FILL_AREA_STYLE ('',( #1699 ) ) ;
#1263 = ORIENTED_EDGE ( 'NONE', *, *, #3850, .F. ) ;
#1264 = ORIENTED_EDGE ( 'NONE', *, *, #2132, .F. ) ;
#1265 = CARTESIAN_POINT ( 'NONE',  ( 4.594322988211931900, 1.000000000000000000, 6.000000000000003600 ) ) ;
#1266 = AXIS2_PLACEMENT_3D ( 'NONE', #4854, #1989, #570 ) ;
#1267 = PRESENTATION_STYLE_ASSIGNMENT (( #4240 ) ) ;
#1268 = MECHANICAL_DESIGN_GEOMETRIC_PRESENTATION_REPRESENTATION (  '', ( #313 ), #1589 ) ;
#1269 = VERTEX_POINT ( 'NONE', #5670 ) ;
#1270 = LINE ( 'NONE', #4100, #1124 ) ;
#1271 = DIRECTION ( 'NONE',  ( 1.000000000000000000, -0.0000000000000000000, 0.0000000000000000000 ) ) ;
#1272 = CARTESIAN_POINT ( 'NONE',  ( 2.999999999999998700, 10.01123422402631900, -5.049999999999993600 ) ) ;
#1273 = ORIENTED_EDGE ( 'NONE', *, *, #131, .F. ) ;
#1274 = CARTESIAN_POINT ( 'NONE',  ( -6.917157287525375500, 6.000000000000000000, -4.917157287525379100 ) ) ;
#1275 =( LENGTH_UNIT ( ) NAMED_UNIT ( * ) SI_UNIT ( .MILLI., .METRE. ) );
#1276 = SHAPE_DEFINITION_REPRESENTATION ( #4976, #3908 ) ;
#1277 = SURFACE_STYLE_FILL_AREA ( #1492 ) ;
#1278 = VECTOR ( 'NONE', #3013, 1000.000000000000000 ) ;
#1279 = CARTESIAN_POINT ( 'NONE',  ( 4.794322988211932900, 4.800000000000000700, 10.64445322740529100 ) ) ;
#1280 = DIRECTION ( 'NONE',  ( 4.336808689942006700E-015, 0.0000000000000000000, 1.000000000000000000 ) ) ;
#1281 = ORIENTED_EDGE ( 'NONE', *, *, #3295, .F. ) ;
#1282 = DIRECTION ( 'NONE',  ( -1.000000000000000000, 0.0000000000000000000, 0.0000000000000000000 ) ) ;
#1283 = EDGE_CURVE ( 'NONE', #516, #250, #401, .T. ) ;
#1284 = CIRCLE ( 'NONE', #2067, 2.050000000000000700 ) ;
#1285 = AXIS2_PLACEMENT_3D ( 'NONE', #6138, #3765, #923 ) ;
#1286 = ADVANCED_FACE ( 'NONE', ( #3901 ), #1081, .T. ) ;
#1287 =( LENGTH_UNIT ( ) NAMED_UNIT ( * ) SI_UNIT ( .MILLI., .METRE. ) );
#1288 = UNCERTAINTY_MEASURE_WITH_UNIT (LENGTH_MEASURE( 1.000000000000000100E-005 ), #1214, 'distance_accuracy_value', 'NONE');
#1289 = SURFACE_STYLE_FILL_AREA ( #3051 ) ;
#1290 = SURFACE_STYLE_FILL_AREA ( #3147 ) ;
#1291 = ORIENTED_EDGE ( 'NONE', *, *, #1257, .F. ) ;
#1292 = SURFACE_SIDE_STYLE ('',( #341 ) ) ;
#1293 = AXIS2_PLACEMENT_3D ( 'NONE', #1949, #4813, #4833 ) ;
#1294 = SURFACE_SIDE_STYLE ('',( #654 ) ) ;
#1295 = DIRECTION ( 'NONE',  ( 1.000000000000000000, -1.734723475976807500E-015, -0.0000000000000000000 ) ) ;
#1297 = FILL_AREA_STYLE_COLOUR ( '', #170 ) ;
#1296 = CARTESIAN_POINT ( 'NONE',  ( 7.925129743375459900, 4.399999999999999500, 14.44441838603068400 ) ) ;
#1298 = PLANE ( 'NONE',  #3852 ) ;
#1299 = STYLED_ITEM ( 'NONE', ( #627 ), #4934 ) ;
#1300 = CARTESIAN_POINT ( 'NONE',  ( -0.1999999999999986200, 0.0000000000000000000, 4.800000000000003400 ) ) ;
#1301 = EDGE_CURVE ( 'NONE', #6157, #1894, #4722, .T. ) ;
#1302 = CARTESIAN_POINT ( 'NONE',  ( 5.000000000000001800, 0.1999999999999996500, -4.217398742541498700 ) ) ;
#1303 = VERTEX_POINT ( 'NONE', #5813 ) ;
#1304 = AXIS2_PLACEMENT_3D ( 'NONE', #5545, #5565, #2718 ) ;
#1305 = EDGE_LOOP ( 'NONE', ( #1273, #4155, #6019, #4103 ) ) ;
#1306 = AXIS2_PLACEMENT_3D ( 'NONE', #1030, #4337, #1520 ) ;
#1307 = SURFACE_SIDE_STYLE ('',( #2049 ) ) ;
#1308 = DIRECTION ( 'NONE',  ( 0.0000000000000000000, 0.0000000000000000000, -1.000000000000000000 ) ) ;
#1309 = VECTOR ( 'NONE', #1368, 1000.000000000000000 ) ;
#1310 = CARTESIAN_POINT ( 'NONE',  ( 3.199999999999996600, 6.000000000000000000, -4.799999999999998000 ) ) ;
#1311 = DIRECTION ( 'NONE',  ( 1.734723475976807100E-015, 0.0000000000000000000, 1.000000000000000000 ) ) ;
#1312 = ORIENTED_EDGE ( 'NONE', *, *, #734, .T. ) ;
#1313 = CARTESIAN_POINT ( 'NONE',  ( 7.925129743375459900, 1.600000000000000300, 14.44441838603068400 ) ) ;
#1314 = LINE ( 'NONE', #3168, #3691 ) ;
#1315 = COLOUR_RGB ( '',0.2509803921568627400, 0.2509803921568627400, 0.2509803921568627400 ) ;
#1316 = SURFACE_SIDE_STYLE ('',( #1549 ) ) ;
#1318 = CARTESIAN_POINT ( 'NONE',  ( -6.749999999999997300, 5.800000000000000700, -5.299999999999994500 ) ) ;
#1317 = FILL_AREA_STYLE_COLOUR ( '', #3909 ) ;
#1319 = MECHANICAL_DESIGN_GEOMETRIC_PRESENTATION_REPRESENTATION (  '', ( #35 ), #1633 ) ;
#1320 = ORIENTED_EDGE ( 'NONE', *, *, #5010, .F. ) ;
#1321 =( NAMED_UNIT ( * ) SI_UNIT ( $, .STERADIAN. ) SOLID_ANGLE_UNIT ( ) );
#1322 = CARTESIAN_POINT ( 'NONE',  ( -6.199999999999999300, 5.000000000000000900, 5.862838719962299500 ) ) ;
#1323 = CARTESIAN_POINT ( 'NONE',  ( -0.3328427124746175000, 0.2000000000000000100, 5.300000000000003400 ) ) ;
#1324 = ORIENTED_EDGE ( 'NONE', *, *, #2047, .F. ) ;
#1325 = ORIENTED_EDGE ( 'NONE', *, *, #2461, .T. ) ;
#1326 = AXIS2_PLACEMENT_3D ( 'NONE', #4317, #1047, #3048 ) ;
#1327 = VECTOR ( 'NONE', #5755, 1000.000000000000100 ) ;
#1328 = ORIENTED_EDGE ( 'NONE', *, *, #4378, .F. ) ;
#1329 = ORIENTED_EDGE ( 'NONE', *, *, #1378, .T. ) ;
#1330 = SURFACE_SIDE_STYLE ('',( #1359 ) ) ;
#1331 = VECTOR ( 'NONE', #4289, 1000.000000000000000 ) ;
#1332 = EDGE_CURVE ( 'NONE', #6162, #2749, #3461, .T. ) ;
#1333 = STYLED_ITEM ( 'NONE', ( #1395 ), #4561 ) ;
#1334 = ORIENTED_EDGE ( 'NONE', *, *, #2828, .T. ) ;
#1335 = DIRECTION ( 'NONE',  ( -1.000000000000000000, 0.0000000000000000000, 0.0000000000000000000 ) ) ;
#1336 = FACE_OUTER_BOUND ( 'NONE', #5239, .T. ) ;
#1337 = DIRECTION ( 'NONE',  ( 3.469446951953695000E-014, -0.0000000000000000000, 1.000000000000000000 ) ) ;
#1338 = FACE_OUTER_BOUND ( 'NONE', #3412, .T. ) ;
#1339 = EDGE_CURVE ( 'NONE', #4586, #2153, #5979, .T. ) ;
#1340 = ORIENTED_EDGE ( 'NONE', *, *, #5201, .T. ) ;
#1341 = DIRECTION ( 'NONE',  ( 4.956352788505173100E-016, 0.0000000000000000000, -1.000000000000000000 ) ) ;
#1342 = AXIS2_PLACEMENT_3D ( 'NONE', #1895, #5981, #1562 ) ;
#1343 = DIRECTION ( 'NONE',  ( -1.000000000000000000, 0.0000000000000000000, 3.469446951953694300E-014 ) ) ;
#1344 = AXIS2_PLACEMENT_3D ( 'NONE', #1636, #4958, #2105 ) ;
#1345 = CYLINDRICAL_SURFACE ( 'NONE', #1326, 0.2000000000000005100 ) ;
#1346 = CARTESIAN_POINT ( 'NONE',  ( 10.22344725000894000, 1.200000000000000200, 11.20298081695579000 ) ) ;
#1347 = ORIENTED_EDGE ( 'NONE', *, *, #3385, .T. ) ;
#1348 =( NAMED_UNIT ( * ) SI_UNIT ( $, .STERADIAN. ) SOLID_ANGLE_UNIT ( ) );
#1349 = FACE_OUTER_BOUND ( 'NONE', #1225, .T. ) ;
#1350 = CYLINDRICAL_SURFACE ( 'NONE', #4757, 1.199999999999999700 ) ;
#1351 = SURFACE_STYLE_USAGE ( .BOTH. , #4200 ) ;
#1352 = EDGE_CURVE ( 'NONE', #6125, #2416, #2184, .T. ) ;
#1353 = VECTOR ( 'NONE', #3861, 1000.000000000000000 ) ;
#1354 = VERTEX_POINT ( 'NONE', #2217 ) ;
#1355 =( NAMED_UNIT ( * ) SI_UNIT ( $, .STERADIAN. ) SOLID_ANGLE_UNIT ( ) );
#1356 = STYLED_ITEM ( 'NONE', ( #1070 ), #1728 ) ;
#1357 =( NAMED_UNIT ( * ) SI_UNIT ( $, .STERADIAN. ) SOLID_ANGLE_UNIT ( ) );
#1358 = FILL_AREA_STYLE_COLOUR ( '', #3171 ) ;
#1359 = SURFACE_STYLE_FILL_AREA ( #4185 ) ;
#1361 =( NAMED_UNIT ( * ) SI_UNIT ( $, .STERADIAN. ) SOLID_ANGLE_UNIT ( ) );
#1360 = CARTESIAN_POINT ( 'NONE',  ( 6.749999999999997300, 0.08284271247461838500, -5.299999999999991800 ) ) ;
#1362 = VERTEX_POINT ( 'NONE', #3194 ) ;
#1363 = UNCERTAINTY_MEASURE_WITH_UNIT (LENGTH_MEASURE( 1.000000000000000100E-005 ), #5585, 'distance_accuracy_value', 'NONE');
#1364 = CARTESIAN_POINT ( 'NONE',  ( -4.999999999999998200, 10.01123422402631900, -5.299999999999994500 ) ) ;
#1365 = LINE ( 'NONE', #4339, #97 ) ;
#1366 = STYLED_ITEM ( 'NONE', ( #3885 ), #2945 ) ;
#1367 = DIRECTION ( 'NONE',  ( 1.226634733346698900E-015, 0.7071067811865480200, -0.7071067811865470200 ) ) ;
#1368 = DIRECTION ( 'NONE',  ( 8.673617379884388900E-015, -0.0000000000000000000, 1.000000000000000000 ) ) ;
#1369 = VERTEX_POINT ( 'NONE', #812 ) ;
#1370 = CARTESIAN_POINT ( 'NONE',  ( 6.749999999999999100, 0.2000000000000005100, -5.299999999999992700 ) ) ;
#1371 =( NAMED_UNIT ( * ) PLANE_ANGLE_UNIT ( ) SI_UNIT ( $, .RADIAN. ) );
#1372 = CIRCLE ( 'NONE', #2406, 0.3999999999999993000 ) ;
#1373 = EDGE_CURVE ( 'NONE', #4881, #3706, #5688, .T. ) ;
#1374 = ORIENTED_EDGE ( 'NONE', *, *, #5031, .T. ) ;
#1375 = CARTESIAN_POINT ( 'NONE',  ( 6.667157287525378200, 0.0000000000000000000, -5.099999999999993400 ) ) ;
#1376 = AXIS2_PLACEMENT_3D ( 'NONE', #1080, #142, #3470 ) ;
#1377 = CARTESIAN_POINT ( 'NONE',  ( -9.999999999999996400, 5.800000000000000700, -4.999999999999997300 ) ) ;
#1378 = EDGE_CURVE ( 'NONE', #6149, #2431, #3306, .T. ) ;
#1379 = DIRECTION ( 'NONE',  ( 0.0000000000000000000, 0.0000000000000000000, 1.000000000000000000 ) ) ;
#1380 = PRESENTATION_STYLE_ASSIGNMENT (( #1351 ) ) ;
#1382 =( NAMED_UNIT ( * ) PLANE_ANGLE_UNIT ( ) SI_UNIT ( $, .RADIAN. ) );
#1381 = CARTESIAN_POINT ( 'NONE',  ( 7.925129743375459900, 5.000000000000000000, 14.44441838603068400 ) ) ;
#1383 = MECHANICAL_DESIGN_GEOMETRIC_PRESENTATION_REPRESENTATION (  '', ( #727 ), #1686 ) ;
#1384 = FILL_AREA_STYLE_COLOUR ( '', #4494 ) ;
#1385 = PRESENTATION_STYLE_ASSIGNMENT (( #5121 ) ) ;
#1386 = CYLINDRICAL_SURFACE ( 'NONE', #2790, 2.000000000000000000 ) ;
#1387 = ORIENTED_EDGE ( 'NONE', *, *, #4454, .F. ) ;
#1388 = ADVANCED_FACE ( 'NONE', ( #922 ), #330, .T. ) ;
#1389 = FILL_AREA_STYLE ('',( #422 ) ) ;
#1390 = EDGE_LOOP ( 'NONE', ( #3340, #2663, #4399, #5730 ) ) ;
#1391 =( NAMED_UNIT ( * ) PLANE_ANGLE_UNIT ( ) SI_UNIT ( $, .RADIAN. ) );
#1392 = LINE ( 'NONE', #2194, #2651 ) ;
#1393 = PLANE ( 'NONE',  #629 ) ;
#1394 = CIRCLE ( 'NONE', #684, 0.5000000000000004400 ) ;
#1395 = PRESENTATION_STYLE_ASSIGNMENT (( #2081 ) ) ;
#1396 = ORIENTED_EDGE ( 'NONE', *, *, #4711, .T. ) ;
#1397 = CARTESIAN_POINT ( 'NONE',  ( -2.999999999999997300, 5.799999999999999800, -4.999999999999996400 ) ) ;
#1398 = VECTOR ( 'NONE', #4150, 1000.000000000000000 ) ;
#1399 = CARTESIAN_POINT ( 'NONE',  ( 5.917643197515396900, 4.500000000000000900, 15.89182909767781000 ) ) ;
#1400 = VECTOR ( 'NONE', #899, 1000.000000000000100 ) ;
#1401 =( LENGTH_UNIT ( ) NAMED_UNIT ( * ) SI_UNIT ( .MILLI., .METRE. ) );
#1402 = UNCERTAINTY_MEASURE_WITH_UNIT (LENGTH_MEASURE( 1.000000000000000100E-005 ), #4343, 'distance_accuracy_value', 'NONE');
#1403 = ORIENTED_EDGE ( 'NONE', *, *, #4060, .F. ) ;
#1404 = CIRCLE ( 'NONE', #340, 1.199999999999999700 ) ;
#1405 = PLANE ( 'NONE',  #2056 ) ;
#1406 = DIRECTION ( 'NONE',  ( 0.0000000000000000000, 1.000000000000000000, 0.0000000000000000000 ) ) ;
#1407 = AXIS2_PLACEMENT_3D ( 'NONE', #1689, #3595, #4573 ) ;
#1408 = DIRECTION ( 'NONE',  ( -1.000000000000000000, -1.223120689731756600E-016, 2.425215430423192300E-033 ) ) ;
#1409 = VERTEX_POINT ( 'NONE', #2765 ) ;
#1410 = VERTEX_POINT ( 'NONE', #6075 ) ;
#1411 = CARTESIAN_POINT ( 'NONE',  ( 7.000000000000000900, 10.01123422402631900, -5.049999999999992700 ) ) ;
#1412 = ORIENTED_EDGE ( 'NONE', *, *, #3758, .F. ) ;
#1413 = MECHANICAL_DESIGN_GEOMETRIC_PRESENTATION_REPRESENTATION (  '', ( #5982 ), #1709 ) ;
#1414 = VERTEX_POINT ( 'NONE', #2268 ) ;
#1415 = VECTOR ( 'NONE', #6087, 1000.000000000000000 ) ;
#1416 = FILL_AREA_STYLE_COLOUR ( '', #331 ) ;
#1417 = EDGE_LOOP ( 'NONE', ( #503, #432, #4323, #4169 ) ) ;
#1418 = ADVANCED_FACE ( 'NONE', ( #1450 ), #1298, .F. ) ;
#1419 = CARTESIAN_POINT ( 'NONE',  ( -9.799999999999995400, 0.2000000000000000100, -4.799999999999998000 ) ) ;
#1420 = PLANE ( 'NONE',  #4261 ) ;
#1421 = EDGE_CURVE ( 'NONE', #2457, #4555, #183, .T. ) ;
#1422 = VECTOR ( 'NONE', #5964, 1000.000000000000000 ) ;
#1423 = FACE_OUTER_BOUND ( 'NONE', #3398, .T. ) ;
#1424 = DIRECTION ( 'NONE',  ( 0.0000000000000000000, -1.000000000000000000, 0.0000000000000000000 ) ) ;
#1425 = DIRECTION ( 'NONE',  ( -0.0000000000000000000, -1.000000000000000000, -0.0000000000000000000 ) ) ;
#1426 = VERTEX_POINT ( 'NONE', #4668 ) ;
#1427 = FILL_AREA_STYLE ('',( #939 ) ) ;
#1428 = FACE_OUTER_BOUND ( 'NONE', #243, .T. ) ;
#1429 = CIRCLE ( 'NONE', #2390, 0.1999999999999996500 ) ;
#1430 = LINE ( 'NONE', #3946, #3796 ) ;
#1431 = DIRECTION ( 'NONE',  ( 0.0000000000000000000, 0.0000000000000000000, 1.000000000000000000 ) ) ;
#1432 = ORIENTED_EDGE ( 'NONE', *, *, #1040, .T. ) ;
#1433 =( NAMED_UNIT ( * ) PLANE_ANGLE_UNIT ( ) SI_UNIT ( $, .RADIAN. ) );
#1434 =( GEOMETRIC_REPRESENTATION_CONTEXT ( 3 ) GLOBAL_UNCERTAINTY_ASSIGNED_CONTEXT ( ( #3451 ) ) GLOBAL_UNIT_ASSIGNED_CONTEXT ( ( #3743, #901, #4228 ) ) REPRESENTATION_CONTEXT ( 'NONE', 'WORKASPACE' ) );
#1435 = DIRECTION ( 'NONE',  ( 0.9871135021449106700, 0.0000000000000000000, 0.1600216669179818100 ) ) ;
#1436 = CARTESIAN_POINT ( 'NONE',  ( 0.0000000000000000000, 6.000000000000000000, -4.799999999999998000 ) ) ;
#1437 = CARTESIAN_POINT ( 'NONE',  ( 1.050000000000002300, 1.499999999999999100, -10.49999999999999600 ) ) ;
#1438 = VECTOR ( 'NONE', #4154, 1000.000000000000000 ) ;
#1439 = DIRECTION ( 'NONE',  ( -1.734723475976807100E-015, 0.0000000000000000000, -1.000000000000000000 ) ) ;
#1440 = LINE ( 'NONE', #2063, #3805 ) ;
#1441 = FILL_AREA_STYLE ('',( #466 ) ) ;
#1442 = CIRCLE ( 'NONE', #4220, 0.1999999999999996500 ) ;
#1443 = MECHANICAL_DESIGN_GEOMETRIC_PRESENTATION_REPRESENTATION (  '', ( #469 ), #1737 ) ;
#1444 = ORIENTED_EDGE ( 'NONE', *, *, #5600, .T. ) ;
#1445 = DIRECTION ( 'NONE',  ( 1.000000000000000000, 0.0000000000000000000, 0.0000000000000000000 ) ) ;
#1446 = CYLINDRICAL_SURFACE ( 'NONE', #5609, 0.1999999999999996500 ) ;
#1447 = ADVANCED_FACE ( 'NONE', ( #5089 ), #4192, .T. ) ;
#1448 = AXIS2_PLACEMENT_3D ( 'NONE', #5700, #2867, #4 ) ;
#1449 = CARTESIAN_POINT ( 'NONE',  ( -3.249999999999997800, 5.799999999999999800, -5.299999999999995400 ) ) ;
#1450 = FACE_OUTER_BOUND ( 'NONE', #5360, .T. ) ;
#1451 = ORIENTED_EDGE ( 'NONE', *, *, #5328, .F. ) ;
#1452 = EDGE_CURVE ( 'NONE', #1697, #1894, #4644, .T. ) ;
#1453 = ORIENTED_EDGE ( 'NONE', *, *, #4234, .F. ) ;
#1454 = DIRECTION ( 'NONE',  ( 0.0000000000000000000, -1.000000000000000000, 0.0000000000000000000 ) ) ;
#1455 = EDGE_CURVE ( 'NONE', #346, #1692, #5904, .T. ) ;
#1456 = CARTESIAN_POINT ( 'NONE',  ( 6.717751532105359600, 4.500000000000000900, 10.95626158695325700 ) ) ;
#1457 = AXIS2_PLACEMENT_3D ( 'NONE', #5128, #2271, #1341 ) ;
#1458 = ORIENTED_EDGE ( 'NONE', *, *, #734, .F. ) ;
#1459 = SURFACE_SIDE_STYLE ('',( #668 ) ) ;
#1460 = ORIENTED_EDGE ( 'NONE', *, *, #1560, .F. ) ;
#1461 = PRESENTATION_STYLE_ASSIGNMENT (( #4615 ) ) ;
#1462 = LINE ( 'NONE', #2753, #195 ) ;
#1463 = COLOUR_RGB ( '',0.2509803921568627400, 0.2509803921568627400, 0.2509803921568627400 ) ;
#1464 = CIRCLE ( 'NONE', #2903, 0.3999999999999993000 ) ;
#1465 =( NAMED_UNIT ( * ) SI_UNIT ( $, .STERADIAN. ) SOLID_ANGLE_UNIT ( ) );
#1466 = AXIS2_PLACEMENT_3D ( 'NONE', #5901, #4945, #4163 ) ;
#1467 = ORIENTED_EDGE ( 'NONE', *, *, #3816, .T. ) ;
#1468 = SURFACE_SIDE_STYLE ('',( #1075 ) ) ;
#1469 = AXIS2_PLACEMENT_3D ( 'NONE', #1482, #4265, #4810 ) ;
#1470 = COLOUR_RGB ( '',0.2509803921568627400, 0.2509803921568627400, 0.2509803921568627400 ) ;
#1471 = VECTOR ( 'NONE', #945, 1000.000000000000000 ) ;
#1472 = ORIENTED_EDGE ( 'NONE', *, *, #926, .F. ) ;
#1473 =( NAMED_UNIT ( * ) PLANE_ANGLE_UNIT ( ) SI_UNIT ( $, .RADIAN. ) );
#1474 = ORIENTED_EDGE ( 'NONE', *, *, #3571, .F. ) ;
#1475 = FILL_AREA_STYLE ('',( #502 ) ) ;
#1476 = CYLINDRICAL_SURFACE ( 'NONE', #6073, 0.2000000000000000900 ) ;
#1477 = PRESENTATION_STYLE_ASSIGNMENT (( #5038 ) ) ;
#1478 = UNCERTAINTY_MEASURE_WITH_UNIT (LENGTH_MEASURE( 1.000000000000000100E-005 ), #5504, 'distance_accuracy_value', 'NONE');
#1479 =( GEOMETRIC_REPRESENTATION_CONTEXT ( 3 ) GLOBAL_UNCERTAINTY_ASSIGNED_CONTEXT ( ( #5176 ) ) GLOBAL_UNIT_ASSIGNED_CONTEXT ( ( #1514, #4838, #1972 ) ) REPRESENTATION_CONTEXT ( 'NONE', 'WORKASPACE' ) );
#1480 =( NAMED_UNIT ( * ) PLANE_ANGLE_UNIT ( ) SI_UNIT ( $, .RADIAN. ) );
#1481 = ORIENTED_EDGE ( 'NONE', *, *, #3167, .F. ) ;
#1482 = CARTESIAN_POINT ( 'NONE',  ( -5.883578643762663600, 0.2000000000000000100, -5.883578643762704500 ) ) ;
#1483 = EDGE_CURVE ( 'NONE', #2773, #1956, #996, .T. ) ;
#1484 = VERTEX_POINT ( 'NONE', #4705 ) ;
#1485 = ADVANCED_FACE ( 'NONE', ( #3232 ), #5326, .T. ) ;
#1486 = CARTESIAN_POINT ( 'NONE',  ( -6.667157287525378200, 6.000000000000000000, -5.099999999999994300 ) ) ;
#1487 = DIRECTION ( 'NONE',  ( -0.0000000000000000000, -0.7071067811865474600, 0.7071067811865474600 ) ) ;
#1488 = ORIENTED_EDGE ( 'NONE', *, *, #3086, .F. ) ;
#1489 = SURFACE_SIDE_STYLE ('',( #3027 ) ) ;
#1490 = ORIENTED_EDGE ( 'NONE', *, *, #2800, .F. ) ;
#1492 = FILL_AREA_STYLE ('',( #1000 ) ) ;
#1491 = FILL_AREA_STYLE ('',( #38 ) ) ;
#1493 =( GEOMETRIC_REPRESENTATION_CONTEXT ( 3 ) GLOBAL_UNCERTAINTY_ASSIGNED_CONTEXT ( ( #2188 ) ) GLOBAL_UNIT_ASSIGNED_CONTEXT ( ( #2986, #136, #3465 ) ) REPRESENTATION_CONTEXT ( 'NONE', 'WORKASPACE' ) );
#1494 = CIRCLE ( 'NONE', #4593, 0.3999999999999993000 ) ;
#1495 = ORIENTED_EDGE ( 'NONE', *, *, #2714, .F. ) ;
#1496 = CARTESIAN_POINT ( 'NONE',  ( -0.2499999999999973900, 5.800000000000000700, 5.500000000000003600 ) ) ;
#1497 = EDGE_CURVE ( 'NONE', #1723, #5411, #842, .T. ) ;
#1498 = LINE ( 'NONE', #2839, #3865 ) ;
#1499 = MECHANICAL_DESIGN_GEOMETRIC_PRESENTATION_REPRESENTATION (  '', ( #525 ), #1791 ) ;
#1500 = VERTEX_POINT ( 'NONE', #917 ) ;
#1501 = CARTESIAN_POINT ( 'NONE',  ( 4.594322988211933600, 1.000000000000000000, 10.24562854327899500 ) ) ;
#1502 = PRODUCT_DEFINITION_CONTEXT ( 'detailed design', #5384, 'design' ) ;
#1503 = CARTESIAN_POINT ( 'NONE',  ( 0.5500000000000018200, 4.499999999999999100, -10.50000000000000000 ) ) ;
#1504 = ORIENTED_EDGE ( 'NONE', *, *, #5412, .F. ) ;
#1505 = ORIENTED_EDGE ( 'NONE', *, *, #2441, .T. ) ;
#1506 = PRESENTATION_LAYER_ASSIGNMENT (  '', '', ( #1799 ) ) ;
#1507 = AXIS2_PLACEMENT_3D ( 'NONE', #4423, #1591, #4912 ) ;
#1508 = VECTOR ( 'NONE', #919, 1000.000000000000000 ) ;
#1509 = PLANE ( 'NONE',  #607 ) ;
#1510 = LINE ( 'NONE', #993, #5153 ) ;
#1512 = DIRECTION ( 'NONE',  ( 0.0000000000000000000, -1.000000000000000000, 0.0000000000000000000 ) ) ;
#1511 = FILL_AREA_STYLE_COLOUR ( '', #2731 ) ;
#1513 = ORIENTED_EDGE ( 'NONE', *, *, #4304, .T. ) ;
#1514 =( LENGTH_UNIT ( ) NAMED_UNIT ( * ) SI_UNIT ( .MILLI., .METRE. ) );
#1515 = EDGE_CURVE ( 'NONE', #1540, #1827, #4047, .T. ) ;
#1516 = SURFACE_STYLE_FILL_AREA ( #5997 ) ;
#1517 = CYLINDRICAL_SURFACE ( 'NONE', #1992, 0.1999999999999996500 ) ;
#1518 = ADVANCED_FACE ( 'NONE', ( #3898 ), #3782, .F. ) ;
#1519 = AXIS2_PLACEMENT_3D ( 'NONE', #2323, #4244, #1408 ) ;
#1520 = DIRECTION ( 'NONE',  ( 0.0000000000000000000, 0.0000000000000000000, 1.000000000000000000 ) ) ;
#1521 = VERTEX_POINT ( 'NONE', #5218 ) ;
#1522 = CIRCLE ( 'NONE', #5103, 1.199999999999999700 ) ;
#1523 =( NAMED_UNIT ( * ) PLANE_ANGLE_UNIT ( ) SI_UNIT ( $, .RADIAN. ) );
#1524 = DIRECTION ( 'NONE',  ( 1.000000000000000000, -0.0000000000000000000, -4.956352788505161300E-016 ) ) ;
#1525 = CARTESIAN_POINT ( 'NONE',  ( 2.999999999999998700, 0.1999999999999987900, -5.049999999999993600 ) ) ;
#1526 = STYLED_ITEM ( 'NONE', ( #2916 ), #2338 ) ;
#1527 = PRESENTATION_STYLE_ASSIGNMENT (( #1890 ) ) ;
#1528 = CARTESIAN_POINT ( 'NONE',  ( 0.5500000000000018200, 4.499999999999999100, -4.999999999999997300 ) ) ;
#1530 = SURFACE_SIDE_STYLE ('',( #5592 ) ) ;
#1529 = DIRECTION ( 'NONE',  ( 0.0000000000000000000, 0.0000000000000000000, -1.000000000000000000 ) ) ;
#1531 = DIRECTION ( 'NONE',  ( 1.000000000000000000, 0.0000000000000000000, -8.673617379884049700E-015 ) ) ;
#1532 = FACE_OUTER_BOUND ( 'NONE', #4674, .T. ) ;
#1533 = EDGE_LOOP ( 'NONE', ( #4957, #5723, #1281 ) ) ;
#1534 = MECHANICAL_DESIGN_GEOMETRIC_PRESENTATION_REPRESENTATION (  '', ( #887 ), #1835 ) ;
#1535 = DIRECTION ( 'NONE',  ( 0.0000000000000000000, 0.0000000000000000000, -1.000000000000000000 ) ) ;
#1536 = CARTESIAN_POINT ( 'NONE',  ( 8.050000000000002500, 4.499999999999998200, -10.99999999999999800 ) ) ;
#1537 = LINE ( 'NONE', #2227, #269 ) ;
#1538 = LINE ( 'NONE', #1759, #4208 ) ;
#1539 = VECTOR ( 'NONE', #633, 1000.000000000000000 ) ;
#1540 = VERTEX_POINT ( 'NONE', #960 ) ;
#1541 = DIRECTION ( 'NONE',  ( 0.0000000000000000000, 0.0000000000000000000, -1.000000000000000000 ) ) ;
#1542 = EDGE_CURVE ( 'NONE', #5659, #4076, #2176, .T. ) ;
#1543 = DIRECTION ( 'NONE',  ( 0.0000000000000000000, -1.000000000000000000, 0.0000000000000000000 ) ) ;
#1544 = AXIS2_PLACEMENT_3D ( 'NONE', #2181, #5525, #2670 ) ;
#1545 =( NAMED_UNIT ( * ) SI_UNIT ( $, .STERADIAN. ) SOLID_ANGLE_UNIT ( ) );
#1546 = LINE ( 'NONE', #1597, #4066 ) ;
#1547 = SURFACE_SIDE_STYLE ('',( #4388 ) ) ;
#1548 = ORIENTED_EDGE ( 'NONE', *, *, #679, .T. ) ;
#1549 = SURFACE_STYLE_FILL_AREA ( #70 ) ;
#1550 = SURFACE_SIDE_STYLE ('',( #5847 ) ) ;
#1551 = AXIS2_PLACEMENT_3D ( 'NONE', #5454, #4981, #5687 ) ;
#1552 = PRESENTATION_LAYER_ASSIGNMENT (  '', '', ( #902 ) ) ;
#1553 = ORIENTED_EDGE ( 'NONE', *, *, #5521, .T. ) ;
#1554 =( NAMED_UNIT ( * ) SI_UNIT ( $, .STERADIAN. ) SOLID_ANGLE_UNIT ( ) );
#1556 = CARTESIAN_POINT ( 'NONE',  ( 7.925129743375459900, 5.000000000000000000, 14.44441838603068400 ) ) ;
#1555 =( NAMED_UNIT ( * ) PLANE_ANGLE_UNIT ( ) SI_UNIT ( $, .RADIAN. ) );
#1557 = UNCERTAINTY_MEASURE_WITH_UNIT (LENGTH_MEASURE( 1.000000000000000100E-005 ), #3109, 'distance_accuracy_value', 'NONE');
#1558 = ORIENTED_EDGE ( 'NONE', *, *, #5970, .F. ) ;
#1559 = ORIENTED_EDGE ( 'NONE', *, *, #4540, .F. ) ;
#1560 = EDGE_CURVE ( 'NONE', #4837, #5472, #5975, .T. ) ;
#1561 = DIRECTION ( 'NONE',  ( -0.0000000000000000000, -0.0000000000000000000, 1.000000000000000000 ) ) ;
#1562 = DIRECTION ( 'NONE',  ( 0.0000000000000000000, 0.0000000000000000000, -1.000000000000000000 ) ) ;
#1563 = ORIENTED_EDGE ( 'NONE', *, *, #2761, .F. ) ;
#1564 = CARTESIAN_POINT ( 'NONE',  ( 3.284314575050760500, 6.000000000000001800, -5.217157287525378000 ) ) ;
#1565 = FILL_AREA_STYLE ('',( #119 ) ) ;
#1566 = ORIENTED_EDGE ( 'NONE', *, *, #48, .F. ) ;
#1567 = CARTESIAN_POINT ( 'NONE',  ( -3.999999999999996400, 4.649999999999999500, 6.500000000000002700 ) ) ;
#1568 = ORIENTED_EDGE ( 'NONE', *, *, #5068, .F. ) ;
#1569 =( LENGTH_UNIT ( ) NAMED_UNIT ( * ) SI_UNIT ( .MILLI., .METRE. ) );
#1570 = MECHANICAL_DESIGN_GEOMETRIC_PRESENTATION_REPRESENTATION (  '', ( #5512 ), #1872 ) ;
#1571 = CARTESIAN_POINT ( 'NONE',  ( -4.999999999999998200, 5.800000000000000700, -1.617398742541499700 ) ) ;
#1572 = ADVANCED_FACE ( 'NONE', ( #4714 ), #5390, .T. ) ;
#1573 = ORIENTED_EDGE ( 'NONE', *, *, #4040, .F. ) ;
#1574 = DIRECTION ( 'NONE',  ( 0.0000000000000000000, 0.0000000000000000000, 1.000000000000000000 ) ) ;
#1575 = DIRECTION ( 'NONE',  ( -1.000000000000000000, 0.0000000000000000000, 0.0000000000000000000 ) ) ;
#1577 = DIRECTION ( 'NONE',  ( 3.469446951953695000E-014, 0.0000000000000000000, -1.000000000000000000 ) ) ;
#1576 = DIRECTION ( 'NONE',  ( -1.000000000000000000, -0.0000000000000000000, -0.0000000000000000000 ) ) ;
#1578 = EDGE_CURVE ( 'NONE', #4191, #3497, #463, .T. ) ;
#1579 = EDGE_CURVE ( 'NONE', #4598, #2815, #1720, .T. ) ;
#1580 = LINE ( 'NONE', #472, #898 ) ;
#1581 = EDGE_LOOP ( 'NONE', ( #2124, #5431, #5884 ) ) ;
#1582 = DIRECTION ( 'NONE',  ( -0.0000000000000000000, -0.0000000000000000000, -1.000000000000000000 ) ) ;
#1583 =( LENGTH_UNIT ( ) NAMED_UNIT ( * ) SI_UNIT ( .MILLI., .METRE. ) );
#1584 = VECTOR ( 'NONE', #4179, 1000.000000000000000 ) ;
#1585 = DIRECTION ( 'NONE',  ( 3.469446951953695000E-014, -0.0000000000000000000, -1.000000000000000000 ) ) ;
#1586 = DIRECTION ( 'NONE',  ( -0.0000000000000000000, 0.0000000000000000000, 1.000000000000000000 ) ) ;
#1587 = MECHANICAL_DESIGN_GEOMETRIC_PRESENTATION_REPRESENTATION (  '', ( #937 ), #1889 ) ;
#1588 = ORIENTED_EDGE ( 'NONE', *, *, #2877, .F. ) ;
#1589 =( GEOMETRIC_REPRESENTATION_CONTEXT ( 3 ) GLOBAL_UNCERTAINTY_ASSIGNED_CONTEXT ( ( #1800 ) ) GLOBAL_UNIT_ASSIGNED_CONTEXT ( ( #4678, #1814, #5163 ) ) REPRESENTATION_CONTEXT ( 'NONE', 'WORKASPACE' ) );
#1590 = DIRECTION ( 'NONE',  ( 0.9871135021449106700, 0.0000000000000000000, 0.1600216669179818600 ) ) ;
#1591 = DIRECTION ( 'NONE',  ( 0.0000000000000000000, -1.000000000000000000, 0.0000000000000000000 ) ) ;
#1592 = VECTOR ( 'NONE', #5478, 1000.000000000000100 ) ;
#1593 =( BOUNDED_CURVE ( )  B_SPLINE_CURVE ( 3, ( #1604, #3501, #628, #4929 ),
 .UNSPECIFIED., .F., .F. ) 
 B_SPLINE_CURVE_WITH_KNOTS ( ( 4, 4 ),
 ( 4.712388980384688800, 6.283185307179580000 ),
 .UNSPECIFIED. ) 
 CURVE ( )  GEOMETRIC_REPRESENTATION_ITEM ( )  RATIONAL_B_SPLINE_CURVE ( ( 1.000000000000000000, 0.8047378541243662700, 0.8047378541243662700, 1.000000000000000000 ) ) 
 REPRESENTATION_ITEM ( '' )  );
#1594 =( NAMED_UNIT ( * ) PLANE_ANGLE_UNIT ( ) SI_UNIT ( $, .RADIAN. ) );
#1595 = EDGE_LOOP ( 'NONE', ( #2192, #5507, #6070, #4629 ) ) ;
#1596 = SURFACE_STYLE_FILL_AREA ( #3870 ) ;
#1597 = CARTESIAN_POINT ( 'NONE',  ( 10.67132034355964300, 3.000000000000000400, -9.949999999999999300 ) ) ;
#1598 = ORIENTED_EDGE ( 'NONE', *, *, #2332, .F. ) ;
#1599 = DIRECTION ( 'NONE',  ( 0.0000000000000000000, 0.0000000000000000000, -1.000000000000000000 ) ) ;
#1600 = ADVANCED_FACE ( 'NONE', ( #4117 ), #1955, .F. ) ;
#1601 = PLANE ( 'NONE',  #1027 ) ;
#1602 = VECTOR ( 'NONE', #952, 1000.000000000000000 ) ;
#1603 = DIRECTION ( 'NONE',  ( 0.0000000000000000000, 0.0000000000000000000, 1.000000000000000000 ) ) ;
#1604 = CARTESIAN_POINT ( 'NONE',  ( -3.332842712474615600, 0.0000000000000000000, -5.099999999999996100 ) ) ;
#1605 = CYLINDRICAL_SURFACE ( 'NONE', #6001, 1.749999999999999800 ) ;
#1606 = FACE_OUTER_BOUND ( 'NONE', #5086, .T. ) ;
#1607 = CARTESIAN_POINT ( 'NONE',  ( 4.794322988211932900, 4.800000000000000700, 10.32286164890689100 ) ) ;
#1608 = ORIENTED_EDGE ( 'NONE', *, *, #6139, .T. ) ;
#1609 = DIRECTION ( 'NONE',  ( 0.0000000000000000000, 0.0000000000000000000, -1.000000000000000000 ) ) ;
#1610 = CIRCLE ( 'NONE', #2212, 0.5000000000000004400 ) ;
#1611 = PRESENTATION_STYLE_ASSIGNMENT (( #2159 ) ) ;
#1612 = ORIENTED_EDGE ( 'NONE', *, *, #1579, .F. ) ;
#1613 = FILL_AREA_STYLE ('',( #178 ) ) ;
#1614 = FACE_OUTER_BOUND ( 'NONE', #2726, .T. ) ;
#1615 = AXIS2_PLACEMENT_3D ( 'NONE', #2157, #5004, #4994 ) ;
#1616 = VERTEX_POINT ( 'NONE', #3394 ) ;
#1617 = CARTESIAN_POINT ( 'NONE',  ( -8.449999999999997500, 3.000000000000000400, -8.449999999999997500 ) ) ;
#1618 = PRESENTATION_LAYER_ASSIGNMENT (  '', '', ( #1299 ) ) ;
#1619 = CARTESIAN_POINT ( 'NONE',  ( 2.999999999999998200, 10.01123422402631900, -4.999999999999995600 ) ) ;
#1620 =( NAMED_UNIT ( * ) SI_UNIT ( $, .STERADIAN. ) SOLID_ANGLE_UNIT ( ) );
#1621 = FACE_BOUND ( 'NONE', #5389, .T. ) ;
#1622 = EDGE_LOOP ( 'NONE', ( #3253, #1629 ) ) ;
#1623 = ORIENTED_EDGE ( 'NONE', *, *, #3690, .T. ) ;
#1624 = CARTESIAN_POINT ( 'NONE',  ( -3.499999999999996400, 1.350000000000000500, 6.500000000000002700 ) ) ;
#1625 = STYLED_ITEM ( 'NONE', ( #2038 ), #1388 ) ;
#1626 = CARTESIAN_POINT ( 'NONE',  ( 1.734723475976807100E-015, 0.1999999999999996500, 5.000000000000002700 ) ) ;
#1627 = ADVANCED_FACE ( 'NONE', ( #5250, #328 ), #63, .F. ) ;
#1628 = ORIENTED_EDGE ( 'NONE', *, *, #3750, .F. ) ;
#1629 = ORIENTED_EDGE ( 'NONE', *, *, #4952, .F. ) ;
#1630 = CIRCLE ( 'NONE', #4915, 1.399999999999999200 ) ;
#1631 = DIRECTION ( 'NONE',  ( 0.0000000000000000000, 1.000000000000000000, 0.0000000000000000000 ) ) ;
#1632 = ORIENTED_EDGE ( 'NONE', *, *, #2362, .F. ) ;
#1633 =( GEOMETRIC_REPRESENTATION_CONTEXT ( 3 ) GLOBAL_UNCERTAINTY_ASSIGNED_CONTEXT ( ( #1920 ) ) GLOBAL_UNIT_ASSIGNED_CONTEXT ( ( #2936, #81, #3408 ) ) REPRESENTATION_CONTEXT ( 'NONE', 'WORKASPACE' ) );
#1634 = FILL_AREA_STYLE ('',( #2565 ) ) ;
#1635 = EDGE_CURVE ( 'NONE', #1540, #212, #6047, .T. ) ;
#1636 = CARTESIAN_POINT ( 'NONE',  ( 7.925129743375459900, 1.200000000000000200, 14.44441838603068400 ) ) ;
#1637 = LINE ( 'NONE', #3730, #4022 ) ;
#1638 = VERTEX_POINT ( 'NONE', #3419 ) ;
#1639 = CARTESIAN_POINT ( 'NONE',  ( -1.999999999999996700, 4.649999999999999500, 5.500000000000003600 ) ) ;
#1640 = MECHANICAL_DESIGN_GEOMETRIC_PRESENTATION_REPRESENTATION (  '', ( #1005 ), #1957 ) ;
#1641 = ORIENTED_EDGE ( 'NONE', *, *, #3786, .F. ) ;
#1642 = CARTESIAN_POINT ( 'NONE',  ( -3.199999999999997500, 0.0000000000000000000, -4.967157287525377100 ) ) ;
#1643 = CARTESIAN_POINT ( 'NONE',  ( 0.0000000000000000000, 6.000000000000000000, 0.0000000000000000000 ) ) ;
#1644 = LINE ( 'NONE', #2328, #4183 ) ;
#1645 = CARTESIAN_POINT ( 'NONE',  ( -6.799999999999997200, 0.0000000000000000000, -4.967157287525376200 ) ) ;
#1646 = VERTEX_POINT ( 'NONE', #3894 ) ;
#1648 =( NAMED_UNIT ( * ) PLANE_ANGLE_UNIT ( ) SI_UNIT ( $, .RADIAN. ) );
#1647 = SURFACE_SIDE_STYLE ('',( #5848 ) ) ;
#1649 = EDGE_CURVE ( 'NONE', #2069, #3939, #3530, .T. ) ;
#1650 = AXIS2_PLACEMENT_3D ( 'NONE', #636, #3978, #1141 ) ;
#1651 = CARTESIAN_POINT ( 'NONE',  ( 10.67132034355964300, 3.000000000000000400, -9.199999999999997500 ) ) ;
#1652 = ADVANCED_FACE ( 'NONE', ( #1154 ), #4194, .T. ) ;
#1653 = EDGE_LOOP ( 'NONE', ( #2508, #3289, #615, #1263 ) ) ;
#1654 = DIRECTION ( 'NONE',  ( 0.0000000000000000000, 0.0000000000000000000, 1.000000000000000000 ) ) ;
#1655 = DIRECTION ( 'NONE',  ( -0.0000000000000000000, 1.000000000000000000, -0.0000000000000000000 ) ) ;
#1656 = CARTESIAN_POINT ( 'NONE',  ( -9.799999999999995400, 0.1999999999999996500, -4.999999999999997300 ) ) ;
#1657 = LINE ( 'NONE', #1496, #4042 ) ;
#1658 = CIRCLE ( 'NONE', #697, 1.399999999999999200 ) ;
#1659 = UNCERTAINTY_MEASURE_WITH_UNIT (LENGTH_MEASURE( 1.000000000000000100E-005 ), #1792, 'distance_accuracy_value', 'NONE');
#1660 = AXIS2_PLACEMENT_3D ( 'NONE', #5469, #2610, #5934 ) ;
#1661 = DIRECTION ( 'NONE',  ( -1.000000000000000000, 0.0000000000000000000, 0.0000000000000000000 ) ) ;
#1662 = CARTESIAN_POINT ( 'NONE',  ( -10.00099999999999600, 1.599999999999997900, 17.32796526525248700 ) ) ;
#1663 = DIRECTION ( 'NONE',  ( -0.0000000000000000000, 1.000000000000000000, -0.0000000000000000000 ) ) ;
#1664 = ORIENTED_EDGE ( 'NONE', *, *, #177, .T. ) ;
#1666 = CARTESIAN_POINT ( 'NONE',  ( 7.925129743375459900, 4.500000000000000900, 14.44441838603068400 ) ) ;
#1665 = CARTESIAN_POINT ( 'NONE',  ( 0.5500000000000018200, 1.499999999999999100, -4.999999999999997300 ) ) ;
#1667 = PRESENTATION_LAYER_ASSIGNMENT (  '', '', ( #1356 ) ) ;
#1668 = CIRCLE ( 'NONE', #4570, 0.1999999999999996500 ) ;
#1669 = SURFACE_STYLE_FILL_AREA ( #2030 ) ;
#1670 = LINE ( 'NONE', #3170, #5340 ) ;
#1671 =( NAMED_UNIT ( * ) SI_UNIT ( $, .STERADIAN. ) SOLID_ANGLE_UNIT ( ) );
#1672 = FACE_OUTER_BOUND ( 'NONE', #1653, .T. ) ;
#1673 = AXIS2_PLACEMENT_3D ( 'NONE', #1666, #4996, #2139 ) ;
#1674 = ORIENTED_EDGE ( 'NONE', *, *, #5417, .F. ) ;
#1675 = DIRECTION ( 'NONE',  ( -1.000000000000000000, -2.168404344971008900E-016, 0.0000000000000000000 ) ) ;
#1676 = EDGE_CURVE ( 'NONE', #4768, #5411, #535, .T. ) ;
#1677 = ADVANCED_FACE ( 'NONE', ( #3080, #5464 ), #5824, .F. ) ;
#1678 = ORIENTED_EDGE ( 'NONE', *, *, #2644, .F. ) ;
#1679 = DIRECTION ( 'NONE',  ( 0.0000000000000000000, 0.0000000000000000000, -1.000000000000000000 ) ) ;
#1680 = ORIENTED_EDGE ( 'NONE', *, *, #4764, .F. ) ;
#1681 = EDGE_CURVE ( 'NONE', #4356, #1096, #2931, .T. ) ;
#1682 = FILL_AREA_STYLE ('',( #4044 ) ) ;
#1683 = ORIENTED_EDGE ( 'NONE', *, *, #869, .T. ) ;
#1684 = UNCERTAINTY_MEASURE_WITH_UNIT (LENGTH_MEASURE( 1.000000000000000100E-005 ), #69, 'distance_accuracy_value', 'NONE');
#1685 = CARTESIAN_POINT ( 'NONE',  ( 6.999999999999999100, 0.1999999999999987900, -4.999999999999993800 ) ) ;
#1686 =( GEOMETRIC_REPRESENTATION_CONTEXT ( 3 ) GLOBAL_UNCERTAINTY_ASSIGNED_CONTEXT ( ( #3753 ) ) GLOBAL_UNIT_ASSIGNED_CONTEXT ( ( #5761, #761, #4102 ) ) REPRESENTATION_CONTEXT ( 'NONE', 'WORKASPACE' ) );
#1687 = AXIS2_PLACEMENT_3D ( 'NONE', #5005, #1219, #4078 ) ;
#1688 = ORIENTED_EDGE ( 'NONE', *, *, #5650, .T. ) ;
#1689 = CARTESIAN_POINT ( 'NONE',  ( -9.799999999999995400, 6.000000000000000000, -4.799999999999997200 ) ) ;
#1690 = ORIENTED_EDGE ( 'NONE', *, *, #2932, .F. ) ;
#1691 = CARTESIAN_POINT ( 'NONE',  ( 8.049999999999998900, 1.499999999999998700, -10.99999999999999800 ) ) ;
#1692 = VERTEX_POINT ( 'NONE', #2515 ) ;
#1693 = CARTESIAN_POINT ( 'NONE',  ( 8.050000000000002500, 4.499999999999998200, -10.50000000000000000 ) ) ;
#1694 = ORIENTED_EDGE ( 'NONE', *, *, #275, .F. ) ;
#1695 = PLANE ( 'NONE',  #582 ) ;
#1696 = DIRECTION ( 'NONE',  ( -1.000000000000000000, -0.0000000000000000000, -0.0000000000000000000 ) ) ;
#1697 = VERTEX_POINT ( 'NONE', #1571 ) ;
#1698 = DIRECTION ( 'NONE',  ( -1.000000000000000000, 1.734723475976805500E-015, 0.0000000000000000000 ) ) ;
#1699 = FILL_AREA_STYLE_COLOUR ( '', #4816 ) ;
#1700 = EDGE_LOOP ( 'NONE', ( #750, #5220, #4430, #1690 ) ) ;
#1701 = PRESENTATION_LAYER_ASSIGNMENT (  '', '', ( #747 ) ) ;
#1702 = SURFACE_SIDE_STYLE ('',( #2743 ) ) ;
#1703 = ADVANCED_FACE ( 'NONE', ( #393 ), #1223, .T. ) ;
#1704 = PLANE ( 'NONE',  #1233 ) ;
#1705 = ORIENTED_EDGE ( 'NONE', *, *, #5293, .F. ) ;
#1706 = DIRECTION ( 'NONE',  ( 1.000000000000000000, 0.0000000000000000000, -8.673617379884385700E-015 ) ) ;
#1707 = CIRCLE ( 'NONE', #2837, 0.7500000000000006700 ) ;
#1708 = SPHERICAL_SURFACE ( 'NONE', #5823, 0.2000000000000000100 ) ;
#1709 =( GEOMETRIC_REPRESENTATION_CONTEXT ( 3 ) GLOBAL_UNCERTAINTY_ASSIGNED_CONTEXT ( ( #2229 ) ) GLOBAL_UNIT_ASSIGNED_CONTEXT ( ( #1401, #4720, #1864 ) ) REPRESENTATION_CONTEXT ( 'NONE', 'WORKASPACE' ) );
#1710 = SURFACE_STYLE_FILL_AREA ( #1862 ) ;
#1711 = CARTESIAN_POINT ( 'NONE',  ( 0.0000000000000000000, 0.0000000000000000000, 7.000000000000002700 ) ) ;
#1712 = CARTESIAN_POINT ( 'NONE',  ( 7.925129743375459900, 4.800000000000000700, 14.84441838603068200 ) ) ;
#1713 = CARTESIAN_POINT ( 'NONE',  ( 0.8835786437626812500, 0.2000000000000000100, -0.8835786437626768100 ) ) ;
#1714 = LINE ( 'NONE', #4989, #1592 ) ;
#1715 = SURFACE_STYLE_USAGE ( .BOTH. , #4579 ) ;
#1716 = ORIENTED_EDGE ( 'NONE', *, *, #48, .T. ) ;
#1717 = EDGE_CURVE ( 'NONE', #1248, #3844, #1658, .T. ) ;
#1718 = ORIENTED_EDGE ( 'NONE', *, *, #1455, .T. ) ;
#1719 = DIRECTION ( 'NONE',  ( 1.000000000000000000, 0.0000000000000000000, 4.956352788505166200E-016 ) ) ;
#1720 = LINE ( 'NONE', #3375, #2869 ) ;
#1721 = DIRECTION ( 'NONE',  ( 0.0000000000000000000, 0.0000000000000000000, 1.000000000000000000 ) ) ;
#1722 = UNCERTAINTY_MEASURE_WITH_UNIT (LENGTH_MEASURE( 1.000000000000000100E-005 ), #975, 'distance_accuracy_value', 'NONE');
#1723 = VERTEX_POINT ( 'NONE', #175 ) ;
#1724 = PLANE ( 'NONE',  #3311 ) ;
#1725 = LINE ( 'NONE', #4741, #470 ) ;
#1726 = DIRECTION ( 'NONE',  ( -0.1600216669179815300, 0.0000000000000000000, 0.9871135021449106700 ) ) ;
#1727 = DIRECTION ( 'NONE',  ( -8.673617379884388900E-015, 0.0000000000000000000, 1.000000000000000000 ) ) ;
#1728 = ADVANCED_FACE ( 'NONE', ( #3598 ), #600, .T. ) ;
#1729 =( NAMED_UNIT ( * ) SI_UNIT ( $, .STERADIAN. ) SOLID_ANGLE_UNIT ( ) );
#1730 = LINE ( 'NONE', #3457, #5263 ) ;
#1731 = VECTOR ( 'NONE', #1867, 1000.000000000000000 ) ;
#1732 = VECTOR ( 'NONE', #253, 1000.000000000000000 ) ;
#1733 = DIRECTION ( 'NONE',  ( 1.000000000000000000, 0.0000000000000000000, 0.0000000000000000000 ) ) ;
#1734 = VERTEX_POINT ( 'NONE', #1158 ) ;
#1736 = CARTESIAN_POINT ( 'NONE',  ( 2.999999999999998200, 0.1999999999999987900, -4.999999999999995600 ) ) ;
#1735 = DIRECTION ( 'NONE',  ( 0.0000000000000000000, -1.000000000000000000, 0.0000000000000000000 ) ) ;
#1737 =( GEOMETRIC_REPRESENTATION_CONTEXT ( 3 ) GLOBAL_UNCERTAINTY_ASSIGNED_CONTEXT ( ( #2782 ) ) GLOBAL_UNIT_ASSIGNED_CONTEXT ( ( #5673, #2844, #6147 ) ) REPRESENTATION_CONTEXT ( 'NONE', 'WORKASPACE' ) );
#1738 = FACE_OUTER_BOUND ( 'NONE', #687, .T. ) ;
#1739 = EDGE_LOOP ( 'NONE', ( #3248, #1718, #4088, #5694, #383, #2980 ) ) ;
#1740 = CARTESIAN_POINT ( 'NONE',  ( -8.449999999999997500, 3.000000000000000400, -9.949999999999999300 ) ) ;
#1741 = ORIENTED_EDGE ( 'NONE', *, *, #3321, .F. ) ;
#1742 =( NAMED_UNIT ( * ) SI_UNIT ( $, .STERADIAN. ) SOLID_ANGLE_UNIT ( ) );
#1743 = COLOUR_RGB ( '',0.2509803921568627400, 0.2509803921568627400, 0.2509803921568627400 ) ;
#1744 = CARTESIAN_POINT ( 'NONE',  ( 6.197681114621864200, 7.448411032447918200, 14.16438046892422000 ) ) ;
#1745 = LINE ( 'NONE', #4247, #2892 ) ;
#1746 = AXIS2_PLACEMENT_3D ( 'NONE', #915, #936, #4254 ) ;
#1747 = ORIENTED_EDGE ( 'NONE', *, *, #1102, .F. ) ;
#1748 = EDGE_CURVE ( 'NONE', #3964, #4356, #1874, .T. ) ;
#1749 =( LENGTH_UNIT ( ) NAMED_UNIT ( * ) SI_UNIT ( .MILLI., .METRE. ) );
#1750 = DIRECTION ( 'NONE',  ( 1.000000000000000000, 1.223120689731756600E-016, 0.0000000000000000000 ) ) ;
#1751 = FACE_OUTER_BOUND ( 'NONE', #2440, .T. ) ;
#1752 = EDGE_CURVE ( 'NONE', #4362, #5879, #4405, .T. ) ;
#1753 =( LENGTH_UNIT ( ) NAMED_UNIT ( * ) SI_UNIT ( .MILLI., .METRE. ) );
#1754 = EDGE_CURVE ( 'NONE', #5365, #3405, #5533, .T. ) ;
#1755 = ORIENTED_EDGE ( 'NONE', *, *, #188, .F. ) ;
#1756 = AXIS2_PLACEMENT_3D ( 'NONE', #400, #1830, #2308 ) ;
#1757 = ORIENTED_EDGE ( 'NONE', *, *, #2000, .F. ) ;
#1758 = FACE_OUTER_BOUND ( 'NONE', #709, .T. ) ;
#1760 = FILL_AREA_STYLE ('',( #1297 ) ) ;
#1759 = CARTESIAN_POINT ( 'NONE',  ( -9.999999999999996400, 0.1999999999999996500, -4.999999999999997300 ) ) ;
#1761 = UNCERTAINTY_MEASURE_WITH_UNIT (LENGTH_MEASURE( 1.000000000000000100E-005 ), #836, 'distance_accuracy_value', 'NONE');
#1762 = DIRECTION ( 'NONE',  ( -8.673617379884388900E-015, 0.0000000000000000000, -1.000000000000000000 ) ) ;
#1763 = ORIENTED_EDGE ( 'NONE', *, *, #2692, .T. ) ;
#1764 = ORIENTED_EDGE ( 'NONE', *, *, #375, .F. ) ;
#1765 = CARTESIAN_POINT ( 'NONE',  ( -9.799999999999995400, 6.000000000000000000, 0.0000000000000000000 ) ) ;
#1766 = MECHANICAL_DESIGN_GEOMETRIC_PRESENTATION_REPRESENTATION (  '', ( #1155 ), #2091 ) ;
#1767 = CARTESIAN_POINT ( 'NONE',  ( 10.00000000000000400, 6.000000000000000000, -4.999999999999997300 ) ) ;
#1768 = DIRECTION ( 'NONE',  ( 0.0000000000000000000, 0.0000000000000000000, 1.000000000000000000 ) ) ;
#1769 = EDGE_LOOP ( 'NONE', ( #5487, #1490, #3209, #2131 ) ) ;
#1770 = FACE_OUTER_BOUND ( 'NONE', #3320, .T. ) ;
#1771 = LINE ( 'NONE', #1346, #5440 ) ;
#1772 = ORIENTED_EDGE ( 'NONE', *, *, #4930, .F. ) ;
#1773 = DIRECTION ( 'NONE',  ( -1.000000000000000000, 0.0000000000000000000, 0.0000000000000000000 ) ) ;
#1774 = VECTOR ( 'NONE', #1169, 1000.000000000000000 ) ;
#1775 = EDGE_CURVE ( 'NONE', #4092, #5368, #3418, .T. ) ;
#1776 = DIRECTION ( 'NONE',  ( 0.0000000000000000000, 0.0000000000000000000, 1.000000000000000000 ) ) ;
#1777 = CARTESIAN_POINT ( 'NONE',  ( 1.734723475976807100E-015, 6.000000000000000000, 5.000000000000002700 ) ) ;
#1778 = ORIENTED_EDGE ( 'NONE', *, *, #1754, .F. ) ;
#1780 = CARTESIAN_POINT ( 'NONE',  ( 7.925129743375459900, 5.000000000000000000, 14.44441838603068400 ) ) ;
#1779 = SURFACE_SIDE_STYLE ('',( #4058 ) ) ;
#1781 = DIRECTION ( 'NONE',  ( 0.0000000000000000000, -1.000000000000000000, 0.0000000000000000000 ) ) ;
#1782 = DIRECTION ( 'NONE',  ( 0.0000000000000000000, 0.0000000000000000000, -1.000000000000000000 ) ) ;
#1783 = DIRECTION ( 'NONE',  ( 0.7071067811865473500, 0.0000000000000000000, 0.7071067811865476800 ) ) ;
#1784 = SURFACE_STYLE_USAGE ( .BOTH. , #3883 ) ;
#1785 = PLANE ( 'NONE',  #5238 ) ;
#1786 = EDGE_CURVE ( 'NONE', #3849, #4000, #6121, .T. ) ;
#1787 = ORIENTED_EDGE ( 'NONE', *, *, #5630, .F. ) ;
#1788 = PLANE ( 'NONE',  #3761 ) ;
#1789 = EDGE_CURVE ( 'NONE', #147, #5855, #5388, .T. ) ;
#1790 = EDGE_CURVE ( 'NONE', #3130, #2976, #1714, .T. ) ;
#1791 =( GEOMETRIC_REPRESENTATION_CONTEXT ( 3 ) GLOBAL_UNCERTAINTY_ASSIGNED_CONTEXT ( ( #3788 ) ) GLOBAL_UNIT_ASSIGNED_CONTEXT ( ( #4306, #1480, #4807 ) ) REPRESENTATION_CONTEXT ( 'NONE', 'WORKASPACE' ) );
#1792 =( LENGTH_UNIT ( ) NAMED_UNIT ( * ) SI_UNIT ( .MILLI., .METRE. ) );
#1793 = COLOUR_RGB ( '',0.2509803921568627400, 0.2509803921568627400, 0.2509803921568627400 ) ;
#1794 = DIRECTION ( 'NONE',  ( -0.7071067811865458000, -0.0000000000000000000, -0.7071067811865492400 ) ) ;
#1795 = ORIENTED_EDGE ( 'NONE', *, *, #4040, .T. ) ;
#1796 = DIRECTION ( 'NONE',  ( -0.0000000000000000000, -1.000000000000000000, -0.0000000000000000000 ) ) ;
#1798 = CARTESIAN_POINT ( 'NONE',  ( 10.17264878961249300, 4.500000000000000900, 11.51633742116619400 ) ) ;
#1797 = CARTESIAN_POINT ( 'NONE',  ( 7.925129743375459900, 1.800000000000000000, 14.44441838603068400 ) ) ;
#1799 = STYLED_ITEM ( 'NONE', ( #3255 ), #257 ) ;
#1800 = UNCERTAINTY_MEASURE_WITH_UNIT (LENGTH_MEASURE( 1.000000000000000100E-005 ), #4678, 'distance_accuracy_value', 'NONE');
#1801 = CARTESIAN_POINT ( 'NONE',  ( 8.550000000000004300, 4.000000000000000900, -10.99999999999999800 ) ) ;
#1802 = AXIS2_PLACEMENT_3D ( 'NONE', #2512, #5844, #2997 ) ;
#1803 = SURFACE_STYLE_FILL_AREA ( #1945 ) ;
#1804 = CARTESIAN_POINT ( 'NONE',  ( -0.1999999999999978500, 0.0000000000000000000, 5.250000000000002700 ) ) ;
#1805 = CARTESIAN_POINT ( 'NONE',  ( -2.999999999999996900, 5.917157287525379900, -5.049999999999995400 ) ) ;
#1806 = VERTEX_POINT ( 'NONE', #5943 ) ;
#1807 = DIRECTION ( 'NONE',  ( 0.0000000000000000000, -1.000000000000000000, 0.0000000000000000000 ) ) ;
#1808 = EDGE_CURVE ( 'NONE', #5925, #891, #5243, .T. ) ;
#1809 = LINE ( 'NONE', #2706, #4336 ) ;
#1810 = STYLED_ITEM ( 'NONE', ( #1527 ), #1518 ) ;
#1811 = DIRECTION ( 'NONE',  ( 1.223120689731756600E-016, -1.000000000000000000, 1.982809587625459300E-017 ) ) ;
#1812 = LINE ( 'NONE', #1436, #4057 ) ;
#1813 = LINE ( 'NONE', #4126, #5481 ) ;
#1814 =( NAMED_UNIT ( * ) PLANE_ANGLE_UNIT ( ) SI_UNIT ( $, .RADIAN. ) );
#1815 = EDGE_CURVE ( 'NONE', #891, #192, #325, .T. ) ;
#1816 = PLANE ( 'NONE',  #167 ) ;
#1817 = ORIENTED_EDGE ( 'NONE', *, *, #4991, .F. ) ;
#1818 = CARTESIAN_POINT ( 'NONE',  ( 3.249999999999998700, 10.01123422402631900, -5.299999999999994500 ) ) ;
#1819 = FACE_OUTER_BOUND ( 'NONE', #5051, .T. ) ;
#1820 = COLOUR_RGB ( '',0.2509803921568627400, 0.2509803921568627400, 0.2509803921568627400 ) ;
#1821 = EDGE_CURVE ( 'NONE', #461, #2834, #2998, .T. ) ;
#1822 = ORIENTED_EDGE ( 'NONE', *, *, #4758, .T. ) ;
#1823 = DIRECTION ( 'NONE',  ( 0.0000000000000000000, 0.0000000000000000000, -1.000000000000000000 ) ) ;
#1824 = DIRECTION ( 'NONE',  ( 0.0000000000000000000, 0.0000000000000000000, -1.000000000000000000 ) ) ;
#1825 = EDGE_CURVE ( 'NONE', #1362, #4000, #1442, .T. ) ;
#1826 = AXIS2_PLACEMENT_3D ( 'NONE', #2090, #3520, #5430 ) ;
#1827 = VERTEX_POINT ( 'NONE', #5007 ) ;
#1828 = DIRECTION ( 'NONE',  ( -1.000000000000000000, 0.0000000000000000000, 4.956352788505161300E-016 ) ) ;
#1829 = VECTOR ( 'NONE', #2744, 1000.000000000000000 ) ;
#1830 = DIRECTION ( 'NONE',  ( 0.0000000000000000000, -1.000000000000000000, 0.0000000000000000000 ) ) ;
#1831 = FILL_AREA_STYLE_COLOUR ( '', #3358 ) ;
#1832 = DIRECTION ( 'NONE',  ( 1.000000000000000000, 0.0000000000000000000, -4.336808689942006700E-015 ) ) ;
#1833 = VERTEX_POINT ( 'NONE', #4542 ) ;
#1834 = COLOUR_RGB ( '',0.2509803921568627400, 0.2509803921568627400, 0.2509803921568627400 ) ;
#1835 =( GEOMETRIC_REPRESENTATION_CONTEXT ( 3 ) GLOBAL_UNCERTAINTY_ASSIGNED_CONTEXT ( ( #853 ) ) GLOBAL_UNIT_ASSIGNED_CONTEXT ( ( #1753, #5093, #2243 ) ) REPRESENTATION_CONTEXT ( 'NONE', 'WORKASPACE' ) );
#1836 = ORIENTED_EDGE ( 'NONE', *, *, #49, .T. ) ;
#1837 = DIRECTION ( 'NONE',  ( -0.7071067811865500200, 0.0000000000000000000, -0.7071067811865451300 ) ) ;
#1838 = EDGE_LOOP ( 'NONE', ( #220, #1938 ) ) ;
#1839 = ADVANCED_FACE ( 'NONE', ( #3807 ), #17, .F. ) ;
#1840 = COLOUR_RGB ( '',0.2509803921568627400, 0.2509803921568627400, 0.2509803921568627400 ) ;
#1841 = CARTESIAN_POINT ( 'NONE',  ( -6.749999999999997300, 0.1999999999999987900, -5.299999999999994500 ) ) ;
#1842 =( BOUNDED_CURVE ( )  B_SPLINE_CURVE ( 3, ( #4069, #1226, #4549, #1685 ),
 .UNSPECIFIED., .F., .F. ) 
 B_SPLINE_CURVE_WITH_KNOTS ( ( 4, 4 ),
 ( 4.712388980384691500, 6.283185307179580900 ),
 .UNSPECIFIED. ) 
 CURVE ( )  GEOMETRIC_REPRESENTATION_ITEM ( )  RATIONAL_B_SPLINE_CURVE ( ( 1.000000000000000000, 0.8047378541243667100, 0.8047378541243667100, 1.000000000000000000 ) ) 
 REPRESENTATION_ITEM ( '' )  );
#1843 = EDGE_CURVE ( 'NONE', #5863, #622, #2701, .T. ) ;
#1844 = AXIS2_PLACEMENT_3D ( 'NONE', #284, #3608, #744 ) ;
#1845 = ORIENTED_EDGE ( 'NONE', *, *, #3968, .F. ) ;
#1846 = DIRECTION ( 'NONE',  ( 0.0000000000000000000, 0.0000000000000000000, 1.000000000000000000 ) ) ;
#1847 = ORIENTED_EDGE ( 'NONE', *, *, #4017, .T. ) ;
#1848 = CARTESIAN_POINT ( 'NONE',  ( 6.917157287525381700, 6.000000000000000000, -5.015685424949230900 ) ) ;
#1849 = DIRECTION ( 'NONE',  ( -1.734723475976806800E-016, -0.0000000000000000000, 1.000000000000000000 ) ) ;
#1850 = VERTEX_POINT ( 'NONE', #5518 ) ;
#1851 = SURFACE_STYLE_USAGE ( .BOTH. , #4706 ) ;
#1852 = STYLED_ITEM ( 'NONE', ( #5339 ), #1103 ) ;
#1853 = DIRECTION ( 'NONE',  ( 0.0000000000000000000, -1.000000000000000000, 0.0000000000000000000 ) ) ;
#1854 = MECHANICAL_DESIGN_GEOMETRIC_PRESENTATION_REPRESENTATION (  '', ( #902 ), #2171 ) ;
#1855 = VECTOR ( 'NONE', #1663, 1000.000000000000000 ) ;
#1856 = DIRECTION ( 'NONE',  ( 0.0000000000000000000, 0.7071067811865475700, -0.7071067811865475700 ) ) ;
#1857 = PRESENTATION_STYLE_ASSIGNMENT (( #293 ) ) ;
#1858 = VERTEX_POINT ( 'NONE', #5499 ) ;
#1859 = LINE ( 'NONE', #45, #589 ) ;
#1860 = PLANE ( 'NONE',  #3505 ) ;
#1861 = COLOUR_RGB ( '',0.2509803921568627400, 0.2509803921568627400, 0.2509803921568627400 ) ;
#1862 = FILL_AREA_STYLE ('',( #4239 ) ) ;
#1863 = ORIENTED_EDGE ( 'NONE', *, *, #971, .T. ) ;
#1864 =( NAMED_UNIT ( * ) SI_UNIT ( $, .STERADIAN. ) SOLID_ANGLE_UNIT ( ) );
#1865 = DIRECTION ( 'NONE',  ( 0.9328602490176606300, 0.0000000000000000000, 0.3602384707422406400 ) ) ;
#1866 = LINE ( 'NONE', #3733, #4250 ) ;
#1867 = DIRECTION ( 'NONE',  ( -0.0000000000000000000, -1.000000000000000000, -0.0000000000000000000 ) ) ;
#1868 = ORIENTED_EDGE ( 'NONE', *, *, #3815, .F. ) ;
#1869 = CARTESIAN_POINT ( 'NONE',  ( 3.284314575050761000, 8.253512991593402200E-017, -5.217157287525375300 ) ) ;
#1870 = COLOUR_RGB ( '',0.2509803921568627400, 0.2509803921568627400, 0.2509803921568627400 ) ;
#1871 = ADVANCED_FACE ( 'NONE', ( #5081 ), #1695, .F. ) ;
#1872 =( GEOMETRIC_REPRESENTATION_CONTEXT ( 3 ) GLOBAL_UNCERTAINTY_ASSIGNED_CONTEXT ( ( #1363 ) ) GLOBAL_UNIT_ASSIGNED_CONTEXT ( ( #5585, #2740, #6053 ) ) REPRESENTATION_CONTEXT ( 'NONE', 'WORKASPACE' ) );
#1873 = DIRECTION ( 'NONE',  ( 1.000000000000000000, 0.0000000000000000000, 0.0000000000000000000 ) ) ;
#1874 = LINE ( 'NONE', #4474, #3152 ) ;
#1875 = ORIENTED_EDGE ( 'NONE', *, *, #5647, .T. ) ;
#1876 = DIRECTION ( 'NONE',  ( -1.000000000000000000, 0.0000000000000000000, 4.336808689942006700E-015 ) ) ;
#1877 = CLOSED_SHELL ( 'NONE', ( #2526, #3186, #5776, #1839, #4118, #4585, #2177, #769, #1286, #2862, #3407, #3034, #3872, #322, #4055, #3067, #6146, #4393, #4090, #4756, #5194, #5556, #1485, #3999, #5324, #2656, #1677, #2028, #5468, #944, #4267, #5083, #4217, #2146, #1627, #5893, #3651, #5924, #1906, #968, #1201, #3379, #5984, #3096, #4427, #2835, #4495, #4619, #3592, #5296, #1103, #2433, #5682, #1041, #1447, #3510, #2917, #4934, #5866, #465, #5530, #5952, #500, #193, #1652, #701, #3741, #908, #4956, #2400, #1703, #1572, #2306, #2086, #3346, #3127, #2945, #803, #5406, #3314, #4528, #4327, #6021, #2058, #441, #228, #1936, #1254, #3001, #5655, #3536, #2893, #4561, #3937, #4689, #643, #3806, #5500, #4850, #2720, #1137, #5230, #257, #66, #1728, #3963, #2338, #2113, #3840, #3157, #4905, #1388, #5437, #2558, #1227, #1418, #2625, #528, #33, #5381, #738, #127, #882, #2802, #9, #1600, #3770, #4990, #4823, #2213, #168, #4718, #2589, #4298, #3621, #3472, #6118, #5016, #2369, #1518, #1871, #3564, #1004, #2684, #675, #5264, #2490, #1965, #4246, #4029, #5748, #5053, #613, #3285, #1166, #4789, #290, #5836, #411, #4463, #5719 ) ) ;
#1878 = EDGE_CURVE ( 'NONE', #2158, #1484, #4482, .T. ) ;
#1879 = EDGE_CURVE ( 'NONE', #1850, #5516, #5749, .T. ) ;
#1880 = EDGE_CURVE ( 'NONE', #1850, #297, #3221, .T. ) ;
#1881 = CARTESIAN_POINT ( 'NONE',  ( -9.799999999999995400, 0.1999999999999996500, 5.300000000000003400 ) ) ;
#1882 = PRESENTATION_LAYER_ASSIGNMENT (  '', '', ( #928 ) ) ;
#1883 = FILL_AREA_STYLE ('',( #6165 ) ) ;
#1884 = CARTESIAN_POINT ( 'NONE',  ( 5.917643197515396900, 4.800000000000000700, 15.89182909767781000 ) ) ;
#1885 = LINE ( 'NONE', #1399, #4418 ) ;
#1886 = CARTESIAN_POINT ( 'NONE',  ( 9.800000000000002500, 5.800000000000000700, -4.799999999999998000 ) ) ;
#1887 = FILL_AREA_STYLE ('',( #2351 ) ) ;
#1888 = CARTESIAN_POINT ( 'NONE',  ( 9.800000000000002500, 5.800000000000000700, -4.799999999999998000 ) ) ;
#1889 =( GEOMETRIC_REPRESENTATION_CONTEXT ( 3 ) GLOBAL_UNCERTAINTY_ASSIGNED_CONTEXT ( ( #6093 ) ) GLOBAL_UNIT_ASSIGNED_CONTEXT ( ( #2017, #3911, #1068 ) ) REPRESENTATION_CONTEXT ( 'NONE', 'WORKASPACE' ) );
#1890 = SURFACE_STYLE_USAGE ( .BOTH. , #4753 ) ;
#1891 = VECTOR ( 'NONE', #3736, 1000.000000000000000 ) ;
#1892 = VECTOR ( 'NONE', #2598, 1000.000000000000000 ) ;
#1893 = ORIENTED_EDGE ( 'NONE', *, *, #6111, .F. ) ;
#1894 = VERTEX_POINT ( 'NONE', #5983 ) ;
#1895 = CARTESIAN_POINT ( 'NONE',  ( -9.999999999999996400, 0.1999999999999996500, -4.799999999999998000 ) ) ;
#1896 = SURFACE_STYLE_USAGE ( .BOTH. , #1190 ) ;
#1897 = CARTESIAN_POINT ( 'NONE',  ( -6.699999999999996600, 5.000000000000000000, 6.000000000000003600 ) ) ;
#1898 = LINE ( 'NONE', #5211, #624 ) ;
#1899 = SURFACE_STYLE_FILL_AREA ( #1491 ) ;
#1900 = ORIENTED_EDGE ( 'NONE', *, *, #4475, .T. ) ;
#1901 = UNCERTAINTY_MEASURE_WITH_UNIT (LENGTH_MEASURE( 1.000000000000000100E-005 ), #3099, 'distance_accuracy_value', 'NONE');
#1902 = VECTOR ( 'NONE', #5210, 1000.000000000000000 ) ;
#1903 = SURFACE_SIDE_STYLE ('',( #2875 ) ) ;
#1904 = COLOUR_RGB ( '',0.2509803921568627400, 0.2509803921568627400, 0.2509803921568627400 ) ;
#1905 = EDGE_CURVE ( 'NONE', #3378, #3851, #5625, .T. ) ;
#1906 = ADVANCED_FACE ( 'NONE', ( #673 ), #5092, .F. ) ;
#1907 = SURFACE_STYLE_USAGE ( .BOTH. , #4769 ) ;
#1908 = ORIENTED_EDGE ( 'NONE', *, *, #404, .F. ) ;
#1909 = PRESENTATION_STYLE_ASSIGNMENT (( #5646 ) ) ;
#1910 = CARTESIAN_POINT ( 'NONE',  ( -0.3328427124746173300, 6.000000000000000000, 5.300000000000003400 ) ) ;
#1911 = EDGE_LOOP ( 'NONE', ( #4779, #51, #1716, #3433 ) ) ;
#1912 = ORIENTED_EDGE ( 'NONE', *, *, #4676, .T. ) ;
#1913 = DIRECTION ( 'NONE',  ( -1.000000000000000000, -0.0000000000000000000, -0.0000000000000000000 ) ) ;
#1914 = COLOUR_RGB ( '',1.000000000000000000, 0.0000000000000000000, 0.0000000000000000000 ) ;
#1915 = CARTESIAN_POINT ( 'NONE',  ( 3.249999999999998700, 5.799999999999999800, -5.299999999999994500 ) ) ;
#1916 = DIRECTION ( 'NONE',  ( -1.226634733346698700E-015, -0.7071067811865470200, -0.7071067811865480200 ) ) ;
#1917 = EDGE_LOOP ( 'NONE', ( #814, #3693, #4455, #11 ) ) ;
#1918 = AXIS2_PLACEMENT_3D ( 'NONE', #3930, #1084, #4397 ) ;
#1919 = ORIENTED_EDGE ( 'NONE', *, *, #4487, .F. ) ;
#1920 = UNCERTAINTY_MEASURE_WITH_UNIT (LENGTH_MEASURE( 1.000000000000000100E-005 ), #2936, 'distance_accuracy_value', 'NONE');
#1921 = CARTESIAN_POINT ( 'NONE',  ( -9.799999999999995400, 6.000000000000000000, 5.300000000000003400 ) ) ;
#1922 = FILL_AREA_STYLE ('',( #967 ) ) ;
#1923 = ORIENTED_EDGE ( 'NONE', *, *, #6031, .F. ) ;
#1924 =( LENGTH_UNIT ( ) NAMED_UNIT ( * ) SI_UNIT ( .MILLI., .METRE. ) );
#1925 = AXIS2_PLACEMENT_3D ( 'NONE', #5347, #5131, #1181 ) ;
#1926 = LINE ( 'NONE', #334, #5587 ) ;
#1927 = EDGE_CURVE ( 'NONE', #3130, #5284, #5160, .T. ) ;
#1928 = MECHANICAL_DESIGN_GEOMETRIC_PRESENTATION_REPRESENTATION (  '', ( #1299 ), #2248 ) ;
#1929 = VECTOR ( 'NONE', #2254, 1000.000000000000000 ) ;
#1930 = ORIENTED_EDGE ( 'NONE', *, *, #4120, .T. ) ;
#1931 = DIRECTION ( 'NONE',  ( 0.0000000000000000000, -1.000000000000000000, 0.0000000000000000000 ) ) ;
#1932 =( LENGTH_UNIT ( ) NAMED_UNIT ( * ) SI_UNIT ( .MILLI., .METRE. ) );
#1933 = LINE ( 'NONE', #4333, #660 ) ;
#1934 = EDGE_CURVE ( 'NONE', #1833, #1521, #2623, .T. ) ;
#1935 = LINE ( 'NONE', #667, #1774 ) ;
#1936 = ADVANCED_FACE ( 'NONE', ( #3887 ), #3290, .T. ) ;
#1937 = PRESENTATION_LAYER_ASSIGNMENT (  '', '', ( #1625 ) ) ;
#1938 = ORIENTED_EDGE ( 'NONE', *, *, #1717, .T. ) ;
#1939 =( GEOMETRIC_REPRESENTATION_CONTEXT ( 3 ) GLOBAL_UNCERTAINTY_ASSIGNED_CONTEXT ( ( #2822 ) ) GLOBAL_UNIT_ASSIGNED_CONTEXT ( ( #1074, #4383, #1554 ) ) REPRESENTATION_CONTEXT ( 'NONE', 'WORKASPACE' ) );
#1940 = SURFACE_STYLE_USAGE ( .BOTH. , #4802 ) ;
#1941 = CYLINDRICAL_SURFACE ( 'NONE', #3161, 0.3999999999999993000 ) ;
#1942 = FACE_OUTER_BOUND ( 'NONE', #4763, .T. ) ;
#1943 = CARTESIAN_POINT ( 'NONE',  ( -4.999999999999998200, 6.000000000000000000, -2.817398742541499200 ) ) ;
#1944 = ORIENTED_EDGE ( 'NONE', *, *, #530, .T. ) ;
#1945 = FILL_AREA_STYLE ('',( #5294 ) ) ;
#1946 = PRESENTATION_STYLE_ASSIGNMENT (( #3138 ) ) ;
#1947 = CARTESIAN_POINT ( 'NONE',  ( -6.715685424949231900, 6.000000000000000000, -5.217157287525378000 ) ) ;
#1948 = VECTOR ( 'NONE', #4080, 1000.000000000000000 ) ;
#1949 = CARTESIAN_POINT ( 'NONE',  ( 0.0000000000000000000, 5.800000000000000700, -4.799999999999998000 ) ) ;
#1950 = VERTEX_POINT ( 'NONE', #3720 ) ;
#1951 = DIRECTION ( 'NONE',  ( 0.0000000000000000000, -0.0000000000000000000, -1.000000000000000000 ) ) ;
#1952 = PRODUCT ( 'Microswitch', 'Microswitch', '', ( #2042 ) ) ;
#1954 = SURFACE_STYLE_USAGE ( .BOTH. , #4819 ) ;
#1953 = SURFACE_STYLE_USAGE ( .BOTH. , #4818 ) ;
#1955 = PLANE ( 'NONE',  #506 ) ;
#1956 = VERTEX_POINT ( 'NONE', #871 ) ;
#1957 =( GEOMETRIC_REPRESENTATION_CONTEXT ( 3 ) GLOBAL_UNCERTAINTY_ASSIGNED_CONTEXT ( ( #134 ) ) GLOBAL_UNIT_ASSIGNED_CONTEXT ( ( #676, #4021, #1177 ) ) REPRESENTATION_CONTEXT ( 'NONE', 'WORKASPACE' ) );
#1958 = FILL_AREA_STYLE_COLOUR ( '', #5522 ) ;
#1959 = UNCERTAINTY_MEASURE_WITH_UNIT (LENGTH_MEASURE( 1.000000000000000100E-005 ), #2758, 'distance_accuracy_value', 'NONE');
#1960 = PRESENTATION_STYLE_ASSIGNMENT (( #2832 ) ) ;
#1961 = DIRECTION ( 'NONE',  ( -1.000000000000000000, -0.0000000000000000000, -0.0000000000000000000 ) ) ;
#1962 = EDGE_CURVE ( 'NONE', #6109, #4196, #2023, .T. ) ;
#1963 = DIRECTION ( 'NONE',  ( -1.000000000000000000, -1.223120689731756600E-016, 0.0000000000000000000 ) ) ;
#1964 = AXIS2_PLACEMENT_3D ( 'NONE', #3464, #2520, #4431 ) ;
#1965 = ADVANCED_FACE ( 'NONE', ( #2166 ), #1816, .T. ) ;
#1966 = PLANE ( 'NONE',  #2587 ) ;
#1967 = EDGE_CURVE ( 'NONE', #176, #3961, #5821, .T. ) ;
#1969 = CARTESIAN_POINT ( 'NONE',  ( -3.199999999999995700, 0.0000000000000000000, -4.799999999999998000 ) ) ;
#1968 = CARTESIAN_POINT ( 'NONE',  ( -9.999999999999996400, 0.1999999999999996500, -4.799999999999998000 ) ) ;
#1970 = STYLED_ITEM ( 'NONE', ( #4885 ), #968 ) ;
#1971 = ORIENTED_EDGE ( 'NONE', *, *, #1878, .T. ) ;
#1972 =( NAMED_UNIT ( * ) SI_UNIT ( $, .STERADIAN. ) SOLID_ANGLE_UNIT ( ) );
#1973 = CIRCLE ( 'NONE', #3931, 2.000000000000000000 ) ;
#1974 = PRESENTATION_STYLE_ASSIGNMENT (( #161 ) ) ;
#1975 = ORIENTED_EDGE ( 'NONE', *, *, #4234, .T. ) ;
#1976 = CARTESIAN_POINT ( 'NONE',  ( 5.000197376121189300, 1.200000000000000200, 10.35623609131637400 ) ) ;
#1977 = EDGE_LOOP ( 'NONE', ( #4746, #3136, #1559, #5594 ) ) ;
#1978 = ORIENTED_EDGE ( 'NONE', *, *, #1034, .F. ) ;
#1979 = EDGE_CURVE ( 'NONE', #2363, #3769, #5671, .T. ) ;
#1980 = CARTESIAN_POINT ( 'NONE',  ( 5.000000000000001800, 5.800000000000000700, -2.817398742541499200 ) ) ;
#1981 = FACE_OUTER_BOUND ( 'NONE', #362, .T. ) ;
#1982 = MECHANICAL_DESIGN_GEOMETRIC_PRESENTATION_REPRESENTATION (  '', ( #1356 ), #2301 ) ;
#1983 = ORIENTED_EDGE ( 'NONE', *, *, #1649, .F. ) ;
#1984 = DIRECTION ( 'NONE',  ( -0.0000000000000000000, 1.000000000000000000, -0.0000000000000000000 ) ) ;
#1985 = LINE ( 'NONE', #5011, #3111 ) ;
#1986 = CARTESIAN_POINT ( 'NONE',  ( -9.799999999999995400, 0.0000000000000000000, 5.300000000000003400 ) ) ;
#1987 = CIRCLE ( 'NONE', #4679, 1.199999999999999700 ) ;
#1988 = ORIENTED_EDGE ( 'NONE', *, *, #5794, .F. ) ;
#1989 = DIRECTION ( 'NONE',  ( 0.0000000000000000000, -1.000000000000000000, 0.0000000000000000000 ) ) ;
#1990 = ORIENTED_EDGE ( 'NONE', *, *, #3494, .F. ) ;
#1991 = CARTESIAN_POINT ( 'NONE',  ( -3.249999999999997800, 0.1999999999999987900, -5.299999999999995400 ) ) ;
#1992 = AXIS2_PLACEMENT_3D ( 'NONE', #5443, #224, #5466 ) ;
#1993 = CYLINDRICAL_SURFACE ( 'NONE', #1293, 0.1999999999999996500 ) ;
#1994 = FILL_AREA_STYLE_COLOUR ( '', #5898 ) ;
#1995 = ORIENTED_EDGE ( 'NONE', *, *, #1102, .T. ) ;
#1996 = EDGE_LOOP ( 'NONE', ( #3195, #2496, #540, #1923 ) ) ;
#1997 = CARTESIAN_POINT ( 'NONE',  ( -3.199999999999995700, 6.000000000000000000, -4.799999999999998000 ) ) ;
#1998 = CYLINDRICAL_SURFACE ( 'NONE', #4713, 0.5000000000000004400 ) ;
#1999 = DIRECTION ( 'NONE',  ( -1.734723475976805500E-015, -1.000000000000000000, 0.0000000000000000000 ) ) ;
#2000 = EDGE_CURVE ( 'NONE', #3279, #3118, #4396, .T. ) ;
#2001 = ORIENTED_EDGE ( 'NONE', *, *, #4695, .F. ) ;
#2002 = SURFACE_SIDE_STYLE ('',( #714 ) ) ;
#2003 = FACE_OUTER_BOUND ( 'NONE', #4027, .T. ) ;
#2004 = CARTESIAN_POINT ( 'NONE',  ( -2.999999999999997300, 0.1999999999999996500, -4.999999999999997300 ) ) ;
#2005 = SURFACE_STYLE_FILL_AREA ( #5978 ) ;
#2006 = CARTESIAN_POINT ( 'NONE',  ( 7.925129743375459900, 1.500000000000000000, 14.44441838603068400 ) ) ;
#2007 =( NAMED_UNIT ( * ) PLANE_ANGLE_UNIT ( ) SI_UNIT ( $, .RADIAN. ) );
#2009 = EDGE_CURVE ( 'NONE', #3849, #4881, #1866, .T. ) ;
#2008 =( LENGTH_UNIT ( ) NAMED_UNIT ( * ) SI_UNIT ( .MILLI., .METRE. ) );
#2010 = ORIENTED_EDGE ( 'NONE', *, *, #4060, .T. ) ;
#2011 = CARTESIAN_POINT ( 'NONE',  ( -9.799999999999995400, 6.000000000000000000, -4.799999999999998000 ) ) ;
#2012 = ORIENTED_EDGE ( 'NONE', *, *, #131, .T. ) ;
#2013 = PRESENTATION_LAYER_ASSIGNMENT (  '', '', ( #2322 ) ) ;
#2014 = AXIS2_PLACEMENT_3D ( 'NONE', #4558, #1675, #5515 ) ;
#2015 = LINE ( 'NONE', #3336, #740 ) ;
#2016 = PRESENTATION_STYLE_ASSIGNMENT (( #5678 ) ) ;
#2017 =( LENGTH_UNIT ( ) NAMED_UNIT ( * ) SI_UNIT ( .MILLI., .METRE. ) );
#2018 = PRESENTATION_STYLE_ASSIGNMENT (( #4868 ) ) ;
#2019 = CARTESIAN_POINT ( 'NONE',  ( -4.999999999999998200, 0.1999999999999996500, -2.817398742541499200 ) ) ;
#2020 = ORIENTED_EDGE ( 'NONE', *, *, #1257, .T. ) ;
#2021 = ORIENTED_EDGE ( 'NONE', *, *, #5568, .F. ) ;
#2022 = CARTESIAN_POINT ( 'NONE',  ( -9.799999999999995400, 5.800000000000000700, -4.799999999999998000 ) ) ;
#2023 = LINE ( 'NONE', #392, #746 ) ;
#2024 = APPLICATION_PROTOCOL_DEFINITION ( 'draft international standard', 'automotive_design', 1998, #2494 ) ;
#2025 = ORIENTED_EDGE ( 'NONE', *, *, #3814, .T. ) ;
#2026 = DIRECTION ( 'NONE',  ( 0.0000000000000000000, 0.0000000000000000000, -1.000000000000000000 ) ) ;
#2027 = CARTESIAN_POINT ( 'NONE',  ( -6.699999999999996600, 5.000000000000000000, 6.000000000000003600 ) ) ;
#2028 = ADVANCED_FACE ( 'NONE', ( #2993 ), #2317, .T. ) ;
#2029 = ORIENTED_EDGE ( 'NONE', *, *, #2550, .F. ) ;
#2030 = FILL_AREA_STYLE ('',( #2896 ) ) ;
#2031 = SURFACE_STYLE_USAGE ( .BOTH. , #4887 ) ;
#2032 = MECHANICAL_DESIGN_GEOMETRIC_PRESENTATION_REPRESENTATION (  '', ( #747 ), #2346 ) ;
#2033 = ORIENTED_EDGE ( 'NONE', *, *, #4780, .T. ) ;
#2034 = CIRCLE ( 'NONE', #3376, 0.1999999999999996500 ) ;
#2035 = DIRECTION ( 'NONE',  ( -0.0000000000000000000, 1.000000000000000000, -0.0000000000000000000 ) ) ;
#2036 =( NAMED_UNIT ( * ) SI_UNIT ( $, .STERADIAN. ) SOLID_ANGLE_UNIT ( ) );
#2037 = UNCERTAINTY_MEASURE_WITH_UNIT (LENGTH_MEASURE( 1.000000000000000100E-005 ), #2374, 'distance_accuracy_value', 'NONE');
#2038 = PRESENTATION_STYLE_ASSIGNMENT (( #3684 ) ) ;
#2039 = ORIENTED_EDGE ( 'NONE', *, *, #2115, .F. ) ;
#2040 = FACE_OUTER_BOUND ( 'NONE', #1739, .T. ) ;
#2041 = PRESENTATION_LAYER_ASSIGNMENT (  '', '', ( #2355 ) ) ;
#2042 = PRODUCT_CONTEXT ( 'NONE', #2494, 'mechanical' ) ;
#2043 =( LENGTH_UNIT ( ) NAMED_UNIT ( * ) SI_UNIT ( .MILLI., .METRE. ) );
#2044 = VECTOR ( 'NONE', #3251, 1000.000000000000000 ) ;
#2045 = ORIENTED_EDGE ( 'NONE', *, *, #263, .F. ) ;
#2046 = CARTESIAN_POINT ( 'NONE',  ( -5.899999999999999500, 17.39719350251872900, 5.657096799905746200 ) ) ;
#2047 = EDGE_CURVE ( 'NONE', #197, #3634, #5527, .T. ) ;
#2048 =( NAMED_UNIT ( * ) SI_UNIT ( $, .STERADIAN. ) SOLID_ANGLE_UNIT ( ) );
#2049 = SURFACE_STYLE_FILL_AREA ( #2302 ) ;
#2050 = FACE_OUTER_BOUND ( 'NONE', #1595, .T. ) ;
#2051 = ORIENTED_EDGE ( 'NONE', *, *, #4391, .T. ) ;
#2052 = CIRCLE ( 'NONE', #101, 0.1999999999999996500 ) ;
#2053 = DIRECTION ( 'NONE',  ( -0.9328602490176607400, 0.0000000000000000000, -0.3602384707422405800 ) ) ;
#2054 = CIRCLE ( 'NONE', #4775, 0.7500000000000002200 ) ;
#2055 = CARTESIAN_POINT ( 'NONE',  ( 5.320240709957153600, 17.39719350251872900, 8.382009087026551300 ) ) ;
#2056 = AXIS2_PLACEMENT_3D ( 'NONE', #1767, #5862, #4031 ) ;
#2057 = STYLED_ITEM ( 'NONE', ( #84 ), #6021 ) ;
#2058 = ADVANCED_FACE ( 'NONE', ( #453 ), #2386, .T. ) ;
#2059 = ORIENTED_EDGE ( 'NONE', *, *, #3584, .T. ) ;
#2060 = SURFACE_STYLE_FILL_AREA ( #5463 ) ;
#2061 =( NAMED_UNIT ( * ) PLANE_ANGLE_UNIT ( ) SI_UNIT ( $, .RADIAN. ) );
#2063 = CARTESIAN_POINT ( 'NONE',  ( 10.67132034355964300, 3.000000000000000400, -8.449999999999997500 ) ) ;
#2062 = CARTESIAN_POINT ( 'NONE',  ( 8.550000000000004300, 4.000000000000000900, -10.99999999999999800 ) ) ;
#2064 = ORIENTED_EDGE ( 'NONE', *, *, #6148, .T. ) ;
#2065 = EDGE_CURVE ( 'NONE', #5516, #2148, #4928, .T. ) ;
#2066 = ORIENTED_EDGE ( 'NONE', *, *, #4451, .T. ) ;
#2067 = AXIS2_PLACEMENT_3D ( 'NONE', #3797, #955, #4268 ) ;
#2068 = SURFACE_STYLE_USAGE ( .BOTH. , #4925 ) ;
#2069 = VERTEX_POINT ( 'NONE', #3771 ) ;
#2070 = CARTESIAN_POINT ( 'NONE',  ( 4.594322988211932700, 5.000000000000000900, 10.56722012177739200 ) ) ;
#2071 = VERTEX_POINT ( 'NONE', #4251 ) ;
#2072 =( BOUNDED_CURVE ( )  B_SPLINE_CURVE ( 3, ( #3198, #2676, #4159, #1300 ),
 .UNSPECIFIED., .F., .F. ) 
 B_SPLINE_CURVE_WITH_KNOTS ( ( 4, 4 ),
 ( -4.440892098500626200E-015, 1.570796326794896800 ),
 .UNSPECIFIED. ) 
 CURVE ( )  GEOMETRIC_REPRESENTATION_ITEM ( )  RATIONAL_B_SPLINE_CURVE ( ( 1.000000000000000000, 0.8047378541243639400, 0.8047378541243639400, 1.000000000000000000 ) ) 
 REPRESENTATION_ITEM ( '' )  );
#2073 = LINE ( 'NONE', #3773, #3343 ) ;
#2074 = CARTESIAN_POINT ( 'NONE',  ( -2.499999999999996400, 0.0000000000000000000, 6.500000000000002700 ) ) ;
#2075 = ORIENTED_EDGE ( 'NONE', *, *, #5493, .F. ) ;
#2076 = STYLED_ITEM ( 'NONE', ( #164 ), #3314 ) ;
#2077 = SURFACE_SIDE_STYLE ('',( #2318 ) ) ;
#2078 =( LENGTH_UNIT ( ) NAMED_UNIT ( * ) SI_UNIT ( .MILLI., .METRE. ) );
#2079 = LINE ( 'NONE', #5087, #4616 ) ;
#2080 = ORIENTED_EDGE ( 'NONE', *, *, #80, .F. ) ;
#2081 = SURFACE_STYLE_USAGE ( .BOTH. , #4939 ) ;
#2082 = EDGE_CURVE ( 'NONE', #1521, #1833, #1284, .T. ) ;
#2083 = MECHANICAL_DESIGN_GEOMETRIC_PRESENTATION_REPRESENTATION (  '', ( #807 ), #2397 ) ;
#2084 = ORIENTED_EDGE ( 'NONE', *, *, #1934, .T. ) ;
#2085 = PLANE ( 'NONE',  #5523 ) ;
#2086 = ADVANCED_FACE ( 'NONE', ( #14 ), #3214, .T. ) ;
#2087 = DIRECTION ( 'NONE',  ( 0.7071067811865500200, 0.0000000000000000000, 0.7071067811865451300 ) ) ;
#2088 = SURFACE_STYLE_FILL_AREA ( #6122 ) ;
#2089 = LINE ( 'NONE', #5122, #5888 ) ;
#2090 = CARTESIAN_POINT ( 'NONE',  ( 3.199999999999954900, 0.2000000000000000100, 2.775557561562965200E-014 ) ) ;
#2091 =( GEOMETRIC_REPRESENTATION_CONTEXT ( 3 ) GLOBAL_UNCERTAINTY_ASSIGNED_CONTEXT ( ( #5137 ) ) GLOBAL_UNIT_ASSIGNED_CONTEXT ( ( #527, #3859, #1015 ) ) REPRESENTATION_CONTEXT ( 'NONE', 'WORKASPACE' ) );
#2092 = SURFACE_STYLE_USAGE ( .BOTH. , #211 ) ;
#2093 = CIRCLE ( 'NONE', #2943, 0.1999999999999996500 ) ;
#2094 = SURFACE_STYLE_FILL_AREA ( #678 ) ;
#2095 = DIRECTION ( 'NONE',  ( 0.0000000000000000000, 0.0000000000000000000, 1.000000000000000000 ) ) ;
#2096 = DIRECTION ( 'NONE',  ( 1.000000000000000000, 0.0000000000000000000, 0.0000000000000000000 ) ) ;
#2097 = EDGE_LOOP ( 'NONE', ( #1472, #2704, #1845, #3468 ) ) ;
#2098 = DIRECTION ( 'NONE',  ( 1.000000000000000000, 0.0000000000000000000, 0.0000000000000000000 ) ) ;
#2099 = PRESENTATION_STYLE_ASSIGNMENT (( #1940 ) ) ;
#2100 = CARTESIAN_POINT ( 'NONE',  ( -6.399999999999996800, 5.000000000000000000, 5.500000000000003600 ) ) ;
#2101 = AXIS2_PLACEMENT_3D ( 'NONE', #4355, #1531, #4857 ) ;
#2102 = ORIENTED_EDGE ( 'NONE', *, *, #3650, .T. ) ;
#2103 = SURFACE_STYLE_USAGE ( .BOTH. , #4955 ) ;
#2104 = VECTOR ( 'NONE', #6116, 1000.000000000000100 ) ;
#2105 = DIRECTION ( 'NONE',  ( 0.0000000000000000000, 0.0000000000000000000, -1.000000000000000000 ) ) ;
#2106 = DIRECTION ( 'NONE',  ( 4.336808689942006700E-015, 0.0000000000000000000, 1.000000000000000000 ) ) ;
#2107 = CARTESIAN_POINT ( 'NONE',  ( 8.049999999999998900, 1.499999999999998700, -4.999999999999997300 ) ) ;
#2108 = STYLED_ITEM ( 'NONE', ( #3150 ), #2862 ) ;
#2109 = UNCERTAINTY_MEASURE_WITH_UNIT (LENGTH_MEASURE( 1.000000000000000100E-005 ), #4384, 'distance_accuracy_value', 'NONE');
#2110 = VECTOR ( 'NONE', #2820, 999.9999999999998900 ) ;
#2111 = CARTESIAN_POINT ( 'NONE',  ( 2.999999999999998700, 5.917157287525380800, -5.049999999999994500 ) ) ;
#2112 = ORIENTED_EDGE ( 'NONE', *, *, #1497, .F. ) ;
#2113 = ADVANCED_FACE ( 'NONE', ( #1942 ), #2615, .T. ) ;
#2114 = DIRECTION ( 'NONE',  ( 0.0000000000000000000, -0.0000000000000000000, -1.000000000000000000 ) ) ;
#2115 = EDGE_CURVE ( 'NONE', #4612, #2976, #1510, .T. ) ;
#2116 = STYLED_ITEM ( 'NONE', ( #1186 ), #3937 ) ;
#2117 = CYLINDRICAL_SURFACE ( 'NONE', #5125, 0.1999999999999996500 ) ;
#2118 = ORIENTED_EDGE ( 'NONE', *, *, #351, .F. ) ;
#2119 =( LENGTH_UNIT ( ) NAMED_UNIT ( * ) SI_UNIT ( .MILLI., .METRE. ) );
#2120 = LINE ( 'NONE', #3600, #699 ) ;
#2121 = SURFACE_STYLE_FILL_AREA ( #5850 ) ;
#2122 = CARTESIAN_POINT ( 'NONE',  ( -2.999999999999997300, 5.799999999999999800, -4.999999999999996400 ) ) ;
#2123 = AXIS2_PLACEMENT_3D ( 'NONE', #433, #2329, #3189 ) ;
#2124 = ORIENTED_EDGE ( 'NONE', *, *, #5630, .T. ) ;
#2125 = FILL_AREA_STYLE ('',( #5953 ) ) ;
#2126 = AXIS2_PLACEMENT_3D ( 'NONE', #1624, #4947, #2095 ) ;
#2127 =( NAMED_UNIT ( * ) PLANE_ANGLE_UNIT ( ) SI_UNIT ( $, .RADIAN. ) );
#2128 = SURFACE_STYLE_FILL_AREA ( #2285 ) ;
#2129 = CARTESIAN_POINT ( 'NONE',  ( 0.0000000000000000000, 6.000000000000000000, -4.799999999999998000 ) ) ;
#2130 = VECTOR ( 'NONE', #3173, 1000.000000000000000 ) ;
#2131 = ORIENTED_EDGE ( 'NONE', *, *, #5398, .F. ) ;
#2132 = EDGE_CURVE ( 'NONE', #2517, #5206, #241, .T. ) ;
#2133 = ORIENTED_EDGE ( 'NONE', *, *, #3783, .T. ) ;
#2134 = DIRECTION ( 'NONE',  ( -1.000000000000000000, -1.223120689731756600E-016, 0.0000000000000000000 ) ) ;
#2135 = DIRECTION ( 'NONE',  ( -1.734723475976807500E-015, -1.000000000000000000, -0.0000000000000000000 ) ) ;
#2136 = VERTEX_POINT ( 'NONE', #4812 ) ;
#2137 = ORIENTED_EDGE ( 'NONE', *, *, #1051, .T. ) ;
#2139 = DIRECTION ( 'NONE',  ( 0.0000000000000000000, 0.0000000000000000000, 1.000000000000000000 ) ) ;
#2138 = CARTESIAN_POINT ( 'NONE',  ( 6.667157287525379100, 6.000000000000000000, -5.099999999999993400 ) ) ;
#2140 = ORIENTED_EDGE ( 'NONE', *, *, #5203, .T. ) ;
#2141 = EDGE_CURVE ( 'NONE', #2815, #3484, #818, .T. ) ;
#2142 = EDGE_LOOP ( 'NONE', ( #57, #5702, #5894, #3700 ) ) ;
#2143 = EDGE_CURVE ( 'NONE', #4978, #3642, #3878, .T. ) ;
#2144 = MECHANICAL_DESIGN_GEOMETRIC_PRESENTATION_REPRESENTATION (  '', ( #1526 ), #2464 ) ;
#2145 = CARTESIAN_POINT ( 'NONE',  ( 5.000000000000001800, 0.0000000000000000000, -2.817398742541499200 ) ) ;
#2146 = ADVANCED_FACE ( 'NONE', ( #6107, #4993 ), #1966, .F. ) ;
#2147 = CARTESIAN_POINT ( 'NONE',  ( -3.999999999999996400, 4.649999999999999500, 7.000000000000002700 ) ) ;
#2148 = VERTEX_POINT ( 'NONE', #1018 ) ;
#2149 = FILL_AREA_STYLE_COLOUR ( '', #477 ) ;
#2150 = STYLED_ITEM ( 'NONE', ( #3713 ), #3564 ) ;
#2151 = VERTEX_POINT ( 'NONE', #4851 ) ;
#2152 = FILL_AREA_STYLE_COLOUR ( '', #5179 ) ;
#2153 = VERTEX_POINT ( 'NONE', #1986 ) ;
#2154 = CARTESIAN_POINT ( 'NONE',  ( 3.249999999999998200, 6.000000000000000000, -5.099999999999995200 ) ) ;
#2155 = LINE ( 'NONE', #3316, #4551 ) ;
#2156 = FACE_OUTER_BOUND ( 'NONE', #3070, .T. ) ;
#2157 = CARTESIAN_POINT ( 'NONE',  ( -0.3328427124746173300, 5.800000000000000700, 5.300000000000003400 ) ) ;
#2158 = VERTEX_POINT ( 'NONE', #5335 ) ;
#2160 = CARTESIAN_POINT ( 'NONE',  ( 6.197681114621864200, 7.448411032447918200, 14.16438046892422000 ) ) ;
#2159 = SURFACE_STYLE_USAGE ( .BOTH. , #5012 ) ;
#2161 = EDGE_CURVE ( 'NONE', #1414, #4356, #741, .T. ) ;
#2162 = SURFACE_SIDE_STYLE ('',( #264 ) ) ;
#2163 = AXIS2_PLACEMENT_3D ( 'NONE', #306, #3627, #763 ) ;
#2164 = SURFACE_STYLE_FILL_AREA ( #3652 ) ;
#2165 = CYLINDRICAL_SURFACE ( 'NONE', #3913, 0.2000000000000000400 ) ;
#2166 = FACE_OUTER_BOUND ( 'NONE', #1056, .T. ) ;
#2167 = ORIENTED_EDGE ( 'NONE', *, *, #5446, .T. ) ;
#2168 = CARTESIAN_POINT ( 'NONE',  ( 0.8835786437626812500, 5.800000000000000700, -0.8835786437626768100 ) ) ;
#2169 = CARTESIAN_POINT ( 'NONE',  ( 5.000000000000001800, 5.800000000000000700, -2.817398742541499200 ) ) ;
#2170 = PRESENTATION_LAYER_ASSIGNMENT (  '', '', ( #1852 ) ) ;
#2171 =( GEOMETRIC_REPRESENTATION_CONTEXT ( 3 ) GLOBAL_UNCERTAINTY_ASSIGNED_CONTEXT ( ( #965 ) ) GLOBAL_UNIT_ASSIGNED_CONTEXT ( ( #1287, #4608, #1742 ) ) REPRESENTATION_CONTEXT ( 'NONE', 'WORKASPACE' ) );
#2172 = ORIENTED_EDGE ( 'NONE', *, *, #2314, .F. ) ;
#2173 = CARTESIAN_POINT ( 'NONE',  ( 4.596136861345048200, 5.000000000000000000, 10.56792057705381900 ) ) ;
#2174 = PLANE ( 'NONE',  #2014 ) ;
#2175 = DIRECTION ( 'NONE',  ( -0.9328602490176606300, 0.0000000000000000000, -0.3602384707422406400 ) ) ;
#2176 = CIRCLE ( 'NONE', #3515, 1.749999999999998000 ) ;
#2177 = ADVANCED_FACE ( 'NONE', ( #3141 ), #316, .T. ) ;
#2178 = LINE ( 'NONE', #585, #3302 ) ;
#2179 = ORIENTED_EDGE ( 'NONE', *, *, #4782, .T. ) ;
#2180 = DIRECTION ( 'NONE',  ( -0.0000000000000000000, -1.000000000000000000, -0.0000000000000000000 ) ) ;
#2182 = FILL_AREA_STYLE ('',( #5013 ) ) ;
#2181 = CARTESIAN_POINT ( 'NONE',  ( 7.925129743375459900, 1.200000000000000200, 14.44441838603068400 ) ) ;
#2183 = PRESENTATION_LAYER_ASSIGNMENT (  '', '', ( #1239 ) ) ;
#2184 = LINE ( 'NONE', #2476, #4574 ) ;
#2185 = LINE ( 'NONE', #4216, #768 ) ;
#2186 =( LENGTH_UNIT ( ) NAMED_UNIT ( * ) SI_UNIT ( .MILLI., .METRE. ) );
#2187 = CARTESIAN_POINT ( 'NONE',  ( 1.734723475976807100E-015, 0.2000000000000005100, 5.000000000000002700 ) ) ;
#2188 = UNCERTAINTY_MEASURE_WITH_UNIT (LENGTH_MEASURE( 1.000000000000000100E-005 ), #2986, 'distance_accuracy_value', 'NONE');
#2189 =( NAMED_UNIT ( * ) SI_UNIT ( $, .STERADIAN. ) SOLID_ANGLE_UNIT ( ) );
#2190 = LINE ( 'NONE', #2785, #2044 ) ;
#2191 = PRESENTATION_LAYER_ASSIGNMENT (  '', '', ( #2853 ) ) ;
#2192 = ORIENTED_EDGE ( 'NONE', *, *, #2398, .F. ) ;
#2193 = FACE_OUTER_BOUND ( 'NONE', #431, .T. ) ;
#2194 = CARTESIAN_POINT ( 'NONE',  ( -8.449999999999997500, 1.500000000000000400, -4.999999999999997300 ) ) ;
#2195 = LINE ( 'NONE', #658, #5188 ) ;
#2196 = FILL_AREA_STYLE_COLOUR ( '', #2263 ) ;
#2197 = ORIENTED_EDGE ( 'NONE', *, *, #3029, .F. ) ;
#2198 = DIRECTION ( 'NONE',  ( -1.000000000000000000, 0.0000000000000000000, 0.0000000000000000000 ) ) ;
#2199 = VERTEX_POINT ( 'NONE', #3424 ) ;
#2200 = EDGE_CURVE ( 'NONE', #6109, #2069, #4146, .T. ) ;
#2201 = LINE ( 'NONE', #1279, #4434 ) ;
#2202 = MECHANICAL_DESIGN_GEOMETRIC_PRESENTATION_REPRESENTATION (  '', ( #928 ), #2523 ) ;
#2203 = LINE ( 'NONE', #4448, #4589 ) ;
#2204 = FACE_OUTER_BOUND ( 'NONE', #4639, .T. ) ;
#2205 = EDGE_LOOP ( 'NONE', ( #5798, #5020, #2167, #6097, #5302, #4515, #2905, #3356, #3559, #15, #2779, #2438, #1975, #2560, #4839, #5482, #4832, #3867, #4214 ) ) ;
#2206 = DIRECTION ( 'NONE',  ( 0.7071067811865458000, 0.0000000000000000000, 0.7071067811865493500 ) ) ;
#2208 = CARTESIAN_POINT ( 'NONE',  ( 2.999999999999998200, 0.08284271247461820500, -4.999999999999998200 ) ) ;
#2207 =( NAMED_UNIT ( * ) PLANE_ANGLE_UNIT ( ) SI_UNIT ( $, .RADIAN. ) );
#2209 = EDGE_LOOP ( 'NONE', ( #2983, #2059, #299, #5667 ) ) ;
#2210 = LINE ( 'NONE', #4662, #4747 ) ;
#2211 = PRESENTATION_STYLE_ASSIGNMENT (( #2103 ) ) ;
#2212 = AXIS2_PLACEMENT_3D ( 'NONE', #152, #2035, #5377 ) ;
#2213 = ADVANCED_FACE ( 'NONE', ( #165 ), #2992, .T. ) ;
#2214 = DIRECTION ( 'NONE',  ( 0.0000000000000000000, -1.000000000000000000, 0.0000000000000000000 ) ) ;
#2215 = ORIENTED_EDGE ( 'NONE', *, *, #3511, .F. ) ;
#2216 = SURFACE_SIDE_STYLE ('',( #2529 ) ) ;
#2217 = CARTESIAN_POINT ( 'NONE',  ( -6.380119235371118700, 5.000000000000000900, 6.329268844471130300 ) ) ;
#2218 = ORIENTED_EDGE ( 'NONE', *, *, #1748, .F. ) ;
#2219 = CARTESIAN_POINT ( 'NONE',  ( -9.999999999999996400, 0.1999999999999996500, -4.799999999999998000 ) ) ;
#2220 = ORIENTED_EDGE ( 'NONE', *, *, #511, .T. ) ;
#2221 = ORIENTED_EDGE ( 'NONE', *, *, #2876, .F. ) ;
#2222 = CARTESIAN_POINT ( 'NONE',  ( -6.799999999999990900, 6.000000000000000000, -4.799999999999998000 ) ) ;
#2223 = DIRECTION ( 'NONE',  ( -4.956352788505173100E-016, 0.0000000000000000000, -1.000000000000000000 ) ) ;
#2224 = PRESENTATION_LAYER_ASSIGNMENT (  '', '', ( #1810 ) ) ;
#2225 = ORIENTED_EDGE ( 'NONE', *, *, #2141, .F. ) ;
#2226 = CARTESIAN_POINT ( 'NONE',  ( 0.0000000000000000000, 6.000000000000000000, 4.800000000000003400 ) ) ;
#2227 = CARTESIAN_POINT ( 'NONE',  ( -1.999999999999996700, 1.350000000000000500, 5.500000000000003600 ) ) ;
#2228 = CARTESIAN_POINT ( 'NONE',  ( 8.050000000000000700, 3.000000000000000400, -9.199999999999997500 ) ) ;
#2229 = UNCERTAINTY_MEASURE_WITH_UNIT (LENGTH_MEASURE( 1.000000000000000100E-005 ), #1401, 'distance_accuracy_value', 'NONE');
#2230 = ORIENTED_EDGE ( 'NONE', *, *, #3783, .F. ) ;
#2231 = AXIS2_PLACEMENT_3D ( 'NONE', #6161, #949, #4259 ) ;
#2232 = CARTESIAN_POINT ( 'NONE',  ( 4.794322988211932900, 4.800000000000000700, 10.64445322740529100 ) ) ;
#2233 = CARTESIAN_POINT ( 'NONE',  ( 2.168404344971009300E-015, 6.000000000000000000, 5.250000000000002700 ) ) ;
#2234 = DIRECTION ( 'NONE',  ( -0.0000000000000000000, -0.0000000000000000000, 1.000000000000000000 ) ) ;
#2235 = DIRECTION ( 'NONE',  ( 8.673617379884388900E-015, 0.0000000000000000000, 1.000000000000000000 ) ) ;
#2236 = ORIENTED_EDGE ( 'NONE', *, *, #242, .T. ) ;
#2237 = CARTESIAN_POINT ( 'NONE',  ( 0.5500000000000018200, 1.499999999999999100, -10.99999999999999800 ) ) ;
#2238 = VECTOR ( 'NONE', #5624, 1000.000000000000000 ) ;
#2239 = TOROIDAL_SURFACE ( 'NONE', #2513, 2.050000000000000700, 0.2000000000000000100 ) ;
#2240 = CARTESIAN_POINT ( 'NONE',  ( -9.999999999999996400, 6.000000000000000000, 5.300000000000003400 ) ) ;
#2241 = AXIS2_PLACEMENT_3D ( 'NONE', #100, #3426, #568 ) ;
#2242 = FILL_AREA_STYLE ('',( #4594 ) ) ;
#2243 =( NAMED_UNIT ( * ) SI_UNIT ( $, .STERADIAN. ) SOLID_ANGLE_UNIT ( ) );
#2244 = CIRCLE ( 'NONE', #1660, 0.1999999999999996500 ) ;
#2245 = CARTESIAN_POINT ( 'NONE',  ( -3.499999999999996400, 4.649999999999999500, 7.000000000000002700 ) ) ;
#2246 = SURFACE_STYLE_USAGE ( .BOTH. , #5098 ) ;
#2247 = AXIS2_PLACEMENT_3D ( 'NONE', #665, #3576, #1776 ) ;
#2248 =( GEOMETRIC_REPRESENTATION_CONTEXT ( 3 ) GLOBAL_UNCERTAINTY_ASSIGNED_CONTEXT ( ( #2859 ) ) GLOBAL_UNIT_ASSIGNED_CONTEXT ( ( #5303, #2427, #5762 ) ) REPRESENTATION_CONTEXT ( 'NONE', 'WORKASPACE' ) );
#2249 = LINE ( 'NONE', #5269, #5897 ) ;
#2250 = SURFACE_STYLE_FILL_AREA ( #108 ) ;
#2251 = EDGE_LOOP ( 'NONE', ( #2960, #4841, #5475, #1836, #2197, #5246 ) ) ;
#2252 = VERTEX_POINT ( 'NONE', #1108 ) ;
#2253 = EDGE_CURVE ( 'NONE', #1258, #6085, #1430, .T. ) ;
#2254 = DIRECTION ( 'NONE',  ( 0.0000000000000000000, -1.000000000000000000, 0.0000000000000000000 ) ) ;
#2255 = EDGE_CURVE ( 'NONE', #5971, #192, #2688, .T. ) ;
#2256 = EDGE_CURVE ( 'NONE', #4356, #3142, #5229, .T. ) ;
#2257 = MECHANICAL_DESIGN_GEOMETRIC_PRESENTATION_REPRESENTATION (  '', ( #1625 ), #2578 ) ;
#2258 = AXIS2_PLACEMENT_3D ( 'NONE', #3897, #557, #5325 ) ;
#2259 = SURFACE_SIDE_STYLE ('',( #1669 ) ) ;
#2260 = SURFACE_STYLE_FILL_AREA ( #1922 ) ;
#2261 = SURFACE_SIDE_STYLE ('',( #2600 ) ) ;
#2262 = FACE_OUTER_BOUND ( 'NONE', #5279, .T. ) ;
#2263 = COLOUR_RGB ( '',0.2509803921568627400, 0.2509803921568627400, 0.2509803921568627400 ) ;
#2264 =( NAMED_UNIT ( * ) PLANE_ANGLE_UNIT ( ) SI_UNIT ( $, .RADIAN. ) );
#2266 = DIRECTION ( 'NONE',  ( 1.226634733346698700E-015, 0.7071067811865470200, 0.7071067811865480200 ) ) ;
#2265 =( LENGTH_UNIT ( ) NAMED_UNIT ( * ) SI_UNIT ( .MILLI., .METRE. ) );
#2267 = AXIS2_PLACEMENT_3D ( 'NONE', #567, #3906, #1061 ) ;
#2268 = CARTESIAN_POINT ( 'NONE',  ( -0.1914213562373075200, 0.1999999999999996500, 5.441421356237313500 ) ) ;
#2269 = PRESENTATION_STYLE_ASSIGNMENT (( #1896 ) ) ;
#2270 = FACE_OUTER_BOUND ( 'NONE', #866, .T. ) ;
#2271 = DIRECTION ( 'NONE',  ( 1.000000000000000000, 0.0000000000000000000, 4.956352788505166200E-016 ) ) ;
#2272 = ORIENTED_EDGE ( 'NONE', *, *, #4614, .F. ) ;
#2273 = DIRECTION ( 'NONE',  ( -3.469446951953695000E-014, 0.0000000000000000000, -1.000000000000000000 ) ) ;
#2274 = DIRECTION ( 'NONE',  ( -0.7071067811865500200, 0.0000000000000000000, 0.7071067811865451300 ) ) ;
#2275 = CARTESIAN_POINT ( 'NONE',  ( -6.667157287525377300, 0.0000000000000000000, -5.099999999999994300 ) ) ;
#2276 = ORIENTED_EDGE ( 'NONE', *, *, #6004, .F. ) ;
#2277 = DIRECTION ( 'NONE',  ( 0.0000000000000000000, 0.0000000000000000000, 1.000000000000000000 ) ) ;
#2278 = LINE ( 'NONE', #6020, #870 ) ;
#2279 =( NAMED_UNIT ( * ) SI_UNIT ( $, .STERADIAN. ) SOLID_ANGLE_UNIT ( ) );
#2280 = CARTESIAN_POINT ( 'NONE',  ( -3.249999999999997800, 0.2000000000000005100, -5.299999999999995400 ) ) ;
#2281 = EDGE_CURVE ( 'NONE', #3439, #516, #2538, .T. ) ;
#2282 = VERTEX_POINT ( 'NONE', #4420 ) ;
#2283 = PRESENTATION_LAYER_ASSIGNMENT (  '', '', ( #1333 ) ) ;
#2284 = VERTEX_POINT ( 'NONE', #625 ) ;
#2285 = FILL_AREA_STYLE ('',( #5396 ) ) ;
#2286 = CARTESIAN_POINT ( 'NONE',  ( 10.00000000000000400, 5.800000000000000700, -4.799999999999998000 ) ) ;
#2287 = DIRECTION ( 'NONE',  ( -1.000000000000000000, -9.637352644315592800E-017, 0.0000000000000000000 ) ) ;
#2288 = FILL_AREA_STYLE_COLOUR ( '', #3975 ) ;
#2289 = ORIENTED_EDGE ( 'NONE', *, *, #2707, .T. ) ;
#2290 = ORIENTED_EDGE ( 'NONE', *, *, #5794, .T. ) ;
#2291 = CARTESIAN_POINT ( 'NONE',  ( -0.3328427124746173300, 0.1999999999999996500, 5.500000000000003600 ) ) ;
#2292 = AXIS2_PLACEMENT_3D ( 'NONE', #3577, #1590, #4352 ) ;
#2293 = AXIS2_PLACEMENT_3D ( 'NONE', #1167, #5895, #4485 ) ;
#2294 = VERTEX_POINT ( 'NONE', #3500 ) ;
#2295 = VERTEX_POINT ( 'NONE', #2070 ) ;
#2296 = EDGE_CURVE ( 'NONE', #3642, #2773, #4921, .T. ) ;
#2297 = ORIENTED_EDGE ( 'NONE', *, *, #1339, .F. ) ;
#2298 = DIRECTION ( 'NONE',  ( 0.9328602490176606300, 0.0000000000000000000, 0.3602384707422406400 ) ) ;
#2299 = DIRECTION ( 'NONE',  ( -0.7071067811865458000, 0.0000000000000000000, 0.7071067811865492400 ) ) ;
#2300 = UNCERTAINTY_MEASURE_WITH_UNIT (LENGTH_MEASURE( 1.000000000000000100E-005 ), #2557, 'distance_accuracy_value', 'NONE');
#2301 =( GEOMETRIC_REPRESENTATION_CONTEXT ( 3 ) GLOBAL_UNCERTAINTY_ASSIGNED_CONTEXT ( ( #2300 ) ) GLOBAL_UNIT_ASSIGNED_CONTEXT ( ( #2557, #5885, #3047 ) ) REPRESENTATION_CONTEXT ( 'NONE', 'WORKASPACE' ) );
#2302 = FILL_AREA_STYLE ('',( #1358 ) ) ;
#2303 = VERTEX_POINT ( 'NONE', #2554 ) ;
#2304 = CARTESIAN_POINT ( 'NONE',  ( 8.550000000000002500, 3.000000000000000400, -9.949999999999999300 ) ) ;
#2305 = CARTESIAN_POINT ( 'NONE',  ( -6.999999999999999100, 0.2000000000000005100, -5.049999999999994500 ) ) ;
#2306 = ADVANCED_FACE ( 'NONE', ( #3655 ), #4309, .T. ) ;
#2307 = PRESENTATION_LAYER_ASSIGNMENT (  '', '', ( #1366 ) ) ;
#2308 = DIRECTION ( 'NONE',  ( 0.0000000000000000000, 0.0000000000000000000, -1.000000000000000000 ) ) ;
#2309 = ORIENTED_EDGE ( 'NONE', *, *, #275, .T. ) ;
#2310 = DIRECTION ( 'NONE',  ( 1.000000000000000000, -0.0000000000000000000, -0.0000000000000000000 ) ) ;
#2311 = DIRECTION ( 'NONE',  ( 1.000000000000000000, 0.0000000000000000000, -8.673617379884385700E-015 ) ) ;
#2312 =( NAMED_UNIT ( * ) SI_UNIT ( $, .STERADIAN. ) SOLID_ANGLE_UNIT ( ) );
#2313 = CARTESIAN_POINT ( 'NONE',  ( -8.449999999999997500, 4.500000000000001800, -10.99999999999999800 ) ) ;
#2314 = EDGE_CURVE ( 'NONE', #1414, #4362, #5593, .T. ) ;
#2315 = EDGE_CURVE ( 'NONE', #1950, #3811, #1935, .T. ) ;
#2316 = PRESENTATION_STYLE_ASSIGNMENT (( #5830 ) ) ;
#2317 = PLANE ( 'NONE',  #789 ) ;
#2318 = SURFACE_STYLE_FILL_AREA ( #634 ) ;
#2319 = CARTESIAN_POINT ( 'NONE',  ( 7.000000000000000900, 0.1999999999999987900, -5.049999999999992700 ) ) ;
#2320 = ORIENTED_EDGE ( 'NONE', *, *, #1455, .F. ) ;
#2321 = DIRECTION ( 'NONE',  ( -0.7071067811865489100, 0.0000000000000000000, -0.7071067811865461300 ) ) ;
#2322 = STYLED_ITEM ( 'NONE', ( #1172 ), #465 ) ;
#2323 = CARTESIAN_POINT ( 'NONE',  ( 7.925129743375459900, 4.200000000000000200, 14.44441838603068400 ) ) ;
#2324 = STYLED_ITEM ( 'NONE', ( #32 ), #5296 ) ;
#2325 = ORIENTED_EDGE ( 'NONE', *, *, #5077, .T. ) ;
#2326 = VECTOR ( 'NONE', #1524, 1000.000000000000000 ) ;
#2327 =( NAMED_UNIT ( * ) PLANE_ANGLE_UNIT ( ) SI_UNIT ( $, .RADIAN. ) );
#2328 = CARTESIAN_POINT ( 'NONE',  ( -2.999999999999997800, 10.01123422402631900, -5.049999999999994500 ) ) ;
#2329 = DIRECTION ( 'NONE',  ( 0.7071067811865500200, 0.0000000000000000000, 0.7071067811865451300 ) ) ;
#2330 = CARTESIAN_POINT ( 'NONE',  ( 7.925129743375459900, 7.448411032447918200, 14.44441838603068400 ) ) ;
#2331 = CARTESIAN_POINT ( 'NONE',  ( -0.1914213562373075500, 5.800000000000000700, 5.441421356237313500 ) ) ;
#2332 = EDGE_CURVE ( 'NONE', #2683, #1369, #661, .T. ) ;
#2333 =( BOUNDED_CURVE ( )  B_SPLINE_CURVE ( 3, ( #5155, #1805, #2793, #6099 ),
 .UNSPECIFIED., .F., .F. ) 
 B_SPLINE_CURVE_WITH_KNOTS ( ( 4, 4 ),
 ( 3.141592653589789100, 4.712388980384689700 ),
 .UNSPECIFIED. ) 
 CURVE ( )  GEOMETRIC_REPRESENTATION_ITEM ( )  RATIONAL_B_SPLINE_CURVE ( ( 1.000000000000000000, 0.8047378541243640500, 0.8047378541243640500, 1.000000000000000000 ) ) 
 REPRESENTATION_ITEM ( '' )  );
#2334 = FACE_OUTER_BOUND ( 'NONE', #5126, .T. ) ;
#2335 = DIRECTION ( 'NONE',  ( -0.0000000000000000000, -0.0000000000000000000, -1.000000000000000000 ) ) ;
#2336 = LINE ( 'NONE', #4472, #1087 ) ;
#2337 = ORIENTED_EDGE ( 'NONE', *, *, #50, .T. ) ;
#2338 = ADVANCED_FACE ( 'NONE', ( #520 ), #79, .T. ) ;
#2339 = SURFACE_STYLE_USAGE ( .BOTH. , #5207 ) ;
#2340 = ORIENTED_EDGE ( 'NONE', *, *, #5614, .F. ) ;
#2341 = CARTESIAN_POINT ( 'NONE',  ( 10.67132034355964300, 3.000000000000000400, -9.199999999999997500 ) ) ;
#2342 = LINE ( 'NONE', #5073, #114 ) ;
#2343 = CARTESIAN_POINT ( 'NONE',  ( -2.999999999999997800, 5.799999999999999800, -5.049999999999994500 ) ) ;
#2345 = SURFACE_SIDE_STYLE ('',( #3283 ) ) ;
#2344 = DIRECTION ( 'NONE',  ( 1.223120689731756600E-016, -1.000000000000000000, -0.0000000000000000000 ) ) ;
#2346 =( GEOMETRIC_REPRESENTATION_CONTEXT ( 3 ) GLOBAL_UNCERTAINTY_ASSIGNED_CONTEXT ( ( #3504 ) ) GLOBAL_UNIT_ASSIGNED_CONTEXT ( ( #2698, #6023, #3179 ) ) REPRESENTATION_CONTEXT ( 'NONE', 'WORKASPACE' ) );
#2347 = ORIENTED_EDGE ( 'NONE', *, *, #6111, .T. ) ;
#2348 = LINE ( 'NONE', #5391, #3624 ) ;
#2349 = VECTOR ( 'NONE', #5173, 1000.000000000000000 ) ;
#2350 = CARTESIAN_POINT ( 'NONE',  ( 1.050000000000002300, 1.499999999999999100, -4.999999999999997300 ) ) ;
#2351 = FILL_AREA_STYLE_COLOUR ( '', #1820 ) ;
#2352 = ORIENTED_EDGE ( 'NONE', *, *, #2315, .F. ) ;
#2353 = PLANE ( 'NONE',  #2231 ) ;
#2354 = LINE ( 'NONE', #221, #1107 ) ;
#2355 = STYLED_ITEM ( 'NONE', ( #151 ), #3651 ) ;
#2356 = FACE_OUTER_BOUND ( 'NONE', #2887, .T. ) ;
#2357 = VERTEX_POINT ( 'NONE', #2107 ) ;
#2358 = DIRECTION ( 'NONE',  ( 0.0000000000000000000, 0.0000000000000000000, -1.000000000000000000 ) ) ;
#2359 = ORIENTED_EDGE ( 'NONE', *, *, #2480, .F. ) ;
#2360 = DIRECTION ( 'NONE',  ( -1.223120689731756600E-016, 1.000000000000000000, -1.982809587625459700E-017 ) ) ;
#2361 = SURFACE_SIDE_STYLE ('',( #4607 ) ) ;
#2362 = EDGE_CURVE ( 'NONE', #126, #3360, #1209, .T. ) ;
#2363 = VERTEX_POINT ( 'NONE', #1656 ) ;
#2364 = FILL_AREA_STYLE_COLOUR ( '', #2492 ) ;
#2365 = ORIENTED_EDGE ( 'NONE', *, *, #2826, .F. ) ;
#2366 = CARTESIAN_POINT ( 'NONE',  ( 5.000000000000001800, 6.000000000000000000, -4.217398742541498700 ) ) ;
#2367 =( NAMED_UNIT ( * ) PLANE_ANGLE_UNIT ( ) SI_UNIT ( $, .RADIAN. ) );
#2368 = ORIENTED_EDGE ( 'NONE', *, *, #6142, .F. ) ;
#2369 = ADVANCED_FACE ( 'NONE', ( #4849 ), #5936, .F. ) ;
#2370 = CARTESIAN_POINT ( 'NONE',  ( 4.599763768472680400, 1.000074018921616000, 10.56932116356027700 ) ) ;
#2371 = STYLED_ITEM ( 'NONE', ( #3235 ), #1254 ) ;
#2372 = DIRECTION ( 'NONE',  ( 1.000000000000000000, 0.0000000000000000000, 0.0000000000000000000 ) ) ;
#2373 = AXIS2_PLACEMENT_3D ( 'NONE', #4707, #1853, #5197 ) ;
#2374 =( LENGTH_UNIT ( ) NAMED_UNIT ( * ) SI_UNIT ( .MILLI., .METRE. ) );
#2375 = PRESENTATION_STYLE_ASSIGNMENT (( #4119 ) ) ;
#2376 = EDGE_LOOP ( 'NONE', ( #1930, #984, #3710, #5623 ) ) ;
#2377 = UNCERTAINTY_MEASURE_WITH_UNIT (LENGTH_MEASURE( 1.000000000000000100E-005 ), #3614, 'distance_accuracy_value', 'NONE');
#2378 = FACE_OUTER_BOUND ( 'NONE', #1065, .T. ) ;
#2379 =( LENGTH_UNIT ( ) NAMED_UNIT ( * ) SI_UNIT ( .MILLI., .METRE. ) );
#2380 = SURFACE_STYLE_FILL_AREA ( #3036 ) ;
#2381 =( NAMED_UNIT ( * ) PLANE_ANGLE_UNIT ( ) SI_UNIT ( $, .RADIAN. ) );
#2382 = ORIENTED_EDGE ( 'NONE', *, *, #3403, .F. ) ;
#2383 = CARTESIAN_POINT ( 'NONE',  ( 9.372540455022583900, 4.500000000000000900, 16.45190493189074800 ) ) ;
#2384 = AXIS2_PLACEMENT_3D ( 'NONE', #5231, #2360, #5693 ) ;
#2385 = LINE ( 'NONE', #4691, #4626 ) ;
#2386 = CYLINDRICAL_SURFACE ( 'NONE', #2715, 0.1999999999999996500 ) ;
#2388 = DIRECTION ( 'NONE',  ( 1.000000000000000000, 0.0000000000000000000, 0.0000000000000000000 ) ) ;
#2387 = DIRECTION ( 'NONE',  ( 0.7071067811865458000, 0.0000000000000000000, 0.7071067811865492400 ) ) ;
#2389 = CARTESIAN_POINT ( 'NONE',  ( 7.925129743375459900, 4.500000000000000900, 14.44441838603068400 ) ) ;
#2390 = AXIS2_PLACEMENT_3D ( 'NONE', #3353, #494, #3823 ) ;
#2391 = CARTESIAN_POINT ( 'NONE',  ( -0.1999999999999979800, 0.0000000000000000000, 5.167157287525383500 ) ) ;
#2392 = ORIENTED_EDGE ( 'NONE', *, *, #5208, .T. ) ;
#2393 = CARTESIAN_POINT ( 'NONE',  ( 9.800000000000002500, 0.2000000000000000100, -4.799999999999998000 ) ) ;
#2394 = CARTESIAN_POINT ( 'NONE',  ( -6.999999999999997300, 5.799999999999999800, -4.999999999999995600 ) ) ;
#2395 = EDGE_CURVE ( 'NONE', #4282, #5701, #735, .T. ) ;
#2396 = DIRECTION ( 'NONE',  ( -1.000000000000000000, -0.0000000000000000000, -0.0000000000000000000 ) ) ;
#2397 =( GEOMETRIC_REPRESENTATION_CONTEXT ( 3 ) GLOBAL_UNCERTAINTY_ASSIGNED_CONTEXT ( ( #6080 ) ) GLOBAL_UNIT_ASSIGNED_CONTEXT ( ( #5196, #2327, #5666 ) ) REPRESENTATION_CONTEXT ( 'NONE', 'WORKASPACE' ) );
#2398 = EDGE_CURVE ( 'NONE', #4950, #2795, #4379, .T. ) ;
#2399 = CARTESIAN_POINT ( 'NONE',  ( -9.799999999999995400, 0.2000000000000000100, -4.799999999999998000 ) ) ;
#2400 = ADVANCED_FACE ( 'NONE', ( #5658 ), #159, .T. ) ;
#2401 =( NAMED_UNIT ( * ) SI_UNIT ( $, .STERADIAN. ) SOLID_ANGLE_UNIT ( ) );
#2402 = DIRECTION ( 'NONE',  ( -0.0000000000000000000, -1.000000000000000000, -0.0000000000000000000 ) ) ;
#2403 = FACE_OUTER_BOUND ( 'NONE', #4349, .T. ) ;
#2404 = STYLED_ITEM ( 'NONE', ( #2575 ), #803 ) ;
#2405 =( NAMED_UNIT ( * ) SI_UNIT ( $, .STERADIAN. ) SOLID_ANGLE_UNIT ( ) );
#2406 = AXIS2_PLACEMENT_3D ( 'NONE', #4847, #1984, #5332 ) ;
#2407 = SURFACE_STYLE_FILL_AREA ( #3352 ) ;
#2408 = SURFACE_STYLE_FILL_AREA ( #2681 ) ;
#2409 = CARTESIAN_POINT ( 'NONE',  ( 8.050000000000000700, 3.000000000000000400, -8.449999999999997500 ) ) ;
#2410 = CARTESIAN_POINT ( 'NONE',  ( 7.000000000000000900, 0.1999999999999987900, -5.049999999999992700 ) ) ;
#2411 = CARTESIAN_POINT ( 'NONE',  ( 6.799999999999998900, 0.0000000000000000000, -4.967157287525374400 ) ) ;
#2412 =( NAMED_UNIT ( * ) PLANE_ANGLE_UNIT ( ) SI_UNIT ( $, .RADIAN. ) );
#2413 = VECTOR ( 'NONE', #2591, 1000.000000000000000 ) ;
#2414 = ORIENTED_EDGE ( 'NONE', *, *, #5095, .T. ) ;
#2415 = ORIENTED_EDGE ( 'NONE', *, *, #95, .T. ) ;
#2416 = VERTEX_POINT ( 'NONE', #5532 ) ;
#2417 = AXIS2_PLACEMENT_3D ( 'NONE', #2452, #5786, #2942 ) ;
#2418 = DIRECTION ( 'NONE',  ( -1.000000000000000000, -1.223120689731756600E-016, 0.0000000000000000000 ) ) ;
#2419 = EDGE_CURVE ( 'NONE', #3849, #1362, #2680, .T. ) ;
#2420 = COLOUR_RGB ( '',0.2509803921568627400, 0.2509803921568627400, 0.2509803921568627400 ) ;
#2421 = CARTESIAN_POINT ( 'NONE',  ( 0.5500000000000018200, 3.000000000000000400, -8.449999999999997500 ) ) ;
#2422 = CARTESIAN_POINT ( 'NONE',  ( -6.749999999999994700, 5.917157287525379900, -5.299999999999995400 ) ) ;
#2423 = CARTESIAN_POINT ( 'NONE',  ( 5.320240709957161600, 1.200000000000000200, 8.703600665524955800 ) ) ;
#2424 = ORIENTED_EDGE ( 'NONE', *, *, #2801, .T. ) ;
#2425 = EDGE_CURVE ( 'NONE', #3333, #1269, #5225, .T. ) ;
#2426 = SURFACE_STYLE_USAGE ( .BOTH. , #1489 ) ;
#2428 =( NAMED_UNIT ( * ) PLANE_ANGLE_UNIT ( ) SI_UNIT ( $, .RADIAN. ) );
#2427 =( NAMED_UNIT ( * ) PLANE_ANGLE_UNIT ( ) SI_UNIT ( $, .RADIAN. ) );
#2429 = AXIS2_PLACEMENT_3D ( 'NONE', #1098, #4411, #1577 ) ;
#2430 = DIRECTION ( 'NONE',  ( 1.301042606982603900E-015, 1.000000000000000000, 0.0000000000000000000 ) ) ;
#2431 = VERTEX_POINT ( 'NONE', #5042 ) ;
#2432 = ORIENTED_EDGE ( 'NONE', *, *, #3452, .F. ) ;
#2433 = ADVANCED_FACE ( 'NONE', ( #1423 ), #1724, .T. ) ;
#2434 = COLOUR_RGB ( '',0.2509803921568627400, 0.2509803921568627400, 0.2509803921568627400 ) ;
#2435 = FILL_AREA_STYLE ('',( #1958 ) ) ;
#2436 = DIRECTION ( 'NONE',  ( 0.0000000000000000000, -1.000000000000000000, 0.0000000000000000000 ) ) ;
#2437 = EDGE_CURVE ( 'NONE', #4092, #3616, #2079, .T. ) ;
#2438 = ORIENTED_EDGE ( 'NONE', *, *, #3217, .T. ) ;
#2439 = AXIS2_PLACEMENT_3D ( 'NONE', #5273, #5292, #2418 ) ;
#2440 = EDGE_LOOP ( 'NONE', ( #2137, #4667, #2001, #3223 ) ) ;
#2441 = EDGE_CURVE ( 'NONE', #4881, #2632, #5877, .T. ) ;
#2442 = DIRECTION ( 'NONE',  ( -1.000000000000000000, -0.0000000000000000000, -0.0000000000000000000 ) ) ;
#2443 = CARTESIAN_POINT ( 'NONE',  ( -6.799999999999824900, 0.0000000000000000000, 2.359223927328451600E-013 ) ) ;
#2444 = ORIENTED_EDGE ( 'NONE', *, *, #140, .T. ) ;
#2445 = SURFACE_SIDE_STYLE ('',( #2460 ) ) ;
#2446 = CARTESIAN_POINT ( 'NONE',  ( -0.1414213562373075300, 0.1999999999999996500, 5.108578643762693400 ) ) ;
#2447 = EDGE_LOOP ( 'NONE', ( #4447, #5608, #2597, #4506 ) ) ;
#2448 = MECHANICAL_DESIGN_GEOMETRIC_PRESENTATION_REPRESENTATION (  '', ( #1799 ), #2787 ) ;
#2449 = CIRCLE ( 'NONE', #959, 0.7500000000000006700 ) ;
#2450 = ORIENTED_EDGE ( 'NONE', *, *, #3953, .T. ) ;
#2451 = DIRECTION ( 'NONE',  ( -1.223120689731756600E-016, 1.000000000000000000, -1.982809587625459700E-017 ) ) ;
#2452 = CARTESIAN_POINT ( 'NONE',  ( -9.999999999999996400, 6.000000000000000000, -4.999999999999997300 ) ) ;
#2453 = FACE_OUTER_BOUND ( 'NONE', #6115, .T. ) ;
#2454 = COLOUR_RGB ( '',1.000000000000000000, 0.0000000000000000000, 0.0000000000000000000 ) ;
#2455 = EDGE_CURVE ( 'NONE', #3784, #1638, #3349, .T. ) ;
#2456 = ORIENTED_EDGE ( 'NONE', *, *, #6142, .T. ) ;
#2457 = VERTEX_POINT ( 'NONE', #4610 ) ;
#2458 = DIRECTION ( 'NONE',  ( 0.0000000000000000000, 0.0000000000000000000, -1.000000000000000000 ) ) ;
#2459 = UNCERTAINTY_MEASURE_WITH_UNIT (LENGTH_MEASURE( 1.000000000000000100E-005 ), #877, 'distance_accuracy_value', 'NONE');
#2460 = SURFACE_STYLE_FILL_AREA ( #5316 ) ;
#2461 = EDGE_CURVE ( 'NONE', #4683, #4161, #3201, .T. ) ;
#2462 = ORIENTED_EDGE ( 'NONE', *, *, #5095, .F. ) ;
#2463 = CARTESIAN_POINT ( 'NONE',  ( -4.999999999999998200, 5.800000000000000700, -2.817398742541499200 ) ) ;
#2464 =( GEOMETRIC_REPRESENTATION_CONTEXT ( 3 ) GLOBAL_UNCERTAINTY_ASSIGNED_CONTEXT ( ( #179 ) ) GLOBAL_UNIT_ASSIGNED_CONTEXT ( ( #231, #3557, #683 ) ) REPRESENTATION_CONTEXT ( 'NONE', 'WORKASPACE' ) );
#2465 = EDGE_LOOP ( 'NONE', ( #1764, #3516, #4962, #6012 ) ) ;
#2466 = DIRECTION ( 'NONE',  ( 2.168404344971008900E-016, -1.000000000000000000, 0.0000000000000000000 ) ) ;
#2467 = FACE_OUTER_BOUND ( 'NONE', #413, .T. ) ;
#2468 = DIRECTION ( 'NONE',  ( -0.7071067811865458000, 0.0000000000000000000, 0.7071067811865492400 ) ) ;
#2469 = ORIENTED_EDGE ( 'NONE', *, *, #5939, .T. ) ;
#2470 = AXIS2_PLACEMENT_3D ( 'NONE', #1313, #4636, #1773 ) ;
#2471 = CARTESIAN_POINT ( 'NONE',  ( 6.197681114621864200, 4.800000000000000700, 14.16438046892422000 ) ) ;
#2472 = CARTESIAN_POINT ( 'NONE',  ( -4.999999999999998200, 5.800000000000000700, -2.817398742541499200 ) ) ;
#2474 = DIRECTION ( 'NONE',  ( 0.0000000000000000000, -1.000000000000000000, 0.0000000000000000000 ) ) ;
#2473 = CARTESIAN_POINT ( 'NONE',  ( -3.999999999999995600, 1.350000000000000500, 5.500000000000003600 ) ) ;
#2475 = VECTOR ( 'NONE', #78, 1000.000000000000000 ) ;
#2476 = CARTESIAN_POINT ( 'NONE',  ( 9.372540455022583900, 1.500000000000000000, 16.45190493189074800 ) ) ;
#2477 =( LENGTH_UNIT ( ) NAMED_UNIT ( * ) SI_UNIT ( .MILLI., .METRE. ) );
#2478 = EDGE_CURVE ( 'NONE', #4291, #2871, #4464, .T. ) ;
#2479 = STYLED_ITEM ( 'NONE', ( #4655 ), #4689 ) ;
#2480 = EDGE_CURVE ( 'NONE', #3642, #2517, #4596, .T. ) ;
#2481 = DIRECTION ( 'NONE',  ( -1.000000000000000000, -0.0000000000000000000, -0.0000000000000000000 ) ) ;
#2482 =( NAMED_UNIT ( * ) SI_UNIT ( $, .STERADIAN. ) SOLID_ANGLE_UNIT ( ) );
#2483 = DIRECTION ( 'NONE',  ( -0.0000000000000000000, -0.0000000000000000000, -1.000000000000000000 ) ) ;
#2484 = CIRCLE ( 'NONE', #2126, 0.5000000000000004400 ) ;
#2485 = DIRECTION ( 'NONE',  ( 0.0000000000000000000, 0.0000000000000000000, -1.000000000000000000 ) ) ;
#2486 = MECHANICAL_DESIGN_GEOMETRIC_PRESENTATION_REPRESENTATION (  '', ( #1852 ), #2836 ) ;
#2487 = VERTEX_POINT ( 'NONE', #5132 ) ;
#2488 = ORIENTED_EDGE ( 'NONE', *, *, #5686, .F. ) ;
#2489 = UNCERTAINTY_MEASURE_WITH_UNIT (LENGTH_MEASURE( 1.000000000000000100E-005 ), #2477, 'distance_accuracy_value', 'NONE');
#2490 = ADVANCED_FACE ( 'NONE', ( #3058 ), #1785, .F. ) ;
#2491 = FACE_BOUND ( 'NONE', #3487, .T. ) ;
#2492 = COLOUR_RGB ( '',0.2509803921568627400, 0.2509803921568627400, 0.2509803921568627400 ) ;
#2493 = PLANE ( 'NONE',  #3535 ) ;
#2494 = APPLICATION_CONTEXT ( 'automotive_design' ) ;
#2495 = ORIENTED_EDGE ( 'NONE', *, *, #4005, .T. ) ;
#2496 = ORIENTED_EDGE ( 'NONE', *, *, #530, .F. ) ;
#2498 = SURFACE_SIDE_STYLE ('',( #3596 ) ) ;
#2497 = DIRECTION ( 'NONE',  ( 0.7071067811865451300, 0.0000000000000000000, -0.7071067811865500200 ) ) ;
#2499 = LINE ( 'NONE', #4671, #5029 ) ;
#2500 = MECHANICAL_DESIGN_GEOMETRIC_PRESENTATION_REPRESENTATION (  '', ( #1239 ), #2846 ) ;
#2501 = CARTESIAN_POINT ( 'NONE',  ( -2.499999999999996400, 4.649999999999999500, 6.500000000000002700 ) ) ;
#2502 = EDGE_CURVE ( 'NONE', #4000, #3964, #5588, .T. ) ;
#2503 = ORIENTED_EDGE ( 'NONE', *, *, #5077, .F. ) ;
#2504 = DIRECTION ( 'NONE',  ( 0.7071067811865458000, -0.0000000000000000000, -0.7071067811865492400 ) ) ;
#2505 = VECTOR ( 'NONE', #5802, 1000.000000000000000 ) ;
#2506 = VECTOR ( 'NONE', #1123, 999.9999999999998900 ) ;
#2507 =( NAMED_UNIT ( * ) PLANE_ANGLE_UNIT ( ) SI_UNIT ( $, .RADIAN. ) );
#2508 = ORIENTED_EDGE ( 'NONE', *, *, #467, .F. ) ;
#2509 = FILL_AREA_STYLE ('',( #2996 ) ) ;
#2510 = DIRECTION ( 'NONE',  ( 0.0000000000000000000, -1.000000000000000000, 0.0000000000000000000 ) ) ;
#2511 = ORIENTED_EDGE ( 'NONE', *, *, #380, .F. ) ;
#2512 = CARTESIAN_POINT ( 'NONE',  ( -1.999999999999996700, 4.649999999999999500, 7.000000000000002700 ) ) ;
#2513 = AXIS2_PLACEMENT_3D ( 'NONE', #811, #359, #3683 ) ;
#2514 = LINE ( 'NONE', #588, #6159 ) ;
#2515 = CARTESIAN_POINT ( 'NONE',  ( -8.449999999999997500, 1.500000000000000400, -10.50000000000000000 ) ) ;
#2516 = ORIENTED_EDGE ( 'NONE', *, *, #3281, .F. ) ;
#2517 = VERTEX_POINT ( 'NONE', #2275 ) ;
#2518 = APPLICATION_PROTOCOL_DEFINITION ( 'draft international standard', 'automotive_design', 1998, #5384 ) ;
#2519 = COLOUR_RGB ( '',0.7921568627450980000, 0.8196078431372548800, 0.9333333333333333500 ) ;
#2521 = CARTESIAN_POINT ( 'NONE',  ( 5.000000000000001800, 6.001000000000000300, -2.817398742541499200 ) ) ;
#2520 = DIRECTION ( 'NONE',  ( 1.000000000000000000, 0.0000000000000000000, 4.956352788505166200E-016 ) ) ;
#2522 = EDGE_CURVE ( 'NONE', #3497, #4083, #1771, .T. ) ;
#2523 =( GEOMETRIC_REPRESENTATION_CONTEXT ( 3 ) GLOBAL_UNCERTAINTY_ASSIGNED_CONTEXT ( ( #2959 ) ) GLOBAL_UNIT_ASSIGNED_CONTEXT ( ( #2186, #5529, #2674 ) ) REPRESENTATION_CONTEXT ( 'NONE', 'WORKASPACE' ) );
#2524 = EDGE_LOOP ( 'NONE', ( #4694, #128, #725, #4326, #2833, #1664, #4408, #5209 ) ) ;
#2525 = CARTESIAN_POINT ( 'NONE',  ( 4.794322988211932900, 4.917157287525381700, 10.32286164890689200 ) ) ;
#2526 = ADVANCED_FACE ( 'NONE', ( #2912 ), #371, .T. ) ;
#2527 = FACE_OUTER_BOUND ( 'NONE', #602, .T. ) ;
#2528 = DIRECTION ( 'NONE',  ( 1.000000000000000000, 0.0000000000000000000, 3.469446951953694300E-014 ) ) ;
#2529 = SURFACE_STYLE_FILL_AREA ( #5069 ) ;
#2530 = DIRECTION ( 'NONE',  ( -0.0000000000000000000, 1.000000000000000000, -0.0000000000000000000 ) ) ;
#2531 = ORIENTED_EDGE ( 'NONE', *, *, #1927, .F. ) ;
#2532 = CARTESIAN_POINT ( 'NONE',  ( -4.999999999999998200, 0.1999999999999996500, -2.817398742541499200 ) ) ;
#2533 = AXIS2_PLACEMENT_3D ( 'NONE', #2777, #3717, #5632 ) ;
#2534 = VECTOR ( 'NONE', #5307, 1000.000000000000000 ) ;
#2535 = FACE_OUTER_BOUND ( 'NONE', #3341, .T. ) ;
#2536 =( NAMED_UNIT ( * ) PLANE_ANGLE_UNIT ( ) SI_UNIT ( $, .RADIAN. ) );
#2537 = SURFACE_SIDE_STYLE ('',( #4500 ) ) ;
#2538 = CIRCLE ( 'NONE', #5467, 0.5000000000000004400 ) ;
#2539 = ORIENTED_EDGE ( 'NONE', *, *, #3330, .F. ) ;
#2540 = DIRECTION ( 'NONE',  ( 0.0000000000000000000, 1.000000000000000000, 0.0000000000000000000 ) ) ;
#2541 = EDGE_CURVE ( 'NONE', #2760, #2904, #514, .T. ) ;
#2542 = EDGE_CURVE ( 'NONE', #2282, #790, #1637, .T. ) ;
#2543 = VERTEX_POINT ( 'NONE', #3260 ) ;
#2545 = CARTESIAN_POINT ( 'NONE',  ( 6.197681114621864200, 1.200000000000000200, 14.16438046892422000 ) ) ;
#2544 = DIRECTION ( 'NONE',  ( 0.7071067811865465700, 0.0000000000000000000, -0.7071067811865484600 ) ) ;
#2546 = MECHANICAL_DESIGN_GEOMETRIC_PRESENTATION_REPRESENTATION (  '', ( #1810 ), #2878 ) ;
#2547 = PRESENTATION_STYLE_ASSIGNMENT (( #3532 ) ) ;
#2548 = VECTOR ( 'NONE', #2175, 1000.000000000000000 ) ;
#2549 = DIRECTION ( 'NONE',  ( 0.0000000000000000000, -1.000000000000000000, 0.0000000000000000000 ) ) ;
#2550 = EDGE_CURVE ( 'NONE', #6085, #1134, #5301, .T. ) ;
#2551 = FILL_AREA_STYLE_COLOUR ( '', #4649 ) ;
#2552 = ORIENTED_EDGE ( 'NONE', *, *, #3786, .T. ) ;
#2553 =( NAMED_UNIT ( * ) PLANE_ANGLE_UNIT ( ) SI_UNIT ( $, .RADIAN. ) );
#2554 = CARTESIAN_POINT ( 'NONE',  ( -9.999999999999996400, 5.800000000000000700, -4.799999999999997200 ) ) ;
#2555 = AXIS2_PLACEMENT_3D ( 'NONE', #3829, #985, #4303 ) ;
#2556 = CARTESIAN_POINT ( 'NONE',  ( -4.999999999999998200, 5.800000000000000700, -4.017398742541498500 ) ) ;
#2557 =( LENGTH_UNIT ( ) NAMED_UNIT ( * ) SI_UNIT ( .MILLI., .METRE. ) );
#2558 = ADVANCED_FACE ( 'NONE', ( #4175 ), #5648, .F. ) ;
#2559 =( NAMED_UNIT ( * ) SI_UNIT ( $, .STERADIAN. ) SOLID_ANGLE_UNIT ( ) );
#2560 = ORIENTED_EDGE ( 'NONE', *, *, #5686, .T. ) ;
#2561 = STYLED_ITEM ( 'NONE', ( #2969 ), #3806 ) ;
#2563 = FILL_AREA_STYLE_COLOUR ( '', #3219 ) ;
#2562 =( NAMED_UNIT ( * ) PLANE_ANGLE_UNIT ( ) SI_UNIT ( $, .RADIAN. ) );
#2564 = VERTEX_POINT ( 'NONE', #4693 ) ;
#2565 = FILL_AREA_STYLE_COLOUR ( '', #4750 ) ;
#2566 = AXIS2_PLACEMENT_3D ( 'NONE', #3120, #840, #1846 ) ;
#2567 = STYLED_ITEM ( 'NONE', ( #3833 ), #4956 ) ;
#2568 = LINE ( 'NONE', #2953, #2413 ) ;
#2569 = CARTESIAN_POINT ( 'NONE',  ( 2.222614453595284100E-015, 0.1999999999999996500, 5.250000000000002700 ) ) ;
#2570 = EDGE_CURVE ( 'NONE', #2487, #4191, #2766, .T. ) ;
#2571 = ORIENTED_EDGE ( 'NONE', *, *, #5945, .F. ) ;
#2572 = UNCERTAINTY_MEASURE_WITH_UNIT (LENGTH_MEASURE( 1.000000000000000100E-005 ), #5059, 'distance_accuracy_value', 'NONE');
#2573 = FACE_OUTER_BOUND ( 'NONE', #4513, .T. ) ;
#2574 =( NAMED_UNIT ( * ) PLANE_ANGLE_UNIT ( ) SI_UNIT ( $, .RADIAN. ) );
#2575 = PRESENTATION_STYLE_ASSIGNMENT (( #252 ) ) ;
#2576 = CYLINDRICAL_SURFACE ( 'NONE', #3679, 0.1999999999999996500 ) ;
#2577 = CARTESIAN_POINT ( 'NONE',  ( 6.917157287525378200, 6.000000000000000000, -4.917157287525379100 ) ) ;
#2578 =( GEOMETRIC_REPRESENTATION_CONTEXT ( 3 ) GLOBAL_UNCERTAINTY_ASSIGNED_CONTEXT ( ( #1761 ) ) GLOBAL_UNIT_ASSIGNED_CONTEXT ( ( #836, #4173, #1321 ) ) REPRESENTATION_CONTEXT ( 'NONE', 'WORKASPACE' ) );
#2579 = STYLED_ITEM ( 'NONE', ( #4469 ), #3908 ) ;
#2580 = ORIENTED_EDGE ( 'NONE', *, *, #1775, .T. ) ;
#2581 = FILL_AREA_STYLE_COLOUR ( '', #3722 ) ;
#2582 = PRESENTATION_STYLE_ASSIGNMENT (( #5583 ) ) ;
#2583 = CARTESIAN_POINT ( 'NONE',  ( 1.734723475976807100E-015, 0.0000000000000000000, 4.800000000000003400 ) ) ;
#2584 = EDGE_LOOP ( 'NONE', ( #552, #6083, #5140 ) ) ;
#2585 = ORIENTED_EDGE ( 'NONE', *, *, #3330, .T. ) ;
#2586 = SURFACE_STYLE_FILL_AREA ( #542 ) ;
#2587 = AXIS2_PLACEMENT_3D ( 'NONE', #3886, #1042, #4347 ) ;
#2588 =( NAMED_UNIT ( * ) PLANE_ANGLE_UNIT ( ) SI_UNIT ( $, .RADIAN. ) );
#2589 = ADVANCED_FACE ( 'NONE', ( #1338 ), #1393, .T. ) ;
#2590 = CARTESIAN_POINT ( 'NONE',  ( -6.200000000000002000, 17.39719350251872500, 5.862838719962298700 ) ) ;
#2591 = DIRECTION ( 'NONE',  ( 1.000000000000000000, 0.0000000000000000000, 0.0000000000000000000 ) ) ;
#2592 = ORIENTED_EDGE ( 'NONE', *, *, #5928, .T. ) ;
#2593 = FILL_AREA_STYLE ('',( #4012 ) ) ;
#2594 = ORIENTED_EDGE ( 'NONE', *, *, #2605, .F. ) ;
#2595 = CIRCLE ( 'NONE', #5249, 2.000000000000000000 ) ;
#2596 = DIRECTION ( 'NONE',  ( 0.0000000000000000000, 4.336808689942025600E-015, 1.000000000000000000 ) ) ;
#2597 = ORIENTED_EDGE ( 'NONE', *, *, #92, .F. ) ;
#2598 = DIRECTION ( 'NONE',  ( -1.000000000000000000, -0.0000000000000000000, -0.0000000000000000000 ) ) ;
#2599 = AXIS2_PLACEMENT_3D ( 'NONE', #3565, #691, #4039 ) ;
#2600 = SURFACE_STYLE_FILL_AREA ( #5115 ) ;
#2601 = DIRECTION ( 'NONE',  ( -0.0000000000000000000, -0.0000000000000000000, 1.000000000000000000 ) ) ;
#2602 = VECTOR ( 'NONE', #6101, 1000.000000000000000 ) ;
#2603 = ORIENTED_EDGE ( 'NONE', *, *, #1676, .F. ) ;
#2604 =( NAMED_UNIT ( * ) SI_UNIT ( $, .STERADIAN. ) SOLID_ANGLE_UNIT ( ) );
#2605 = EDGE_CURVE ( 'NONE', #3405, #4282, #1498, .T. ) ;
#2606 = FACE_BOUND ( 'NONE', #1244, .T. ) ;
#2607 = MECHANICAL_DESIGN_GEOMETRIC_PRESENTATION_REPRESENTATION (  '', ( #1333 ), #2935 ) ;
#2608 = EDGE_LOOP ( 'NONE', ( #885, #113, #5788, #1204, #1548, #1193 ) ) ;
#2609 = CARTESIAN_POINT ( 'NONE',  ( 2.527739922137633100E-015, 0.0000000000000000000, -5.099999999999997000 ) ) ;
#2610 = DIRECTION ( 'NONE',  ( 0.0000000000000000000, -1.000000000000000000, -0.0000000000000000000 ) ) ;
#2611 = CARTESIAN_POINT ( 'NONE',  ( -4.999999999999998200, -1.761828530288944700E-016, -1.417398742541499800 ) ) ;
#2612 = VECTOR ( 'NONE', #2856, 1000.000000000000000 ) ;
#2613 = FACE_OUTER_BOUND ( 'NONE', #24, .T. ) ;
#2614 = DIRECTION ( 'NONE',  ( -1.000000000000000000, 0.0000000000000000000, 0.0000000000000000000 ) ) ;
#2615 = CYLINDRICAL_SURFACE ( 'NONE', #360, 0.1999999999999996500 ) ;
#2616 = PRESENTATION_LAYER_ASSIGNMENT (  '', '', ( #1970 ) ) ;
#2617 = ORIENTED_EDGE ( 'NONE', *, *, #3029, .T. ) ;
#2618 = AXIS2_PLACEMENT_3D ( 'NONE', #2590, #3076, #5451 ) ;
#2619 =( NAMED_UNIT ( * ) SI_UNIT ( $, .STERADIAN. ) SOLID_ANGLE_UNIT ( ) );
#2620 = PRESENTATION_STYLE_ASSIGNMENT (( #312 ) ) ;
#2621 = CARTESIAN_POINT ( 'NONE',  ( 5.917643197515396900, 1.199999999999999700, 15.89182909767781000 ) ) ;
#2622 = EDGE_LOOP ( 'NONE', ( #672, #4034, #1191, #1822 ) ) ;
#2623 = CIRCLE ( 'NONE', #3469, 2.050000000000000700 ) ;
#2624 = CARTESIAN_POINT ( 'NONE',  ( -8.449999999999997500, 1.500000000000000400, -4.999999999999997300 ) ) ;
#2625 = ADVANCED_FACE ( 'NONE', ( #73 ), #442, .T. ) ;
#2626 = EDGE_LOOP ( 'NONE', ( #4896, #1847, #1795, #137, #5171, #3164, #3775, #1608 ) ) ;
#2627 = CARTESIAN_POINT ( 'NONE',  ( -4.999999999999998200, 6.001000000000000300, -2.817398742541499200 ) ) ;
#2628 = COLOUR_RGB ( '',0.2509803921568627400, 0.2509803921568627400, 0.2509803921568627400 ) ;
#2629 = PLANE ( 'NONE',  #3962 ) ;
#2630 = SURFACE_SIDE_STYLE ('',( #246 ) ) ;
#2631 = AXIS2_PLACEMENT_3D ( 'NONE', #4037, #1200, #4514 ) ;
#2632 = VERTEX_POINT ( 'NONE', #2331 ) ;
#2633 = DIRECTION ( 'NONE',  ( 0.0000000000000000000, 0.0000000000000000000, -1.000000000000000000 ) ) ;
#2634 = TOROIDAL_SURFACE ( 'NONE', #2747, 2.050000000000000700, 0.2000000000000000100 ) ;
#2635 = DIRECTION ( 'NONE',  ( -0.0000000000000000000, 0.0000000000000000000, -1.000000000000000000 ) ) ;
#2636 = MECHANICAL_DESIGN_GEOMETRIC_PRESENTATION_REPRESENTATION (  '', ( #1366 ), #2958 ) ;
#2637 = COLOUR_RGB ( '',0.2509803921568627400, 0.2509803921568627400, 0.2509803921568627400 ) ;
#2638 = CARTESIAN_POINT ( 'NONE',  ( 0.5500000000000018200, 1.499999999999999100, -4.999999999999997300 ) ) ;
#2639 = FACE_BOUND ( 'NONE', #5403, .T. ) ;
#2640 = SURFACE_SIDE_STYLE ('',( #3018 ) ) ;
#2641 = DIRECTION ( 'NONE',  ( -1.000000000000000000, -0.0000000000000000000, -0.0000000000000000000 ) ) ;
#2642 = EDGE_CURVE ( 'NONE', #4935, #2773, #3716, .T. ) ;
#2643 = CARTESIAN_POINT ( 'NONE',  ( -6.399999999999995900, 1.000000000000000000, 5.657096799905748000 ) ) ;
#2644 = EDGE_CURVE ( 'NONE', #3764, #5550, #2449, .T. ) ;
#2645 = FACE_OUTER_BOUND ( 'NONE', #2622, .T. ) ;
#2646 = AXIS2_PLACEMENT_3D ( 'NONE', #2046, #623, #4414 ) ;
#2647 = LINE ( 'NONE', #5435, #4880 ) ;
#2648 = EDGE_LOOP ( 'NONE', ( #5271, #6044, #2140, #3914, #874, #5096, #4860, #4911, #4275 ) ) ;
#2650 = DIRECTION ( 'NONE',  ( -0.0000000000000000000, -1.000000000000000000, -0.0000000000000000000 ) ) ;
#2649 =( NAMED_UNIT ( * ) PLANE_ANGLE_UNIT ( ) SI_UNIT ( $, .RADIAN. ) );
#2651 = VECTOR ( 'NONE', #5048, 1000.000000000000000 ) ;
#2652 = VECTOR ( 'NONE', #1865, 1000.000000000000000 ) ;
#2653 = FACE_OUTER_BOUND ( 'NONE', #5295, .T. ) ;
#2654 = CARTESIAN_POINT ( 'NONE',  ( 10.22344725000894000, 4.800000000000000700, 11.20298081695579000 ) ) ;
#2655 = AXIS2_PLACEMENT_3D ( 'NONE', #3646, #4124, #6013 ) ;
#2656 = ADVANCED_FACE ( 'NONE', ( #5138, #4843 ), #2353, .F. ) ;
#2657 = EDGE_LOOP ( 'NONE', ( #4110, #3507, #2890, #3636, #1573, #1908, #3778, #4248, #5714 ) ) ;
#2658 = PRESENTATION_LAYER_ASSIGNMENT (  '', '', ( #2324 ) ) ;
#2659 = CYLINDRICAL_SURFACE ( 'NONE', #4999, 0.3999999999999993000 ) ;
#2660 = DIRECTION ( 'NONE',  ( 0.0000000000000000000, 0.0000000000000000000, -1.000000000000000000 ) ) ;
#2661 = LINE ( 'NONE', #5621, #124 ) ;
#2662 = EDGE_LOOP ( 'NONE', ( #5860, #5825, #3744, #3499 ) ) ;
#2663 = ORIENTED_EDGE ( 'NONE', *, *, #3881, .F. ) ;
#2664 = LINE ( 'NONE', #515, #2505 ) ;
#2665 = CIRCLE ( 'NONE', #96, 0.5000000000000004400 ) ;
#2666 = FILL_AREA_STYLE_COLOUR ( '', #4933 ) ;
#2667 = EDGE_LOOP ( 'NONE', ( #3705, #2894, #1451, #6088 ) ) ;
#2668 = EDGE_LOOP ( 'NONE', ( #2927, #4682, #274 ) ) ;
#2669 =( NAMED_UNIT ( * ) PLANE_ANGLE_UNIT ( ) SI_UNIT ( $, .RADIAN. ) );
#2671 = SURFACE_STYLE_USAGE ( .BOTH. , #5526 ) ;
#2670 = DIRECTION ( 'NONE',  ( 0.0000000000000000000, 0.0000000000000000000, -1.000000000000000000 ) ) ;
#2672 = VERTEX_POINT ( 'NONE', #5689 ) ;
#2673 = ORIENTED_EDGE ( 'NONE', *, *, #505, .T. ) ;
#2674 =( NAMED_UNIT ( * ) SI_UNIT ( $, .STERADIAN. ) SOLID_ANGLE_UNIT ( ) );
#2675 = LINE ( 'NONE', #2804, #301 ) ;
#2676 = CARTESIAN_POINT ( 'NONE',  ( 2.255006348430041200E-015, 0.08284271247461913500, 5.000000000000003600 ) ) ;
#2677 = DIRECTION ( 'NONE',  ( -0.0000000000000000000, 1.000000000000000000, -0.0000000000000000000 ) ) ;
#2678 = ORIENTED_EDGE ( 'NONE', *, *, #1224, .F. ) ;
#2679 = LINE ( 'NONE', #2154, #1422 ) ;
#2680 = CIRCLE ( 'NONE', #1085, 0.2000000000000005100 ) ;
#2681 = FILL_AREA_STYLE ('',( #2196 ) ) ;
#2682 = AXIS2_PLACEMENT_3D ( 'NONE', #2341, #4700, #1379 ) ;
#2683 = VERTEX_POINT ( 'NONE', #1437 ) ;
#2684 = ADVANCED_FACE ( 'NONE', ( #4793 ), #4761, .F. ) ;
#2685 = CARTESIAN_POINT ( 'NONE',  ( -2.527739922137631200E-015, 5.800000000000000700, -5.099999999999997900 ) ) ;
#2686 = VECTOR ( 'NONE', #2962, 1000.000000000000000 ) ;
#2687 = VECTOR ( 'NONE', #436, 1000.000000000000000 ) ;
#2688 = LINE ( 'NONE', #4908, #5070 ) ;
#2689 = SURFACE_STYLE_USAGE ( .BOTH. , #5539 ) ;
#2690 = ORIENTED_EDGE ( 'NONE', *, *, #49, .F. ) ;
#2691 = UNCERTAINTY_MEASURE_WITH_UNIT (LENGTH_MEASURE( 1.000000000000000100E-005 ), #1152, 'distance_accuracy_value', 'NONE');
#2692 = EDGE_CURVE ( 'NONE', #3706, #5049, #5703, .T. ) ;
#2693 = AXIS2_PLACEMENT_3D ( 'NONE', #5213, #2344, #5677 ) ;
#2694 = SURFACE_STYLE_FILL_AREA ( #1760 ) ;
#2695 = CARTESIAN_POINT ( 'NONE',  ( 8.549999999999998900, 1.499999999999998000, -10.99999999999999800 ) ) ;
#2696 = ORIENTED_EDGE ( 'NONE', *, *, #4780, .F. ) ;
#2697 = FILL_AREA_STYLE_COLOUR ( '', #903 ) ;
#2698 =( LENGTH_UNIT ( ) NAMED_UNIT ( * ) SI_UNIT ( .MILLI., .METRE. ) );
#2699 = FACE_OUTER_BOUND ( 'NONE', #425, .T. ) ;
#2700 = AXIS2_PLACEMENT_3D ( 'NONE', #704, #2990, #5145 ) ;
#2701 = LINE ( 'NONE', #5025, #2548 ) ;
#2702 = PRESENTATION_LAYER_ASSIGNMENT (  '', '', ( #2057 ) ) ;
#2703 = EDGE_LOOP ( 'NONE', ( #1334, #564, #1444, #5642 ) ) ;
#2704 = ORIENTED_EDGE ( 'NONE', *, *, #5371, .F. ) ;
#2705 = CARTESIAN_POINT ( 'NONE',  ( -6.380119235371118700, 1.000000000000000000, 6.329268844471130300 ) ) ;
#2706 = CARTESIAN_POINT ( 'NONE',  ( 2.999999999999997300, 0.0000000000000000000, -4.799999999999998000 ) ) ;
#2707 = EDGE_CURVE ( 'NONE', #1484, #126, #2249, .T. ) ;
#2708 = DIRECTION ( 'NONE',  ( -1.223120689731756600E-016, 1.000000000000000000, 0.0000000000000000000 ) ) ;
#2709 = CARTESIAN_POINT ( 'NONE',  ( 6.799999999999825700, 0.2000000000000000100, 2.359223927328452100E-013 ) ) ;
#2710 = VECTOR ( 'NONE', #2087, 1000.000000000000100 ) ;
#2711 =( NAMED_UNIT ( * ) SI_UNIT ( $, .STERADIAN. ) SOLID_ANGLE_UNIT ( ) );
#2713 = CARTESIAN_POINT ( 'NONE',  ( -8.449999999999997500, 4.000000000000003600, -10.99999999999999800 ) ) ;
#2712 = DIRECTION ( 'NONE',  ( 2.312964634635742300E-015, 1.000000000000000000, 0.0000000000000000000 ) ) ;
#2714 = EDGE_CURVE ( 'NONE', #1484, #4988, #3529, .T. ) ;
#2715 = AXIS2_PLACEMENT_3D ( 'NONE', #429, #4719, #446 ) ;
#2716 = VECTOR ( 'NONE', #5150, 1000.000000000000000 ) ;
#2717 = ORIENTED_EDGE ( 'NONE', *, *, #2826, .T. ) ;
#2718 = DIRECTION ( 'NONE',  ( 1.000000000000000000, 0.0000000000000000000, 0.0000000000000000000 ) ) ;
#2719 = DIRECTION ( 'NONE',  ( -0.1600216669179817800, 0.0000000000000000000, 0.9871135021449106700 ) ) ;
#2720 = ADVANCED_FACE ( 'NONE', ( #986 ), #5462, .T. ) ;
#2721 = DIRECTION ( 'NONE',  ( -0.7071067811865465700, 0.0000000000000000000, 0.7071067811865484600 ) ) ;
#2722 =( LENGTH_UNIT ( ) NAMED_UNIT ( * ) SI_UNIT ( .MILLI., .METRE. ) );
#2723 = SURFACE_STYLE_FILL_AREA ( #4959 ) ;
#2724 = CARTESIAN_POINT ( 'NONE',  ( -6.715685424949234600, -5.900605777735011000E-016, -5.217157287525375300 ) ) ;
#2725 = AXIS2_PLACEMENT_3D ( 'NONE', #4752, #5237, #3780 ) ;
#2726 = EDGE_LOOP ( 'NONE', ( #900, #5511, #5996, #1990, #5949 ) ) ;
#2727 = COLOUR_RGB ( '',0.2509803921568627400, 0.2509803921568627400, 0.2509803921568627400 ) ;
#2728 = DIRECTION ( 'NONE',  ( -0.0000000000000000000, 1.000000000000000000, 0.0000000000000000000 ) ) ;
#2729 = VECTOR ( 'NONE', #723, 1000.000000000000000 ) ;
#2730 = CARTESIAN_POINT ( 'NONE',  ( 2.999999999999998200, 5.799999999999999800, -4.999999999999995600 ) ) ;
#2731 = COLOUR_RGB ( '',0.2509803921568627400, 0.2509803921568627400, 0.2509803921568627400 ) ;
#2732 = SURFACE_STYLE_USAGE ( .BOTH. , #5581 ) ;
#2733 = ORIENTED_EDGE ( 'NONE', *, *, #1681, .F. ) ;
#2734 = DIRECTION ( 'NONE',  ( 1.000000000000000000, 0.0000000000000000000, 3.469446951953694300E-014 ) ) ;
#2735 = EDGE_CURVE ( 'NONE', #5289, #2457, #2930, .T. ) ;
#2736 = AXIS2_PLACEMENT_3D ( 'NONE', #4778, #1913, #5265 ) ;
#2737 = EDGE_CURVE ( 'NONE', #3142, #4000, #1657, .T. ) ;
#2738 = SURFACE_STYLE_FILL_AREA ( #579 ) ;
#2739 =( LENGTH_UNIT ( ) NAMED_UNIT ( * ) SI_UNIT ( .MILLI., .METRE. ) );
#2740 =( NAMED_UNIT ( * ) PLANE_ANGLE_UNIT ( ) SI_UNIT ( $, .RADIAN. ) );
#2741 = ORIENTED_EDGE ( 'NONE', *, *, #5908, .F. ) ;
#2742 = SURFACE_STYLE_FILL_AREA ( #3754 ) ;
#2743 = SURFACE_STYLE_FILL_AREA ( #4568 ) ;
#2744 = DIRECTION ( 'NONE',  ( -0.0000000000000000000, 0.0000000000000000000, 1.000000000000000000 ) ) ;
#2745 = PRESENTATION_LAYER_ASSIGNMENT (  '', '', ( #2404 ) ) ;
#2746 = FILL_AREA_STYLE_COLOUR ( '', #318 ) ;
#2747 = AXIS2_PLACEMENT_3D ( 'NONE', #2915, #4831, #1963 ) ;
#2748 = DIRECTION ( 'NONE',  ( -0.0000000000000000000, -1.000000000000000000, -0.0000000000000000000 ) ) ;
#2749 = VERTEX_POINT ( 'NONE', #4828 ) ;
#2750 = CARTESIAN_POINT ( 'NONE',  ( -6.699999999999996600, 5.000000000000000000, 6.000000000000003600 ) ) ;
#2751 = ORIENTED_EDGE ( 'NONE', *, *, #4765, .T. ) ;
#2752 = CARTESIAN_POINT ( 'NONE',  ( -6.699999999999996600, 5.000000000000000000, 5.500000000000003600 ) ) ;
#2753 = CARTESIAN_POINT ( 'NONE',  ( 10.00000000000000400, 0.0000000000000000000, -4.799999999999998000 ) ) ;
#2754 = ORIENTED_EDGE ( 'NONE', *, *, #5651, .F. ) ;
#2755 = CARTESIAN_POINT ( 'NONE',  ( -2.999999999999997800, 0.1999999999999987900, -5.049999999999994500 ) ) ;
#2756 = VERTEX_POINT ( 'NONE', #29 ) ;
#2757 = VECTOR ( 'NONE', #930, 1000.000000000000000 ) ;
#2758 =( LENGTH_UNIT ( ) NAMED_UNIT ( * ) SI_UNIT ( .MILLI., .METRE. ) );
#2759 = STYLED_ITEM ( 'NONE', ( #4796 ), #1652 ) ;
#2760 = VERTEX_POINT ( 'NONE', #5309 ) ;
#2761 = EDGE_CURVE ( 'NONE', #3851, #1956, #251, .T. ) ;
#2762 = SURFACE_STYLE_USAGE ( .BOTH. , #1316 ) ;
#2764 = CARTESIAN_POINT ( 'NONE',  ( 1.050000000000002300, 3.000000000000000400, -9.949999999999999300 ) ) ;
#2763 =( NAMED_UNIT ( * ) SI_UNIT ( $, .STERADIAN. ) SOLID_ANGLE_UNIT ( ) );
#2765 = CARTESIAN_POINT ( 'NONE',  ( 5.000000000000001800, 6.000000000000000000, -1.417398742541499800 ) ) ;
#2766 = LINE ( 'NONE', #3278, #2602 ) ;
#2767 = ORIENTED_EDGE ( 'NONE', *, *, #5601, .T. ) ;
#2768 = PRESENTATION_LAYER_ASSIGNMENT (  '', '', ( #2108 ) ) ;
#2769 = FILL_AREA_STYLE ('',( #838 ) ) ;
#2770 = FILL_AREA_STYLE ('',( #2746 ) ) ;
#2771 = DIRECTION ( 'NONE',  ( 0.0000000000000000000, -1.000000000000000000, 0.0000000000000000000 ) ) ;
#2772 = VERTEX_POINT ( 'NONE', #72 ) ;
#2773 = VERTEX_POINT ( 'NONE', #3875 ) ;
#2774 = EDGE_CURVE ( 'NONE', #2795, #4950, #1522, .T. ) ;
#2775 = EDGE_CURVE ( 'NONE', #649, #5971, #4193, .T. ) ;
#2776 = LINE ( 'NONE', #4734, #5151 ) ;
#2777 = CARTESIAN_POINT ( 'NONE',  ( -9.799999999999995400, 6.000000000000000000, 5.300000000000003400 ) ) ;
#2778 = DIRECTION ( 'NONE',  ( 0.0000000000000000000, 0.0000000000000000000, 1.000000000000000000 ) ) ;
#2779 = ORIENTED_EDGE ( 'NONE', *, *, #719, .T. ) ;
#2780 = FILL_AREA_STYLE_COLOUR ( '', #4371 ) ;
#2781 = EDGE_LOOP ( 'NONE', ( #5026, #4680, #82, #1683 ) ) ;
#2782 = UNCERTAINTY_MEASURE_WITH_UNIT (LENGTH_MEASURE( 1.000000000000000100E-005 ), #5673, 'distance_accuracy_value', 'NONE');
#2783 = FACE_OUTER_BOUND ( 'NONE', #377, .T. ) ;
#2784 = FACE_OUTER_BOUND ( 'NONE', #5867, .T. ) ;
#2786 = CARTESIAN_POINT ( 'NONE',  ( 3.199999999999998000, 0.0000000000000000000, -4.967157287525375300 ) ) ;
#2785 = CARTESIAN_POINT ( 'NONE',  ( 7.925129743375459900, 5.000000000000000000, 14.84441838603068200 ) ) ;
#2787 =( GEOMETRIC_REPRESENTATION_CONTEXT ( 3 ) GLOBAL_UNCERTAINTY_ASSIGNED_CONTEXT ( ( #5456 ) ) GLOBAL_UNIT_ASSIGNED_CONTEXT ( ( #3681, #4188, #1357 ) ) REPRESENTATION_CONTEXT ( 'NONE', 'WORKASPACE' ) );
#2788 = ORIENTED_EDGE ( 'NONE', *, *, #3922, .F. ) ;
#2789 = FILL_AREA_STYLE ('',( #2288 ) ) ;
#2790 = AXIS2_PLACEMENT_3D ( 'NONE', #2055, #3508, #154 ) ;
#2791 = VECTOR ( 'NONE', #2928, 1000.000000000000000 ) ;
#2792 = DIRECTION ( 'NONE',  ( -0.7071067811865458000, -0.0000000000000000000, 0.7071067811865492400 ) ) ;
#2793 = CARTESIAN_POINT ( 'NONE',  ( -3.082842712474616900, 6.000000000000000000, -5.015685424949231800 ) ) ;
#2794 = EDGE_LOOP ( 'NONE', ( #4852, #287, #888, #6060, #1688, #4143 ) ) ;
#2795 = VERTEX_POINT ( 'NONE', #94 ) ;
#2796 = CARTESIAN_POINT ( 'NONE',  ( -6.399999999999996800, 5.000000000000000000, 6.000000000000003600 ) ) ;
#2797 = SURFACE_STYLE_FILL_AREA ( #1427 ) ;
#2798 = DIRECTION ( 'NONE',  ( -1.226634733346699500E-015, -0.7071067811865474600, 0.7071067811865475700 ) ) ;
#2799 = CARTESIAN_POINT ( 'NONE',  ( 10.67132034355964300, 3.000000000000000400, -9.949999999999999300 ) ) ;
#2800 = EDGE_CURVE ( 'NONE', #3939, #2, #1365, .T. ) ;
#2801 = EDGE_CURVE ( 'NONE', #1426, #2883, #3890, .T. ) ;
#2802 = ADVANCED_FACE ( 'NONE', ( #2467 ), #1053, .F. ) ;
#2803 = DIRECTION ( 'NONE',  ( -0.0000000000000000000, 1.000000000000000000, -0.0000000000000000000 ) ) ;
#2804 = CARTESIAN_POINT ( 'NONE',  ( 8.050000000000002500, 4.499999999999998200, -10.50000000000000000 ) ) ;
#2805 = CYLINDRICAL_SURFACE ( 'NONE', #4613, 0.1999999999999996500 ) ;
#2806 = VECTOR ( 'NONE', #6066, 1000.000000000000000 ) ;
#2807 = CARTESIAN_POINT ( 'NONE',  ( 7.925129743375459900, 4.399999999999999500, 14.44441838603068400 ) ) ;
#2808 = FILL_AREA_STYLE ('',( #6114 ) ) ;
#2809 = STYLED_ITEM ( 'NONE', ( #3723 ), #2369 ) ;
#2810 = CARTESIAN_POINT ( 'NONE',  ( -8.449999999999997500, 1.999999999999997300, -10.99999999999999800 ) ) ;
#2811 = FACE_OUTER_BOUND ( 'NONE', #4449, .T. ) ;
#2812 = LINE ( 'NONE', #3192, #5183 ) ;
#2813 = VECTOR ( 'NONE', #611, 1000.000000000000000 ) ;
#2814 = DIRECTION ( 'NONE',  ( -0.0000000000000000000, -1.000000000000000000, -0.0000000000000000000 ) ) ;
#2815 = VERTEX_POINT ( 'NONE', #5812 ) ;
#2816 = ORIENTED_EDGE ( 'NONE', *, *, #5112, .F. ) ;
#2817 =( NAMED_UNIT ( * ) PLANE_ANGLE_UNIT ( ) SI_UNIT ( $, .RADIAN. ) );
#2818 = DIRECTION ( 'NONE',  ( 0.0000000000000000000, -1.000000000000000000, 0.0000000000000000000 ) ) ;
#2819 = CIRCLE ( 'NONE', #1650, 1.199999999999999700 ) ;
#2820 = DIRECTION ( 'NONE',  ( 0.9328602490176607400, 0.0000000000000000000, 0.3602384707422405800 ) ) ;
#2821 = AXIS2_PLACEMENT_3D ( 'NONE', #2709, #805, #2734 ) ;
#2822 = UNCERTAINTY_MEASURE_WITH_UNIT (LENGTH_MEASURE( 1.000000000000000100E-005 ), #1074, 'distance_accuracy_value', 'NONE');
#2823 = ORIENTED_EDGE ( 'NONE', *, *, #5908, .T. ) ;
#2824 = CYLINDRICAL_SURFACE ( 'NONE', #3727, 0.2000000000000005100 ) ;
#2825 = CARTESIAN_POINT ( 'NONE',  ( -9.799999999999995400, 0.0000000000000000000, -4.999999999999997300 ) ) ;
#2826 = EDGE_CURVE ( 'NONE', #790, #4496, #5002, .T. ) ;
#2827 = ORIENTED_EDGE ( 'NONE', *, *, #5167, .T. ) ;
#2828 = EDGE_CURVE ( 'NONE', #1196, #5709, #1222, .T. ) ;
#2829 = PRESENTATION_LAYER_ASSIGNMENT (  '', '', ( #2479 ) ) ;
#2830 = CARTESIAN_POINT ( 'NONE',  ( 0.5500000000000018200, 4.499999999999999100, -10.50000000000000000 ) ) ;
#2831 = CARTESIAN_POINT ( 'NONE',  ( -4.999999999999998200, 0.1999999999999996500, -2.817398742541499200 ) ) ;
#2832 = SURFACE_STYLE_USAGE ( .BOTH. , #5664 ) ;
#2833 = ORIENTED_EDGE ( 'NONE', *, *, #2541, .T. ) ;
#2834 = VERTEX_POINT ( 'NONE', #111 ) ;
#2835 = ADVANCED_FACE ( 'NONE', ( #4861 ), #3442, .T. ) ;
#2836 =( GEOMETRIC_REPRESENTATION_CONTEXT ( 3 ) GLOBAL_UNCERTAINTY_ASSIGNED_CONTEXT ( ( #3983 ) ) GLOBAL_UNIT_ASSIGNED_CONTEXT ( ( #4609, #5198, #549 ) ) REPRESENTATION_CONTEXT ( 'NONE', 'WORKASPACE' ) );
#2837 = AXIS2_PLACEMENT_3D ( 'NONE', #3216, #366, #3688 ) ;
#2838 = CARTESIAN_POINT ( 'NONE',  ( 4.594322988211933600, 1.000000000000000000, 10.24562854327899500 ) ) ;
#2839 = CARTESIAN_POINT ( 'NONE',  ( 10.67132034355964300, 3.000000000000000400, -9.949999999999999300 ) ) ;
#2840 = ORIENTED_EDGE ( 'NONE', *, *, #2775, .T. ) ;
#2841 = EDGE_LOOP ( 'NONE', ( #938, #5643, #3425, #5032 ) ) ;
#2842 = CARTESIAN_POINT ( 'NONE',  ( 5.917643197515396900, 1.199999999999999700, 15.89182909767781000 ) ) ;
#2843 = ORIENTED_EDGE ( 'NONE', *, *, #953, .F. ) ;
#2844 =( NAMED_UNIT ( * ) PLANE_ANGLE_UNIT ( ) SI_UNIT ( $, .RADIAN. ) );
#2845 = CARTESIAN_POINT ( 'NONE',  ( -6.799999999999997200, 0.0000000000000000000, -4.967157287525376200 ) ) ;
#2846 =( GEOMETRIC_REPRESENTATION_CONTEXT ( 3 ) GLOBAL_UNCERTAINTY_ASSIGNED_CONTEXT ( ( #541 ) ) GLOBAL_UNIT_ASSIGNED_CONTEXT ( ( #6046, #3205, #356 ) ) REPRESENTATION_CONTEXT ( 'NONE', 'WORKASPACE' ) );
#2847 = FILL_AREA_STYLE ('',( #2364 ) ) ;
#2848 = ORIENTED_EDGE ( 'NONE', *, *, #2009, .F. ) ;
#2850 =( LENGTH_UNIT ( ) NAMED_UNIT ( * ) SI_UNIT ( .MILLI., .METRE. ) );
#2849 = PLANE ( 'NONE',  #3966 ) ;
#2851 = CARTESIAN_POINT ( 'NONE',  ( 7.925129743375459900, 1.800000000000000000, 14.44441838603068400 ) ) ;
#2852 = FACE_OUTER_BOUND ( 'NONE', #2703, .T. ) ;
#2853 = STYLED_ITEM ( 'NONE', ( #3069 ), #3096 ) ;
#2854 = DIRECTION ( 'NONE',  ( 0.0000000000000000000, -1.000000000000000000, 0.0000000000000000000 ) ) ;
#2855 = ORIENTED_EDGE ( 'NONE', *, *, #4398, .F. ) ;
#2856 = DIRECTION ( 'NONE',  ( -0.0000000000000000000, -1.000000000000000000, -0.0000000000000000000 ) ) ;
#2857 = SURFACE_STYLE_FILL_AREA ( #2770 ) ;
#2858 = VECTOR ( 'NONE', #2650, 1000.000000000000000 ) ;
#2859 = UNCERTAINTY_MEASURE_WITH_UNIT (LENGTH_MEASURE( 1.000000000000000100E-005 ), #5303, 'distance_accuracy_value', 'NONE');
#2860 = EDGE_CURVE ( 'NONE', #571, #2457, #6117, .T. ) ;
#2861 = DIRECTION ( 'NONE',  ( -1.000000000000000000, -0.0000000000000000000, 0.0000000000000000000 ) ) ;
#2862 = ADVANCED_FACE ( 'NONE', ( #599 ), #5079, .F. ) ;
#2863 = VECTOR ( 'NONE', #2135, 1000.000000000000000 ) ;
#2864 =( LENGTH_UNIT ( ) NAMED_UNIT ( * ) SI_UNIT ( .MILLI., .METRE. ) );
#2865 = ORIENTED_EDGE ( 'NONE', *, *, #1232, .F. ) ;
#2867 = DIRECTION ( 'NONE',  ( 1.223120689731756600E-016, -1.000000000000000000, -0.0000000000000000000 ) ) ;
#2866 = SURFACE_SIDE_STYLE ('',( #3313 ) ) ;
#2868 = AXIS2_PLACEMENT_3D ( 'NONE', #2219, #5359, #6027 ) ;
#2869 = VECTOR ( 'NONE', #4320, 1000.000000000000000 ) ;
#2870 = AXIS2_PLACEMENT_3D ( 'NONE', #3264, #3284, #427 ) ;
#2871 = VERTEX_POINT ( 'NONE', #2545 ) ;
#2872 = CARTESIAN_POINT ( 'NONE',  ( 4.698783342777135300, 1.021767819540756200, 10.60498470728652100 ) ) ;
#2873 = CARTESIAN_POINT ( 'NONE',  ( 2.168404344971009300E-015, 0.2000000000000005100, 5.250000000000002700 ) ) ;
#2874 = DIRECTION ( 'NONE',  ( -2.168404344971008900E-016, 1.000000000000000000, 0.0000000000000000000 ) ) ;
#2875 = SURFACE_STYLE_FILL_AREA ( #4766 ) ;
#2876 = EDGE_CURVE ( 'NONE', #5365, #5701, #1440, .T. ) ;
#2877 = EDGE_CURVE ( 'NONE', #724, #4982, #4400, .T. ) ;
#2878 =( GEOMETRIC_REPRESENTATION_CONTEXT ( 3 ) GLOBAL_UNCERTAINTY_ASSIGNED_CONTEXT ( ( #4249 ) ) GLOBAL_UNIT_ASSIGNED_CONTEXT ( ( #5240, #2367, #5704 ) ) REPRESENTATION_CONTEXT ( 'NONE', 'WORKASPACE' ) );
#2879 = PRESENTATION_STYLE_ASSIGNMENT (( #2956 ) ) ;
#2880 = COLOUR_RGB ( '',0.2509803921568627400, 0.2509803921568627400, 0.2509803921568627400 ) ;
#2881 =( NAMED_UNIT ( * ) SI_UNIT ( $, .STERADIAN. ) SOLID_ANGLE_UNIT ( ) );
#2882 = PRESENTATION_STYLE_ASSIGNMENT (( #5962 ) ) ;
#2883 = VERTEX_POINT ( 'NONE', #5424 ) ;
#2884 = DIRECTION ( 'NONE',  ( 2.425215430423191900E-033, -1.982809587625459700E-017, -1.000000000000000000 ) ) ;
#2885 = CYLINDRICAL_SURFACE ( 'NONE', #2868, 0.1999999999999996500 ) ;
#2886 = LINE ( 'NONE', #1665, #2729 ) ;
#2887 = EDGE_LOOP ( 'NONE', ( #2084, #1028 ) ) ;
#2888 = FILL_AREA_STYLE_COLOUR ( '', #3542 ) ;
#2889 = AXIS2_PLACEMENT_3D ( 'NONE', #1897, #5710, #2874 ) ;
#2890 = ORIENTED_EDGE ( 'NONE', *, *, #2570, .F. ) ;
#2891 = DIRECTION ( 'NONE',  ( 0.0000000000000000000, 0.0000000000000000000, 1.000000000000000000 ) ) ;
#2892 = VECTOR ( 'NONE', #3760, 1000.000000000000000 ) ;
#2893 = ADVANCED_FACE ( 'NONE', ( #2699 ), #4632, .T. ) ;
#2894 = ORIENTED_EDGE ( 'NONE', *, *, #1979, .F. ) ;
#2895 = UNCERTAINTY_MEASURE_WITH_UNIT (LENGTH_MEASURE( 1.000000000000000100E-005 ), #398, 'distance_accuracy_value', 'NONE');
#2896 = FILL_AREA_STYLE_COLOUR ( '', #5182 ) ;
#2897 = ORIENTED_EDGE ( 'NONE', *, *, #5034, .T. ) ;
#2898 = PRESENTATION_LAYER_ASSIGNMENT (  '', '', ( #2561 ) ) ;
#2899 = FACE_BOUND ( 'NONE', #4082, .T. ) ;
#2900 = ORIENTED_EDGE ( 'NONE', *, *, #5941, .F. ) ;
#2901 = ORIENTED_EDGE ( 'NONE', *, *, #80, .T. ) ;
#2902 = DIRECTION ( 'NONE',  ( 0.0000000000000000000, 0.0000000000000000000, -1.000000000000000000 ) ) ;
#2903 = AXIS2_PLACEMENT_3D ( 'NONE', #5320, #2451, #5785 ) ;
#2904 = VERTEX_POINT ( 'NONE', #2100 ) ;
#2905 = ORIENTED_EDGE ( 'NONE', *, *, #2132, .T. ) ;
#2906 = DIRECTION ( 'NONE',  ( -1.000000000000000000, 0.0000000000000000000, 0.0000000000000000000 ) ) ;
#2907 = DIRECTION ( 'NONE',  ( -1.000000000000000000, 0.0000000000000000000, -8.673617379884385700E-015 ) ) ;
#2908 = EDGE_CURVE ( 'NONE', #3035, #4740, #5747, .T. ) ;
#2909 = ORIENTED_EDGE ( 'NONE', *, *, #2522, .F. ) ;
#2910 = DIRECTION ( 'NONE',  ( -1.734723475976807500E-015, -1.000000000000000000, 0.0000000000000000000 ) ) ;
#2911 = PRESENTATION_LAYER_ASSIGNMENT (  '', '', ( #2579 ) ) ;
#2912 = FACE_OUTER_BOUND ( 'NONE', #4311, .T. ) ;
#2913 = ORIENTED_EDGE ( 'NONE', *, *, #5766, .F. ) ;
#2914 = CARTESIAN_POINT ( 'NONE',  ( 0.0000000000000000000, 5.800000000000000700, -4.799999999999998000 ) ) ;
#2915 = CARTESIAN_POINT ( 'NONE',  ( 7.925129743375459900, 1.800000000000000000, 14.44441838603068400 ) ) ;
#2916 = PRESENTATION_STYLE_ASSIGNMENT (( #3078 ) ) ;
#2917 = ADVANCED_FACE ( 'NONE', ( #3366 ), #1517, .T. ) ;
#2918 = CARTESIAN_POINT ( 'NONE',  ( -6.749999999999997300, 5.799999999999999800, -5.299999999999994500 ) ) ;
#2919 = ORIENTED_EDGE ( 'NONE', *, *, #781, .T. ) ;
#2920 = DIRECTION ( 'NONE',  ( 0.0000000000000000000, 0.0000000000000000000, -1.000000000000000000 ) ) ;
#2921 = STYLED_ITEM ( 'NONE', ( #2018 ), #2177 ) ;
#2922 = LINE ( 'NONE', #5668, #1508 ) ;
#2923 = DIRECTION ( 'NONE',  ( 0.0000000000000000000, 0.0000000000000000000, -1.000000000000000000 ) ) ;
#2924 = ORIENTED_EDGE ( 'NONE', *, *, #2419, .T. ) ;
#2925 = AXIS2_PLACEMENT_3D ( 'NONE', #1643, #4967, #2114 ) ;
#2926 = SURFACE_STYLE_USAGE ( .BOTH. , #5769 ) ;
#2927 = ORIENTED_EDGE ( 'NONE', *, *, #5328, .T. ) ;
#2928 = DIRECTION ( 'NONE',  ( 1.000000000000000000, -1.301042606982603900E-015, 0.0000000000000000000 ) ) ;
#2929 = UNCERTAINTY_MEASURE_WITH_UNIT (LENGTH_MEASURE( 1.000000000000000100E-005 ), #2379, 'distance_accuracy_value', 'NONE');
#2930 = LINE ( 'NONE', #523, #391 ) ;
#2931 = CIRCLE ( 'NONE', #4975, 0.1999999999999999800 ) ;
#2932 = EDGE_CURVE ( 'NONE', #4070, #571, #4035, .T. ) ;
#2933 = ORIENTED_EDGE ( 'NONE', *, *, #2332, .T. ) ;
#2934 = DIRECTION ( 'NONE',  ( 3.469446951953695000E-014, 0.0000000000000000000, 1.000000000000000000 ) ) ;
#2935 =( GEOMETRIC_REPRESENTATION_CONTEXT ( 3 ) GLOBAL_UNCERTAINTY_ASSIGNED_CONTEXT ( ( #4319 ) ) GLOBAL_UNIT_ASSIGNED_CONTEXT ( ( #5423, #2562, #5889 ) ) REPRESENTATION_CONTEXT ( 'NONE', 'WORKASPACE' ) );
#2936 =( LENGTH_UNIT ( ) NAMED_UNIT ( * ) SI_UNIT ( .MILLI., .METRE. ) );
#2937 = CARTESIAN_POINT ( 'NONE',  ( -6.999999999999997300, 0.1999999999999987900, -4.999999999999995600 ) ) ;
#2938 = EDGE_CURVE ( 'NONE', #1410, #4683, #387, .T. ) ;
#2939 = FILL_AREA_STYLE ('',( #3889 ) ) ;
#2940 = FILL_AREA_STYLE ('',( #1511 ) ) ;
#2941 = MECHANICAL_DESIGN_GEOMETRIC_PRESENTATION_REPRESENTATION (  '', ( #1970 ), #3257 ) ;
#2942 = DIRECTION ( 'NONE',  ( 1.000000000000000000, 0.0000000000000000000, -0.0000000000000000000 ) ) ;
#2943 = AXIS2_PLACEMENT_3D ( 'NONE', #268, #3594, #729 ) ;
#2944 = LINE ( 'NONE', #372, #2806 ) ;
#2945 = ADVANCED_FACE ( 'NONE', ( #2784 ), #2165, .T. ) ;
#2946 = VECTOR ( 'NONE', #4664, 1000.000000000000000 ) ;
#2947 = CYLINDRICAL_SURFACE ( 'NONE', #4394, 0.1999999999999996500 ) ;
#2948 = EDGE_CURVE ( 'NONE', #6162, #5659, #1060, .T. ) ;
#2949 = VERTEX_POINT ( 'NONE', #4545 ) ;
#2950 = AXIS2_PLACEMENT_3D ( 'NONE', #4020, #1175, #4492 ) ;
#2951 = CARTESIAN_POINT ( 'NONE',  ( 3.199999999999998000, 6.000000000000000000, -4.967157287525375300 ) ) ;
#2952 = DIRECTION ( 'NONE',  ( -1.000000000000000000, 0.0000000000000000000, 0.0000000000000000000 ) ) ;
#2953 = CARTESIAN_POINT ( 'NONE',  ( -7.949999999999996600, 1.500000000000000400, -10.50000000000000000 ) ) ;
#2954 = PLANE ( 'NONE',  #2241 ) ;
#2955 = ORIENTED_EDGE ( 'NONE', *, *, #4804, .F. ) ;
#2956 = SURFACE_STYLE_USAGE ( .BOTH. , #4696 ) ;
#2957 = CARTESIAN_POINT ( 'NONE',  ( 9.800000000000000700, 5.800000000000000700, 5.000000000000002700 ) ) ;
#2958 =( GEOMETRIC_REPRESENTATION_CONTEXT ( 3 ) GLOBAL_UNCERTAINTY_ASSIGNED_CONTEXT ( ( #1557 ) ) GLOBAL_UNIT_ASSIGNED_CONTEXT ( ( #3109, #262, #3589 ) ) REPRESENTATION_CONTEXT ( 'NONE', 'WORKASPACE' ) );
#2959 = UNCERTAINTY_MEASURE_WITH_UNIT (LENGTH_MEASURE( 1.000000000000000100E-005 ), #2186, 'distance_accuracy_value', 'NONE');
#2960 = ORIENTED_EDGE ( 'NONE', *, *, #2860, .F. ) ;
#2961 = ORIENTED_EDGE ( 'NONE', *, *, #1905, .F. ) ;
#2962 = DIRECTION ( 'NONE',  ( -1.000000000000000000, 0.0000000000000000000, 0.0000000000000000000 ) ) ;
#2964 = CARTESIAN_POINT ( 'NONE',  ( -3.999999999999996400, 4.649999999999999500, 5.500000000000003600 ) ) ;
#2963 = CARTESIAN_POINT ( 'NONE',  ( 9.800000000000002500, 5.800000000000000700, -4.799999999999998000 ) ) ;
#2965 = EDGE_CURVE ( 'NONE', #3122, #3757, #3115, .T. ) ;
#2966 = ORIENTED_EDGE ( 'NONE', *, *, #2395, .F. ) ;
#2967 = AXIS2_PLACEMENT_3D ( 'NONE', #4923, #2549, #1599 ) ;
#2968 = EDGE_LOOP ( 'NONE', ( #5457, #880, #349, #2392 ) ) ;
#2969 = PRESENTATION_STYLE_ASSIGNMENT (( #2031 ) ) ;
#2970 =( NAMED_UNIT ( * ) SI_UNIT ( $, .STERADIAN. ) SOLID_ANGLE_UNIT ( ) );
#2971 = CARTESIAN_POINT ( 'NONE',  ( 9.800000000000000700, 0.1999999999999996500, 4.800000000000003400 ) ) ;
#2972 =( LENGTH_UNIT ( ) NAMED_UNIT ( * ) SI_UNIT ( .MILLI., .METRE. ) );
#2973 = ORIENTED_EDGE ( 'NONE', *, *, #4340, .T. ) ;
#2974 = DIRECTION ( 'NONE',  ( 0.0000000000000000000, -1.000000000000000000, 0.0000000000000000000 ) ) ;
#2975 = DIRECTION ( 'NONE',  ( -0.7071067811865465700, 0.0000000000000000000, 0.7071067811865484600 ) ) ;
#2976 = VERTEX_POINT ( 'NONE', #1238 ) ;
#2977 = MECHANICAL_DESIGN_GEOMETRIC_PRESENTATION_REPRESENTATION (  '', ( #2322 ), #3292 ) ;
#2978 = MECHANICAL_DESIGN_GEOMETRIC_PRESENTATION_REPRESENTATION (  '', ( #2324 ), #3294 ) ;
#2979 = PLANE ( 'NONE',  #3174 ) ;
#2980 = ORIENTED_EDGE ( 'NONE', *, *, #5043, .T. ) ;
#2981 = FILL_AREA_STYLE_COLOUR ( '', #5771 ) ;
#2982 = CARTESIAN_POINT ( 'NONE',  ( 9.372540455022583900, 4.500000000000000900, 16.45190493189074800 ) ) ;
#2983 = ORIENTED_EDGE ( 'NONE', *, *, #5990, .T. ) ;
#2984 = SURFACE_SIDE_STYLE ('',( #5737 ) ) ;
#2986 =( LENGTH_UNIT ( ) NAMED_UNIT ( * ) SI_UNIT ( .MILLI., .METRE. ) );
#2985 = DIRECTION ( 'NONE',  ( 0.0000000000000000000, -1.000000000000000000, 0.0000000000000000000 ) ) ;
#2987 = ORIENTED_EDGE ( 'NONE', *, *, #2141, .T. ) ;
#2988 = DIRECTION ( 'NONE',  ( 0.0000000000000000000, 0.0000000000000000000, -1.000000000000000000 ) ) ;
#2989 = DIRECTION ( 'NONE',  ( -3.469446951953695000E-014, 0.0000000000000000000, 1.000000000000000000 ) ) ;
#2990 = DIRECTION ( 'NONE',  ( -1.000000000000000000, 0.0000000000000000000, 0.0000000000000000000 ) ) ;
#2991 = LINE ( 'NONE', #839, #1584 ) ;
#2992 = PLANE ( 'NONE',  #5779 ) ;
#2993 = FACE_OUTER_BOUND ( 'NONE', #3579, .T. ) ;
#2994 = UNCERTAINTY_MEASURE_WITH_UNIT (LENGTH_MEASURE( 1.000000000000000100E-005 ), #5304, 'distance_accuracy_value', 'NONE');
#2995 = AXIS2_PLACEMENT_3D ( 'NONE', #3199, #347, #3672 ) ;
#2996 = FILL_AREA_STYLE_COLOUR ( '', #2727 ) ;
#2997 = DIRECTION ( 'NONE',  ( 0.0000000000000000000, -0.0000000000000000000, -1.000000000000000000 ) ) ;
#2998 = LINE ( 'NONE', #2624, #174 ) ;
#2999 = DIRECTION ( 'NONE',  ( 1.000000000000000000, -1.084202172485506200E-015, 0.0000000000000000000 ) ) ;
#3000 = ORIENTED_EDGE ( 'NONE', *, *, #4386, .F. ) ;
#3001 = ADVANCED_FACE ( 'NONE', ( #904 ), #1708, .T. ) ;
#3002 = ORIENTED_EDGE ( 'NONE', *, *, #663, .F. ) ;
#3003 = MECHANICAL_DESIGN_GEOMETRIC_PRESENTATION_REPRESENTATION (  '', ( #2355 ), #3319 ) ;
#3004 = CARTESIAN_POINT ( 'NONE',  ( -3.199999999999954000, 0.2000000000000000100, 2.775557561562964600E-014 ) ) ;
#3005 = VECTOR ( 'NONE', #23, 1000.000000000000000 ) ;
#3007 = DIRECTION ( 'NONE',  ( -1.000000000000000000, -0.0000000000000000000, -0.0000000000000000000 ) ) ;
#3006 = SURFACE_SIDE_STYLE ('',( #2121 ) ) ;
#3008 = EDGE_CURVE ( 'NONE', #6125, #4083, #5382, .T. ) ;
#3009 = EDGE_CURVE ( 'NONE', #4618, #4935, #5338, .T. ) ;
#3010 = CARTESIAN_POINT ( 'NONE',  ( 6.197681114621864200, 4.500000000000000900, 14.16438046892422000 ) ) ;
#3011 = AXIS2_PLACEMENT_3D ( 'NONE', #1381, #435, #3755 ) ;
#3012 = FACE_OUTER_BOUND ( 'NONE', #1045, .T. ) ;
#3013 = DIRECTION ( 'NONE',  ( 0.7071067811865465700, 0.0000000000000000000, -0.7071067811865484600 ) ) ;
#3014 = DIRECTION ( 'NONE',  ( 1.223120689731756600E-016, -1.000000000000000000, 1.982809587625459700E-017 ) ) ;
#3015 = EDGE_CURVE ( 'NONE', #3393, #6158, #259, .T. ) ;
#3016 = CYLINDRICAL_SURFACE ( 'NONE', #5684, 0.2000000000000000100 ) ;
#3017 = LINE ( 'NONE', #6130, #1731 ) ;
#3018 = SURFACE_STYLE_FILL_AREA ( #5498 ) ;
#3019 = DIRECTION ( 'NONE',  ( 0.0000000000000000000, 0.0000000000000000000, 1.000000000000000000 ) ) ;
#3020 = PRESENTATION_LAYER_ASSIGNMENT (  '', '', ( #2371 ) ) ;
#3021 = ORIENTED_EDGE ( 'NONE', *, *, #2425, .T. ) ;
#3022 = FILL_AREA_STYLE_COLOUR ( '', #4862 ) ;
#3023 = MECHANICAL_DESIGN_GEOMETRIC_PRESENTATION_REPRESENTATION (  '', ( #2057 ), #3338 ) ;
#3024 = ORIENTED_EDGE ( 'NONE', *, *, #749, .T. ) ;
#3025 = DIRECTION ( 'NONE',  ( 0.0000000000000000000, 0.0000000000000000000, -1.000000000000000000 ) ) ;
#3026 = ORIENTED_EDGE ( 'NONE', *, *, #5990, .F. ) ;
#3027 = SURFACE_STYLE_FILL_AREA ( #4771 ) ;
#3028 = VECTOR ( 'NONE', #6119, 1000.000000000000000 ) ;
#3029 = EDGE_CURVE ( 'NONE', #5289, #5925, #4108, .T. ) ;
#3030 = EDGE_CURVE ( 'NONE', #3851, #4935, #451, .T. ) ;
#3031 = STYLED_ITEM ( 'NONE', ( #6037 ), #2086 ) ;
#3032 = CARTESIAN_POINT ( 'NONE',  ( 4.594322988211932700, 1.000000000000000000, 10.56722012177739200 ) ) ;
#3033 = DIRECTION ( 'NONE',  ( 0.0000000000000000000, 0.7071067811865474600, 0.7071067811865474600 ) ) ;
#3034 = ADVANCED_FACE ( 'NONE', ( #5074 ), #2239, .T. ) ;
#3035 = VERTEX_POINT ( 'NONE', #2713 ) ;
#3036 = FILL_AREA_STYLE ('',( #5409 ) ) ;
#3037 = CIRCLE ( 'NONE', #5833, 1.399999999999999200 ) ;
#3038 = FILL_AREA_STYLE ('',( #186 ) ) ;
#3039 = UNCERTAINTY_MEASURE_WITH_UNIT (LENGTH_MEASURE( 1.000000000000000100E-005 ), #2008, 'distance_accuracy_value', 'NONE');
#3040 = VERTEX_POINT ( 'NONE', #4172 ) ;
#3041 = DIRECTION ( 'NONE',  ( 1.223120689731756600E-016, -1.000000000000000000, 1.982809587625459300E-017 ) ) ;
#3042 = DIRECTION ( 'NONE',  ( 0.0000000000000000000, -1.000000000000000000, 0.0000000000000000000 ) ) ;
#3043 = ORIENTED_EDGE ( 'NONE', *, *, #2478, .F. ) ;
#3044 = DIRECTION ( 'NONE',  ( 0.1600216669179817800, 0.0000000000000000000, -0.9871135021449106700 ) ) ;
#3045 = AXIS2_PLACEMENT_3D ( 'NONE', #39, #3373, #518 ) ;
#3046 = VECTOR ( 'NONE', #1454, 1000.000000000000000 ) ;
#3047 =( NAMED_UNIT ( * ) SI_UNIT ( $, .STERADIAN. ) SOLID_ANGLE_UNIT ( ) );
#3048 = DIRECTION ( 'NONE',  ( 1.000000000000000000, 0.0000000000000000000, 0.0000000000000000000 ) ) ;
#3049 = EDGE_LOOP ( 'NONE', ( #2025, #3533, #3640, #3826 ) ) ;
#3050 = VERTEX_POINT ( 'NONE', #4643 ) ;
#3051 = FILL_AREA_STYLE ('',( #5397 ) ) ;
#3052 = EDGE_CURVE ( 'NONE', #4555, #5872, #2089, .T. ) ;
#3053 = AXIS2_PLACEMENT_3D ( 'NONE', #2963, #110, #3441 ) ;
#3054 = EDGE_CURVE ( 'NONE', #4935, #3484, #3359, .T. ) ;
#3055 = EDGE_LOOP ( 'NONE', ( #5318, #3275, #2495, #3415 ) ) ;
#3056 = DIRECTION ( 'NONE',  ( 0.0000000000000000000, 0.0000000000000000000, 1.000000000000000000 ) ) ;
#3057 = CYLINDRICAL_SURFACE ( 'NONE', #1220, 0.1999999999999996500 ) ;
#3058 = FACE_OUTER_BOUND ( 'NONE', #2524, .T. ) ;
#3059 = CARTESIAN_POINT ( 'NONE',  ( 1.050000000000002300, 1.999999999999999600, -10.99999999999999800 ) ) ;
#3060 = ORIENTED_EDGE ( 'NONE', *, *, #1752, .T. ) ;
#3061 = MECHANICAL_DESIGN_GEOMETRIC_PRESENTATION_REPRESENTATION (  '', ( #2404 ), #3374 ) ;
#3062 = AXIS2_PLACEMENT_3D ( 'NONE', #2971, #115, #3448 ) ;
#3063 = FACE_OUTER_BOUND ( 'NONE', #3622, .T. ) ;
#3064 = FILL_AREA_STYLE ('',( #650 ) ) ;
#3065 = SURFACE_STYLE_FILL_AREA ( #2593 ) ;
#3066 = VERTEX_POINT ( 'NONE', #2764 ) ;
#3067 = ADVANCED_FACE ( 'NONE', ( #4476 ), #1941, .T. ) ;
#3068 = FILL_AREA_STYLE ('',( #2581 ) ) ;
#3069 = PRESENTATION_STYLE_ASSIGNMENT (( #3726 ) ) ;
#3070 = EDGE_LOOP ( 'NONE', ( #2432, #232, #558, #4013 ) ) ;
#3072 = DIRECTION ( 'NONE',  ( 1.000000000000000000, 0.0000000000000000000, 0.0000000000000000000 ) ) ;
#3071 = DIRECTION ( 'NONE',  ( -1.000000000000000000, 0.0000000000000000000, 0.0000000000000000000 ) ) ;
#3073 = PRESENTATION_LAYER_ASSIGNMENT (  '', '', ( #2759 ) ) ;
#3074 = COLOUR_RGB ( '',0.2509803921568627400, 0.2509803921568627400, 0.2509803921568627400 ) ;
#3075 = UNCERTAINTY_MEASURE_WITH_UNIT (LENGTH_MEASURE( 1.000000000000000100E-005 ), #872, 'distance_accuracy_value', 'NONE');
#3076 = DIRECTION ( 'NONE',  ( -2.168404344971008900E-016, 1.000000000000000000, -8.373630090956933800E-017 ) ) ;
#3077 = DIRECTION ( 'NONE',  ( 1.223120689731756600E-016, -1.000000000000000000, 1.982809587625459300E-017 ) ) ;
#3078 = SURFACE_STYLE_USAGE ( .BOTH. , #5914 ) ;
#3079 = MECHANICAL_DESIGN_GEOMETRIC_PRESENTATION_REPRESENTATION (  '', ( #2108 ), #3392 ) ;
#3080 = FACE_BOUND ( 'NONE', #4530, .T. ) ;
#3081 = UNCERTAINTY_MEASURE_WITH_UNIT (LENGTH_MEASURE( 1.000000000000000100E-005 ), #4170, 'distance_accuracy_value', 'NONE');
#3082 = FILL_AREA_STYLE ('',( #4509 ) ) ;
#3083 = FILL_AREA_STYLE ('',( #3997 ) ) ;
#3084 = CARTESIAN_POINT ( 'NONE',  ( 8.050000000000002500, 4.499999999999998200, -4.999999999999997300 ) ) ;
#3085 = CARTESIAN_POINT ( 'NONE',  ( 3.199999999999996600, 0.0000000000000000000, -4.799999999999998000 ) ) ;
#3086 = EDGE_CURVE ( 'NONE', #5528, #6074, #5742, .T. ) ;
#3087 = FACE_OUTER_BOUND ( 'NONE', #4969, .T. ) ;
#3088 = EDGE_CURVE ( 'NONE', #6135, #2487, #4627, .T. ) ;
#3089 = DIRECTION ( 'NONE',  ( -0.0000000000000000000, 1.000000000000000000, -0.0000000000000000000 ) ) ;
#3091 = CARTESIAN_POINT ( 'NONE',  ( 8.049999999999998900, 1.999999999999999100, -10.99999999999999800 ) ) ;
#3090 = DIRECTION ( 'NONE',  ( 0.0000000000000000000, -1.000000000000000000, 0.0000000000000000000 ) ) ;
#3092 = FACE_BOUND ( 'NONE', #4739, .T. ) ;
#3093 = ORIENTED_EDGE ( 'NONE', *, *, #2908, .F. ) ;
#3094 = CARTESIAN_POINT ( 'NONE',  ( -3.082842712474615200, 6.000000000000000000, -4.917157287525379100 ) ) ;
#3095 = AXIS2_PLACEMENT_3D ( 'NONE', #5040, #5453, #3025 ) ;
#3096 = ADVANCED_FACE ( 'NONE', ( #3213 ), #1350, .F. ) ;
#3097 = CARTESIAN_POINT ( 'NONE',  ( 7.925129743375459900, 1.000000000000000000, 14.84441838603068200 ) ) ;
#3098 = AXIS2_PLACEMENT_3D ( 'NONE', #1607, #3044, #191 ) ;
#3099 =( LENGTH_UNIT ( ) NAMED_UNIT ( * ) SI_UNIT ( .MILLI., .METRE. ) );
#3100 = FILL_AREA_STYLE_COLOUR ( '', #2454 ) ;
#3101 = VERTEX_POINT ( 'NONE', #2304 ) ;
#3102 = VECTOR ( 'NONE', #3151, 1000.000000000000000 ) ;
#3103 = SURFACE_SIDE_STYLE ('',( #3838 ) ) ;
#3104 = SURFACE_STYLE_FILL_AREA ( #1887 ) ;
#3105 = DIRECTION ( 'NONE',  ( 0.0000000000000000000, 1.000000000000000000, 0.0000000000000000000 ) ) ;
#3106 = ORIENTED_EDGE ( 'NONE', *, *, #5993, .T. ) ;
#3107 = FILL_AREA_STYLE ('',( #1202 ) ) ;
#3108 = FACE_OUTER_BOUND ( 'NONE', #5618, .T. ) ;
#3109 =( LENGTH_UNIT ( ) NAMED_UNIT ( * ) SI_UNIT ( .MILLI., .METRE. ) );
#3110 = ORIENTED_EDGE ( 'NONE', *, *, #5484, .F. ) ;
#3111 = VECTOR ( 'NONE', #5576, 1000.000000000000000 ) ;
#3112 = PRESENTATION_STYLE_ASSIGNMENT (( #5352 ) ) ;
#3113 = AXIS2_PLACEMENT_3D ( 'NONE', #5455, #1192, #4504 ) ;
#3114 = CARTESIAN_POINT ( 'NONE',  ( 7.925129743375459900, 1.000000000000000000, 14.44441838603068400 ) ) ;
#3115 =( BOUNDED_CURVE ( )  B_SPLINE_CURVE ( 3, ( #3131, #3570, #5968, #285 ),
 .UNSPECIFIED., .F., .F. ) 
 B_SPLINE_CURVE_WITH_KNOTS ( ( 4, 4 ),
 ( 4.712388980384695000, 6.283185307179580000 ),
 .UNSPECIFIED. ) 
 CURVE ( )  GEOMETRIC_REPRESENTATION_ITEM ( )  RATIONAL_B_SPLINE_CURVE ( ( 1.000000000000000000, 0.8047378541243677100, 0.8047378541243677100, 1.000000000000000000 ) ) 
 REPRESENTATION_ITEM ( '' )  );
#3116 = CARTESIAN_POINT ( 'NONE',  ( 3.199999999999996600, 6.000000000000000000, -4.799999999999998000 ) ) ;
#3117 = ORIENTED_EDGE ( 'NONE', *, *, #4711, .F. ) ;
#3118 = VERTEX_POINT ( 'NONE', #5169 ) ;
#3119 = FACE_OUTER_BOUND ( 'NONE', #4922, .T. ) ;
#3120 = CARTESIAN_POINT ( 'NONE',  ( -7.949999999999996600, 3.000000000000000400, -9.199999999999997500 ) ) ;
#3121 = DIRECTION ( 'NONE',  ( 1.000000000000000000, -1.734723475976807500E-015, 0.0000000000000000000 ) ) ;
#3122 = VERTEX_POINT ( 'NONE', #2786 ) ;
#3123 =( LENGTH_UNIT ( ) NAMED_UNIT ( * ) SI_UNIT ( .MILLI., .METRE. ) );
#3124 = PRESENTATION_LAYER_ASSIGNMENT (  '', '', ( #2150 ) ) ;
#3125 = EDGE_LOOP ( 'NONE', ( #1320, #4651, #5154, #434 ) ) ;
#3126 = DIRECTION ( 'NONE',  ( 0.0000000000000000000, 1.000000000000000000, -0.0000000000000000000 ) ) ;
#3127 = ADVANCED_FACE ( 'NONE', ( #2613 ), #5814, .T. ) ;
#3128 = FACE_OUTER_BOUND ( 'NONE', #5660, .T. ) ;
#3129 = CARTESIAN_POINT ( 'NONE',  ( 4.794322988211932900, 4.853339198996732900, 10.63321475905617700 ) ) ;
#3130 = VERTEX_POINT ( 'NONE', #2830 ) ;
#3131 = CARTESIAN_POINT ( 'NONE',  ( 3.199999999999998000, 0.0000000000000000000, -4.967157287525375300 ) ) ;
#3132 = EDGE_CURVE ( 'NONE', #3769, #2303, #240, .T. ) ;
#3133 = PRESENTATION_STYLE_ASSIGNMENT (( #3586 ) ) ;
#3134 = MECHANICAL_DESIGN_GEOMETRIC_PRESENTATION_REPRESENTATION (  '', ( #2479 ), #3449 ) ;
#3135 = COLOUR_RGB ( '',0.2509803921568627400, 0.2509803921568627400, 0.2509803921568627400 ) ;
#3136 = ORIENTED_EDGE ( 'NONE', *, *, #4086, .T. ) ;
#3137 = CARTESIAN_POINT ( 'NONE',  ( 1.050000000000002300, 4.499999999999999100, -10.99999999999999800 ) ) ;
#3138 = SURFACE_STYLE_USAGE ( .BOTH. , #5976 ) ;
#3139 = FACE_OUTER_BOUND ( 'NONE', #2968, .T. ) ;
#3140 = SURFACE_SIDE_STYLE ('',( #2005 ) ) ;
#3141 = FACE_OUTER_BOUND ( 'NONE', #3125, .T. ) ;
#3142 = VERTEX_POINT ( 'NONE', #5661 ) ;
#3143 = AXIS2_PLACEMENT_3D ( 'NONE', #2233, #5569, #2721 ) ;
#3144 = CARTESIAN_POINT ( 'NONE',  ( 8.550000000000006000, 4.499999999999997300, -4.999999999999997300 ) ) ;
#3145 = CARTESIAN_POINT ( 'NONE',  ( 0.5500000000000018200, 4.499999999999999100, -4.999999999999997300 ) ) ;
#3146 = VECTOR ( 'NONE', #2803, 1000.000000000000000 ) ;
#3147 = FILL_AREA_STYLE ('',( #2666 ) ) ;
#3148 = VERTEX_POINT ( 'NONE', #6131 ) ;
#3149 = DIRECTION ( 'NONE',  ( 1.000000000000000000, 0.0000000000000000000, -1.224646799147353200E-016 ) ) ;
#3150 = PRESENTATION_STYLE_ASSIGNMENT (( #617 ) ) ;
#3151 = DIRECTION ( 'NONE',  ( -0.0000000000000000000, -0.0000000000000000000, -1.000000000000000000 ) ) ;
#3152 = VECTOR ( 'NONE', #2096, 1000.000000000000000 ) ;
#3153 =( NAMED_UNIT ( * ) PLANE_ANGLE_UNIT ( ) SI_UNIT ( $, .RADIAN. ) );
#3154 = UNCERTAINTY_MEASURE_WITH_UNIT (LENGTH_MEASURE( 1.000000000000000100E-005 ), #6132, 'distance_accuracy_value', 'NONE');
#3155 = EDGE_LOOP ( 'NONE', ( #237, #5826, #1628, #4063 ) ) ;
#3156 = CARTESIAN_POINT ( 'NONE',  ( -0.2499999999999973900, 6.000000000000000000, 5.500000000000003600 ) ) ;
#3157 = ADVANCED_FACE ( 'NONE', ( #2156 ), #5376, .T. ) ;
#3158 = SURFACE_SIDE_STYLE ('',( #1516 ) ) ;
#3159 = PRESENTATION_STYLE_ASSIGNMENT (( #4417 ) ) ;
#3160 = CARTESIAN_POINT ( 'NONE',  ( 4.599763768472680400, 17.39719350251872900, 10.56932116356027700 ) ) ;
#3161 = AXIS2_PLACEMENT_3D ( 'NONE', #1780, #3703, #5607 ) ;
#3162 = SURFACE_STYLE_FILL_AREA ( #3211 ) ;
#3163 = LINE ( 'NONE', #2825, #4260 ) ;
#3164 = ORIENTED_EDGE ( 'NONE', *, *, #3899, .T. ) ;
#3165 = SURFACE_STYLE_USAGE ( .BOTH. , #6008 ) ;
#3166 = FILL_AREA_STYLE_COLOUR ( '', #4914 ) ;
#3167 = EDGE_CURVE ( 'NONE', #4768, #4783, #3430, .T. ) ;
#3168 = CARTESIAN_POINT ( 'NONE',  ( 6.749999999999999100, 10.01123422402631900, -5.299999999999992700 ) ) ;
#3169 = ORIENTED_EDGE ( 'NONE', *, *, #3030, .T. ) ;
#3170 = CARTESIAN_POINT ( 'NONE',  ( -3.499999999999996400, 0.0000000000000000000, 7.000000000000002700 ) ) ;
#3171 = COLOUR_RGB ( '',1.000000000000000000, 0.0000000000000000000, 0.0000000000000000000 ) ;
#3172 = FACE_OUTER_BOUND ( 'NONE', #6011, .T. ) ;
#3173 = DIRECTION ( 'NONE',  ( -1.734723475976807500E-015, -1.000000000000000000, -0.0000000000000000000 ) ) ;
#3174 = AXIS2_PLACEMENT_3D ( 'NONE', #590, #123, #3456 ) ;
#3175 = ORIENTED_EDGE ( 'NONE', *, *, #6078, .F. ) ;
#3176 = PLANE ( 'NONE',  #3143 ) ;
#3177 = AXIS2_PLACEMENT_3D ( 'NONE', #1881, #5228, #2358 ) ;
#3178 = LINE ( 'NONE', #4292, #5560 ) ;
#3179 =( NAMED_UNIT ( * ) SI_UNIT ( $, .STERADIAN. ) SOLID_ANGLE_UNIT ( ) );
#3180 = VECTOR ( 'NONE', #5881, 1000.000000000000000 ) ;
#3181 = EDGE_LOOP ( 'NONE', ( #4381, #2352, #1694, #4946 ) ) ;
#3182 = ORIENTED_EDGE ( 'NONE', *, *, #4611, .T. ) ;
#3183 = COLOUR_RGB ( '',0.2509803921568627400, 0.2509803921568627400, 0.2509803921568627400 ) ;
#3184 = CARTESIAN_POINT ( 'NONE',  ( 2.999999999999998700, 5.799999999999999800, -5.049999999999993600 ) ) ;
#3185 = CARTESIAN_POINT ( 'NONE',  ( -6.999999999999997300, 5.917157287525379900, -4.999999999999997300 ) ) ;
#3186 = ADVANCED_FACE ( 'NONE', ( #2852 ), #5227, .T. ) ;
#3187 = ORIENTED_EDGE ( 'NONE', *, *, #3812, .T. ) ;
#3188 = ORIENTED_EDGE ( 'NONE', *, *, #4120, .F. ) ;
#3189 = DIRECTION ( 'NONE',  ( 0.7071067811865453500, 0.0000000000000000000, -0.7071067811865496800 ) ) ;
#3190 = CARTESIAN_POINT ( 'NONE',  ( -0.3328427124746175000, 0.0000000000000000000, 5.300000000000003400 ) ) ;
#3191 = TOROIDAL_SURFACE ( 'NONE', #847, 1.399999999999999500, 0.2000000000000000100 ) ;
#3193 = CARTESIAN_POINT ( 'NONE',  ( 8.050000000000002500, 4.499999999999998200, -10.99999999999999800 ) ) ;
#3192 = CARTESIAN_POINT ( 'NONE',  ( -3.999999999999996400, 4.649999999999999500, 6.500000000000002700 ) ) ;
#3194 = CARTESIAN_POINT ( 'NONE',  ( -9.999999999999996400, 5.800000000000000700, 5.300000000000003400 ) ) ;
#3195 = ORIENTED_EDGE ( 'NONE', *, *, #4787, .T. ) ;
#3196 = ORIENTED_EDGE ( 'NONE', *, *, #5203, .F. ) ;
#3197 = CARTESIAN_POINT ( 'NONE',  ( 6.197681114621866000, 1.500000000000000200, 14.16438046892422000 ) ) ;
#3198 = CARTESIAN_POINT ( 'NONE',  ( 1.734723475976807100E-015, 0.2000000000000005100, 5.000000000000002700 ) ) ;
#3199 = CARTESIAN_POINT ( 'NONE',  ( -0.3328427124746172700, 5.800000000000000700, 5.300000000000003400 ) ) ;
#3200 = ORIENTED_EDGE ( 'NONE', *, *, #1151, .F. ) ;
#3201 = LINE ( 'NONE', #821, #1929 ) ;
#3202 = CARTESIAN_POINT ( 'NONE',  ( -9.799999999999995400, 0.1999999999999996500, -4.799999999999997200 ) ) ;
#3203 = MECHANICAL_DESIGN_GEOMETRIC_PRESENTATION_REPRESENTATION (  '', ( #2561 ), #3528 ) ;
#3204 = ORIENTED_EDGE ( 'NONE', *, *, #5713, .F. ) ;
#3205 =( NAMED_UNIT ( * ) PLANE_ANGLE_UNIT ( ) SI_UNIT ( $, .RADIAN. ) );
#3206 = CARTESIAN_POINT ( 'NONE',  ( -3.499999999999996400, 0.0000000000000000000, 6.500000000000002700 ) ) ;
#3207 = PRESENTATION_STYLE_ASSIGNMENT (( #4936 ) ) ;
#3208 = DIRECTION ( 'NONE',  ( 0.0000000000000000000, -1.000000000000000000, 0.0000000000000000000 ) ) ;
#3209 = ORIENTED_EDGE ( 'NONE', *, *, #781, .F. ) ;
#3210 = STYLED_ITEM ( 'NONE', ( #1909 ), #193 ) ;
#3211 = FILL_AREA_STYLE ('',( #4156 ) ) ;
#3212 = AXIS2_PLACEMENT_3D ( 'NONE', #517, #3372, #59 ) ;
#3213 = FACE_OUTER_BOUND ( 'NONE', #3587, .T. ) ;
#3214 = SPHERICAL_SURFACE ( 'NONE', #4624, 0.2000000000000000100 ) ;
#3215 = CARTESIAN_POINT ( 'NONE',  ( 9.800000000000000700, 0.1999999999999996500, 4.800000000000002500 ) ) ;
#3216 = CARTESIAN_POINT ( 'NONE',  ( 1.050000000000002300, 3.000000000000000400, -9.199999999999997500 ) ) ;
#3217 = EDGE_CURVE ( 'NONE', #3122, #4285, #1580, .T. ) ;
#3218 = FACE_OUTER_BOUND ( 'NONE', #3351, .T. ) ;
#3219 = COLOUR_RGB ( '',0.2509803921568627400, 0.2509803921568627400, 0.2509803921568627400 ) ;
#3220 = AXIS2_PLACEMENT_3D ( 'NONE', #6054, #1781, #5124 ) ;
#3221 = CIRCLE ( 'NONE', #911, 0.3999999999999993000 ) ;
#3222 = MECHANICAL_DESIGN_GEOMETRIC_PRESENTATION_REPRESENTATION (  '', ( #2579 ), #3545 ) ;
#3223 = ORIENTED_EDGE ( 'NONE', *, *, #102, .F. ) ;
#3224 = FILL_AREA_STYLE_COLOUR ( '', #93 ) ;
#3225 =( NAMED_UNIT ( * ) SI_UNIT ( $, .STERADIAN. ) SOLID_ANGLE_UNIT ( ) );
#3226 = UNCERTAINTY_MEASURE_WITH_UNIT (LENGTH_MEASURE( 1.000000000000000100E-005 ), #3492, 'distance_accuracy_value', 'NONE');
#3227 = ORIENTED_EDGE ( 'NONE', *, *, #2441, .F. ) ;
#3228 = CARTESIAN_POINT ( 'NONE',  ( 7.925129743375459900, 1.000000000000000000, 14.44441838603068400 ) ) ;
#3230 = DIRECTION ( 'NONE',  ( -0.0000000000000000000, 1.000000000000000000, -0.0000000000000000000 ) ) ;
#3229 = DIRECTION ( 'NONE',  ( 1.000000000000000000, 0.0000000000000000000, 0.0000000000000000000 ) ) ;
#3231 = PRESENTATION_LAYER_ASSIGNMENT (  '', '', ( #2921 ) ) ;
#3232 = FACE_OUTER_BOUND ( 'NONE', #5534, .T. ) ;
#3233 = SURFACE_STYLE_USAGE ( .BOTH. , #6077 ) ;
#3234 = SURFACE_STYLE_USAGE ( .BOTH. , #6079 ) ;
#3235 = PRESENTATION_STYLE_ASSIGNMENT (( #5162 ) ) ;
#3236 = DIRECTION ( 'NONE',  ( 0.0000000000000000000, -1.000000000000000000, 0.0000000000000000000 ) ) ;
#3237 = STYLED_ITEM ( 'NONE', ( #3133 ), #3407 ) ;
#3238 = CARTESIAN_POINT ( 'NONE',  ( 2.999999999999998700, 5.800000000000000700, -5.049999999999993600 ) ) ;
#3239 = DIRECTION ( 'NONE',  ( 0.0000000000000000000, -1.000000000000000000, 0.0000000000000000000 ) ) ;
#3240 = ORIENTED_EDGE ( 'NONE', *, *, #5031, .F. ) ;
#3241 = FILL_AREA_STYLE ('',( #2780 ) ) ;
#3242 = ORIENTED_EDGE ( 'NONE', *, *, #2644, .T. ) ;
#3243 = EDGE_CURVE ( 'NONE', #2756, #5306, #4101, .T. ) ;
#3244 = SURFACE_STYLE_FILL_AREA ( #2939 ) ;
#3245 = STYLED_ITEM ( 'NONE', ( #778 ), #4585 ) ;
#3246 = VECTOR ( 'NONE', #4985, 1000.000000000000000 ) ;
#3247 = COLOUR_RGB ( '',0.2509803921568627400, 0.2509803921568627400, 0.2509803921568627400 ) ;
#3248 = ORIENTED_EDGE ( 'NONE', *, *, #5647, .F. ) ;
#3249 = CARTESIAN_POINT ( 'NONE',  ( -6.199999999999998400, 1.000000000000000900, 5.862838719962300400 ) ) ;
#3250 = DIRECTION ( 'NONE',  ( -0.0000000000000000000, -0.0000000000000000000, -1.000000000000000000 ) ) ;
#3252 = FILL_AREA_STYLE ('',( #4190 ) ) ;
#3251 = DIRECTION ( 'NONE',  ( 0.0000000000000000000, -1.000000000000000000, 0.0000000000000000000 ) ) ;
#3253 = ORIENTED_EDGE ( 'NONE', *, *, #5288, .F. ) ;
#3254 = SURFACE_STYLE_USAGE ( .BOTH. , #6095 ) ;
#3255 = PRESENTATION_STYLE_ASSIGNMENT (( #5619 ) ) ;
#3256 = SURFACE_STYLE_FILL_AREA ( #2769 ) ;
#3257 =( GEOMETRIC_REPRESENTATION_CONTEXT ( 3 ) GLOBAL_UNCERTAINTY_ASSIGNED_CONTEXT ( ( #1901 ) ) GLOBAL_UNIT_ASSIGNED_CONTEXT ( ( #3099, #1391, #4736 ) ) REPRESENTATION_CONTEXT ( 'NONE', 'WORKASPACE' ) );
#3258 = AXIS2_PLACEMENT_3D ( 'NONE', #4980, #3556, #1654 ) ;
#3259 = ORIENTED_EDGE ( 'NONE', *, *, #1579, .T. ) ;
#3260 = CARTESIAN_POINT ( 'NONE',  ( -4.999999999999998200, 0.1999999999999996500, -4.017398742541498500 ) ) ;
#3261 = FACE_OUTER_BOUND ( 'NONE', #2794, .T. ) ;
#3262 = COLOUR_RGB ( '',0.2509803921568627400, 0.2509803921568627400, 0.2509803921568627400 ) ;
#3263 = ORIENTED_EDGE ( 'NONE', *, *, #2965, .T. ) ;
#3264 = CARTESIAN_POINT ( 'NONE',  ( -8.449999999999997500, 1.500000000000000400, -10.99999999999999800 ) ) ;
#3265 = ORIENTED_EDGE ( 'NONE', *, *, #1054, .F. ) ;
#3266 = CARTESIAN_POINT ( 'NONE',  ( 6.799999999999825700, 0.0000000000000000000, 2.359223927328452100E-013 ) ) ;
#3267 = LINE ( 'NONE', #1063, #5644 ) ;
#3268 = AXIS2_PLACEMENT_3D ( 'NONE', #3526, #3509, #653 ) ;
#3269 = ORIENTED_EDGE ( 'NONE', *, *, #2605, .T. ) ;
#3270 = DIRECTION ( 'NONE',  ( -1.000000000000000000, 0.0000000000000000000, -1.734723475976804100E-016 ) ) ;
#3271 = ORIENTED_EDGE ( 'NONE', *, *, #4235, .F. ) ;
#3272 = CARTESIAN_POINT ( 'NONE',  ( -9.999999999999996400, 5.800000000000000700, 5.000000000000002700 ) ) ;
#3273 = LINE ( 'NONE', #849, #5801 ) ;
#3274 = CARTESIAN_POINT ( 'NONE',  ( -4.999999999999998200, 5.800000000000000700, -1.417398742541499800 ) ) ;
#3275 = ORIENTED_EDGE ( 'NONE', *, *, #2315, .T. ) ;
#3276 = SURFACE_SIDE_STYLE ('',( #2088 ) ) ;
#3277 = LINE ( 'NONE', #238, #4377 ) ;
#3278 = CARTESIAN_POINT ( 'NONE',  ( 4.794322988211932900, 4.800000000000000700, 10.32286164890689100 ) ) ;
#3279 = VERTEX_POINT ( 'NONE', #5260 ) ;
#3280 = EDGE_CURVE ( 'NONE', #3792, #3769, #1429, .T. ) ;
#3281 = EDGE_CURVE ( 'NONE', #2976, #3599, #3949, .T. ) ;
#3282 = SURFACE_STYLE_FILL_AREA ( #2435 ) ;
#3283 = SURFACE_STYLE_FILL_AREA ( #5214 ) ;
#3284 = DIRECTION ( 'NONE',  ( 1.000000000000000000, -0.0000000000000000000, 0.0000000000000000000 ) ) ;
#3285 = ADVANCED_FACE ( 'NONE', ( #2535 ), #7, .T. ) ;
#3286 = DIRECTION ( 'NONE',  ( 0.1600216669179815300, 0.0000000000000000000, -0.9871135021449106700 ) ) ;
#3287 = ORIENTED_EDGE ( 'NONE', *, *, #1332, .F. ) ;
#3288 = CARTESIAN_POINT ( 'NONE',  ( -3.199999999999995700, 0.0000000000000000000, -4.799999999999998000 ) ) ;
#3289 = ORIENTED_EDGE ( 'NONE', *, *, #3088, .F. ) ;
#3290 = CYLINDRICAL_SURFACE ( 'NONE', #6017, 0.1999999999999996500 ) ;
#3291 = PLANE ( 'NONE',  #3011 ) ;
#3292 =( GEOMETRIC_REPRESENTATION_CONTEXT ( 3 ) GLOBAL_UNCERTAINTY_ASSIGNED_CONTEXT ( ( #862 ) ) GLOBAL_UNIT_ASSIGNED_CONTEXT ( ( #3763, #2669, #5988 ) ) REPRESENTATION_CONTEXT ( 'NONE', 'WORKASPACE' ) );
#3293 =( NAMED_UNIT ( * ) PLANE_ANGLE_UNIT ( ) SI_UNIT ( $, .RADIAN. ) );
#3294 =( GEOMETRIC_REPRESENTATION_CONTEXT ( 3 ) GLOBAL_UNCERTAINTY_ASSIGNED_CONTEXT ( ( #5781 ) ) GLOBAL_UNIT_ASSIGNED_CONTEXT ( ( #319, #3641, #779 ) ) REPRESENTATION_CONTEXT ( 'NONE', 'WORKASPACE' ) );
#3295 = EDGE_CURVE ( 'NONE', #1540, #3634, #314, .T. ) ;
#3296 = CARTESIAN_POINT ( 'NONE',  ( 8.550000000000000700, 1.999999999999996700, -10.99999999999999600 ) ) ;
#3297 = CARTESIAN_POINT ( 'NONE',  ( 0.0000000000000000000, 6.000000000000000000, -4.799999999999998000 ) ) ;
#3298 = ORIENTED_EDGE ( 'NONE', *, *, #2908, .T. ) ;
#3299 = CARTESIAN_POINT ( 'NONE',  ( -6.999999999999999100, 10.01123422402631900, -5.049999999999994500 ) ) ;
#3300 = EDGE_CURVE ( 'NONE', #212, #1258, #3795, .T. ) ;
#3301 = UNCERTAINTY_MEASURE_WITH_UNIT (LENGTH_MEASURE( 1.000000000000000100E-005 ), #3958, 'distance_accuracy_value', 'NONE');
#3302 = VECTOR ( 'NONE', #5354, 1000.000000000000000 ) ;
#3303 = EDGE_LOOP ( 'NONE', ( #1403, #3271, #4257, #5358, #609 ) ) ;
#3304 = DIRECTION ( 'NONE',  ( 0.1600216669179818600, 0.0000000000000000000, -0.9871135021449106700 ) ) ;
#3305 = CARTESIAN_POINT ( 'NONE',  ( 10.00000000000000400, 0.1999999999999996500, -4.799999999999998000 ) ) ;
#3306 = LINE ( 'NONE', #5099, #766 ) ;
#3307 = FACE_OUTER_BOUND ( 'NONE', #160, .T. ) ;
#3308 =( LENGTH_UNIT ( ) NAMED_UNIT ( * ) SI_UNIT ( .MILLI., .METRE. ) );
#3310 =( NAMED_UNIT ( * ) SI_UNIT ( $, .STERADIAN. ) SOLID_ANGLE_UNIT ( ) );
#3309 = CARTESIAN_POINT ( 'NONE',  ( -7.949999999999996600, 4.500000000000001800, -10.99999999999999800 ) ) ;
#3311 = AXIS2_PLACEMENT_3D ( 'NONE', #3654, #797, #4136 ) ;
#3312 = DIRECTION ( 'NONE',  ( -1.000000000000000000, -9.637352644315592800E-017, 0.0000000000000000000 ) ) ;
#3313 = SURFACE_STYLE_FILL_AREA ( #5699 ) ;
#3314 = ADVANCED_FACE ( 'NONE', ( #2378 ), #5738, .T. ) ;
#3315 = EDGE_LOOP ( 'NONE', ( #5937, #1347 ) ) ;
#3316 = CARTESIAN_POINT ( 'NONE',  ( 6.999999999999999100, 5.800000000000000700, -4.999999999999997300 ) ) ;
#3317 = CARTESIAN_POINT ( 'NONE',  ( 0.5500000000000018200, 3.000000000000000400, -9.199999999999997500 ) ) ;
#3318 = VECTOR ( 'NONE', #1160, 1000.000000000000000 ) ;
#3319 =( GEOMETRIC_REPRESENTATION_CONTEXT ( 3 ) GLOBAL_UNCERTAINTY_ASSIGNED_CONTEXT ( ( #3337 ) ) GLOBAL_UNIT_ASSIGNED_CONTEXT ( ( #2864, #6166, #3324 ) ) REPRESENTATION_CONTEXT ( 'NONE', 'WORKASPACE' ) );
#3320 = EDGE_LOOP ( 'NONE', ( #40, #5718, #3512, #205 ) ) ;
#3321 = EDGE_CURVE ( 'NONE', #5709, #3495, #1933, .T. ) ;
#3322 = VECTOR ( 'NONE', #5743, 1000.000000000000000 ) ;
#3323 = LINE ( 'NONE', #3971, #3180 ) ;
#3324 =( NAMED_UNIT ( * ) SI_UNIT ( $, .STERADIAN. ) SOLID_ANGLE_UNIT ( ) );
#3325 = ORIENTED_EDGE ( 'NONE', *, *, #2065, .F. ) ;
#3326 = FACE_OUTER_BOUND ( 'NONE', #20, .T. ) ;
#3327 = FILL_AREA_STYLE_COLOUR ( '', #1743 ) ;
#3329 = DIRECTION ( 'NONE',  ( 0.7071067811865458000, 0.0000000000000000000, -0.7071067811865492400 ) ) ;
#3328 =( LENGTH_UNIT ( ) NAMED_UNIT ( * ) SI_UNIT ( .MILLI., .METRE. ) );
#3330 = EDGE_CURVE ( 'NONE', #3616, #5855, #4098, .T. ) ;
#3331 = DIRECTION ( 'NONE',  ( 0.0000000000000000000, 1.000000000000000000, -0.0000000000000000000 ) ) ;
#3332 = VERTEX_POINT ( 'NONE', #3417 ) ;
#3333 = VERTEX_POINT ( 'NONE', #551 ) ;
#3334 = CARTESIAN_POINT ( 'NONE',  ( 4.794322988211970200, 1.146603275388552200, 10.63321475905634700 ) ) ;
#3335 = MECHANICAL_DESIGN_GEOMETRIC_PRESENTATION_REPRESENTATION (  '', ( #2371 ), #3656 ) ;
#3336 = CARTESIAN_POINT ( 'NONE',  ( -6.399999999999996800, 5.000000000000000000, 5.657096799905748000 ) ) ;
#3337 = UNCERTAINTY_MEASURE_WITH_UNIT (LENGTH_MEASURE( 1.000000000000000100E-005 ), #2864, 'distance_accuracy_value', 'NONE');
#3338 =( GEOMETRIC_REPRESENTATION_CONTEXT ( 3 ) GLOBAL_UNCERTAINTY_ASSIGNED_CONTEXT ( ( #4560 ) ) GLOBAL_UNIT_ASSIGNED_CONTEXT ( ( #4258, #1433, #4759 ) ) REPRESENTATION_CONTEXT ( 'NONE', 'WORKASPACE' ) );
#3339 = CARTESIAN_POINT ( 'NONE',  ( 2.005774019098183200E-015, 5.917157287525380800, 5.250000000000003600 ) ) ;
#3340 = ORIENTED_EDGE ( 'NONE', *, *, #6064, .T. ) ;
#3341 = EDGE_LOOP ( 'NONE', ( #948, #4089, #3287, #1110 ) ) ;
#3342 = ORIENTED_EDGE ( 'NONE', *, *, #2161, .T. ) ;
#3343 = VECTOR ( 'NONE', #448, 1000.000000000000000 ) ;
#3344 = DIRECTION ( 'NONE',  ( -1.000000000000000000, 0.0000000000000000000, 1.734723475976807100E-015 ) ) ;
#3345 = ORIENTED_EDGE ( 'NONE', *, *, #3758, .T. ) ;
#3346 = ADVANCED_FACE ( 'NONE', ( #3063 ), #1345, .T. ) ;
#3347 = DIRECTION ( 'NONE',  ( 1.000000000000000000, 0.0000000000000000000, 0.0000000000000000000 ) ) ;
#3348 = PRESENTATION_LAYER_ASSIGNMENT (  '', '', ( #3031 ) ) ;
#3349 = CIRCLE ( 'NONE', #3631, 0.1999999999999996500 ) ;
#3350 = DIRECTION ( 'NONE',  ( -1.000000000000000000, 0.0000000000000000000, 0.0000000000000000000 ) ) ;
#3351 = EDGE_LOOP ( 'NONE', ( #1374, #4224 ) ) ;
#3353 = CARTESIAN_POINT ( 'NONE',  ( -9.799999999999995400, 5.800000000000000700, -4.799999999999998000 ) ) ;
#3352 = FILL_AREA_STYLE ('',( #2888 ) ) ;
#3354 = DIRECTION ( 'NONE',  ( 8.673617379884388900E-015, 0.0000000000000000000, -1.000000000000000000 ) ) ;
#3355 = AXIS2_PLACEMENT_3D ( 'NONE', #22, #976, #4295 ) ;
#3356 = ORIENTED_EDGE ( 'NONE', *, *, #4879, .T. ) ;
#3357 = CARTESIAN_POINT ( 'NONE',  ( 1.050000000000002300, 1.499999999999999100, -10.99999999999999800 ) ) ;
#3358 = COLOUR_RGB ( '',0.2509803921568627400, 0.2509803921568627400, 0.2509803921568627400 ) ;
#3359 = LINE ( 'NONE', #1318, #974 ) ;
#3360 = VERTEX_POINT ( 'NONE', #655 ) ;
#3361 = FILL_AREA_STYLE_COLOUR ( '', #1914 ) ;
#3362 = EDGE_CURVE ( 'NONE', #1369, #4612, #3871, .T. ) ;
#3363 = SURFACE_STYLE_USAGE ( .BOTH. , #31 ) ;
#3364 = AXIS2_PLACEMENT_3D ( 'NONE', #4226, #2814, #6134 ) ;
#3365 = LINE ( 'NONE', #4048, #4631 ) ;
#3366 = FACE_OUTER_BOUND ( 'NONE', #5091, .T. ) ;
#3367 = DIRECTION ( 'NONE',  ( 1.000000000000000000, 0.0000000000000000000, -4.956352788505161300E-016 ) ) ;
#3368 = CARTESIAN_POINT ( 'NONE',  ( 5.000000000000001800, 0.0000000000000000000, -2.817398742541499200 ) ) ;
#3369 = EDGE_LOOP ( 'NONE', ( #5654, #2347, #3265, #3582 ) ) ;
#3370 = EDGE_CURVE ( 'NONE', #5879, #1121, #233, .T. ) ;
#3371 = COLOUR_RGB ( '',0.2509803921568627400, 0.2509803921568627400, 0.2509803921568627400 ) ;
#3373 = DIRECTION ( 'NONE',  ( -0.0000000000000000000, -0.0000000000000000000, 1.000000000000000000 ) ) ;
#3372 = DIRECTION ( 'NONE',  ( 0.7071067811865500200, 0.0000000000000000000, -0.7071067811865451300 ) ) ;
#3374 =( GEOMETRIC_REPRESENTATION_CONTEXT ( 3 ) GLOBAL_UNCERTAINTY_ASSIGNED_CONTEXT ( ( #4415 ) ) GLOBAL_UNIT_ASSIGNED_CONTEXT ( ( #3581, #5474, #2619 ) ) REPRESENTATION_CONTEXT ( 'NONE', 'WORKASPACE' ) );
#3375 = CARTESIAN_POINT ( 'NONE',  ( -6.749999999999997300, 6.000000000000000000, -5.099999999999994300 ) ) ;
#3376 = AXIS2_PLACEMENT_3D ( 'NONE', #144, #3474, #603 ) ;
#3377 = CIRCLE ( 'NONE', #685, 0.1999999999999996500 ) ;
#3378 = VERTEX_POINT ( 'NONE', #4001 ) ;
#3379 = ADVANCED_FACE ( 'NONE', ( #2453, #2606, #4984 ), #5438, .F. ) ;
#3380 = CARTESIAN_POINT ( 'NONE',  ( -5.899999999999997700, 5.000000000000000900, 5.657096799905747100 ) ) ;
#3381 = SURFACE_STYLE_FILL_AREA ( #897 ) ;
#3382 = DIRECTION ( 'NONE',  ( 1.000000000000000000, 0.0000000000000000000, 0.0000000000000000000 ) ) ;
#3383 = MECHANICAL_DESIGN_GEOMETRIC_PRESENTATION_REPRESENTATION (  '', ( #2759 ), #3698 ) ;
#3384 = CARTESIAN_POINT ( 'NONE',  ( 4.794322988211932900, 1.082842712474619800, 10.32286164890689200 ) ) ;
#3385 = EDGE_CURVE ( 'NONE', #54, #104, #733, .T. ) ;
#3386 = VECTOR ( 'NONE', #3250, 1000.000000000000000 ) ;
#3387 = SURFACE_STYLE_USAGE ( .BOTH. , #52 ) ;
#3388 = SURFACE_SIDE_STYLE ('',( #3857 ) ) ;
#3389 = FACE_OUTER_BOUND ( 'NONE', #1035, .T. ) ;
#3390 = CARTESIAN_POINT ( 'NONE',  ( -3.249999999999997800, 10.01123422402631900, -5.299999999999995400 ) ) ;
#3391 = DIRECTION ( 'NONE',  ( 1.000000000000000000, 0.0000000000000000000, 0.0000000000000000000 ) ) ;
#3392 =( GEOMETRIC_REPRESENTATION_CONTEXT ( 3 ) GLOBAL_UNCERTAINTY_ASSIGNED_CONTEXT ( ( #3301 ) ) GLOBAL_UNIT_ASSIGNED_CONTEXT ( ( #3958, #1120, #4432 ) ) REPRESENTATION_CONTEXT ( 'NONE', 'WORKASPACE' ) );
#3393 = VERTEX_POINT ( 'NONE', #3085 ) ;
#3394 = CARTESIAN_POINT ( 'NONE',  ( 7.925129743375459900, 4.399999999999999500, 14.84441838603068200 ) ) ;
#3395 = VECTOR ( 'NONE', #4538, 1000.000000000000000 ) ;
#3396 = LINE ( 'NONE', #1097, #4511 ) ;
#3397 =( NAMED_UNIT ( * ) PLANE_ANGLE_UNIT ( ) SI_UNIT ( $, .RADIAN. ) );
#3398 = EDGE_LOOP ( 'NONE', ( #414, #4253, #1563, #3169 ) ) ;
#3399 = EDGE_CURVE ( 'NONE', #4547, #2834, #3277, .T. ) ;
#3400 = LINE ( 'NONE', #1777, #5783 ) ;
#3401 = PRESENTATION_LAYER_ASSIGNMENT (  '', '', ( #2116 ) ) ;
#3402 = FACE_OUTER_BOUND ( 'NONE', #2626, .T. ) ;
#3403 = EDGE_CURVE ( 'NONE', #3634, #977, #5657, .T. ) ;
#3404 = DIRECTION ( 'NONE',  ( -1.000000000000000000, 0.0000000000000000000, 0.0000000000000000000 ) ) ;
#3405 = VERTEX_POINT ( 'NONE', #4516 ) ;
#3406 = ORIENTED_EDGE ( 'NONE', *, *, #796, .T. ) ;
#3407 = ADVANCED_FACE ( 'NONE', ( #2003 ), #3789, .F. ) ;
#3408 =( NAMED_UNIT ( * ) SI_UNIT ( $, .STERADIAN. ) SOLID_ANGLE_UNIT ( ) );
#3409 = CARTESIAN_POINT ( 'NONE',  ( -6.917157287525376400, -1.825615653267260900E-016, -4.917157287525379100 ) ) ;
#3410 = AXIS2_PLACEMENT_3D ( 'NONE', #3228, #5135, #5611 ) ;
#3411 = STYLED_ITEM ( 'NONE', ( #4730 ), #5194 ) ;
#3412 = EDGE_LOOP ( 'NONE', ( #5266, #1387, #2678, #3093 ) ) ;
#3413 = CARTESIAN_POINT ( 'NONE',  ( 1.050000000000002300, 3.000000000000000400, -8.449999999999997500 ) ) ;
#3414 = DIRECTION ( 'NONE',  ( -1.000000000000000000, 0.0000000000000000000, 0.0000000000000000000 ) ) ;
#3415 = ORIENTED_EDGE ( 'NONE', *, *, #597, .T. ) ;
#3417 = CARTESIAN_POINT ( 'NONE',  ( -9.999999999999996400, 0.1999999999999996500, -4.799999999999997200 ) ) ;
#3416 = SURFACE_STYLE_USAGE ( .BOTH. , #88 ) ;
#3418 =( BOUNDED_CURVE ( )  B_SPLINE_CURVE ( 3, ( #1642, #215, #674, #4966 ),
 .UNSPECIFIED., .F., .F. ) 
 B_SPLINE_CURVE_WITH_KNOTS ( ( 4, 4 ),
 ( 4.712388980384689700, 6.283185307179580000 ),
 .UNSPECIFIED. ) 
 CURVE ( )  GEOMETRIC_REPRESENTATION_ITEM ( )  RATIONAL_B_SPLINE_CURVE ( ( 1.000000000000000000, 0.8047378541243663800, 0.8047378541243663800, 1.000000000000000000 ) ) 
 REPRESENTATION_ITEM ( '' )  );
#3419 = CARTESIAN_POINT ( 'NONE',  ( 5.000000000000001800, 0.1999999999999996500, -4.017398742541498500 ) ) ;
#3420 = ORIENTED_EDGE ( 'NONE', *, *, #5034, .F. ) ;
#3421 = ORIENTED_EDGE ( 'NONE', *, *, #3793, .F. ) ;
#3422 = ORIENTED_EDGE ( 'NONE', *, *, #6031, .T. ) ;
#3423 = CARTESIAN_POINT ( 'NONE',  ( -1.999999999999996700, 1.350000000000000500, 7.000000000000002700 ) ) ;
#3424 = CARTESIAN_POINT ( 'NONE',  ( 7.925129743375459900, 1.200000000000000200, 14.84441838603068200 ) ) ;
#3425 = ORIENTED_EDGE ( 'NONE', *, *, #3399, .T. ) ;
#3426 = DIRECTION ( 'NONE',  ( 0.0000000000000000000, 0.0000000000000000000, -1.000000000000000000 ) ) ;
#3427 = ORIENTED_EDGE ( 'NONE', *, *, #1034, .T. ) ;
#3428 = PRESENTATION_LAYER_ASSIGNMENT (  '', '', ( #2809 ) ) ;
#3429 = SPHERICAL_SURFACE ( 'NONE', #3974, 0.2000000000000000100 ) ;
#3430 = CIRCLE ( 'NONE', #1448, 2.050000000000000700 ) ;
#3431 = CARTESIAN_POINT ( 'NONE',  ( 10.22344725000894000, 4.800000000000000700, 11.20298081695579000 ) ) ;
#3432 = DIRECTION ( 'NONE',  ( 0.0000000000000000000, -0.7071067811865475700, -0.7071067811865475700 ) ) ;
#3433 = ORIENTED_EDGE ( 'NONE', *, *, #1879, .F. ) ;
#3434 = SURFACE_SIDE_STYLE ('',( #2250 ) ) ;
#3435 = FACE_OUTER_BOUND ( 'NONE', #2447, .T. ) ;
#3436 = SURFACE_STYLE_FILL_AREA ( #2182 ) ;
#3437 = MECHANICAL_DESIGN_GEOMETRIC_PRESENTATION_REPRESENTATION (  '', ( #2150 ), #3745 ) ;
#3438 = CARTESIAN_POINT ( 'NONE',  ( 2.999999999999998200, 0.1999999999999987900, -4.999999999999995600 ) ) ;
#3439 = VERTEX_POINT ( 'NONE', #2643 ) ;
#3440 = DIRECTION ( 'NONE',  ( -0.0000000000000000000, 1.000000000000000000, -0.0000000000000000000 ) ) ;
#3442 = PLANE ( 'NONE',  #2429 ) ;
#3441 = DIRECTION ( 'NONE',  ( 0.0000000000000000000, 0.0000000000000000000, 1.000000000000000000 ) ) ;
#3443 = EDGE_CURVE ( 'NONE', #4837, #1269, #4834, .T. ) ;
#3444 = CARTESIAN_POINT ( 'NONE',  ( -9.799999999999995400, 0.1999999999999996500, 5.500000000000003600 ) ) ;
#3445 = EDGE_CURVE ( 'NONE', #1003, #2069, #2679, .T. ) ;
#3446 =( NAMED_UNIT ( * ) PLANE_ANGLE_UNIT ( ) SI_UNIT ( $, .RADIAN. ) );
#3447 = ORIENTED_EDGE ( 'NONE', *, *, #5495, .F. ) ;
#3448 = DIRECTION ( 'NONE',  ( 0.0000000000000000000, 0.0000000000000000000, -1.000000000000000000 ) ) ;
#3449 =( GEOMETRIC_REPRESENTATION_CONTEXT ( 3 ) GLOBAL_UNCERTAINTY_ASSIGNED_CONTEXT ( ( #2572 ) ) GLOBAL_UNIT_ASSIGNED_CONTEXT ( ( #5059, #2207, #5540 ) ) REPRESENTATION_CONTEXT ( 'NONE', 'WORKASPACE' ) );
#3450 = CARTESIAN_POINT ( 'NONE',  ( -0.3328427124746173300, 6.000000000000000000, 5.500000000000003600 ) ) ;
#3451 = UNCERTAINTY_MEASURE_WITH_UNIT (LENGTH_MEASURE( 1.000000000000000100E-005 ), #3743, 'distance_accuracy_value', 'NONE');
#3452 = EDGE_CURVE ( 'NONE', #4578, #304, #158, .T. ) ;
#3453 = COLOUR_RGB ( '',0.2509803921568627400, 0.2509803921568627400, 0.2509803921568627400 ) ;
#3454 = VECTOR ( 'NONE', #1543, 1000.000000000000000 ) ;
#3455 = CARTESIAN_POINT ( 'NONE',  ( 7.925129743375459900, 5.000000000000000000, 14.44441838603068400 ) ) ;
#3456 = DIRECTION ( 'NONE',  ( 0.0000000000000000000, -0.0000000000000000000, 1.000000000000000000 ) ) ;
#3457 = CARTESIAN_POINT ( 'NONE',  ( 10.17512974337545900, 4.399999999999999500, 14.44441838603068400 ) ) ;
#3458 = DIRECTION ( 'NONE',  ( -0.0000000000000000000, 1.000000000000000000, -0.0000000000000000000 ) ) ;
#3459 = STYLED_ITEM ( 'NONE', ( #3466 ), #1137 ) ;
#3460 = CARTESIAN_POINT ( 'NONE',  ( 9.975129743375461500, 1.800000000000000300, 14.44441838603068400 ) ) ;
#3461 = CIRCLE ( 'NONE', #981, 1.749999999999999800 ) ;
#3462 = VECTOR ( 'NONE', #4697, 1000.000000000000000 ) ;
#3463 =( LENGTH_UNIT ( ) NAMED_UNIT ( * ) SI_UNIT ( .MILLI., .METRE. ) );
#3465 =( NAMED_UNIT ( * ) SI_UNIT ( $, .STERADIAN. ) SOLID_ANGLE_UNIT ( ) );
#3464 = CARTESIAN_POINT ( 'NONE',  ( 2.527739922137633100E-015, 5.800000000000000700, -5.099999999999997000 ) ) ;
#3466 = PRESENTATION_STYLE_ASSIGNMENT (( #3912 ) ) ;
#3467 = LINE ( 'NONE', #4665, #4577 ) ;
#3468 = ORIENTED_EDGE ( 'NONE', *, *, #5753, .F. ) ;
#3469 = AXIS2_PLACEMENT_3D ( 'NONE', #374, #3696, #848 ) ;
#3470 = DIRECTION ( 'NONE',  ( 0.0000000000000000000, -0.0000000000000000000, -1.000000000000000000 ) ) ;
#3471 = SURFACE_STYLE_USAGE ( .BOTH. , #3828 ) ;
#3472 = ADVANCED_FACE ( 'NONE', ( #2527 ), #3647, .F. ) ;
#3473 = VECTOR ( 'NONE', #2466, 1000.000000000000000 ) ;
#3474 = DIRECTION ( 'NONE',  ( -0.0000000000000000000, 0.0000000000000000000, -1.000000000000000000 ) ) ;
#3475 = LINE ( 'NONE', #2583, #3318 ) ;
#3476 = DIRECTION ( 'NONE',  ( 1.000000000000000000, -1.301042606982603900E-015, 0.0000000000000000000 ) ) ;
#3477 = ORIENTED_EDGE ( 'NONE', *, *, #1232, .T. ) ;
#3478 = ORIENTED_EDGE ( 'NONE', *, *, #1180, .F. ) ;
#3479 = CARTESIAN_POINT ( 'NONE',  ( -1.999999999999996700, 4.649999999999999500, 7.000000000000002700 ) ) ;
#3480 = CARTESIAN_POINT ( 'NONE',  ( 10.17264878961249300, 1.500000000000000000, 11.51633742116619400 ) ) ;
#3481 = VECTOR ( 'NONE', #5577, 1000.000000000000000 ) ;
#3482 = CYLINDRICAL_SURFACE ( 'NONE', #1756, 0.3999999999999993000 ) ;
#3483 = MECHANICAL_DESIGN_GEOMETRIC_PRESENTATION_REPRESENTATION (  '', ( #2853 ), #3785 ) ;
#3484 = VERTEX_POINT ( 'NONE', #1255 ) ;
#3485 = EDGE_CURVE ( 'NONE', #5855, #5368, #6167, .T. ) ;
#3486 = FILL_AREA_STYLE_COLOUR ( '', #1793 ) ;
#3487 = EDGE_LOOP ( 'NONE', ( #2220, #3242 ) ) ;
#3488 = ORIENTED_EDGE ( 'NONE', *, *, #3015, .T. ) ;
#3489 = FACE_OUTER_BOUND ( 'NONE', #581, .T. ) ;
#3490 = SURFACE_STYLE_FILL_AREA ( #1634 ) ;
#3491 = DIRECTION ( 'NONE',  ( 0.0000000000000000000, 0.0000000000000000000, 1.000000000000000000 ) ) ;
#3493 = SURFACE_SIDE_STYLE ('',( #4402 ) ) ;
#3492 =( LENGTH_UNIT ( ) NAMED_UNIT ( * ) SI_UNIT ( .MILLI., .METRE. ) );
#3494 = EDGE_CURVE ( 'NONE', #2295, #1118, #1270, .T. ) ;
#3495 = VERTEX_POINT ( 'NONE', #1712 ) ;
#3496 = AXIS2_PLACEMENT_3D ( 'NONE', #3156, #310, #3632 ) ;
#3497 = VERTEX_POINT ( 'NONE', #5537 ) ;
#3498 = FILL_AREA_STYLE_COLOUR ( '', #5085 ) ;
#3499 = ORIENTED_EDGE ( 'NONE', *, *, #5612, .T. ) ;
#3500 = CARTESIAN_POINT ( 'NONE',  ( -2.499999999999996400, 4.649999999999999500, 7.000000000000002700 ) ) ;
#3501 = CARTESIAN_POINT ( 'NONE',  ( -3.284314575050760500, -1.255780190653571500E-016, -5.217157287525378000 ) ) ;
#3502 = ORIENTED_EDGE ( 'NONE', *, *, #2480, .T. ) ;
#3503 = STYLED_ITEM ( 'NONE', ( #1461 ), #701 ) ;
#3504 = UNCERTAINTY_MEASURE_WITH_UNIT (LENGTH_MEASURE( 1.000000000000000100E-005 ), #2698, 'distance_accuracy_value', 'NONE');
#3505 = AXIS2_PLACEMENT_3D ( 'NONE', #2842, #6143, #3304 ) ;
#3506 = PLANE ( 'NONE',  #5726 ) ;
#3507 = ORIENTED_EDGE ( 'NONE', *, *, #563, .F. ) ;
#3508 = DIRECTION ( 'NONE',  ( 0.0000000000000000000, 1.000000000000000000, 0.0000000000000000000 ) ) ;
#3509 = DIRECTION ( 'NONE',  ( -1.000000000000000000, 0.0000000000000000000, 0.0000000000000000000 ) ) ;
#3510 = ADVANCED_FACE ( 'NONE', ( #6026 ), #3057, .T. ) ;
#3511 = EDGE_CURVE ( 'NONE', #1134, #4196, #1926, .T. ) ;
#3512 = ORIENTED_EDGE ( 'NONE', *, *, #4162, .F. ) ;
#3514 = CARTESIAN_POINT ( 'NONE',  ( -0.08284271247461744100, 6.000000000000000000, 4.917157287525383500 ) ) ;
#3513 = DIRECTION ( 'NONE',  ( 0.0000000000000000000, -1.000000000000000000, 0.0000000000000000000 ) ) ;
#3515 = AXIS2_PLACEMENT_3D ( 'NONE', #2389, #5728, #2891 ) ;
#3516 = ORIENTED_EDGE ( 'NONE', *, *, #3088, .T. ) ;
#3517 = CARTESIAN_POINT ( 'NONE',  ( 8.550000000000000700, 1.999999999999998200, -10.99999999999999800 ) ) ;
#3518 = CARTESIAN_POINT ( 'NONE',  ( -2.999999999999997800, 10.01123422402631900, -5.049999999999994500 ) ) ;
#3519 = CYLINDRICAL_SURFACE ( 'NONE', #157, 0.1999999999999996500 ) ;
#3520 = DIRECTION ( 'NONE',  ( 8.673617379884388900E-015, 0.0000000000000000000, -1.000000000000000000 ) ) ;
#3521 = ORIENTED_EDGE ( 'NONE', *, *, #3300, .F. ) ;
#3522 = ORIENTED_EDGE ( 'NONE', *, *, #5612, .F. ) ;
#3523 = DIRECTION ( 'NONE',  ( 1.000000000000000000, -1.734723475976807500E-015, -0.0000000000000000000 ) ) ;
#3524 = CYLINDRICAL_SURFACE ( 'NONE', #2293, 0.1999999999999996500 ) ;
#3525 = CARTESIAN_POINT ( 'NONE',  ( 6.999999999999999100, 5.799999999999999800, -4.999999999999993800 ) ) ;
#3526 = CARTESIAN_POINT ( 'NONE',  ( 1.734723475976807100E-015, 0.1999999999999996500, 4.800000000000003400 ) ) ;
#3527 = CARTESIAN_POINT ( 'NONE',  ( 10.00000000000000200, 0.1999999999999996500, 5.000000000000002700 ) ) ;
#3528 =( GEOMETRIC_REPRESENTATION_CONTEXT ( 3 ) GLOBAL_UNCERTAINTY_ASSIGNED_CONTEXT ( ( #468 ) ) GLOBAL_UNIT_ASSIGNED_CONTEXT ( ( #5374, #2507, #5840 ) ) REPRESENTATION_CONTEXT ( 'NONE', 'WORKASPACE' ) );
#3529 = CIRCLE ( 'NONE', #2555, 0.1999999999999996500 ) ;
#3530 = LINE ( 'NONE', #4821, #987 ) ;
#3532 = SURFACE_STYLE_USAGE ( .BOTH. , #199 ) ;
#3531 = DIRECTION ( 'NONE',  ( -0.7071067811865486800, 0.0000000000000000000, -0.7071067811865464600 ) ) ;
#3533 = ORIENTED_EDGE ( 'NONE', *, *, #2478, .T. ) ;
#3534 = ORIENTED_EDGE ( 'NONE', *, *, #3603, .T. ) ;
#3535 = AXIS2_PLACEMENT_3D ( 'NONE', #28, #1367, #1698 ) ;
#3536 = ADVANCED_FACE ( 'NONE', ( #1770 ), #4979, .T. ) ;
#3537 = CARTESIAN_POINT ( 'NONE',  ( 9.800000000000000700, 0.1999999999999996500, -4.799999999999998000 ) ) ;
#3538 = PRESENTATION_LAYER_ASSIGNMENT (  '', '', ( #2567 ) ) ;
#3539 = CYLINDRICAL_SURFACE ( 'NONE', #5729, 0.2000000000000000100 ) ;
#3540 = EDGE_CURVE ( 'NONE', #297, #1850, #71, .T. ) ;
#3541 = LINE ( 'NONE', #4049, #6058 ) ;
#3542 = COLOUR_RGB ( '',0.2509803921568627400, 0.2509803921568627400, 0.2509803921568627400 ) ;
#3543 = VECTOR ( 'NONE', #5050, 1000.000000000000000 ) ;
#3544 = STYLED_ITEM ( 'NONE', ( #3821 ), #1447 ) ;
#3545 =( GEOMETRIC_REPRESENTATION_CONTEXT ( 3 ) GLOBAL_UNCERTAINTY_ASSIGNED_CONTEXT ( ( #5006 ) ) GLOBAL_UNIT_ASSIGNED_CONTEXT ( ( #3463, #595, #3940 ) ) REPRESENTATION_CONTEXT ( 'NONE', 'WORKASPACE' ) );
#3546 = SURFACE_STYLE_USAGE ( .BOTH. , #216 ) ;
#3547 = VECTOR ( 'NONE', #5392, 1000.000000000000200 ) ;
#3548 = CIRCLE ( 'NONE', #1544, 0.3999999999999993000 ) ;
#3549 = CARTESIAN_POINT ( 'NONE',  ( -4.999999999999998200, 6.001000000000000300, -4.017398742541498500 ) ) ;
#3550 = CARTESIAN_POINT ( 'NONE',  ( 10.67132034355964300, 3.000000000000000400, -8.449999999999997500 ) ) ;
#3551 = ORIENTED_EDGE ( 'NONE', *, *, #4991, .T. ) ;
#3552 = CARTESIAN_POINT ( 'NONE',  ( 5.000000000000001800, -1.761828530288944700E-016, -1.417398742541499800 ) ) ;
#3553 = MECHANICAL_DESIGN_GEOMETRIC_PRESENTATION_REPRESENTATION (  '', ( #2921 ), #3863 ) ;
#3554 = DIRECTION ( 'NONE',  ( -1.223120689731756600E-016, 1.000000000000000000, -1.982809587625459700E-017 ) ) ;
#3555 = ORIENTED_EDGE ( 'NONE', *, *, #4952, .T. ) ;
#3556 = DIRECTION ( 'NONE',  ( -1.000000000000000000, -0.0000000000000000000, -0.0000000000000000000 ) ) ;
#3557 =( NAMED_UNIT ( * ) PLANE_ANGLE_UNIT ( ) SI_UNIT ( $, .RADIAN. ) );
#3558 = LINE ( 'NONE', #1265, #1022 ) ;
#3559 = ORIENTED_EDGE ( 'NONE', *, *, #2437, .T. ) ;
#3560 = ORIENTED_EDGE ( 'NONE', *, *, #3167, .T. ) ;
#3561 = SURFACE_STYLE_USAGE ( .BOTH. , #234 ) ;
#3562 = PRESENTATION_LAYER_ASSIGNMENT (  '', '', ( #3237 ) ) ;
#3563 = CARTESIAN_POINT ( 'NONE',  ( -2.999999999999997300, 10.01123422402631900, -4.999999999999996400 ) ) ;
#3564 = ADVANCED_FACE ( 'NONE', ( #1336 ), #1998, .T. ) ;
#3565 = CARTESIAN_POINT ( 'NONE',  ( 8.050000000000000700, 3.000000000000000400, -9.199999999999997500 ) ) ;
#3566 = EDGE_LOOP ( 'NONE', ( #912, #3573 ) ) ;
#3567 = ORIENTED_EDGE ( 'NONE', *, *, #1825, .F. ) ;
#3568 = DIRECTION ( 'NONE',  ( 8.673617379884388900E-015, 0.0000000000000000000, 1.000000000000000000 ) ) ;
#3570 = CARTESIAN_POINT ( 'NONE',  ( 3.082842712474618700, 5.486078937448843700E-016, -5.015685424949231800 ) ) ;
#3569 = CARTESIAN_POINT ( 'NONE',  ( 6.749999999999999100, 5.799999999999999800, -5.299999999999992700 ) ) ;
#3571 = EDGE_CURVE ( 'NONE', #2949, #5441, #3273, .T. ) ;
#3572 = AXIS2_PLACEMENT_3D ( 'NONE', #5906, #3071, #223 ) ;
#3573 = ORIENTED_EDGE ( 'NONE', *, *, #3540, .T. ) ;
#3574 = ORIENTED_EDGE ( 'NONE', *, *, #449, .T. ) ;
#3575 = UNCERTAINTY_MEASURE_WITH_UNIT (LENGTH_MEASURE( 1.000000000000000100E-005 ), #688, 'distance_accuracy_value', 'NONE');
#3576 = DIRECTION ( 'NONE',  ( -1.000000000000000000, -0.0000000000000000000, -0.0000000000000000000 ) ) ;
#3577 = CARTESIAN_POINT ( 'NONE',  ( 5.917643197515396900, 4.800000000000000700, 15.89182909767781000 ) ) ;
#3578 = FILL_AREA_STYLE ('',( #3100 ) ) ;
#3579 = EDGE_LOOP ( 'NONE', ( #4160, #6105, #4501, #5429, #5141, #991, #2909, #1011 ) ) ;
#3580 = STYLED_ITEM ( 'NONE', ( #1946 ), #5866 ) ;
#3581 =( LENGTH_UNIT ( ) NAMED_UNIT ( * ) SI_UNIT ( .MILLI., .METRE. ) );
#3582 = ORIENTED_EDGE ( 'NONE', *, *, #5398, .T. ) ;
#3583 = ORIENTED_EDGE ( 'NONE', *, *, #1748, .T. ) ;
#3584 = EDGE_CURVE ( 'NONE', #5368, #4978, #4543, .T. ) ;
#3585 = CARTESIAN_POINT ( 'NONE',  ( 8.549999999999998900, 1.499999999999998000, -4.999999999999997300 ) ) ;
#3586 = SURFACE_STYLE_USAGE ( .BOTH. , #258 ) ;
#3587 = EDGE_LOOP ( 'NONE', ( #3896, #5935, #3832, #5538 ) ) ;
#3589 =( NAMED_UNIT ( * ) SI_UNIT ( $, .STERADIAN. ) SOLID_ANGLE_UNIT ( ) );
#3588 = PLANE ( 'NONE',  #1844 ) ;
#3590 =( LENGTH_UNIT ( ) NAMED_UNIT ( * ) SI_UNIT ( .MILLI., .METRE. ) );
#3591 = DIRECTION ( 'NONE',  ( 1.223120689731756600E-016, -1.000000000000000000, 1.982809587625459700E-017 ) ) ;
#3592 = ADVANCED_FACE ( 'NONE', ( #3128 ), #5615, .T. ) ;
#3593 = ORIENTED_EDGE ( 'NONE', *, *, #5832, .T. ) ;
#3594 = DIRECTION ( 'NONE',  ( 1.000000000000000000, -0.0000000000000000000, -0.0000000000000000000 ) ) ;
#3595 = DIRECTION ( 'NONE',  ( 0.0000000000000000000, -1.000000000000000000, 0.0000000000000000000 ) ) ;
#3596 = SURFACE_STYLE_FILL_AREA ( #1077 ) ;
#3597 = STYLED_ITEM ( 'NONE', ( #5820 ), #3001 ) ;
#3598 = FACE_OUTER_BOUND ( 'NONE', #484, .T. ) ;
#3599 = VERTEX_POINT ( 'NONE', #5143 ) ;
#3600 = CARTESIAN_POINT ( 'NONE',  ( 7.000000000000000900, 5.800000000000000700, -5.049999999999992700 ) ) ;
#3601 =( NAMED_UNIT ( * ) SI_UNIT ( $, .STERADIAN. ) SOLID_ANGLE_UNIT ( ) );
#3602 = CARTESIAN_POINT ( 'NONE',  ( 10.67132034355964300, 3.000000000000000400, -9.199999999999997500 ) ) ;
#3603 = EDGE_CURVE ( 'NONE', #3706, #724, #5217, .T. ) ;
#3604 = CARTESIAN_POINT ( 'NONE',  ( 4.699172299059237700, 4.977910725621309300, 10.60510630994358800 ) ) ;
#3605 = CIRCLE ( 'NONE', #3062, 0.1999999999999996500 ) ;
#3606 = EDGE_CURVE ( 'NONE', #5872, #5289, #2675, .T. ) ;
#3607 = STYLED_ITEM ( 'NONE', ( #2211 ), #4090 ) ;
#3608 = DIRECTION ( 'NONE',  ( 4.956352788505166200E-016, 0.0000000000000000000, -1.000000000000000000 ) ) ;
#3609 =( BOUNDED_CURVE ( )  B_SPLINE_CURVE ( 3, ( #4904, #601, #2525, #5854 ),
 .UNSPECIFIED., .F., .F. ) 
 B_SPLINE_CURVE_WITH_KNOTS ( ( 4, 4 ),
 ( 4.712388980384689700, 6.283185307179586200 ),
 .UNSPECIFIED. ) 
 CURVE ( )  GEOMETRIC_REPRESENTATION_ITEM ( )  RATIONAL_B_SPLINE_CURVE ( ( 1.000000000000000000, 0.8047378541243649400, 0.8047378541243649400, 1.000000000000000000 ) ) 
 REPRESENTATION_ITEM ( '' )  );
#3610 = EDGE_CURVE ( 'NONE', #176, #6085, #1135, .T. ) ;
#3611 = CARTESIAN_POINT ( 'NONE',  ( -1.999999999999996700, 4.649999999999999500, 6.500000000000002700 ) ) ;
#3612 = STYLED_ITEM ( 'NONE', ( #553 ), #500 ) ;
#3613 =( NAMED_UNIT ( * ) PLANE_ANGLE_UNIT ( ) SI_UNIT ( $, .RADIAN. ) );
#3614 =( LENGTH_UNIT ( ) NAMED_UNIT ( * ) SI_UNIT ( .MILLI., .METRE. ) );
#3615 = COLOUR_RGB ( '',1.000000000000000000, 0.0000000000000000000, 0.0000000000000000000 ) ;
#3616 = VERTEX_POINT ( 'NONE', #3288 ) ;
#3617 = LINE ( 'NONE', #3431, #5994 ) ;
#3618 = SURFACE_STYLE_USAGE ( .BOTH. , #296 ) ;
#3619 = SURFACE_STYLE_USAGE ( .BOTH. , #300 ) ;
#3620 = MANIFOLD_SOLID_BREP ( 'Fillet7', #1877 ) ;
#3621 = ADVANCED_FACE ( 'NONE', ( #3781 ), #804, .F. ) ;
#3622 = EDGE_LOOP ( 'NONE', ( #3406, #3719, #5348, #58 ) ) ;
#3623 = DIRECTION ( 'NONE',  ( -8.673617379884388900E-015, -0.0000000000000000000, -1.000000000000000000 ) ) ;
#3624 = VECTOR ( 'NONE', #2053, 999.9999999999998900 ) ;
#3625 = SURFACE_STYLE_FILL_AREA ( #1389 ) ;
#3626 = CARTESIAN_POINT ( 'NONE',  ( 9.800000000000000700, 6.000000000000000000, 5.000000000000002700 ) ) ;
#3627 = DIRECTION ( 'NONE',  ( 1.000000000000000000, -8.673617379884049700E-015, 0.0000000000000000000 ) ) ;
#3628 = ORIENTED_EDGE ( 'NONE', *, *, #3606, .F. ) ;
#3629 = CIRCLE ( 'NONE', #2566, 0.7500000000000006700 ) ;
#3630 = CIRCLE ( 'NONE', #1055, 0.2000000000000000900 ) ;
#3631 = AXIS2_PLACEMENT_3D ( 'NONE', #1302, #4630, #1768 ) ;
#3632 = DIRECTION ( 'NONE',  ( -1.000000000000000000, 0.0000000000000000000, -0.0000000000000000000 ) ) ;
#3633 =( LENGTH_UNIT ( ) NAMED_UNIT ( * ) SI_UNIT ( .MILLI., .METRE. ) );
#3634 = VERTEX_POINT ( 'NONE', #3305 ) ;
#3635 = DIRECTION ( 'NONE',  ( 0.0000000000000000000, -0.0000000000000000000, 1.000000000000000000 ) ) ;
#3636 = ORIENTED_EDGE ( 'NONE', *, *, #467, .T. ) ;
#3637 = SURFACE_STYLE_FILL_AREA ( #3038 ) ;
#3638 = DIRECTION ( 'NONE',  ( -1.223120689731756600E-016, 1.000000000000000000, -1.982809587625459700E-017 ) ) ;
#3639 = CARTESIAN_POINT ( 'NONE',  ( -4.999999999999998200, 6.001000000000000300, -1.617398742541499700 ) ) ;
#3640 = ORIENTED_EDGE ( 'NONE', *, *, #5717, .F. ) ;
#3641 =( NAMED_UNIT ( * ) PLANE_ANGLE_UNIT ( ) SI_UNIT ( $, .RADIAN. ) );
#3642 = VERTEX_POINT ( 'NONE', #1841 ) ;
#3643 = CARTESIAN_POINT ( 'NONE',  ( 9.800000000000000700, 5.800000000000000700, 4.800000000000002500 ) ) ;
#3644 = FILL_AREA_STYLE ('',( #3166 ) ) ;
#3645 = ORIENTED_EDGE ( 'NONE', *, *, #3485, .T. ) ;
#3646 = CARTESIAN_POINT ( 'NONE',  ( 5.883578643762663600, 5.800000000000000700, -5.883578643762704500 ) ) ;
#3647 = CYLINDRICAL_SURFACE ( 'NONE', #5789, 0.7500000000000006700 ) ;
#3648 = STYLED_ITEM ( 'NONE', ( #4135 ), #4850 ) ;
#3649 = VERTEX_POINT ( 'NONE', #2845 ) ;
#3650 = EDGE_CURVE ( 'NONE', #192, #2357, #2073, .T. ) ;
#3651 = ADVANCED_FACE ( 'NONE', ( #4457 ), #1420, .F. ) ;
#3652 = FILL_AREA_STYLE ('',( #2697 ) ) ;
#3653 = COLOUR_RGB ( '',0.2509803921568627400, 0.2509803921568627400, 0.2509803921568627400 ) ;
#3654 = CARTESIAN_POINT ( 'NONE',  ( -6.999999999999999100, 10.01123422402631900, -5.049999999999994500 ) ) ;
#3655 = FACE_OUTER_BOUND ( 'NONE', #1140, .T. ) ;
#3656 =( GEOMETRIC_REPRESENTATION_CONTEXT ( 3 ) GLOBAL_UNCERTAINTY_ASSIGNED_CONTEXT ( ( #6002 ) ) GLOBAL_UNIT_ASSIGNED_CONTEXT ( ( #5110, #2007, #875 ) ) REPRESENTATION_CONTEXT ( 'NONE', 'WORKASPACE' ) );
#3657 = ORIENTED_EDGE ( 'NONE', *, *, #2948, .F. ) ;
#3658 = EDGE_CURVE ( 'NONE', #166, #1833, #5291, .T. ) ;
#3659 = AXIS2_PLACEMENT_3D ( 'NONE', #3380, #522, #3854 ) ;
#3660 = DIRECTION ( 'NONE',  ( 0.0000000000000000000, -1.000000000000000000, 0.0000000000000000000 ) ) ;
#3661 = SURFACE_STYLE_FILL_AREA ( #1441 ) ;
#3662 = EDGE_CURVE ( 'NONE', #4076, #6074, #365, .T. ) ;
#3663 = CARTESIAN_POINT ( 'NONE',  ( -6.999999999999997300, 5.799999999999999800, -4.999999999999995600 ) ) ;
#3664 = DIRECTION ( 'NONE',  ( -1.000000000000000000, -0.0000000000000000000, -4.956352788505166200E-016 ) ) ;
#3665 = PRESENTATION_STYLE_ASSIGNMENT (( #3619 ) ) ;
#3667 = CARTESIAN_POINT ( 'NONE',  ( -6.999999999999999100, 5.800000000000000700, -5.049999999999994500 ) ) ;
#3666 = DIRECTION ( 'NONE',  ( 0.0000000000000000000, 0.7071067811865475700, -0.7071067811865475700 ) ) ;
#3668 = MECHANICAL_DESIGN_GEOMETRIC_PRESENTATION_REPRESENTATION (  '', ( #3031 ), #3984 ) ;
#3669 = ORIENTED_EDGE ( 'NONE', *, *, #3793, .T. ) ;
#3670 = DIRECTION ( 'NONE',  ( -1.000000000000000000, -0.0000000000000000000, -0.0000000000000000000 ) ) ;
#3671 = ORIENTED_EDGE ( 'NONE', *, *, #5412, .T. ) ;
#3672 = DIRECTION ( 'NONE',  ( 0.7071067811865470200, 0.0000000000000000000, 0.7071067811865479100 ) ) ;
#3673 = PRESENTATION_LAYER_ASSIGNMENT (  '', '', ( #2076 ) ) ;
#3674 = DIRECTION ( 'NONE',  ( 0.0000000000000000000, 0.0000000000000000000, -1.000000000000000000 ) ) ;
#3675 = DIRECTION ( 'NONE',  ( 0.0000000000000000000, -1.000000000000000000, 0.0000000000000000000 ) ) ;
#3676 =( BOUNDED_CURVE ( )  B_SPLINE_CURVE ( 3, ( #396, #876, #1360, #4684 ),
 .UNSPECIFIED., .F., .F. ) 
 B_SPLINE_CURVE_WITH_KNOTS ( ( 4, 4 ),
 ( 4.712388980384689700, 6.283185307179580000 ),
 .UNSPECIFIED. ) 
 CURVE ( )  GEOMETRIC_REPRESENTATION_ITEM ( )  RATIONAL_B_SPLINE_CURVE ( ( 1.000000000000000000, 0.8047378541243663800, 0.8047378541243663800, 1.000000000000000000 ) ) 
 REPRESENTATION_ITEM ( '' )  );
#3677 = EDGE_CURVE ( 'NONE', #6162, #5680, #4015, .T. ) ;
#3678 = LINE ( 'NONE', #4773, #6059 ) ;
#3679 = AXIS2_PLACEMENT_3D ( 'NONE', #5683, #1431, #1873 ) ;
#3680 = FACE_OUTER_BOUND ( 'NONE', #4269, .T. ) ;
#3681 =( LENGTH_UNIT ( ) NAMED_UNIT ( * ) SI_UNIT ( .MILLI., .METRE. ) );
#3683 = DIRECTION ( 'NONE',  ( -1.000000000000000000, -1.223120689731756600E-016, 2.425215430423192300E-033 ) ) ;
#3682 = CARTESIAN_POINT ( 'NONE',  ( 5.000000000000001800, 5.800000000000000700, -1.417398742541499800 ) ) ;
#3684 = SURFACE_STYLE_USAGE ( .BOTH. , #361 ) ;
#3685 = LINE ( 'NONE', #1528, #6065 ) ;
#3686 = DIRECTION ( 'NONE',  ( 0.0000000000000000000, 0.0000000000000000000, -1.000000000000000000 ) ) ;
#3687 = EDGE_LOOP ( 'NONE', ( #4284, #2012, #3227 ) ) ;
#3688 = DIRECTION ( 'NONE',  ( 0.0000000000000000000, 0.0000000000000000000, 1.000000000000000000 ) ) ;
#3689 = STYLED_ITEM ( 'NONE', ( #3159 ), #5655 ) ;
#3690 = EDGE_CURVE ( 'NONE', #4683, #1410, #1494, .T. ) ;
#3691 = VECTOR ( 'NONE', #1, 1000.000000000000000 ) ;
#3692 = CARTESIAN_POINT ( 'NONE',  ( -6.749999999999997300, 0.1999999999999987900, -5.299999999999994500 ) ) ;
#3693 = ORIENTED_EDGE ( 'NONE', *, *, #5369, .T. ) ;
#3694 = EDGE_CURVE ( 'NONE', #3784, #4578, #1630, .T. ) ;
#3695 = CARTESIAN_POINT ( 'NONE',  ( 9.975129743375461500, 4.200000000000000200, 14.44441838603068400 ) ) ;
#3696 = DIRECTION ( 'NONE',  ( -1.223120689731756600E-016, 1.000000000000000000, -1.982809587625459700E-017 ) ) ;
#3697 = DIRECTION ( 'NONE',  ( 0.0000000000000000000, 0.0000000000000000000, -1.000000000000000000 ) ) ;
#3698 =( GEOMETRIC_REPRESENTATION_CONTEXT ( 3 ) GLOBAL_UNCERTAINTY_ASSIGNED_CONTEXT ( ( #98 ) ) GLOBAL_UNIT_ASSIGNED_CONTEXT ( ( #3916, #1071, #4376 ) ) REPRESENTATION_CONTEXT ( 'NONE', 'WORKASPACE' ) );
#3699 = ORIENTED_EDGE ( 'NONE', *, *, #3370, .T. ) ;
#3700 = ORIENTED_EDGE ( 'NONE', *, *, #5796, .T. ) ;
#3701 = VECTOR ( 'NONE', #2442, 1000.000000000000000 ) ;
#3703 = DIRECTION ( 'NONE',  ( 0.0000000000000000000, -1.000000000000000000, 0.0000000000000000000 ) ) ;
#3702 = DIRECTION ( 'NONE',  ( 0.0000000000000000000, -1.000000000000000000, 0.0000000000000000000 ) ) ;
#3704 = DIRECTION ( 'NONE',  ( -0.0000000000000000000, 1.000000000000000000, 0.0000000000000000000 ) ) ;
#3705 = ORIENTED_EDGE ( 'NONE', *, *, #3132, .F. ) ;
#3706 = VERTEX_POINT ( 'NONE', #34 ) ;
#3707 =( NAMED_UNIT ( * ) PLANE_ANGLE_UNIT ( ) SI_UNIT ( $, .RADIAN. ) );
#3708 = PRESENTATION_STYLE_ASSIGNMENT (( #529 ) ) ;
#3709 =( NAMED_UNIT ( * ) PLANE_ANGLE_UNIT ( ) SI_UNIT ( $, .RADIAN. ) );
#3710 = ORIENTED_EDGE ( 'NONE', *, *, #5344, .F. ) ;
#3711 = ORIENTED_EDGE ( 'NONE', *, *, #485, .T. ) ;
#3712 = UNCERTAINTY_MEASURE_WITH_UNIT (LENGTH_MEASURE( 1.000000000000000100E-005 ), #715, 'distance_accuracy_value', 'NONE');
#3713 = PRESENTATION_STYLE_ASSIGNMENT (( #5599 ) ) ;
#3714 =( NAMED_UNIT ( * ) SI_UNIT ( $, .STERADIAN. ) SOLID_ANGLE_UNIT ( ) );
#3715 = EDGE_CURVE ( 'NONE', #2883, #3040, #5129, .T. ) ;
#3716 = LINE ( 'NONE', #3299, #1203 ) ;
#3717 = DIRECTION ( 'NONE',  ( 0.0000000000000000000, -1.000000000000000000, 0.0000000000000000000 ) ) ;
#3718 = MECHANICAL_DESIGN_GEOMETRIC_PRESENTATION_REPRESENTATION (  '', ( #2116 ), #4041 ) ;
#3719 = ORIENTED_EDGE ( 'NONE', *, *, #4782, .F. ) ;
#3720 = CARTESIAN_POINT ( 'NONE',  ( -6.699999999999995700, 1.000000000000000000, 5.862838719962299500 ) ) ;
#3721 = SURFACE_STYLE_USAGE ( .BOTH. , #394 ) ;
#3722 = COLOUR_RGB ( '',0.2509803921568627400, 0.2509803921568627400, 0.2509803921568627400 ) ;
#3723 = PRESENTATION_STYLE_ASSIGNMENT (( #4050 ) ) ;
#3724 = CARTESIAN_POINT ( 'NONE',  ( 9.800000000000000700, 0.1999999999999996500, 5.000000000000002700 ) ) ;
#3725 = ORIENTED_EDGE ( 'NONE', *, *, #1283, .T. ) ;
#3726 = SURFACE_STYLE_USAGE ( .BOTH. , #397 ) ;
#3727 = AXIS2_PLACEMENT_3D ( 'NONE', #6113, #184, #3270 ) ;
#3728 =( NAMED_UNIT ( * ) PLANE_ANGLE_UNIT ( ) SI_UNIT ( $, .RADIAN. ) );
#3729 = ORIENTED_EDGE ( 'NONE', *, *, #1635, .F. ) ;
#3730 = CARTESIAN_POINT ( 'NONE',  ( -1.999999999999996700, 4.649999999999999500, 5.500000000000003600 ) ) ;
#3731 = EDGE_CURVE ( 'NONE', #3040, #2756, #2595, .T. ) ;
#3732 = VECTOR ( 'NONE', #2474, 1000.000000000000000 ) ;
#3733 = CARTESIAN_POINT ( 'NONE',  ( 0.0000000000000000000, 6.000000000000000000, 5.300000000000003400 ) ) ;
#3734 = CARTESIAN_POINT ( 'NONE',  ( 6.917157287525380800, -4.377477425372950000E-016, -5.015685424949231800 ) ) ;
#3735 = ORIENTED_EDGE ( 'NONE', *, *, #1808, .F. ) ;
#3737 = SURFACE_SIDE_STYLE ('',( #3877 ) ) ;
#3736 = DIRECTION ( 'NONE',  ( 0.0000000000000000000, -0.0000000000000000000, -1.000000000000000000 ) ) ;
#3738 = MECHANICAL_DESIGN_GEOMETRIC_PRESENTATION_REPRESENTATION (  '', ( #2809 ), #4068 ) ;
#3739 = DIRECTION ( 'NONE',  ( 0.0000000000000000000, 0.0000000000000000000, -1.000000000000000000 ) ) ;
#3740 = LINE ( 'NONE', #543, #4870 ) ;
#3741 = ADVANCED_FACE ( 'NONE', ( #62 ), #1993, .T. ) ;
#3742 = CARTESIAN_POINT ( 'NONE',  ( -5.883578643762663600, -0.0000000000000000000, -5.883578643762704500 ) ) ;
#3743 =( LENGTH_UNIT ( ) NAMED_UNIT ( * ) SI_UNIT ( .MILLI., .METRE. ) );
#3744 = ORIENTED_EDGE ( 'NONE', *, *, #765, .F. ) ;
#3745 =( GEOMETRIC_REPRESENTATION_CONTEXT ( 3 ) GLOBAL_UNCERTAINTY_ASSIGNED_CONTEXT ( ( #1959 ) ) GLOBAL_UNIT_ASSIGNED_CONTEXT ( ( #2758, #6071, #3225 ) ) REPRESENTATION_CONTEXT ( 'NONE', 'WORKASPACE' ) );
#3746 = CARTESIAN_POINT ( 'NONE',  ( 5.000197376121198200, 4.800000000000000700, 10.67782766981477500 ) ) ;
#3747 = ORIENTED_EDGE ( 'NONE', *, *, #351, .T. ) ;
#3748 = VERTEX_POINT ( 'NONE', #5778 ) ;
#3749 = FILL_AREA_STYLE ('',( #430 ) ) ;
#3750 = EDGE_CURVE ( 'NONE', #1956, #5804, #5551, .T. ) ;
#3751 = COLOUR_RGB ( '',0.2509803921568627400, 0.2509803921568627400, 0.2509803921568627400 ) ;
#3752 = FACE_OUTER_BOUND ( 'NONE', #4544, .T. ) ;
#3753 = UNCERTAINTY_MEASURE_WITH_UNIT (LENGTH_MEASURE( 1.000000000000000100E-005 ), #5761, 'distance_accuracy_value', 'NONE');
#3754 = FILL_AREA_STYLE ('',( #1095 ) ) ;
#3756 = FILL_AREA_STYLE_COLOUR ( '', #4552 ) ;
#3755 = DIRECTION ( 'NONE',  ( 0.0000000000000000000, -0.0000000000000000000, -1.000000000000000000 ) ) ;
#3757 = VERTEX_POINT ( 'NONE', #1525 ) ;
#3758 = EDGE_CURVE ( 'NONE', #4612, #2949, #4534, .T. ) ;
#3759 = CYLINDRICAL_SURFACE ( 'NONE', #1457, 0.1999999999999996500 ) ;
#3760 = DIRECTION ( 'NONE',  ( 0.0000000000000000000, -1.000000000000000000, 0.0000000000000000000 ) ) ;
#3761 = AXIS2_PLACEMENT_3D ( 'NONE', #4440, #4419, #1069 ) ;
#3762 = DIRECTION ( 'NONE',  ( -1.000000000000000000, 0.0000000000000000000, 0.0000000000000000000 ) ) ;
#3763 =( LENGTH_UNIT ( ) NAMED_UNIT ( * ) SI_UNIT ( .MILLI., .METRE. ) );
#3764 = VERTEX_POINT ( 'NONE', #4853 ) ;
#3765 = DIRECTION ( 'NONE',  ( 0.0000000000000000000, 0.0000000000000000000, -1.000000000000000000 ) ) ;
#3766 = CYLINDRICAL_SURFACE ( 'NONE', #970, 0.2000000000000005100 ) ;
#3767 = VECTOR ( 'NONE', #1582, 1000.000000000000000 ) ;
#3768 = EDGE_LOOP ( 'NONE', ( #829, #1632, #5917, #1757 ) ) ;
#3769 = VERTEX_POINT ( 'NONE', #5336 ) ;
#3770 = ADVANCED_FACE ( 'NONE', ( #3119 ), #2954, .T. ) ;
#3771 = CARTESIAN_POINT ( 'NONE',  ( 3.332842712474616900, 6.000000000000000000, -5.099999999999995200 ) ) ;
#3772 = CIRCLE ( 'NONE', #4166, 1.749999999999999800 ) ;
#3773 = CARTESIAN_POINT ( 'NONE',  ( 8.049999999999998900, 1.499999999999998700, -4.999999999999997300 ) ) ;
#3774 = AXIS2_PLACEMENT_3D ( 'NONE', #827, #4168, #1311 ) ;
#3775 = ORIENTED_EDGE ( 'NONE', *, *, #1283, .F. ) ;
#3776 = DIRECTION ( 'NONE',  ( 0.0000000000000000000, 0.0000000000000000000, -1.000000000000000000 ) ) ;
#3777 = CARTESIAN_POINT ( 'NONE',  ( -2.499999999999996400, 1.350000000000000500, 6.500000000000002700 ) ) ;
#3778 = ORIENTED_EDGE ( 'NONE', *, *, #1560, .T. ) ;
#3780 = DIRECTION ( 'NONE',  ( 0.0000000000000000000, 0.0000000000000000000, -1.000000000000000000 ) ) ;
#3779 = DIRECTION ( 'NONE',  ( 1.000000000000000000, 0.0000000000000000000, 0.0000000000000000000 ) ) ;
#3781 = FACE_OUTER_BOUND ( 'NONE', #6164, .T. ) ;
#3782 = PLANE ( 'NONE',  #3817 ) ;
#3783 = EDGE_CURVE ( 'NONE', #2795, #1638, #3267, .T. ) ;
#3784 = VERTEX_POINT ( 'NONE', #4369 ) ;
#3785 =( GEOMETRIC_REPRESENTATION_CONTEXT ( 3 ) GLOBAL_UNCERTAINTY_ASSIGNED_CONTEXT ( ( #2459 ) ) GLOBAL_UNIT_ASSIGNED_CONTEXT ( ( #877, #4206, #1361 ) ) REPRESENTATION_CONTEXT ( 'NONE', 'WORKASPACE' ) );
#3786 = EDGE_CURVE ( 'NONE', #4062, #4496, #4364, .T. ) ;
#3787 = SURFACE_SIDE_STYLE ('',( #5310 ) ) ;
#3788 = UNCERTAINTY_MEASURE_WITH_UNIT (LENGTH_MEASURE( 1.000000000000000100E-005 ), #4306, 'distance_accuracy_value', 'NONE');
#3789 = CYLINDRICAL_SURFACE ( 'NONE', #5159, 1.199999999999999700 ) ;
#3790 = DIRECTION ( 'NONE',  ( 0.0000000000000000000, 0.0000000000000000000, -1.000000000000000000 ) ) ;
#3791 = COLOUR_RGB ( '',0.2509803921568627400, 0.2509803921568627400, 0.2509803921568627400 ) ;
#3792 = VERTEX_POINT ( 'NONE', #2011 ) ;
#3793 = EDGE_CURVE ( 'NONE', #1409, #4907, #574, .T. ) ;
#3794 = LINE ( 'NONE', #5810, #2686 ) ;
#3795 = LINE ( 'NONE', #5744, #4920 ) ;
#3796 = VECTOR ( 'NONE', #1585, 1000.000000000000000 ) ;
#3797 = CARTESIAN_POINT ( 'NONE',  ( 7.925129743375459900, 4.399999999999999500, 14.44441838603068400 ) ) ;
#3798 = ORIENTED_EDGE ( 'NONE', *, *, #1681, .T. ) ;
#3799 = CARTESIAN_POINT ( 'NONE',  ( -9.999999999999996400, 6.000000000000000000, 5.000000000000002700 ) ) ;
#3800 =( NAMED_UNIT ( * ) SI_UNIT ( $, .STERADIAN. ) SOLID_ANGLE_UNIT ( ) );
#3801 = PRESENTATION_LAYER_ASSIGNMENT (  '', '', ( #3503 ) ) ;
#3802 = ORIENTED_EDGE ( 'NONE', *, *, #1905, .T. ) ;
#3803 = FILL_AREA_STYLE_COLOUR ( '', #3453 ) ;
#3804 = STYLED_ITEM ( 'NONE', ( #5259 ), #5500 ) ;
#3805 = VECTOR ( 'NONE', #3007, 1000.000000000000000 ) ;
#3806 = ADVANCED_FACE ( 'NONE', ( #4227 ), #1260, .T. ) ;
#3807 = FACE_OUTER_BOUND ( 'NONE', #321, .T. ) ;
#3808 = CARTESIAN_POINT ( 'NONE',  ( -3.249999999999997300, 5.917157287525380800, -5.299999999999997200 ) ) ;
#3809 = DIRECTION ( 'NONE',  ( 0.0000000000000000000, 0.0000000000000000000, -1.000000000000000000 ) ) ;
#3810 = CARTESIAN_POINT ( 'NONE',  ( -8.449999999999997500, 1.500000000000000400, -4.999999999999997300 ) ) ;
#3811 = VERTEX_POINT ( 'NONE', #606 ) ;
#3812 = EDGE_CURVE ( 'NONE', #3332, #4586, #2514, .T. ) ;
#3813 = CARTESIAN_POINT ( 'NONE',  ( -0.1999999999999981000, 6.000000000000000000, 5.167157287525384400 ) ) ;
#3814 = EDGE_CURVE ( 'NONE', #6125, #4291, #3772, .T. ) ;
#3815 = EDGE_CURVE ( 'NONE', #3844, #1248, #4903, .T. ) ;
#3816 = EDGE_CURVE ( 'NONE', #5206, #4978, #1593, .T. ) ;
#3817 = AXIS2_PLACEMENT_3D ( 'NONE', #6, #3331, #473 ) ;
#3818 = CARTESIAN_POINT ( 'NONE',  ( 4.599763768472671500, 1.199999999999999700, 10.24772958506187200 ) ) ;
#3819 = PRESENTATION_STYLE_ASSIGNMENT (( #2068 ) ) ;
#3820 = CARTESIAN_POINT ( 'NONE',  ( 9.800000000000000700, 6.000000000000000000, 4.800000000000002500 ) ) ;
#3821 = PRESENTATION_STYLE_ASSIGNMENT (( #3254 ) ) ;
#3823 = DIRECTION ( 'NONE',  ( 0.0000000000000000000, 0.0000000000000000000, 1.000000000000000000 ) ) ;
#3822 = SURFACE_STYLE_USAGE ( .BOTH. , #493 ) ;
#3824 = STYLED_ITEM ( 'NONE', ( #2099 ), #2720 ) ;
#3825 = DIRECTION ( 'NONE',  ( -0.0000000000000000000, 1.000000000000000000, -0.0000000000000000000 ) ) ;
#3826 = ORIENTED_EDGE ( 'NONE', *, *, #3008, .F. ) ;
#3827 = CARTESIAN_POINT ( 'NONE',  ( 1.050000000000002300, 4.499999999999999100, -10.50000000000000000 ) ) ;
#3828 = SURFACE_SIDE_STYLE ('',( #1241 ) ) ;
#3829 = CARTESIAN_POINT ( 'NONE',  ( 9.800000000000000700, 5.800000000000000700, 4.800000000000003400 ) ) ;
#3830 = CYLINDRICAL_SURFACE ( 'NONE', #6120, 0.5000000000000004400 ) ;
#3831 = AXIS2_PLACEMENT_3D ( 'NONE', #3967, #1128, #4443 ) ;
#3832 = ORIENTED_EDGE ( 'NONE', *, *, #303, .T. ) ;
#3833 = PRESENTATION_STYLE_ASSIGNMENT (( #3416 ) ) ;
#3834 = VERTEX_POINT ( 'NONE', #5880 ) ;
#3835 = SURFACE_SIDE_STYLE ('',( #640 ) ) ;
#3836 = SURFACE_STYLE_FILL_AREA ( #135 ) ;
#3837 =( NAMED_UNIT ( * ) PLANE_ANGLE_UNIT ( ) SI_UNIT ( $, .RADIAN. ) );
#3838 = SURFACE_STYLE_FILL_AREA ( #3082 ) ;
#3839 = CIRCLE ( 'NONE', #3053, 0.1999999999999996500 ) ;
#3840 = ADVANCED_FACE ( 'NONE', ( #141 ), #3191, .T. ) ;
#3841 = CARTESIAN_POINT ( 'NONE',  ( -2.527739922137631200E-015, -0.0000000000000000000, -5.099999999999997900 ) ) ;
#3842 = ORIENTED_EDGE ( 'NONE', *, *, #4765, .F. ) ;
#3843 = DIRECTION ( 'NONE',  ( 0.0000000000000000000, 0.0000000000000000000, -1.000000000000000000 ) ) ;
#3844 = VERTEX_POINT ( 'NONE', #4786 ) ;
#3845 = MECHANICAL_DESIGN_GEOMETRIC_PRESENTATION_REPRESENTATION (  '', ( #2567 ), #4174 ) ;
#3846 = FACE_OUTER_BOUND ( 'NONE', #4909, .T. ) ;
#3848 = CARTESIAN_POINT ( 'NONE',  ( -9.799999999999995400, 5.800000000000000700, 5.300000000000003400 ) ) ;
#3847 = CARTESIAN_POINT ( 'NONE',  ( 7.925129743375459900, 1.200000000000000200, 14.44441838603068400 ) ) ;
#3849 = VERTEX_POINT ( 'NONE', #1921 ) ;
#3850 = EDGE_CURVE ( 'NONE', #1184, #2564, #4288, .T. ) ;
#3851 = VERTEX_POINT ( 'NONE', #2394 ) ;
#3852 = AXIS2_PLACEMENT_3D ( 'NONE', #378, #3704, #855 ) ;
#3853 = LINE ( 'NONE', #5773, #3701 ) ;
#3854 = DIRECTION ( 'NONE',  ( 0.0000000000000000000, 0.0000000000000000000, -1.000000000000000000 ) ) ;
#3855 = ORIENTED_EDGE ( 'NONE', *, *, #4563, .T. ) ;
#3856 = EDGE_LOOP ( 'NONE', ( #3920, #3269, #526, #2221 ) ) ;
#3857 = SURFACE_STYLE_FILL_AREA ( #55 ) ;
#3858 = CARTESIAN_POINT ( 'NONE',  ( 4.794322988211932900, 1.200000000000000600, 10.32286164890689100 ) ) ;
#3859 =( NAMED_UNIT ( * ) PLANE_ANGLE_UNIT ( ) SI_UNIT ( $, .RADIAN. ) );
#3860 = ORIENTED_EDGE ( 'NONE', *, *, #4523, .T. ) ;
#3861 = DIRECTION ( 'NONE',  ( -1.000000000000000000, -0.0000000000000000000, 4.956352788505161300E-016 ) ) ;
#3862 =( LENGTH_UNIT ( ) NAMED_UNIT ( * ) SI_UNIT ( .MILLI., .METRE. ) );
#3863 =( GEOMETRIC_REPRESENTATION_CONTEXT ( 3 ) GLOBAL_UNCERTAINTY_ASSIGNED_CONTEXT ( ( #3039 ) ) GLOBAL_UNIT_ASSIGNED_CONTEXT ( ( #2008, #5356, #2482 ) ) REPRESENTATION_CONTEXT ( 'NONE', 'WORKASPACE' ) );
#3864 = COLOUR_RGB ( '',1.000000000000000000, 0.0000000000000000000, 0.0000000000000000000 ) ;
#3865 = VECTOR ( 'NONE', #4712, 1000.000000000000000 ) ;
#3866 = DIRECTION ( 'NONE',  ( 1.000000000000000000, -0.0000000000000000000, 0.0000000000000000000 ) ) ;
#3867 = ORIENTED_EDGE ( 'NONE', *, *, #4567, .T. ) ;
#3868 = DIRECTION ( 'NONE',  ( 1.000000000000000000, 0.0000000000000000000, -0.0000000000000000000 ) ) ;
#3869 = UNCERTAINTY_MEASURE_WITH_UNIT (LENGTH_MEASURE( 1.000000000000000100E-005 ), #5254, 'distance_accuracy_value', 'NONE');
#3870 = FILL_AREA_STYLE ('',( #536 ) ) ;
#3871 = LINE ( 'NONE', #194, #77 ) ;
#3872 = ADVANCED_FACE ( 'NONE', ( #1758 ), #213, .T. ) ;
#3873 = MECHANICAL_DESIGN_GEOMETRIC_PRESENTATION_REPRESENTATION (  '', ( #3237 ), #4198 ) ;
#3874 = ORIENTED_EDGE ( 'NONE', *, *, #5753, .T. ) ;
#3875 = CARTESIAN_POINT ( 'NONE',  ( -6.999999999999999100, 0.1999999999999987900, -5.049999999999994500 ) ) ;
#3876 = COLOUR_RGB ( '',0.2509803921568627400, 0.2509803921568627400, 0.2509803921568627400 ) ;
#3877 = SURFACE_STYLE_FILL_AREA ( #2808 ) ;
#3878 = LINE ( 'NONE', #5756, #1353 ) ;
#3879 = ORIENTED_EDGE ( 'NONE', *, *, #143, .T. ) ;
#3880 = SURFACE_SIDE_STYLE ('',( #2586 ) ) ;
#3881 = EDGE_CURVE ( 'NONE', #2431, #4598, #5120, .T. ) ;
#3882 = AXIS2_PLACEMENT_3D ( 'NONE', #198, #2544, #3531 ) ;
#3883 = SURFACE_SIDE_STYLE ('',( #712 ) ) ;
#3884 = CYLINDRICAL_SURFACE ( 'NONE', #5808, 0.2000000000000000400 ) ;
#3885 = PRESENTATION_STYLE_ASSIGNMENT (( #5948 ) ) ;
#3886 = CARTESIAN_POINT ( 'NONE',  ( -9.999999999999996400, 6.000000000000000000, -4.999999999999997300 ) ) ;
#3887 = FACE_OUTER_BOUND ( 'NONE', #3926, .T. ) ;
#3888 = ORIENTED_EDGE ( 'NONE', *, *, #102, .T. ) ;
#3889 = FILL_AREA_STYLE_COLOUR ( '', #4344 ) ;
#3890 = LINE ( 'NONE', #5790, #5319 ) ;
#3892 = DIRECTION ( 'NONE',  ( -1.000000000000000000, 0.0000000000000000000, 0.0000000000000000000 ) ) ;
#3891 =( NAMED_UNIT ( * ) PLANE_ANGLE_UNIT ( ) SI_UNIT ( $, .RADIAN. ) );
#3893 = STYLED_ITEM ( 'NONE', ( #4273 ), #1004 ) ;
#3894 = CARTESIAN_POINT ( 'NONE',  ( 10.17512974337545900, 4.200000000000000200, 14.44441838603068400 ) ) ;
#3895 = AXIS2_PLACEMENT_3D ( 'NONE', #3114, #4071, #1228 ) ;
#3896 = ORIENTED_EDGE ( 'NONE', *, *, #524, .F. ) ;
#3897 = CARTESIAN_POINT ( 'NONE',  ( 7.925129743375459900, 5.000000000000000000, 14.44441838603068400 ) ) ;
#3898 = FACE_OUTER_BOUND ( 'NONE', #576, .T. ) ;
#3899 = EDGE_CURVE ( 'NONE', #5306, #250, #295, .T. ) ;
#3900 = FILL_AREA_STYLE_COLOUR ( '', #3262 ) ;
#3901 = FACE_OUTER_BOUND ( 'NONE', #1977, .T. ) ;
#3902 = ORIENTED_EDGE ( 'NONE', *, *, #3362, .T. ) ;
#3903 = DIRECTION ( 'NONE',  ( -0.0000000000000000000, -0.0000000000000000000, -1.000000000000000000 ) ) ;
#3904 = LINE ( 'NONE', #3238, #266 ) ;
#3905 = CARTESIAN_POINT ( 'NONE',  ( 1.050000000000002300, 1.499999999999999100, -10.99999999999999800 ) ) ;
#3906 = DIRECTION ( 'NONE',  ( 0.0000000000000000000, -1.000000000000000000, 0.0000000000000000000 ) ) ;
#3907 = DIRECTION ( 'NONE',  ( -0.0000000000000000000, -1.000000000000000000, -0.0000000000000000000 ) ) ;
#3908 = ADVANCED_BREP_SHAPE_REPRESENTATION ( 'Microswitch', ( #3620, #4493 ), #1939 ) ;
#3909 = COLOUR_RGB ( '',1.000000000000000000, 0.0000000000000000000, 0.0000000000000000000 ) ;
#3910 = LINE ( 'NONE', #3972, #1539 ) ;
#3911 =( NAMED_UNIT ( * ) PLANE_ANGLE_UNIT ( ) SI_UNIT ( $, .RADIAN. ) );
#3912 = SURFACE_STYLE_USAGE ( .BOTH. , #4884 ) ;
#3913 = AXIS2_PLACEMENT_3D ( 'NONE', #4521, #696, #4064 ) ;
#3914 = ORIENTED_EDGE ( 'NONE', *, *, #3715, .T. ) ;
#3915 = ORIENTED_EDGE ( 'NONE', *, *, #4567, .F. ) ;
#3916 =( LENGTH_UNIT ( ) NAMED_UNIT ( * ) SI_UNIT ( .MILLI., .METRE. ) );
#3917 = CIRCLE ( 'NONE', #5841, 0.7500000000000006700 ) ;
#3918 = LINE ( 'NONE', #5591, #2652 ) ;
#3919 = SURFACE_STYLE_FILL_AREA ( #1613 ) ;
#3920 = ORIENTED_EDGE ( 'NONE', *, *, #143, .F. ) ;
#3921 = SURFACE_SIDE_STYLE ('',( #2738 ) ) ;
#3922 = EDGE_CURVE ( 'NONE', #4988, #4982, #3853, .T. ) ;
#3923 = COLOUR_RGB ( '',1.000000000000000000, 0.0000000000000000000, 0.0000000000000000000 ) ;
#3924 = PRESENTATION_LAYER_ASSIGNMENT (  '', '', ( #3607 ) ) ;
#3925 = DIRECTION ( 'NONE',  ( 1.000000000000000000, 0.0000000000000000000, 0.0000000000000000000 ) ) ;
#3926 = EDGE_LOOP ( 'NONE', ( #3593, #2075, #2733, #2218 ) ) ;
#3927 = CARTESIAN_POINT ( 'NONE',  ( 6.799999999999825700, 5.800000000000000700, 2.359223927328452100E-013 ) ) ;
#3928 = DIRECTION ( 'NONE',  ( -0.0000000000000000000, -0.0000000000000000000, 1.000000000000000000 ) ) ;
#3929 = FACE_BOUND ( 'NONE', #444, .T. ) ;
#3930 = CARTESIAN_POINT ( 'NONE',  ( 5.000000000000001800, 6.000000000000000000, -2.817398742541499200 ) ) ;
#3931 = AXIS2_PLACEMENT_3D ( 'NONE', #1206, #210, #920 ) ;
#3932 = EDGE_LOOP ( 'NONE', ( #743, #951, #4571, #4866 ) ) ;
#3933 = DIRECTION ( 'NONE',  ( -0.0000000000000000000, -0.0000000000000000000, 1.000000000000000000 ) ) ;
#3934 = ORIENTED_EDGE ( 'NONE', *, *, #3731, .F. ) ;
#3935 = FILL_AREA_STYLE ('',( #2981 ) ) ;
#3936 = DIRECTION ( 'NONE',  ( 1.000000000000000000, 0.0000000000000000000, 0.0000000000000000000 ) ) ;
#3937 = ADVANCED_FACE ( 'NONE', ( #4965 ), #5638, .T. ) ;
#3938 = ORIENTED_EDGE ( 'NONE', *, *, #1224, .T. ) ;
#3939 = VERTEX_POINT ( 'NONE', #2951 ) ;
#3940 =( NAMED_UNIT ( * ) SI_UNIT ( $, .STERADIAN. ) SOLID_ANGLE_UNIT ( ) );
#3942 = DIRECTION ( 'NONE',  ( 1.734723475976807500E-015, 1.000000000000000000, 0.0000000000000000000 ) ) ;
#3941 = FILL_AREA_STYLE_COLOUR ( '', #3247 ) ;
#3943 = ORIENTED_EDGE ( 'NONE', *, *, #6051, .F. ) ;
#3944 = FILL_AREA_STYLE ('',( #5837 ) ) ;
#3945 = PRESENTATION_STYLE_ASSIGNMENT (( #5548 ) ) ;
#3946 = CARTESIAN_POINT ( 'NONE',  ( 7.000000000000000900, 0.2000000000000005100, -5.049999999999992700 ) ) ;
#3947 = EDGE_LOOP ( 'NONE', ( #1741, #2456, #2827, #5942 ) ) ;
#3948 = UNCERTAINTY_MEASURE_WITH_UNIT (LENGTH_MEASURE( 1.000000000000000100E-005 ), #550, 'distance_accuracy_value', 'NONE');
#3949 = LINE ( 'NONE', #5725, #5067 ) ;
#3950 = CARTESIAN_POINT ( 'NONE',  ( -8.449999999999997500, 4.000000000000004400, -10.99999999999999800 ) ) ;
#3951 = ORIENTED_EDGE ( 'NONE', *, *, #5941, .T. ) ;
#3952 = SURFACE_SIDE_STYLE ('',( #5323 ) ) ;
#3953 = EDGE_CURVE ( 'NONE', #1638, #304, #1987, .T. ) ;
#3954 = PRESENTATION_STYLE_ASSIGNMENT (( #2246 ) ) ;
#3955 = AXIS2_PLACEMENT_3D ( 'NONE', #5721, #2884, #18 ) ;
#3956 = CARTESIAN_POINT ( 'NONE',  ( 4.845121448608378700, 1.200000000000000200, 10.33109662319489700 ) ) ;
#3958 =( LENGTH_UNIT ( ) NAMED_UNIT ( * ) SI_UNIT ( .MILLI., .METRE. ) );
#3957 =( NAMED_UNIT ( * ) SI_UNIT ( $, .STERADIAN. ) SOLID_ANGLE_UNIT ( ) );
#3959 = COLOUR_RGB ( '',0.2509803921568627400, 0.2509803921568627400, 0.2509803921568627400 ) ;
#3960 = VECTOR ( 'NONE', #255, 1000.000000000000000 ) ;
#3961 = VERTEX_POINT ( 'NONE', #5795 ) ;
#3962 = AXIS2_PLACEMENT_3D ( 'NONE', #1213, #1148, #2910 ) ;
#3963 = ADVANCED_FACE ( 'NONE', ( #4358 ), #288, .T. ) ;
#3964 = VERTEX_POINT ( 'NONE', #3444 ) ;
#3965 = CARTESIAN_POINT ( 'NONE',  ( 6.717751532105306300, 4.800000000000000700, 10.95626158695325700 ) ) ;
#3966 = AXIS2_PLACEMENT_3D ( 'NONE', #6151, #454, #3779 ) ;
#3967 = CARTESIAN_POINT ( 'NONE',  ( -4.999999999999998200, 0.0000000000000000000, -2.817398742541499200 ) ) ;
#3968 = EDGE_CURVE ( 'NONE', #2294, #4233, #2665, .T. ) ;
#3969 = PRESENTATION_STYLE_ASSIGNMENT (( #4335 ) ) ;
#3970 = LINE ( 'NONE', #5856, #180 ) ;
#3971 = CARTESIAN_POINT ( 'NONE',  ( -6.749999999999997300, 10.01123422402631900, -5.299999999999994500 ) ) ;
#3972 = CARTESIAN_POINT ( 'NONE',  ( -8.449999999999997500, 1.500000000000000400, -10.99999999999999800 ) ) ;
#3973 = STYLED_ITEM ( 'NONE', ( #5331 ), #1286 ) ;
#3974 = AXIS2_PLACEMENT_3D ( 'NONE', #5175, #5244, #2372 ) ;
#3975 = COLOUR_RGB ( '',0.2509803921568627400, 0.2509803921568627400, 0.2509803921568627400 ) ;
#3976 = ORIENTED_EDGE ( 'NONE', *, *, #2938, .F. ) ;
#3977 = DIRECTION ( 'NONE',  ( 1.000000000000000000, -0.0000000000000000000, 4.956352788505166200E-016 ) ) ;
#3979 = FILL_AREA_STYLE_COLOUR ( '', #5158 ) ;
#3978 = DIRECTION ( 'NONE',  ( 0.0000000000000000000, -1.000000000000000000, 0.0000000000000000000 ) ) ;
#3980 = COLOUR_RGB ( '',0.2509803921568627400, 0.2509803921568627400, 0.2509803921568627400 ) ;
#3981 = ORIENTED_EDGE ( 'NONE', *, *, #5490, .F. ) ;
#3982 = EDGE_LOOP ( 'NONE', ( #5014, #2897, #2337, #2230 ) ) ;
#3983 = UNCERTAINTY_MEASURE_WITH_UNIT (LENGTH_MEASURE( 1.000000000000000100E-005 ), #4609, 'distance_accuracy_value', 'NONE');
#3984 =( GEOMETRIC_REPRESENTATION_CONTEXT ( 3 ) GLOBAL_UNCERTAINTY_ASSIGNED_CONTEXT ( ( #3869 ) ) GLOBAL_UNIT_ASSIGNED_CONTEXT ( ( #5254, #2381, #5720 ) ) REPRESENTATION_CONTEXT ( 'NONE', 'WORKASPACE' ) );
#3985 = CARTESIAN_POINT ( 'NONE',  ( 4.597950566644231100, 1.000024674495925600, 10.56862096751856800 ) ) ;
#3986 = FACE_OUTER_BOUND ( 'NONE', #4754, .T. ) ;
#3987 = DIRECTION ( 'NONE',  ( -8.673617379884388900E-015, 0.0000000000000000000, -1.000000000000000000 ) ) ;
#3988 = DIRECTION ( 'NONE',  ( -0.0000000000000000000, -1.000000000000000000, -0.0000000000000000000 ) ) ;
#3989 = CARTESIAN_POINT ( 'NONE',  ( -2.999999999999998700, 5.800000000000000700, -5.049999999999995400 ) ) ;
#3990 = SURFACE_STYLE_FILL_AREA ( #1682 ) ;
#3991 = SURFACE_STYLE_USAGE ( .BOTH. , #647 ) ;
#3992 = FACE_OUTER_BOUND ( 'NONE', #4931, .T. ) ;
#3993 = SURFACE_STYLE_USAGE ( .BOTH. , #648 ) ;
#3994 = ORIENTED_EDGE ( 'NONE', *, *, #3571, .T. ) ;
#3995 = TOROIDAL_SURFACE ( 'NONE', #1466, 1.399999999999999500, 0.2000000000000000100 ) ;
#3996 = VECTOR ( 'NONE', #2854, 1000.000000000000000 ) ;
#3997 = FILL_AREA_STYLE_COLOUR ( '', #3615 ) ;
#3998 = MECHANICAL_DESIGN_GEOMETRIC_PRESENTATION_REPRESENTATION (  '', ( #2076 ), #4299 ) ;
#3999 = ADVANCED_FACE ( 'NONE', ( #5202, #3929 ), #4882, .T. ) ;
#4000 = VERTEX_POINT ( 'NONE', #4390 ) ;
#4001 = CARTESIAN_POINT ( 'NONE',  ( -6.799999999999990900, 6.000000000000000000, -4.799999999999998000 ) ) ;
#4002 = LINE ( 'NONE', #884, #206 ) ;
#4003 = FACE_OUTER_BOUND ( 'NONE', #1259, .T. ) ;
#4004 =( NAMED_UNIT ( * ) PLANE_ANGLE_UNIT ( ) SI_UNIT ( $, .RADIAN. ) );
#4005 = EDGE_CURVE ( 'NONE', #3811, #6049, #132, .T. ) ;
#4006 = ORIENTED_EDGE ( 'NONE', *, *, #6063, .T. ) ;
#4007 = STYLED_ITEM ( 'NONE', ( #43 ), #4495 ) ;
#4008 = ORIENTED_EDGE ( 'NONE', *, *, #92, .T. ) ;
#4009 = CARTESIAN_POINT ( 'NONE',  ( -4.999999999999998200, 0.1999999999999996500, -1.417398742541499800 ) ) ;
#4010 = DIRECTION ( 'NONE',  ( 0.0000000000000000000, 0.0000000000000000000, -1.000000000000000000 ) ) ;
#4011 = ORIENTED_EDGE ( 'NONE', *, *, #1752, .F. ) ;
#4012 = FILL_AREA_STYLE_COLOUR ( '', #4180 ) ;
#4013 = ORIENTED_EDGE ( 'NONE', *, *, #50, .F. ) ;
#4014 = AXIS2_PLACEMENT_3D ( 'NONE', #4053, #1218, #1234 ) ;
#4015 = LINE ( 'NONE', #1884, #222 ) ;
#4016 = PRESENTATION_LAYER_ASSIGNMENT (  '', '', ( #3689 ) ) ;
#4017 = EDGE_CURVE ( 'NONE', #1118, #3748, #3609, .T. ) ;
#4018 = CARTESIAN_POINT ( 'NONE',  ( -9.799999999999995400, 0.1999999999999996500, 5.000000000000002700 ) ) ;
#4019 = ORIENTED_EDGE ( 'NONE', *, *, #717, .F. ) ;
#4020 = CARTESIAN_POINT ( 'NONE',  ( -7.949999999999996600, 3.000000000000000400, -9.199999999999997500 ) ) ;
#4021 =( NAMED_UNIT ( * ) PLANE_ANGLE_UNIT ( ) SI_UNIT ( $, .RADIAN. ) );
#4022 = VECTOR ( 'NONE', #4213, 1000.000000000000000 ) ;
#4023 = ORIENTED_EDGE ( 'NONE', *, *, #5288, .T. ) ;
#4024 = FILL_AREA_STYLE_COLOUR ( '', #3183 ) ;
#4026 = SURFACE_SIDE_STYLE ('',( #2094 ) ) ;
#4025 = CARTESIAN_POINT ( 'NONE',  ( -9.999999999999996400, 0.1999999999999996500, 5.300000000000003400 ) ) ;
#4027 = EDGE_LOOP ( 'NONE', ( #2415, #5434, #3551, #639 ) ) ;
#4028 = DIRECTION ( 'NONE',  ( -1.000000000000000000, -0.0000000000000000000, -0.0000000000000000000 ) ) ;
#4029 = ADVANCED_FACE ( 'NONE', ( #5037 ), #4898, .F. ) ;
#4030 = UNCERTAINTY_MEASURE_WITH_UNIT (LENGTH_MEASURE( 1.000000000000000100E-005 ), #508, 'distance_accuracy_value', 'NONE');
#4031 = DIRECTION ( 'NONE',  ( -1.734723475976806800E-016, 0.0000000000000000000, 1.000000000000000000 ) ) ;
#4032 = VECTOR ( 'NONE', #3762, 1000.000000000000000 ) ;
#4033 = STYLED_ITEM ( 'NONE', ( #2547 ), #2893 ) ;
#4034 = ORIENTED_EDGE ( 'NONE', *, *, #1180, .T. ) ;
#4035 = LINE ( 'NONE', #3091, #5315 ) ;
#4036 =( NAMED_UNIT ( * ) PLANE_ANGLE_UNIT ( ) SI_UNIT ( $, .RADIAN. ) );
#4037 = CARTESIAN_POINT ( 'NONE',  ( -9.799999999999995400, 5.800000000000000700, 5.300000000000003400 ) ) ;
#4038 = ORIENTED_EDGE ( 'NONE', *, *, #389, .T. ) ;
#4039 = DIRECTION ( 'NONE',  ( 2.312964634635742300E-015, 1.000000000000000000, 0.0000000000000000000 ) ) ;
#4040 = EDGE_CURVE ( 'NONE', #3748, #1184, #1252, .T. ) ;
#4041 =( GEOMETRIC_REPRESENTATION_CONTEXT ( 3 ) GLOBAL_UNCERTAINTY_ASSIGNED_CONTEXT ( ( #1402 ) ) GLOBAL_UNIT_ASSIGNED_CONTEXT ( ( #4343, #1523, #4845 ) ) REPRESENTATION_CONTEXT ( 'NONE', 'WORKASPACE' ) );
#4042 = VECTOR ( 'NONE', #1961, 1000.000000000000000 ) ;
#4043 = PRESENTATION_STYLE_ASSIGNMENT (( #1115 ) ) ;
#4044 = FILL_AREA_STYLE_COLOUR ( '', #1463 ) ;
#4045 = ORIENTED_EDGE ( 'NONE', *, *, #1676, .T. ) ;
#4046 = AXIS2_PLACEMENT_3D ( 'NONE', #3249, #1796, #4123 ) ;
#4047 = LINE ( 'NONE', #456, #256 ) ;
#4048 = CARTESIAN_POINT ( 'NONE',  ( 10.00000000000000400, 5.800000000000000700, -4.999999999999997300 ) ) ;
#4049 = CARTESIAN_POINT ( 'NONE',  ( 8.050000000000000700, 1.999999999999997300, -10.99999999999999600 ) ) ;
#4050 = SURFACE_STYLE_USAGE ( .BOTH. , #705 ) ;
#4051 = CIRCLE ( 'NONE', #4279, 1.399999999999999200 ) ;
#4052 = FACE_OUTER_BOUND ( 'NONE', #969, .T. ) ;
#4053 = CARTESIAN_POINT ( 'NONE',  ( 5.320240709957153600, 1.199999999999999700, 8.382009087026551300 ) ) ;
#4054 = DIRECTION ( 'NONE',  ( -0.0000000000000000000, 1.000000000000000000, -0.0000000000000000000 ) ) ;
#4055 = ADVANCED_FACE ( 'NONE', ( #4527 ), #6010, .T. ) ;
#4056 =( NAMED_UNIT ( * ) PLANE_ANGLE_UNIT ( ) SI_UNIT ( $, .RADIAN. ) );
#4057 = VECTOR ( 'NONE', #3414, 1000.000000000000000 ) ;
#4058 = SURFACE_STYLE_FILL_AREA ( #4642 ) ;
#4059 = LINE ( 'NONE', #1113, #2813 ) ;
#4060 = EDGE_CURVE ( 'NONE', #5863, #3333, #4708, .T. ) ;
#4061 = PLANE ( 'NONE',  #1551 ) ;
#4062 = VERTEX_POINT ( 'NONE', #5404 ) ;
#4063 = ORIENTED_EDGE ( 'NONE', *, *, #1483, .F. ) ;
#4064 = DIRECTION ( 'NONE',  ( -0.7071067811865489100, 0.0000000000000000000, -0.7071067811865461300 ) ) ;
#4065 = UNCERTAINTY_MEASURE_WITH_UNIT (LENGTH_MEASURE( 1.000000000000000100E-005 ), #381, 'distance_accuracy_value', 'NONE');
#4066 = VECTOR ( 'NONE', #5386, 1000.000000000000000 ) ;
#4067 = ORIENTED_EDGE ( 'NONE', *, *, #4340, .F. ) ;
#4068 =( GEOMETRIC_REPRESENTATION_CONTEXT ( 3 ) GLOBAL_UNCERTAINTY_ASSIGNED_CONTEXT ( ( #1288 ) ) GLOBAL_UNIT_ASSIGNED_CONTEXT ( ( #1214, #4531, #1671 ) ) REPRESENTATION_CONTEXT ( 'NONE', 'WORKASPACE' ) );
#4069 = CARTESIAN_POINT ( 'NONE',  ( 6.799999999999992700, 0.0000000000000000000, -4.799999999999998000 ) ) ;
#4070 = VERTEX_POINT ( 'NONE', #3517 ) ;
#4071 = DIRECTION ( 'NONE',  ( 0.0000000000000000000, -1.000000000000000000, 0.0000000000000000000 ) ) ;
#4072 = CIRCLE ( 'NONE', #3410, 0.3999999999999993000 ) ;
#4073 = CARTESIAN_POINT ( 'NONE',  ( -8.449999999999997500, 3.000000000000000400, -9.199999999999997500 ) ) ;
#4074 = UNCERTAINTY_MEASURE_WITH_UNIT (LENGTH_MEASURE( 1.000000000000000100E-005 ), #2043, 'distance_accuracy_value', 'NONE');
#4075 = ORIENTED_EDGE ( 'NONE', *, *, #4235, .T. ) ;
#4076 = VERTEX_POINT ( 'NONE', #641 ) ;
#4077 = CARTESIAN_POINT ( 'NONE',  ( 4.599763768472680400, 4.999925981078384000, 10.56932116356027700 ) ) ;
#4078 = DIRECTION ( 'NONE',  ( 0.0000000000000000000, 0.0000000000000000000, -1.000000000000000000 ) ) ;
#4079 = PRESENTATION_LAYER_ASSIGNMENT (  '', '', ( #4380 ) ) ;
#4080 = DIRECTION ( 'NONE',  ( 0.0000000000000000000, -1.000000000000000000, 0.0000000000000000000 ) ) ;
#4081 = CARTESIAN_POINT ( 'NONE',  ( 4.599763768472680400, 4.999925981078384000, 10.56932116356027700 ) ) ;
#4082 = EDGE_LOOP ( 'NONE', ( #5192, #851, #4462, #2571 ) ) ;
#4083 = VERTEX_POINT ( 'NONE', #5892 ) ;
#4084 = CARTESIAN_POINT ( 'NONE',  ( 10.00000000000000200, 0.1999999999999996500, 4.800000000000002500 ) ) ;
#4085 = CARTESIAN_POINT ( 'NONE',  ( 7.925129743375459900, 4.500000000000000900, 14.04441838603068500 ) ) ;
#4086 = EDGE_CURVE ( 'NONE', #1248, #5146, #3630, .T. ) ;
#4087 = AXIS2_PLACEMENT_3D ( 'NONE', #2228, #5562, #2712 ) ;
#4088 = ORIENTED_EDGE ( 'NONE', *, *, #5068, .T. ) ;
#4089 = ORIENTED_EDGE ( 'NONE', *, *, #207, .F. ) ;
#4090 = ADVANCED_FACE ( 'NONE', ( #1109, #2356 ), #2085, .T. ) ;
#4091 =( NAMED_UNIT ( * ) SI_UNIT ( $, .STERADIAN. ) SOLID_ANGLE_UNIT ( ) );
#4092 = VERTEX_POINT ( 'NONE', #1187 ) ;
#4093 = PRESENTATION_LAYER_ASSIGNMENT (  '', '', ( #3459 ) ) ;
#4094 = AXIS2_PLACEMENT_3D ( 'NONE', #1323, #4647, #1783 ) ;
#4095 =( NAMED_UNIT ( * ) PLANE_ANGLE_UNIT ( ) SI_UNIT ( $, .RADIAN. ) );
#4096 = CARTESIAN_POINT ( 'NONE',  ( 7.925129743375459900, 4.399999999999999500, 14.44441838603068400 ) ) ;
#4097 = EDGE_LOOP ( 'NONE', ( #626, #3669 ) ) ;
#4098 =( BOUNDED_CURVE ( )  B_SPLINE_CURVE ( 3, ( #1969, #1024, #4794, #5321 ),
 .UNSPECIFIED., .F., .F. ) 
 B_SPLINE_CURVE_WITH_KNOTS ( ( 4, 4 ),
 ( 4.712388980384690600, 6.283185307179580900 ),
 .UNSPECIFIED. ) 
 CURVE ( )  GEOMETRIC_REPRESENTATION_ITEM ( )  RATIONAL_B_SPLINE_CURVE ( ( 1.000000000000000000, 0.8047378541243663800, 0.8047378541243663800, 1.000000000000000000 ) ) 
 REPRESENTATION_ITEM ( '' )  );
#4099 =( NAMED_UNIT ( * ) PLANE_ANGLE_UNIT ( ) SI_UNIT ( $, .RADIAN. ) );
#4100 = CARTESIAN_POINT ( 'NONE',  ( 4.594322988211932700, 5.000000000000000000, 10.32286164890689100 ) ) ;
#4101 = LINE ( 'NONE', #4774, #2687 ) ;
#4102 =( NAMED_UNIT ( * ) SI_UNIT ( $, .STERADIAN. ) SOLID_ANGLE_UNIT ( ) );
#4103 = ORIENTED_EDGE ( 'NONE', *, *, #406, .F. ) ;
#4105 = DIRECTION ( 'NONE',  ( 1.000000000000000000, 0.0000000000000000000, 0.0000000000000000000 ) ) ;
#4104 = CARTESIAN_POINT ( 'NONE',  ( 9.800000000000000700, 6.000000000000000000, -4.799999999999998000 ) ) ;
#4106 = STYLED_ITEM ( 'NONE', ( #4997 ), #1936 ) ;
#4107 = FACE_OUTER_BOUND ( 'NONE', #1183, .T. ) ;
#4108 = LINE ( 'NONE', #3193, #5235 ) ;
#4109 = PRESENTATION_STYLE_ASSIGNMENT (( #2339 ) ) ;
#4110 = ORIENTED_EDGE ( 'NONE', *, *, #1332, .T. ) ;
#4111 =( NAMED_UNIT ( * ) SI_UNIT ( $, .STERADIAN. ) SOLID_ANGLE_UNIT ( ) );
#4112 = PRESENTATION_LAYER_ASSIGNMENT (  '', '', ( #4424 ) ) ;
#4113 = VECTOR ( 'NONE', #690, 1000.000000000000000 ) ;
#4114 = ORIENTED_EDGE ( 'NONE', *, *, #4638, .F. ) ;
#4115 = CARTESIAN_POINT ( 'NONE',  ( 0.5500000000000018200, 3.000000000000000400, -9.199999999999997500 ) ) ;
#4116 = DIRECTION ( 'NONE',  ( 0.0000000000000000000, -1.000000000000000000, -4.336808689942025600E-015 ) ) ;
#4117 = FACE_OUTER_BOUND ( 'NONE', #368, .T. ) ;
#4118 = ADVANCED_FACE ( 'NONE', ( #1751 ), #5422, .F. ) ;
#4119 = SURFACE_STYLE_USAGE ( .BOTH. , #784 ) ;
#4120 = EDGE_CURVE ( 'NONE', #147, #6149, #732, .T. ) ;
#4121 = EDGE_LOOP ( 'NONE', ( #5517, #3522, #2225, #1612 ) ) ;
#4122 = AXIS2_PLACEMENT_3D ( 'NONE', #4584, #792, #4129 ) ;
#4123 = DIRECTION ( 'NONE',  ( -1.734723475976805500E-015, 0.0000000000000000000, 1.000000000000000000 ) ) ;
#4124 = DIRECTION ( 'NONE',  ( 0.7071067811865500200, 0.0000000000000000000, 0.7071067811865451300 ) ) ;
#4125 = CARTESIAN_POINT ( 'NONE',  ( 3.249999999999998700, 0.1999999999999987900, -5.299999999999994500 ) ) ;
#4127 = CARTESIAN_POINT ( 'NONE',  ( 3.082842712474616900, -3.153133992503205000E-016, -4.917157287525379100 ) ) ;
#4126 = CARTESIAN_POINT ( 'NONE',  ( -1.999999999999996700, 4.649999999999999500, 7.000000000000002700 ) ) ;
#4128 = VECTOR ( 'NONE', #2861, 1000.000000000000000 ) ;
#4129 = DIRECTION ( 'NONE',  ( -0.9328602490176607400, 0.0000000000000000000, -0.3602384707422405800 ) ) ;
#4130 = MECHANICAL_DESIGN_GEOMETRIC_PRESENTATION_REPRESENTATION (  '', ( #3503 ), #4444 ) ;
#4131 = SURFACE_STYLE_USAGE ( .BOTH. , #793 ) ;
#4132 = PRESENTATION_LAYER_ASSIGNMENT (  '', '', ( #3804 ) ) ;
#4133 = DIRECTION ( 'NONE',  ( -1.000000000000000000, 0.0000000000000000000, -0.0000000000000000000 ) ) ;
#4134 = CIRCLE ( 'NONE', #5378, 2.250000000000000400 ) ;
#4135 = PRESENTATION_STYLE_ASSIGNMENT (( #3 ) ) ;
#4136 = DIRECTION ( 'NONE',  ( 3.469446951953695000E-014, 0.0000000000000000000, 1.000000000000000000 ) ) ;
#4137 = FACE_OUTER_BOUND ( 'NONE', #4597, .T. ) ;
#4138 = ORIENTED_EDGE ( 'NONE', *, *, #3362, .F. ) ;
#4139 = VECTOR ( 'NONE', #3933, 1000.000000000000000 ) ;
#4140 = DIRECTION ( 'NONE',  ( -1.000000000000000000, 0.0000000000000000000, 0.0000000000000000000 ) ) ;
#4141 = TOROIDAL_SURFACE ( 'NONE', #5485, 1.399999999999999500, 0.2000000000000000100 ) ;
#4142 = CARTESIAN_POINT ( 'NONE',  ( 9.372540455022583900, 1.500000000000000000, 16.45190493189074800 ) ) ;
#4143 = ORIENTED_EDGE ( 'NONE', *, *, #1815, .T. ) ;
#4144 = ORIENTED_EDGE ( 'NONE', *, *, #2737, .F. ) ;
#4145 = FILL_AREA_STYLE ('',( #5558 ) ) ;
#4146 =( BOUNDED_CURVE ( )  B_SPLINE_CURVE ( 3, ( #1083, #4395, #1564, #4886 ),
 .UNSPECIFIED., .F., .F. ) 
 B_SPLINE_CURVE_WITH_KNOTS ( ( 4, 4 ),
 ( 3.141592653589789100, 4.712388980384687000 ),
 .UNSPECIFIED. ) 
 CURVE ( )  GEOMETRIC_REPRESENTATION_ITEM ( )  RATIONAL_B_SPLINE_CURVE ( ( 1.000000000000000000, 0.8047378541243646000, 0.8047378541243646000, 1.000000000000000000 ) ) 
 REPRESENTATION_ITEM ( '' )  );
#4147 = AXIS2_PLACEMENT_3D ( 'NONE', #496, #3825, #978 ) ;
#4148 = EDGE_CURVE ( 'NONE', #4578, #3784, #3037, .T. ) ;
#4149 = LINE ( 'NONE', #4731, #348 ) ;
#4150 = DIRECTION ( 'NONE',  ( -0.0000000000000000000, -1.000000000000000000, -0.0000000000000000000 ) ) ;
#4151 = CARTESIAN_POINT ( 'NONE',  ( 3.249999999999998700, 0.08284271247461842700, -5.299999999999992700 ) ) ;
#4152 = EDGE_CURVE ( 'NONE', #1646, #166, #492, .T. ) ;
#4154 = DIRECTION ( 'NONE',  ( -3.469446951953695000E-014, 0.0000000000000000000, -1.000000000000000000 ) ) ;
#4153 = CARTESIAN_POINT ( 'NONE',  ( -7.949999999999996600, 4.000000000000003600, -10.99999999999999800 ) ) ;
#4155 = ORIENTED_EDGE ( 'NONE', *, *, #2256, .F. ) ;
#4156 = FILL_AREA_STYLE_COLOUR ( '', #5835 ) ;
#4157 = COLOUR_RGB ( '',0.2509803921568627400, 0.2509803921568627400, 0.2509803921568627400 ) ;
#4158 = PRESENTATION_LAYER_ASSIGNMENT (  '', '', ( #3824 ) ) ;
#4159 = CARTESIAN_POINT ( 'NONE',  ( -0.08284271247461701100, -3.712060348222133300E-016, 4.917157287525384400 ) ) ;
#4160 = ORIENTED_EDGE ( 'NONE', *, *, #563, .T. ) ;
#4161 = VERTEX_POINT ( 'NONE', #4998 ) ;
#4162 = EDGE_CURVE ( 'NONE', #3961, #1258, #1842, .T. ) ;
#4163 = DIRECTION ( 'NONE',  ( 0.0000000000000000000, 0.0000000000000000000, -1.000000000000000000 ) ) ;
#4164 = ORIENTED_EDGE ( 'NONE', *, *, #2692, .F. ) ;
#4165 = CARTESIAN_POINT ( 'NONE',  ( 3.082842712474616900, 6.000000000000000000, -4.917157287525379100 ) ) ;
#4166 = AXIS2_PLACEMENT_3D ( 'NONE', #5858, #3014, #171 ) ;
#4167 = ORIENTED_EDGE ( 'NONE', *, *, #5300, .F. ) ;
#4168 = DIRECTION ( 'NONE',  ( -1.000000000000000000, 0.0000000000000000000, 1.734723475976807100E-015 ) ) ;
#4169 = ORIENTED_EDGE ( 'NONE', *, *, #5974, .T. ) ;
#4170 =( LENGTH_UNIT ( ) NAMED_UNIT ( * ) SI_UNIT ( .MILLI., .METRE. ) );
#4172 = CARTESIAN_POINT ( 'NONE',  ( 5.000197376121197300, 1.200000000000000200, 10.67782766981477500 ) ) ;
#4171 = DIRECTION ( 'NONE',  ( 0.0000000000000000000, 0.0000000000000000000, -1.000000000000000000 ) ) ;
#4173 =( NAMED_UNIT ( * ) PLANE_ANGLE_UNIT ( ) SI_UNIT ( $, .RADIAN. ) );
#4174 =( GEOMETRIC_REPRESENTATION_CONTEXT ( 3 ) GLOBAL_UNCERTAINTY_ASSIGNED_CONTEXT ( ( #3948 ) ) GLOBAL_UNIT_ASSIGNED_CONTEXT ( ( #550, #3891, #1046 ) ) REPRESENTATION_CONTEXT ( 'NONE', 'WORKASPACE' ) );
#4175 = FACE_OUTER_BOUND ( 'NONE', #2841, .T. ) ;
#4176 = EDGE_LOOP ( 'NONE', ( #1104, #822, #702, #4964 ) ) ;
#4177 = ORIENTED_EDGE ( 'NONE', *, *, #1542, .F. ) ;
#4178 = DIRECTION ( 'NONE',  ( 0.0000000000000000000, -1.000000000000000000, 0.0000000000000000000 ) ) ;
#4179 = DIRECTION ( 'NONE',  ( 1.000000000000000000, 0.0000000000000000000, 0.0000000000000000000 ) ) ;
#4180 = COLOUR_RGB ( '',0.2509803921568627400, 0.2509803921568627400, 0.2509803921568627400 ) ;
#4181 = PRESENTATION_LAYER_ASSIGNMENT (  '', '', ( #3544 ) ) ;
#4182 = VERTEX_POINT ( 'NONE', #5950 ) ;
#4183 = VECTOR ( 'NONE', #5645, 1000.000000000000000 ) ;
#4184 = DIRECTION ( 'NONE',  ( 1.000000000000000000, 0.0000000000000000000, 0.0000000000000000000 ) ) ;
#4185 = FILL_AREA_STYLE ('',( #3224 ) ) ;
#4186 = ORIENTED_EDGE ( 'NONE', *, *, #5674, .F. ) ;
#4187 = ORIENTED_EDGE ( 'NONE', *, *, #4148, .T. ) ;
#4188 =( NAMED_UNIT ( * ) PLANE_ANGLE_UNIT ( ) SI_UNIT ( $, .RADIAN. ) );
#4190 = FILL_AREA_STYLE_COLOUR ( '', #4313 ) ;
#4189 = DIRECTION ( 'NONE',  ( 0.9328602490176607400, 0.0000000000000000000, 0.3602384707422405800 ) ) ;
#4191 = VERTEX_POINT ( 'NONE', #2654 ) ;
#4192 = PLANE ( 'NONE',  #5768 ) ;
#4193 = LINE ( 'NONE', #1032, #2791 ) ;
#4194 = CYLINDRICAL_SURFACE ( 'NONE', #4660, 0.1999999999999996500 ) ;
#4195 = CARTESIAN_POINT ( 'NONE',  ( 5.675129743375459100, 4.200000000000000200, 14.44441838603068400 ) ) ;
#4196 = VERTEX_POINT ( 'NONE', #5973 ) ;
#4197 = CARTESIAN_POINT ( 'NONE',  ( 7.925129743375459900, 5.000000000000000000, 14.44441838603068400 ) ) ;
#4198 =( GEOMETRIC_REPRESENTATION_CONTEXT ( 3 ) GLOBAL_UNCERTAINTY_ASSIGNED_CONTEXT ( ( #3712 ) ) GLOBAL_UNIT_ASSIGNED_CONTEXT ( ( #715, #4056, #1221 ) ) REPRESENTATION_CONTEXT ( 'NONE', 'WORKASPACE' ) );
#4199 = CARTESIAN_POINT ( 'NONE',  ( -7.949999999999996600, 1.500000000000000400, -10.99999999999999800 ) ) ;
#4200 = SURFACE_SIDE_STYLE ('',( #5181 ) ) ;
#4201 =( NAMED_UNIT ( * ) PLANE_ANGLE_UNIT ( ) SI_UNIT ( $, .RADIAN. ) );
#4202 = EDGE_CURVE ( 'NONE', #6104, #2071, #355, .T. ) ;
#4203 = EDGE_LOOP ( 'NONE', ( #5041, #2021, #1458, #2516 ) ) ;
#4204 = PRESENTATION_LAYER_ASSIGNMENT (  '', '', ( #3245 ) ) ;
#4206 =( NAMED_UNIT ( * ) PLANE_ANGLE_UNIT ( ) SI_UNIT ( $, .RADIAN. ) );
#4205 = CARTESIAN_POINT ( 'NONE',  ( -2.846852134271419000, 1.200000000000000200, 7.372103222126777500 ) ) ;
#4207 = LINE ( 'NONE', #1619, #2946 ) ;
#4208 = VECTOR ( 'NONE', #5097, 1000.000000000000000 ) ;
#4209 = AXIS2_PLACEMENT_3D ( 'NONE', #4653, #5966, #4133 ) ;
#4210 = ORIENTED_EDGE ( 'NONE', *, *, #4804, .T. ) ;
#4211 = CARTESIAN_POINT ( 'NONE',  ( 8.549999999999998900, 1.499999999999997800, -10.49999999999999600 ) ) ;
#4212 = PRESENTATION_LAYER_ASSIGNMENT (  '', '', ( #3580 ) ) ;
#4213 = DIRECTION ( 'NONE',  ( -1.000000000000000000, 0.0000000000000000000, 0.0000000000000000000 ) ) ;
#4214 = ORIENTED_EDGE ( 'NONE', *, *, #4386, .T. ) ;
#4215 = UNCERTAINTY_MEASURE_WITH_UNIT (LENGTH_MEASURE( 1.000000000000000100E-005 ), #5992, 'distance_accuracy_value', 'NONE');
#4216 = CARTESIAN_POINT ( 'NONE',  ( 6.608578643762689900, 6.000000000000000000, -5.158578643762682600 ) ) ;
#4217 = ADVANCED_FACE ( 'NONE', ( #1621, #4003, #2899 ), #289, .F. ) ;
#4218 = DIRECTION ( 'NONE',  ( 1.000000000000000000, 0.0000000000000000000, 0.0000000000000000000 ) ) ;
#4219 = DIRECTION ( 'NONE',  ( -1.000000000000000000, 1.734723475976805500E-015, 0.0000000000000000000 ) ) ;
#4220 = AXIS2_PLACEMENT_3D ( 'NONE', #5963, #3126, #280 ) ;
#4221 = EDGE_LOOP ( 'NONE', ( #2272, #4286, #5734, #1978 ) ) ;
#4223 =( LENGTH_UNIT ( ) NAMED_UNIT ( * ) SI_UNIT ( .MILLI., .METRE. ) );
#4222 = CARTESIAN_POINT ( 'NONE',  ( 7.000000000000000900, 5.917157287525380800, -5.049999999999990900 ) ) ;
#4224 = ORIENTED_EDGE ( 'NONE', *, *, #263, .T. ) ;
#4225 = ORIENTED_EDGE ( 'NONE', *, *, #5970, .T. ) ;
#4226 = CARTESIAN_POINT ( 'NONE',  ( 5.000000000000001800, 6.001000000000000300, -2.817398742541499200 ) ) ;
#4227 = FACE_OUTER_BOUND ( 'NONE', #4901, .T. ) ;
#4228 =( NAMED_UNIT ( * ) SI_UNIT ( $, .STERADIAN. ) SOLID_ANGLE_UNIT ( ) );
#4229 = CARTESIAN_POINT ( 'NONE',  ( -6.999999999999999100, 0.08284271247461837100, -5.049999999999991800 ) ) ;
#4230 = CARTESIAN_POINT ( 'NONE',  ( -6.399999999999995900, 1.000000000000000000, 6.000000000000003600 ) ) ;
#4231 = CARTESIAN_POINT ( 'NONE',  ( 0.0000000000000000000, 4.000000000000004400, -10.99999999999999800 ) ) ;
#4232 = ORIENTED_EDGE ( 'NONE', *, *, #5650, .F. ) ;
#4233 = VERTEX_POINT ( 'NONE', #3611 ) ;
#4234 = EDGE_CURVE ( 'NONE', #4285, #5419, #4829, .T. ) ;
#4235 = EDGE_CURVE ( 'NONE', #250, #5863, #3558, .T. ) ;
#4236 = MECHANICAL_DESIGN_GEOMETRIC_PRESENTATION_REPRESENTATION (  '', ( #3607 ), #4565 ) ;
#4237 = EDGE_CURVE ( 'NONE', #4555, #4070, #4670, .T. ) ;
#4238 = ORIENTED_EDGE ( 'NONE', *, *, #6051, .T. ) ;
#4239 = FILL_AREA_STYLE_COLOUR ( '', #5383 ) ;
#4240 = SURFACE_STYLE_USAGE ( .BOTH. , #910 ) ;
#4241 = ORIENTED_EDGE ( 'NONE', *, *, #4930, .T. ) ;
#4242 = CARTESIAN_POINT ( 'NONE',  ( -9.799999999999995400, 5.800000000000000700, -4.799999999999998000 ) ) ;
#4243 = AXIS2_PLACEMENT_3D ( 'NONE', #1713, #2206, #5058 ) ;
#4244 = DIRECTION ( 'NONE',  ( -1.223120689731756600E-016, 1.000000000000000000, -1.982809587625459700E-017 ) ) ;
#4245 = AXIS2_PLACEMENT_3D ( 'NONE', #1272, #4592, #1727 ) ;
#4246 = ADVANCED_FACE ( 'NONE', ( #3402 ), #327, .T. ) ;
#4247 = CARTESIAN_POINT ( 'NONE',  ( 9.800000000000000700, 6.000000000000000000, -4.999999999999997300 ) ) ;
#4248 = ORIENTED_EDGE ( 'NONE', *, *, #389, .F. ) ;
#4249 = UNCERTAINTY_MEASURE_WITH_UNIT (LENGTH_MEASURE( 1.000000000000000100E-005 ), #5240, 'distance_accuracy_value', 'NONE');
#4250 = VECTOR ( 'NONE', #4218, 1000.000000000000000 ) ;
#4251 = CARTESIAN_POINT ( 'NONE',  ( 1.050000000000002300, 4.499999999999999100, -4.999999999999997300 ) ) ;
#4252 = VECTOR ( 'NONE', #5436, 1000.000000000000000 ) ;
#4253 = ORIENTED_EDGE ( 'NONE', *, *, #1483, .T. ) ;
#4254 = DIRECTION ( 'NONE',  ( 0.0000000000000000000, 0.0000000000000000000, -1.000000000000000000 ) ) ;
#4255 = UNCERTAINTY_MEASURE_WITH_UNIT (LENGTH_MEASURE( 1.000000000000000100E-005 ), #3633, 'distance_accuracy_value', 'NONE');
#4256 = COLOUR_RGB ( '',0.2509803921568627400, 0.2509803921568627400, 0.2509803921568627400 ) ;
#4257 = ORIENTED_EDGE ( 'NONE', *, *, #3899, .F. ) ;
#4258 =( LENGTH_UNIT ( ) NAMED_UNIT ( * ) SI_UNIT ( .MILLI., .METRE. ) );
#4259 = DIRECTION ( 'NONE',  ( 0.0000000000000000000, -0.0000000000000000000, -1.000000000000000000 ) ) ;
#4260 = VECTOR ( 'NONE', #2335, 1000.000000000000000 ) ;
#4261 = AXIS2_PLACEMENT_3D ( 'NONE', #3799, #956, #4270 ) ;
#4262 = EDGE_CURVE ( 'NONE', #317, #2904, #2278, .T. ) ;
#4263 = LINE ( 'NONE', #3905, #5399 ) ;
#4264 = LINE ( 'NONE', #3309, #475 ) ;
#4265 = DIRECTION ( 'NONE',  ( 0.7071067811865500200, 0.0000000000000000000, -0.7071067811865451300 ) ) ;
#4266 = LINE ( 'NONE', #1639, #5402 ) ;
#4267 = ADVANCED_FACE ( 'NONE', ( #1981 ), #5064, .T. ) ;
#4268 = DIRECTION ( 'NONE',  ( -1.000000000000000000, 0.0000000000000000000, 0.0000000000000000000 ) ) ;
#4269 = EDGE_LOOP ( 'NONE', ( #680, #4238, #3477, #720 ) ) ;
#4270 = DIRECTION ( 'NONE',  ( 0.0000000000000000000, 0.0000000000000000000, -1.000000000000000000 ) ) ;
#4271 = AXIS2_PLACEMENT_3D ( 'NONE', #2006, #3638, #4917 ) ;
#4272 = PRESENTATION_LAYER_ASSIGNMENT (  '', '', ( #3648 ) ) ;
#4273 = PRESENTATION_STYLE_ASSIGNMENT (( #742 ) ) ;
#4274 = DIRECTION ( 'NONE',  ( 0.0000000000000000000, 1.000000000000000000, 0.0000000000000000000 ) ) ;
#4275 = ORIENTED_EDGE ( 'NONE', *, *, #375, .T. ) ;
#4276 = FACE_OUTER_BOUND ( 'NONE', #5375, .T. ) ;
#4277 = LINE ( 'NONE', #1411, #3996 ) ;
#4278 = PLANE ( 'NONE',  #5910 ) ;
#4279 = AXIS2_PLACEMENT_3D ( 'NONE', #1943, #5956, #1117 ) ;
#4280 = DIRECTION ( 'NONE',  ( 2.168404344971008900E-016, -1.000000000000000000, 8.373630090956932600E-017 ) ) ;
#4281 = FILL_AREA_STYLE_COLOUR ( '', #2420 ) ;
#4282 = VERTEX_POINT ( 'NONE', #1740 ) ;
#4283 = DIRECTION ( 'NONE',  ( 0.0000000000000000000, 0.0000000000000000000, -1.000000000000000000 ) ) ;
#4284 = ORIENTED_EDGE ( 'NONE', *, *, #380, .T. ) ;
#4285 = VERTEX_POINT ( 'NONE', #815 ) ;
#4286 = ORIENTED_EDGE ( 'NONE', *, *, #806, .F. ) ;
#4287 = DIRECTION ( 'NONE',  ( 0.0000000000000000000, -1.000000000000000000, 0.0000000000000000000 ) ) ;
#4288 = LINE ( 'NONE', #3818, #3046 ) ;
#4289 = DIRECTION ( 'NONE',  ( -0.9871135021449106700, 0.0000000000000000000, -0.1600216669179818100 ) ) ;
#4290 = STYLED_ITEM ( 'NONE', ( #4315 ), #2113 ) ;
#4291 = VERTEX_POINT ( 'NONE', #3197 ) ;
#4292 = CARTESIAN_POINT ( 'NONE',  ( -0.1914213562373075200, 6.000000000000000000, 5.441421356237313500 ) ) ;
#4293 = ORIENTED_EDGE ( 'NONE', *, *, #2461, .F. ) ;
#4295 = DIRECTION ( 'NONE',  ( 0.0000000000000000000, 0.0000000000000000000, -1.000000000000000000 ) ) ;
#4294 =( NAMED_UNIT ( * ) PLANE_ANGLE_UNIT ( ) SI_UNIT ( $, .RADIAN. ) );
#4296 = FILL_AREA_STYLE ('',( #3803 ) ) ;
#4297 = VERTEX_POINT ( 'NONE', #344 ) ;
#4298 = ADVANCED_FACE ( 'NONE', ( #5784 ), #4353, .F. ) ;
#4299 =( GEOMETRIC_REPRESENTATION_CONTEXT ( 3 ) GLOBAL_UNCERTAINTY_ASSIGNED_CONTEXT ( ( #2994 ) ) GLOBAL_UNIT_ASSIGNED_CONTEXT ( ( #5304, #2428, #5763 ) ) REPRESENTATION_CONTEXT ( 'NONE', 'WORKASPACE' ) );
#4300 = CARTESIAN_POINT ( 'NONE',  ( -3.332842712474616900, 6.000000000000000000, -5.099999999999996100 ) ) ;
#4301 = DIRECTION ( 'NONE',  ( 8.673617379884388900E-015, 0.0000000000000000000, 1.000000000000000000 ) ) ;
#4302 = COLOUR_RGB ( '',0.2509803921568627400, 0.2509803921568627400, 0.2509803921568627400 ) ;
#4303 = DIRECTION ( 'NONE',  ( 0.0000000000000000000, 0.0000000000000000000, -1.000000000000000000 ) ) ;
#4304 = EDGE_CURVE ( 'NONE', #1121, #197, #5634, .T. ) ;
#4305 = ORIENTED_EDGE ( 'NONE', *, *, #1036, .F. ) ;
#4306 =( LENGTH_UNIT ( ) NAMED_UNIT ( * ) SI_UNIT ( .MILLI., .METRE. ) );
#4307 = EDGE_CURVE ( 'NONE', #3811, #1354, #4519, .T. ) ;
#4308 = PRESENTATION_LAYER_ASSIGNMENT (  '', '', ( #4007 ) ) ;
#4309 = CYLINDRICAL_SURFACE ( 'NONE', #1826, 0.2000000000000000900 ) ;
#4310 = DIRECTION ( 'NONE',  ( 0.0000000000000000000, 1.000000000000000000, 0.0000000000000000000 ) ) ;
#4311 = EDGE_LOOP ( 'NONE', ( #1772, #2751, #3240, #3981 ) ) ;
#4312 = EDGE_CURVE ( 'NONE', #3792, #3849, #706, .T. ) ;
#4313 = COLOUR_RGB ( '',0.2509803921568627400, 0.2509803921568627400, 0.2509803921568627400 ) ;
#4314 = DIRECTION ( 'NONE',  ( 0.0000000000000000000, -1.000000000000000000, 0.0000000000000000000 ) ) ;
#4315 = PRESENTATION_STYLE_ASSIGNMENT (( #4790 ) ) ;
#4317 = CARTESIAN_POINT ( 'NONE',  ( -9.799999999999995400, 5.800000000000000700, 0.0000000000000000000 ) ) ;
#4316 = DIRECTION ( 'NONE',  ( 0.0000000000000000000, 0.0000000000000000000, -1.000000000000000000 ) ) ;
#4318 = AXIS2_PLACEMENT_3D ( 'NONE', #4018, #1308, #1661 ) ;
#4319 = UNCERTAINTY_MEASURE_WITH_UNIT (LENGTH_MEASURE( 1.000000000000000100E-005 ), #5423, 'distance_accuracy_value', 'NONE');
#4320 = DIRECTION ( 'NONE',  ( -1.000000000000000000, 0.0000000000000000000, 4.956352788505161300E-016 ) ) ;
#4321 = MECHANICAL_DESIGN_GEOMETRIC_PRESENTATION_REPRESENTATION (  '', ( #3689 ), #4648 ) ;
#4322 = CARTESIAN_POINT ( 'NONE',  ( 9.652578372129051200, 1.500000000000000700, 14.72445630313715600 ) ) ;
#4323 = ORIENTED_EDGE ( 'NONE', *, *, #1789, .F. ) ;
#4324 = AXIS2_PLACEMENT_3D ( 'NONE', #3460, #593, #3936 ) ;
#4325 = CARTESIAN_POINT ( 'NONE',  ( 4.711480275737314600, 1.000000000000000400, 10.29087064909162300 ) ) ;
#4326 = ORIENTED_EDGE ( 'NONE', *, *, #6078, .T. ) ;
#4327 = ADVANCED_FACE ( 'NONE', ( #3108 ), #3759, .T. ) ;
#4328 =( NAMED_UNIT ( * ) SI_UNIT ( $, .STERADIAN. ) SOLID_ANGLE_UNIT ( ) );
#4329 = UNCERTAINTY_MEASURE_WITH_UNIT (LENGTH_MEASURE( 1.000000000000000100E-005 ), #4622, 'distance_accuracy_value', 'NONE');
#4330 = COLOUR_RGB ( '',1.000000000000000000, 0.0000000000000000000, 0.0000000000000000000 ) ;
#4331 = FILL_AREA_STYLE_COLOUR ( '', #3751 ) ;
#4333 = CARTESIAN_POINT ( 'NONE',  ( 7.925129743375459900, 5.000000000000000000, 14.84441838603068200 ) ) ;
#4332 = CARTESIAN_POINT ( 'NONE',  ( 5.000000000000001800, 5.800000000000000700, -1.617398742541499700 ) ) ;
#4334 = AXIS2_PLACEMENT_3D ( 'NONE', #2521, #4385, #4918 ) ;
#4335 = SURFACE_STYLE_USAGE ( .BOTH. , #1026 ) ;
#4336 = VECTOR ( 'NONE', #6028, 1000.000000000000000 ) ;
#4337 = DIRECTION ( 'NONE',  ( -1.000000000000000000, 0.0000000000000000000, 0.0000000000000000000 ) ) ;
#4338 = DIRECTION ( 'NONE',  ( 1.000000000000000000, 0.0000000000000000000, 0.0000000000000000000 ) ) ;
#4339 = CARTESIAN_POINT ( 'NONE',  ( 3.199999999999998400, 6.000000000000000000, -4.999999999999995600 ) ) ;
#4340 = EDGE_CURVE ( 'NONE', #4196, #3757, #2661, .T. ) ;
#4341 = STYLED_ITEM ( 'NONE', ( #3112 ), #3963 ) ;
#4342 = ORIENTED_EDGE ( 'NONE', *, *, #2938, .T. ) ;
#4343 =( LENGTH_UNIT ( ) NAMED_UNIT ( * ) SI_UNIT ( .MILLI., .METRE. ) );
#4344 = COLOUR_RGB ( '',0.2509803921568627400, 0.2509803921568627400, 0.2509803921568627400 ) ;
#4345 = CARTESIAN_POINT ( 'NONE',  ( -3.249999999999997800, 5.800000000000000700, -5.299999999999995400 ) ) ;
#4346 = PRESENTATION_STYLE_ASSIGNMENT (( #921 ) ) ;
#4347 = DIRECTION ( 'NONE',  ( 1.000000000000000000, 0.0000000000000000000, -0.0000000000000000000 ) ) ;
#4348 = PRESENTATION_LAYER_ASSIGNMENT (  '', '', ( #4685 ) ) ;
#4349 = EDGE_LOOP ( 'NONE', ( #3502, #2855, #1755, #1050 ) ) ;
#4350 = PRESENTATION_LAYER_ASSIGNMENT (  '', '', ( #3411 ) ) ;
#4351 = CARTESIAN_POINT ( 'NONE',  ( 0.5500000000000018200, 1.499999999999999100, -10.99999999999999800 ) ) ;
#4352 = DIRECTION ( 'NONE',  ( 0.1600216669179818600, 0.0000000000000000000, -0.9871135021449106700 ) ) ;
#4353 = CYLINDRICAL_SURFACE ( 'NONE', #5401, 0.7500000000000006700 ) ;
#4354 = FILL_AREA_STYLE ('',( #89 ) ) ;
#4355 = CARTESIAN_POINT ( 'NONE',  ( 9.800000000000002500, 0.2000000000000000100, -4.799999999999998000 ) ) ;
#4356 = VERTEX_POINT ( 'NONE', #2291 ) ;
#4357 = CIRCLE ( 'NONE', #4924, 1.199999999999999700 ) ;
#4358 = FACE_OUTER_BOUND ( 'NONE', #4497, .T. ) ;
#4359 = CARTESIAN_POINT ( 'NONE',  ( -6.399999999999995900, 1.000000000000000000, 5.500000000000003600 ) ) ;
#4360 = DIRECTION ( 'NONE',  ( 0.0000000000000000000, -1.000000000000000000, 0.0000000000000000000 ) ) ;
#4361 = DIRECTION ( 'NONE',  ( -0.0000000000000000000, -1.000000000000000000, -0.0000000000000000000 ) ) ;
#4362 = VERTEX_POINT ( 'NONE', #6098 ) ;
#4363 = ORIENTED_EDGE ( 'NONE', *, *, #2860, .T. ) ;
#4364 = LINE ( 'NONE', #4869, #5503 ) ;
#4365 = DIRECTION ( 'NONE',  ( 0.0000000000000000000, -1.000000000000000000, 0.0000000000000000000 ) ) ;
#4366 = CARTESIAN_POINT ( 'NONE',  ( 7.925129743375459900, 4.800000000000000700, 14.04441838603068500 ) ) ;
#4367 = ORIENTED_EDGE ( 'NONE', *, *, #3445, .F. ) ;
#4368 = FILL_AREA_STYLE ('',( #5799 ) ) ;
#4369 = CARTESIAN_POINT ( 'NONE',  ( 5.000000000000001800, -1.761828530288944700E-016, -4.217398742541498700 ) ) ;
#4370 = ORIENTED_EDGE ( 'NONE', *, *, #1031, .F. ) ;
#4371 = COLOUR_RGB ( '',0.2509803921568627400, 0.2509803921568627400, 0.2509803921568627400 ) ;
#4372 = FILL_AREA_STYLE_COLOUR ( '', #5986 ) ;
#4373 = EDGE_LOOP ( 'NONE', ( #402, #3943, #3175, #428 ) ) ;
#4374 = ORIENTED_EDGE ( 'NONE', *, *, #1339, .T. ) ;
#4375 = PLANE ( 'NONE',  #1802 ) ;
#4376 =( NAMED_UNIT ( * ) SI_UNIT ( $, .STERADIAN. ) SOLID_ANGLE_UNIT ( ) );
#4377 = VECTOR ( 'NONE', #2601, 1000.000000000000000 ) ;
#4378 = EDGE_CURVE ( 'NONE', #297, #2148, #2499, .T. ) ;
#4379 = CIRCLE ( 'NONE', #5357, 1.199999999999999700 ) ;
#4380 = STYLED_ITEM ( 'NONE', ( #728 ), #3592 ) ;
#4381 = ORIENTED_EDGE ( 'NONE', *, *, #4307, .F. ) ;
#4382 = EDGE_LOOP ( 'NONE', ( #5947, #1396, #2290, #3874 ) ) ;
#4383 =( NAMED_UNIT ( * ) PLANE_ANGLE_UNIT ( ) SI_UNIT ( $, .RADIAN. ) );
#4385 = DIRECTION ( 'NONE',  ( -0.0000000000000000000, -1.000000000000000000, -0.0000000000000000000 ) ) ;
#4384 =( LENGTH_UNIT ( ) NAMED_UNIT ( * ) SI_UNIT ( .MILLI., .METRE. ) );
#4386 = EDGE_CURVE ( 'NONE', #5133, #338, #1246, .T. ) ;
#4387 = CIRCLE ( 'NONE', #3659, 0.4999999999999995600 ) ;
#4388 = SURFACE_STYLE_FILL_AREA ( #4368 ) ;
#4389 = EDGE_LOOP ( 'NONE', ( #1091, #4478, #225, #859 ) ) ;
#4390 = CARTESIAN_POINT ( 'NONE',  ( -9.799999999999995400, 5.800000000000000700, 5.500000000000003600 ) ) ;
#4391 = EDGE_CURVE ( 'NONE', #1354, #622, #6145, .T. ) ;
#4392 = PLANE ( 'NONE',  #4209 ) ;
#4393 = ADVANCED_FACE ( 'NONE', ( #6000 ), #3482, .T. ) ;
#4394 = AXIS2_PLACEMENT_3D ( 'NONE', #4104, #5991, #6015 ) ;
#4395 = CARTESIAN_POINT ( 'NONE',  ( 3.249999999999999600, 5.917157287525379900, -5.299999999999995400 ) ) ;
#4396 = LINE ( 'NONE', #1377, #594 ) ;
#4397 = DIRECTION ( 'NONE',  ( 0.0000000000000000000, 0.0000000000000000000, -1.000000000000000000 ) ) ;
#4398 = EDGE_CURVE ( 'NONE', #3649, #2517, #1101, .T. ) ;
#4399 = ORIENTED_EDGE ( 'NONE', *, *, #5958, .F. ) ;
#4400 =( BOUNDED_CURVE ( )  B_SPLINE_CURVE ( 3, ( #5871, #3514, #1142, #4458 ),
 .UNSPECIFIED., .F., .F. ) 
 B_SPLINE_CURVE_WITH_KNOTS ( ( 4, 4 ),
 ( 4.712388980384689700, 6.283185307179586200 ),
 .UNSPECIFIED. ) 
 CURVE ( )  GEOMETRIC_REPRESENTATION_ITEM ( )  RATIONAL_B_SPLINE_CURVE ( ( 1.000000000000000000, 0.8047378541243649400, 0.8047378541243649400, 1.000000000000000000 ) ) 
 REPRESENTATION_ITEM ( '' )  );
#4401 = CARTESIAN_POINT ( 'NONE',  ( 8.049999999999998900, 1.499999999999998700, -10.49999999999999600 ) ) ;
#4402 = SURFACE_STYLE_FILL_AREA ( #162 ) ;
#4403 = SURFACE_STYLE_USAGE ( .BOTH. , #1089 ) ;
#4404 = MECHANICAL_DESIGN_GEOMETRIC_PRESENTATION_REPRESENTATION (  '', ( #3459 ), #4732 ) ;
#4405 = LINE ( 'NONE', #1626, #4252 ) ;
#4406 = DIRECTION ( 'NONE',  ( 0.0000000000000000000, -0.0000000000000000000, 1.000000000000000000 ) ) ;
#4407 = STYLED_ITEM ( 'NONE', ( #5234 ), #5952 ) ;
#4408 = ORIENTED_EDGE ( 'NONE', *, *, #4005, .F. ) ;
#4409 = CARTESIAN_POINT ( 'NONE',  ( 0.0000000000000000000, 0.0000000000000000000, 0.0000000000000000000 ) ) ;
#4411 = DIRECTION ( 'NONE',  ( 1.000000000000000000, 0.0000000000000000000, 3.469446951953695000E-014 ) ) ;
#4410 = CARTESIAN_POINT ( 'NONE',  ( -4.999999999999998200, 5.800000000000000700, -4.217398742541498700 ) ) ;
#4412 = FACE_OUTER_BOUND ( 'NONE', #1996, .T. ) ;
#4413 = PRESENTATION_LAYER_ASSIGNMENT (  '', '', ( #4106 ) ) ;
#4414 = DIRECTION ( 'NONE',  ( -1.000000000000000000, 0.0000000000000000000, 0.0000000000000000000 ) ) ;
#4415 = UNCERTAINTY_MEASURE_WITH_UNIT (LENGTH_MEASURE( 1.000000000000000100E-005 ), #3581, 'distance_accuracy_value', 'NONE');
#4416 = VECTOR ( 'NONE', #4625, 1000.000000000000000 ) ;
#4417 = SURFACE_STYLE_USAGE ( .BOTH. , #1105 ) ;
#4418 = VECTOR ( 'NONE', #4717, 1000.000000000000000 ) ;
#4419 = DIRECTION ( 'NONE',  ( -0.7071067811865451300, 0.0000000000000000000, -0.7071067811865500200 ) ) ;
#4420 = CARTESIAN_POINT ( 'NONE',  ( -1.999999999999996700, 4.649999999999999500, 5.500000000000003600 ) ) ;
#4421 = VECTOR ( 'NONE', #4189, 999.9999999999998900 ) ;
#4422 = CARTESIAN_POINT ( 'NONE',  ( 3.199999999999954900, 0.0000000000000000000, 2.775557561562965200E-014 ) ) ;
#4423 = CARTESIAN_POINT ( 'NONE',  ( 7.925129743375459900, 1.000000000000000000, 14.44441838603068400 ) ) ;
#4424 = STYLED_ITEM ( 'NONE', ( #85 ), #3127 ) ;
#4425 = ORIENTED_EDGE ( 'NONE', *, *, #2255, .T. ) ;
#4426 =( LENGTH_UNIT ( ) NAMED_UNIT ( * ) SI_UNIT ( .MILLI., .METRE. ) );
#4427 = ADVANCED_FACE ( 'NONE', ( #2204 ), #5415, .F. ) ;
#4428 = LINE ( 'NONE', #4199, #777 ) ;
#4429 = CIRCLE ( 'NONE', #645, 0.3999999999999993000 ) ;
#4430 = ORIENTED_EDGE ( 'NONE', *, *, #1205, .F. ) ;
#4432 =( NAMED_UNIT ( * ) SI_UNIT ( $, .STERADIAN. ) SOLID_ANGLE_UNIT ( ) );
#4431 = DIRECTION ( 'NONE',  ( 4.956352788505173100E-016, 0.0000000000000000000, -1.000000000000000000 ) ) ;
#4433 = EDGE_CURVE ( 'NONE', #5971, #4070, #489, .T. ) ;
#4434 = VECTOR ( 'NONE', #460, 1000.000000000000000 ) ;
#4435 = AXIS2_PLACEMENT_3D ( 'NONE', #1322, #4645, #1782 ) ;
#4436 = SURFACE_STYLE_FILL_AREA ( #3064 ) ;
#4437 = ORIENTED_EDGE ( 'NONE', *, *, #4086, .F. ) ;
#4438 = UNCERTAINTY_MEASURE_WITH_UNIT (LENGTH_MEASURE( 1.000000000000000100E-005 ), #3862, 'distance_accuracy_value', 'NONE');
#4439 = CARTESIAN_POINT ( 'NONE',  ( -6.399999999999995900, 4.800000000000000700, 6.000000000000003600 ) ) ;
#4440 = CARTESIAN_POINT ( 'NONE',  ( -6.749999999999997300, 10.01123422402631900, -5.299999999999994500 ) ) ;
#4441 = EDGE_LOOP ( 'NONE', ( #4210, #3560 ) ) ;
#4442 = DIRECTION ( 'NONE',  ( 0.0000000000000000000, 1.000000000000000000, 0.0000000000000000000 ) ) ;
#4443 = DIRECTION ( 'NONE',  ( 0.0000000000000000000, 0.0000000000000000000, -1.000000000000000000 ) ) ;
#4444 =( GEOMETRIC_REPRESENTATION_CONTEXT ( 3 ) GLOBAL_UNCERTAINTY_ASSIGNED_CONTEXT ( ( #67 ) ) GLOBAL_UNIT_ASSIGNED_CONTEXT ( ( #1749, #2536, #5861 ) ) REPRESENTATION_CONTEXT ( 'NONE', 'WORKASPACE' ) );
#4445 = MECHANICAL_DESIGN_GEOMETRIC_PRESENTATION_REPRESENTATION (  '', ( #3804 ), #4776 ) ;
#4446 = ORIENTED_EDGE ( 'NONE', *, *, #3054, .F. ) ;
#4447 = ORIENTED_EDGE ( 'NONE', *, *, #406, .T. ) ;
#4448 = CARTESIAN_POINT ( 'NONE',  ( 1.050000000000002300, 4.000000000000001800, -10.99999999999999800 ) ) ;
#4449 = EDGE_LOOP ( 'NONE', ( #5199, #5800, #91, #426 ) ) ;
#4450 = CARTESIAN_POINT ( 'NONE',  ( -7.949999999999996600, 1.999999999999997300, -10.99999999999999800 ) ) ;
#4451 = EDGE_CURVE ( 'NONE', #3118, #212, #1745, .T. ) ;
#4452 = DIRECTION ( 'NONE',  ( -0.0000000000000000000, 1.000000000000000000, -0.0000000000000000000 ) ) ;
#4453 = ORIENTED_EDGE ( 'NONE', *, *, #4564, .T. ) ;
#4454 = EDGE_CURVE ( 'NONE', #1303, #4547, #4149, .T. ) ;
#4455 = ORIENTED_EDGE ( 'NONE', *, *, #1934, .F. ) ;
#4456 = EDGE_CURVE ( 'NONE', #2284, #6085, #4277, .T. ) ;
#4457 = FACE_OUTER_BOUND ( 'NONE', #5272, .T. ) ;
#4458 = CARTESIAN_POINT ( 'NONE',  ( 1.734723475976807100E-015, 5.800000000000000700, 5.000000000000002700 ) ) ;
#4459 = STYLED_ITEM ( 'NONE', ( #916 ), #1572 ) ;
#4460 = CARTESIAN_POINT ( 'NONE',  ( 6.999999999999999100, 0.1999999999999987900, -4.999999999999993800 ) ) ;
#4461 = EDGE_CURVE ( 'NONE', #338, #1096, #5275, .T. ) ;
#4462 = ORIENTED_EDGE ( 'NONE', *, *, #4262, .F. ) ;
#4463 = ADVANCED_FACE ( 'NONE', ( #1614 ), #2576, .T. ) ;
#4464 = LINE ( 'NONE', #1744, #813 ) ;
#4465 = CARTESIAN_POINT ( 'NONE',  ( 5.675129743375459100, 4.399999999999999500, 14.44441838603068400 ) ) ;
#4466 =( NAMED_UNIT ( * ) PLANE_ANGLE_UNIT ( ) SI_UNIT ( $, .RADIAN. ) );
#4467 = ORIENTED_EDGE ( 'NONE', *, *, #979, .T. ) ;
#4468 = MECHANICAL_DESIGN_GEOMETRIC_PRESENTATION_REPRESENTATION (  '', ( #3824 ), #4795 ) ;
#4469 = PRESENTATION_STYLE_ASSIGNMENT (( #133 ) ) ;
#4470 = COLOUR_RGB ( '',0.2509803921568627400, 0.2509803921568627400, 0.2509803921568627400 ) ;
#4471 =( NAMED_UNIT ( * ) SI_UNIT ( $, .STERADIAN. ) SOLID_ANGLE_UNIT ( ) );
#4472 = CARTESIAN_POINT ( 'NONE',  ( 7.925129743375459900, 5.000000000000000000, 14.04441838603068500 ) ) ;
#4473 = ORIENTED_EDGE ( 'NONE', *, *, #1452, .F. ) ;
#4474 = CARTESIAN_POINT ( 'NONE',  ( -0.2499999999999973900, 0.1999999999999996500, 5.500000000000003600 ) ) ;
#4475 = EDGE_CURVE ( 'NONE', #3333, #2756, #1012, .T. ) ;
#4476 = FACE_OUTER_BOUND ( 'NONE', #1911, .T. ) ;
#4477 = AXIS2_PLACEMENT_3D ( 'NONE', #2446, #2975, #149 ) ;
#4478 = ORIENTED_EDGE ( 'NONE', *, *, #1017, .T. ) ;
#4479 = SURFACE_STYLE_FILL_AREA ( #2125 ) ;
#4480 = VECTOR ( 'NONE', #3072, 1000.000000000000000 ) ;
#4481 = EDGE_CURVE ( 'NONE', #2363, #521, #203, .T. ) ;
#4482 = CIRCLE ( 'NONE', #286, 0.1999999999999996500 ) ;
#4483 = DIRECTION ( 'NONE',  ( 0.0000000000000000000, 0.0000000000000000000, -1.000000000000000000 ) ) ;
#4484 = PRESENTATION_LAYER_ASSIGNMENT (  '', '', ( #3210 ) ) ;
#4485 = DIRECTION ( 'NONE',  ( -1.000000000000000000, 0.0000000000000000000, 0.0000000000000000000 ) ) ;
#4486 = AXIS2_PLACEMENT_3D ( 'NONE', #2019, #5361, #2485 ) ;
#4487 = EDGE_CURVE ( 'NONE', #977, #3118, #3839, .T. ) ;
#4488 = CARTESIAN_POINT ( 'NONE',  ( 4.794322988211932900, 4.800000000000000700, 10.64445322740529100 ) ) ;
#4489 = CARTESIAN_POINT ( 'NONE',  ( 3.199999999999998000, 6.000000000000000000, -4.967157287525375300 ) ) ;
#4490 = CARTESIAN_POINT ( 'NONE',  ( -0.1999999999999986200, 0.0000000000000000000, 4.800000000000003400 ) ) ;
#4491 = MECHANICAL_DESIGN_GEOMETRIC_PRESENTATION_REPRESENTATION (  '', ( #3544 ), #4824 ) ;
#4492 = DIRECTION ( 'NONE',  ( 0.0000000000000000000, 0.0000000000000000000, 1.000000000000000000 ) ) ;
#4493 = AXIS2_PLACEMENT_3D ( 'NONE', #4409, #1574, #4899 ) ;
#4494 = COLOUR_RGB ( '',1.000000000000000000, 0.0000000000000000000, 0.0000000000000000000 ) ;
#4495 = ADVANCED_FACE ( 'NONE', ( #5108 ), #4278, .T. ) ;
#4496 = VERTEX_POINT ( 'NONE', #2473 ) ;
#4497 = EDGE_LOOP ( 'NONE', ( #1971, #5118, #2913 ) ) ;
#4499 =( LENGTH_UNIT ( ) NAMED_UNIT ( * ) SI_UNIT ( .MILLI., .METRE. ) );
#4498 = FILL_AREA_STYLE ('',( #5442 ) ) ;
#4500 = SURFACE_STYLE_FILL_AREA ( #424 ) ;
#4501 = ORIENTED_EDGE ( 'NONE', *, *, #3662, .T. ) ;
#4502 = AXIS2_PLACEMENT_3D ( 'NONE', #2463, #2974, #118 ) ;
#4503 = DIRECTION ( 'NONE',  ( 0.0000000000000000000, 1.000000000000000000, 0.0000000000000000000 ) ) ;
#4504 = DIRECTION ( 'NONE',  ( 1.000000000000000000, 0.0000000000000000000, 0.0000000000000000000 ) ) ;
#4505 = PRESENTATION_STYLE_ASSIGNMENT (( #4403 ) ) ;
#4506 = ORIENTED_EDGE ( 'NONE', *, *, #5495, .T. ) ;
#4507 = ORIENTED_EDGE ( 'NONE', *, *, #1880, .F. ) ;
#4508 = LINE ( 'NONE', #305, #3102 ) ;
#4509 = FILL_AREA_STYLE_COLOUR ( '', #1470 ) ;
#4510 = FACE_OUTER_BOUND ( 'NONE', #2251, .T. ) ;
#4511 = VECTOR ( 'NONE', #2985, 1000.000000000000000 ) ;
#4512 = PRESENTATION_LAYER_ASSIGNMENT (  '', '', ( #5477 ) ) ;
#4513 = EDGE_LOOP ( 'NONE', ( #1467, #954, #4916, #353 ) ) ;
#4514 = DIRECTION ( 'NONE',  ( 0.0000000000000000000, 0.0000000000000000000, 1.000000000000000000 ) ) ;
#4515 = ORIENTED_EDGE ( 'NONE', *, *, #4398, .T. ) ;
#4516 = CARTESIAN_POINT ( 'NONE',  ( -7.949999999999996600, 3.000000000000000400, -9.949999999999999300 ) ) ;
#4517 = EDGE_CURVE ( 'NONE', #772, #6157, #864, .T. ) ;
#4518 = COLOUR_RGB ( '',0.2509803921568627400, 0.2509803921568627400, 0.2509803921568627400 ) ;
#4519 = CIRCLE ( 'NONE', #4435, 0.4999999999999995600 ) ;
#4521 = CARTESIAN_POINT ( 'NONE',  ( -0.8835786437626803600, 0.2000000000000000100, -0.8835786437626758100 ) ) ;
#4520 = CARTESIAN_POINT ( 'NONE',  ( 6.749999999999996400, 5.917157287525380800, -5.299999999999993600 ) ) ;
#4522 = UNCERTAINTY_MEASURE_WITH_UNIT (LENGTH_MEASURE( 1.000000000000000100E-005 ), #756, 'distance_accuracy_value', 'NONE');
#4523 = EDGE_CURVE ( 'NONE', #5472, #3040, #3396, .T. ) ;
#4524 = ORIENTED_EDGE ( 'NONE', *, *, #2876, .T. ) ;
#4525 = MECHANICAL_DESIGN_GEOMETRIC_PRESENTATION_REPRESENTATION (  '', ( #3245 ), #4848 ) ;
#4526 = FACE_OUTER_BOUND ( 'NONE', #358, .T. ) ;
#4527 = FACE_OUTER_BOUND ( 'NONE', #5232, .T. ) ;
#4528 = ADVANCED_FACE ( 'NONE', ( #5775 ), #278, .T. ) ;
#4529 = PLANE ( 'NONE',  #3895 ) ;
#4530 = EDGE_LOOP ( 'NONE', ( #4799, #3976 ) ) ;
#4531 =( NAMED_UNIT ( * ) PLANE_ANGLE_UNIT ( ) SI_UNIT ( $, .RADIAN. ) );
#4532 = ORIENTED_EDGE ( 'NONE', *, *, #749, .F. ) ;
#4533 = PRESENTATION_LAYER_ASSIGNMENT (  '', '', ( #3893 ) ) ;
#4534 = LINE ( 'NONE', #5317, #722 ) ;
#4535 = EDGE_CURVE ( 'NONE', #3101, #54, #1546, .T. ) ;
#4536 = MECHANICAL_DESIGN_GEOMETRIC_PRESENTATION_REPRESENTATION (  '', ( #3580 ), #4858 ) ;
#4537 = CARTESIAN_POINT ( 'NONE',  ( 6.799999999999998900, 6.000000000000000000, -4.967157287525375300 ) ) ;
#4538 = DIRECTION ( 'NONE',  ( -1.000000000000000000, -0.0000000000000000000, -0.0000000000000000000 ) ) ;
#4539 = ORIENTED_EDGE ( 'NONE', *, *, #3217, .F. ) ;
#4540 = EDGE_CURVE ( 'NONE', #2543, #5146, #2819, .T. ) ;
#4541 = EDGE_LOOP ( 'NONE', ( #4835, #3024, #3888, #1039 ) ) ;
#4542 = CARTESIAN_POINT ( 'NONE',  ( 5.875129743375459200, 4.399999999999999500, 14.44441838603068400 ) ) ;
#4543 = LINE ( 'NONE', #2280, #5653 ) ;
#4544 = EDGE_LOOP ( 'NONE', ( #3657, #209, #6039, #1216 ) ) ;
#4545 = CARTESIAN_POINT ( 'NONE',  ( 0.5500000000000018200, 1.499999999999999100, -10.49999999999999600 ) ) ;
#4546 = PRESENTATION_LAYER_ASSIGNMENT (  '', '', ( #4864 ) ) ;
#4547 = VERTEX_POINT ( 'NONE', #5870 ) ;
#4548 = ORIENTED_EDGE ( 'NONE', *, *, #1815, .F. ) ;
#4549 = CARTESIAN_POINT ( 'NONE',  ( 6.999999999999997300, 0.08284271247461842700, -4.999999999999996400 ) ) ;
#4550 = DIRECTION ( 'NONE',  ( 0.7071067811865458000, 0.0000000000000000000, 0.7071067811865493500 ) ) ;
#4551 = VECTOR ( 'NONE', #5708, 1000.000000000000000 ) ;
#4552 = COLOUR_RGB ( '',0.2509803921568627400, 0.2509803921568627400, 0.2509803921568627400 ) ;
#4553 = DIRECTION ( 'NONE',  ( 0.0000000000000000000, 0.0000000000000000000, 1.000000000000000000 ) ) ;
#4554 = PRESENTATION_LAYER_ASSIGNMENT (  '', '', ( #3597 ) ) ;
#4555 = VERTEX_POINT ( 'NONE', #2062 ) ;
#4556 = DIRECTION ( 'NONE',  ( 0.7071067811865500200, -0.0000000000000000000, 0.7071067811865451300 ) ) ;
#4557 = COLOUR_RGB ( '',0.2509803921568627400, 0.2509803921568627400, 0.2509803921568627400 ) ;
#4558 = CARTESIAN_POINT ( 'NONE',  ( -6.399999999999996800, 5.000000000000000000, 6.000000000000003600 ) ) ;
#4559 = VECTOR ( 'NONE', #4698, 1000.000000000000000 ) ;
#4560 = UNCERTAINTY_MEASURE_WITH_UNIT (LENGTH_MEASURE( 1.000000000000000100E-005 ), #4258, 'distance_accuracy_value', 'NONE');
#4561 = ADVANCED_FACE ( 'NONE', ( #2653 ), #933, .T. ) ;
#4562 = ORIENTED_EDGE ( 'NONE', *, *, #5439, .T. ) ;
#4563 = EDGE_CURVE ( 'NONE', #2303, #3332, #2195, .T. ) ;
#4564 = EDGE_CURVE ( 'NONE', #3066, #491, #4738, .T. ) ;
#4565 =( GEOMETRIC_REPRESENTATION_CONTEXT ( 3 ) GLOBAL_UNCERTAINTY_ASSIGNED_CONTEXT ( ( #5816 ) ) GLOBAL_UNIT_ASSIGNED_CONTEXT ( ( #5449, #2588, #5911 ) ) REPRESENTATION_CONTEXT ( 'NONE', 'WORKASPACE' ) );
#4566 = CARTESIAN_POINT ( 'NONE',  ( -7.000000000000000900, 5.917157287525379900, -5.049999999999990900 ) ) ;
#4567 = EDGE_CURVE ( 'NONE', #1827, #5133, #3475, .T. ) ;
#4568 = FILL_AREA_STYLE ('',( #1243 ) ) ;
#4569 = PRESENTATION_LAYER_ASSIGNMENT (  '', '', ( #3612 ) ) ;
#4570 = AXIS2_PLACEMENT_3D ( 'NONE', #3202, #354, #3674 ) ;
#4571 = ORIENTED_EDGE ( 'NONE', *, *, #3814, .F. ) ;
#4572 = LINE ( 'NONE', #1082, #758 ) ;
#4573 = DIRECTION ( 'NONE',  ( 0.0000000000000000000, 0.0000000000000000000, -1.000000000000000000 ) ) ;
#4574 = VECTOR ( 'NONE', #342, 1000.000000000000000 ) ;
#4575 = VECTOR ( 'NONE', #890, 1000.000000000000000 ) ;
#4576 = DIRECTION ( 'NONE',  ( -1.000000000000000000, 0.0000000000000000000, 0.0000000000000000000 ) ) ;
#4577 = VECTOR ( 'NONE', #3702, 1000.000000000000000 ) ;
#4578 = VERTEX_POINT ( 'NONE', #3552 ) ;
#4580 = CARTESIAN_POINT ( 'NONE',  ( -6.917157287525379900, 6.000000000000000000, -5.015685424949231800 ) ) ;
#4579 = SURFACE_SIDE_STYLE ('',( #5913 ) ) ;
#4581 = CYLINDRICAL_SURFACE ( 'NONE', #1266, 2.000000000000000000 ) ;
#4582 = ORIENTED_EDGE ( 'NONE', *, *, #217, .T. ) ;
#4583 = COLOUR_RGB ( '',0.2509803921568627400, 0.2509803921568627400, 0.2509803921568627400 ) ;
#4584 = CARTESIAN_POINT ( 'NONE',  ( -6.399999999999995900, 17.39719350251872900, 6.000000000000003600 ) ) ;
#4585 = ADVANCED_FACE ( 'NONE', ( #2050 ), #4141, .T. ) ;
#4586 = VERTEX_POINT ( 'NONE', #4025 ) ;
#4587 = CARTESIAN_POINT ( 'NONE',  ( -9.999999999999996400, 6.000000000000000000, -4.999999999999997300 ) ) ;
#4588 = CYLINDRICAL_SURFACE ( 'NONE', #417, 2.250000000000000400 ) ;
#4589 = VECTOR ( 'NONE', #172, 1000.000000000000100 ) ;
#4590 = EDGE_LOOP ( 'NONE', ( #4603, #4177, #4562, #5072 ) ) ;
#4591 = VECTOR ( 'NONE', #2481, 1000.000000000000000 ) ;
#4592 = DIRECTION ( 'NONE',  ( -1.000000000000000000, 0.0000000000000000000, -8.673617379884388900E-015 ) ) ;
#4593 = AXIS2_PLACEMENT_3D ( 'NONE', #5277, #2402, #5741 ) ;
#4594 = FILL_AREA_STYLE_COLOUR ( '', #3074 ) ;
#4595 =( NAMED_UNIT ( * ) PLANE_ANGLE_UNIT ( ) SI_UNIT ( $, .RADIAN. ) );
#4596 =( BOUNDED_CURVE ( )  B_SPLINE_CURVE ( 3, ( #3692, #6061, #2724, #841 ),
 .UNSPECIFIED., .F., .F. ) 
 B_SPLINE_CURVE_WITH_KNOTS ( ( 4, 4 ),
 ( 6.234162491791656000E-015, 1.570796326794901900 ),
 .UNSPECIFIED. ) 
 CURVE ( )  GEOMETRIC_REPRESENTATION_ITEM ( )  RATIONAL_B_SPLINE_CURVE ( ( 1.000000000000000000, 0.8047378541243652700, 0.8047378541243652700, 1.000000000000000000 ) ) 
 REPRESENTATION_ITEM ( '' )  );
#4597 = EDGE_LOOP ( 'NONE', ( #4604, #2788, #1495, #2118 ) ) ;
#4598 = VERTEX_POINT ( 'NONE', #695 ) ;
#4599 = CARTESIAN_POINT ( 'NONE',  ( -0.3328427124746173300, 5.800000000000000700, 5.300000000000003400 ) ) ;
#4600 = CARTESIAN_POINT ( 'NONE',  ( 3.199999999999996600, 0.0000000000000000000, -4.799999999999998000 ) ) ;
#4601 = AXIS2_PLACEMENT_3D ( 'NONE', #6112, #3660, #1951 ) ;
#4602 = MECHANICAL_DESIGN_GEOMETRIC_PRESENTATION_REPRESENTATION (  '', ( #3648 ), #4926 ) ;
#4603 = ORIENTED_EDGE ( 'NONE', *, *, #3662, .F. ) ;
#4604 = ORIENTED_EDGE ( 'NONE', *, *, #2877, .T. ) ;
#4605 = ORIENTED_EDGE ( 'NONE', *, *, #5311, .T. ) ;
#4606 = DIRECTION ( 'NONE',  ( -2.168404344971008900E-016, 1.000000000000000000, -0.0000000000000000000 ) ) ;
#4607 = SURFACE_STYLE_FILL_AREA ( #5233 ) ;
#4608 =( NAMED_UNIT ( * ) PLANE_ANGLE_UNIT ( ) SI_UNIT ( $, .RADIAN. ) );
#4609 =( LENGTH_UNIT ( ) NAMED_UNIT ( * ) SI_UNIT ( .MILLI., .METRE. ) );
#4611 = EDGE_CURVE ( 'NONE', #443, #1003, #367, .T. ) ;
#4610 = CARTESIAN_POINT ( 'NONE',  ( 8.050000000000002500, 4.000000000000001800, -10.99999999999999800 ) ) ;
#4612 = VERTEX_POINT ( 'NONE', #1207 ) ;
#4613 = AXIS2_PLACEMENT_3D ( 'NONE', #4749, #2510, #1823 ) ;
#4614 = EDGE_CURVE ( 'NONE', #5441, #5284, #2886, .T. ) ;
#4615 = SURFACE_STYLE_USAGE ( .BOTH. , #1292 ) ;
#4616 = VECTOR ( 'NONE', #2235, 1000.000000000000000 ) ;
#4617 = DIRECTION ( 'NONE',  ( 1.223120689731756600E-016, -1.000000000000000000, 1.982809587625459700E-017 ) ) ;
#4618 = VERTEX_POINT ( 'NONE', #261 ) ;
#4619 = ADVANCED_FACE ( 'NONE', ( #5270 ), #3588, .T. ) ;
#4620 = SURFACE_STYLE_USAGE ( .BOTH. , #1294 ) ;
#4621 = DIRECTION ( 'NONE',  ( 0.0000000000000000000, -1.000000000000000000, 0.0000000000000000000 ) ) ;
#4622 =( LENGTH_UNIT ( ) NAMED_UNIT ( * ) SI_UNIT ( .MILLI., .METRE. ) );
#4623 = ORIENTED_EDGE ( 'NONE', *, *, #3750, .T. ) ;
#4624 = AXIS2_PLACEMENT_3D ( 'NONE', #1419, #16, #3347 ) ;
#4625 = DIRECTION ( 'NONE',  ( 0.7071067811865465700, 0.0000000000000000000, -0.7071067811865484600 ) ) ;
#4626 = VECTOR ( 'NONE', #2310, 1000.000000000000000 ) ;
#4627 = LINE ( 'NONE', #852, #5595 ) ;
#4628 = DIRECTION ( 'NONE',  ( 0.0000000000000000000, 0.0000000000000000000, 1.000000000000000000 ) ) ;
#4629 = ORIENTED_EDGE ( 'NONE', *, *, #5521, .F. ) ;
#4630 = DIRECTION ( 'NONE',  ( -1.000000000000000000, -0.0000000000000000000, -0.0000000000000000000 ) ) ;
#4631 = VECTOR ( 'NONE', #5000, 1000.000000000000000 ) ;
#4632 = SPHERICAL_SURFACE ( 'NONE', #90, 0.2000000000000000100 ) ;
#4633 = STYLED_ITEM ( 'NONE', ( #3207 ), #3346 ) ;
#4634 = SURFACE_STYLE_FILL_AREA ( #1475 ) ;
#4635 = DIRECTION ( 'NONE',  ( -1.000000000000000000, 0.0000000000000000000, 0.0000000000000000000 ) ) ;
#4636 = DIRECTION ( 'NONE',  ( -1.223120689731756600E-016, 1.000000000000000000, 0.0000000000000000000 ) ) ;
#4637 = LINE ( 'NONE', #4942, #2710 ) ;
#4638 = EDGE_CURVE ( 'NONE', #218, #2199, #3548, .T. ) ;
#4639 = EDGE_LOOP ( 'NONE', ( #3420, #5185, #2133, #2450 ) ) ;
#4640 = MECHANICAL_DESIGN_GEOMETRIC_PRESENTATION_REPRESENTATION (  '', ( #4007 ), #4954 ) ;
#4641 = FILL_AREA_STYLE ('',( #5828 ) ) ;
#4643 = CARTESIAN_POINT ( 'NONE',  ( -6.080119235371118000, 5.000000000000000900, 6.123526924414577800 ) ) ;
#4642 = FILL_AREA_STYLE ('',( #1317 ) ) ;
#4644 = CIRCLE ( 'NONE', #5459, 0.2000000000000000900 ) ;
#4645 = DIRECTION ( 'NONE',  ( -0.0000000000000000000, 1.000000000000000000, -0.0000000000000000000 ) ) ;
#4646 = STYLED_ITEM ( 'NONE', ( #4346 ), #908 ) ;
#4647 = DIRECTION ( 'NONE',  ( 0.7071067811865468000, -0.0000000000000000000, -0.7071067811865482400 ) ) ;
#4648 =( GEOMETRIC_REPRESENTATION_CONTEXT ( 3 ) GLOBAL_UNCERTAINTY_ASSIGNED_CONTEXT ( ( #56 ) ) GLOBAL_UNIT_ASSIGNED_CONTEXT ( ( #1583, #4906, #2048 ) ) REPRESENTATION_CONTEXT ( 'NONE', 'WORKASPACE' ) );
#4649 = COLOUR_RGB ( '',0.2509803921568627400, 0.2509803921568627400, 0.2509803921568627400 ) ;
#4650 = ORIENTED_EDGE ( 'NONE', *, *, #2256, .T. ) ;
#4651 = ORIENTED_EDGE ( 'NONE', *, *, #1452, .T. ) ;
#4652 = FILL_AREA_STYLE ('',( #2152 ) ) ;
#4653 = CARTESIAN_POINT ( 'NONE',  ( 1.734723475976807100E-015, 6.000000000000000000, 5.000000000000002700 ) ) ;
#4654 = FACE_OUTER_BOUND ( 'NONE', #2209, .T. ) ;
#4655 = PRESENTATION_STYLE_ASSIGNMENT (( #1715 ) ) ;
#4656 = PLANE ( 'NONE',  #608 ) ;
#4657 = CIRCLE ( 'NONE', #5760, 1.199999999999999700 ) ;
#4658 = SURFACE_STYLE_USAGE ( .BOTH. , #1330 ) ;
#4659 = ORIENTED_EDGE ( 'NONE', *, *, #3280, .F. ) ;
#4660 = AXIS2_PLACEMENT_3D ( 'NONE', #5807, #5345, #4875 ) ;
#4661 = CIRCLE ( 'NONE', #4014, 2.000000000000000000 ) ;
#4662 = CARTESIAN_POINT ( 'NONE',  ( 6.749999999999999100, 5.800000000000000700, -5.299999999999992700 ) ) ;
#4663 = CARTESIAN_POINT ( 'NONE',  ( 7.925129743375459900, 1.600000000000000300, 14.84441838603068200 ) ) ;
#4664 = DIRECTION ( 'NONE',  ( 0.0000000000000000000, -1.000000000000000000, 0.0000000000000000000 ) ) ;
#4666 = CARTESIAN_POINT ( 'NONE',  ( -4.999999999999998200, 6.001000000000000300, -2.817398742541499200 ) ) ;
#4665 = CARTESIAN_POINT ( 'NONE',  ( 6.717751532105306300, 4.800000000000000700, 10.95626158695325700 ) ) ;
#4667 = ORIENTED_EDGE ( 'NONE', *, *, #4535, .T. ) ;
#4668 = CARTESIAN_POINT ( 'NONE',  ( 6.717751532105306300, 1.499999999999999600, 10.95626158695325700 ) ) ;
#4669 = FACE_OUTER_BOUND ( 'NONE', #153, .T. ) ;
#4670 = LINE ( 'NONE', #2695, #2130 ) ;
#4671 = CARTESIAN_POINT ( 'NONE',  ( 7.925129743375459900, 5.000000000000000000, 14.84441838603068200 ) ) ;
#4672 = PLANE ( 'NONE',  #2373 ) ;
#4673 = ORIENTED_EDGE ( 'NONE', *, *, #95, .F. ) ;
#4674 = EDGE_LOOP ( 'NONE', ( #3567, #1504, #3110, #1199 ) ) ;
#4675 = UNCERTAINTY_MEASURE_WITH_UNIT (LENGTH_MEASURE( 1.000000000000000100E-005 ), #3123, 'distance_accuracy_value', 'NONE');
#4676 = EDGE_CURVE ( 'NONE', #3118, #126, #1008, .T. ) ;
#4677 = ORIENTED_EDGE ( 'NONE', *, *, #2082, .F. ) ;
#4678 =( LENGTH_UNIT ( ) NAMED_UNIT ( * ) SI_UNIT ( .MILLI., .METRE. ) );
#4679 = AXIS2_PLACEMENT_3D ( 'NONE', #1057, #4365, #1541 ) ;
#4680 = ORIENTED_EDGE ( 'NONE', *, *, #2550, .T. ) ;
#4681 = CARTESIAN_POINT ( 'NONE',  ( 4.794322988211932900, 17.39719350251872900, 10.64445322740529100 ) ) ;
#4682 = ORIENTED_EDGE ( 'NONE', *, *, #4481, .T. ) ;
#4683 = VERTEX_POINT ( 'NONE', #4085 ) ;
#4684 = CARTESIAN_POINT ( 'NONE',  ( 6.749999999999999100, 0.1999999999999987900, -5.299999999999992700 ) ) ;
#4685 = STYLED_ITEM ( 'NONE', ( #5028 ), #322 ) ;
#4686 = DIRECTION ( 'NONE',  ( -4.956352788505161300E-016, 0.0000000000000000000, -1.000000000000000000 ) ) ;
#4687 = MECHANICAL_DESIGN_GEOMETRIC_PRESENTATION_REPRESENTATION (  '', ( #3411 ), #5001 ) ;
#4688 = ORIENTED_EDGE ( 'NONE', *, *, #2115, .T. ) ;
#4689 = ADVANCED_FACE ( 'NONE', ( #2270 ), #2947, .T. ) ;
#4690 = CARTESIAN_POINT ( 'NONE',  ( -6.380119235371118700, 1.000000000000000900, 6.329268844471130300 ) ) ;
#4691 = CARTESIAN_POINT ( 'NONE',  ( -9.999999999999996400, 5.800000000000000700, -4.999999999999997300 ) ) ;
#4692 = EDGE_CURVE ( 'NONE', #2294, #1147, #1813, .T. ) ;
#4693 = CARTESIAN_POINT ( 'NONE',  ( 4.599763768472672400, 1.200000000000000200, 10.24772958506187200 ) ) ;
#4694 = ORIENTED_EDGE ( 'NONE', *, *, #953, .T. ) ;
#4695 = EDGE_CURVE ( 'NONE', #104, #54, #548, .T. ) ;
#4696 = SURFACE_SIDE_STYLE ('',( #2723 ) ) ;
#4697 = DIRECTION ( 'NONE',  ( -1.000000000000000000, -0.0000000000000000000, -0.0000000000000000000 ) ) ;
#4698 = DIRECTION ( 'NONE',  ( 1.734723475976806800E-016, 0.0000000000000000000, -1.000000000000000000 ) ) ;
#4699 = ORIENTED_EDGE ( 'NONE', *, *, #1301, .T. ) ;
#4700 = DIRECTION ( 'NONE',  ( -1.000000000000000000, -0.0000000000000000000, -0.0000000000000000000 ) ) ;
#4701 = LINE ( 'NONE', #5544, #5961 ) ;
#4702 = VECTOR ( 'NONE', #5505, 1000.000000000000000 ) ;
#4703 =( NAMED_UNIT ( * ) SI_UNIT ( $, .STERADIAN. ) SOLID_ANGLE_UNIT ( ) );
#4704 = AXIS2_PLACEMENT_3D ( 'NONE', #4073, #1230, #4553 ) ;
#4705 = CARTESIAN_POINT ( 'NONE',  ( 9.800000000000000700, 6.000000000000000000, 4.800000000000003400 ) ) ;
#4706 = SURFACE_SIDE_STYLE ('',( #3625 ) ) ;
#4707 = CARTESIAN_POINT ( 'NONE',  ( 0.0000000000000000000, 0.0000000000000000000, 0.0000000000000000000 ) ) ;
#4708 =( BOUNDED_CURVE ( )  B_SPLINE_CURVE ( 3, ( #3032, #5873, #3985, #1146 ),
 .UNSPECIFIED., .F., .F. ) 
 B_SPLINE_CURVE_WITH_KNOTS ( ( 4, 4 ),
 ( 1.570796326794896600, 1.598003584601260100 ),
 .UNSPECIFIED. ) 
 CURVE ( )  GEOMETRIC_REPRESENTATION_ITEM ( )  RATIONAL_B_SPLINE_CURVE ( ( 1.000000000000000000, 0.9999383147115136200, 0.9999383147115136200, 1.000000000000000000 ) ) 
 REPRESENTATION_ITEM ( '' )  );
#4709 = ORIENTED_EDGE ( 'NONE', *, *, #476, .T. ) ;
#4710 = ORIENTED_EDGE ( 'NONE', *, *, #5928, .F. ) ;
#4711 = EDGE_CURVE ( 'NONE', #1147, #2672, #1670, .T. ) ;
#4712 = DIRECTION ( 'NONE',  ( -1.000000000000000000, -0.0000000000000000000, -0.0000000000000000000 ) ) ;
#4713 = AXIS2_PLACEMENT_3D ( 'NONE', #3206, #3675, #3697 ) ;
#4714 = FACE_OUTER_BOUND ( 'NONE', #1769, .T. ) ;
#4715 = LINE ( 'NONE', #2004, #5831 ) ;
#4716 = ORIENTED_EDGE ( 'NONE', *, *, #1421, .F. ) ;
#4717 = DIRECTION ( 'NONE',  ( 0.1600216669179818600, -0.0000000000000000000, -0.9871135021449106700 ) ) ;
#4718 = ADVANCED_FACE ( 'NONE', ( #408 ), #339, .T. ) ;
#4719 = DIRECTION ( 'NONE',  ( 1.000000000000000000, 0.0000000000000000000, 0.0000000000000000000 ) ) ;
#4720 =( NAMED_UNIT ( * ) PLANE_ANGLE_UNIT ( ) SI_UNIT ( $, .RADIAN. ) );
#4721 = EDGE_CURVE ( 'NONE', #1956, #2363, #1538, .T. ) ;
#4722 = CIRCLE ( 'NONE', #350, 1.399999999999999200 ) ;
#4723 = AXIS2_PLACEMENT_3D ( 'NONE', #3682, #835, #4171 ) ;
#4724 = LINE ( 'NONE', #2799, #3462 ) ;
#4725 = EDGE_CURVE ( 'NONE', #4062, #651, #2812, .T. ) ;
#4726 = DIRECTION ( 'NONE',  ( 0.0000000000000000000, 0.0000000000000000000, 1.000000000000000000 ) ) ;
#4727 = SURFACE_STYLE_FILL_AREA ( #116 ) ;
#4728 = LINE ( 'NONE', #4205, #4421 ) ;
#4729 = EDGE_CURVE ( 'NONE', #4950, #1409, #270, .T. ) ;
#4730 = PRESENTATION_STYLE_ASSIGNMENT (( #3561 ) ) ;
#4731 = CARTESIAN_POINT ( 'NONE',  ( -8.449999999999997500, 4.500000000000001800, -10.50000000000000000 ) ) ;
#4732 =( GEOMETRIC_REPRESENTATION_CONTEXT ( 3 ) GLOBAL_UNCERTAINTY_ASSIGNED_CONTEXT ( ( #2037 ) ) GLOBAL_UNIT_ASSIGNED_CONTEXT ( ( #2374, #2127, #2312 ) ) REPRESENTATION_CONTEXT ( 'NONE', 'WORKASPACE' ) );
#4733 = ORIENTED_EDGE ( 'NONE', *, *, #4611, .F. ) ;
#4734 = CARTESIAN_POINT ( 'NONE',  ( 10.17264878961249500, 4.800000000000000700, 11.51633742116618500 ) ) ;
#4735 = PRESENTATION_LAYER_ASSIGNMENT (  '', '', ( #4407 ) ) ;
#4736 =( NAMED_UNIT ( * ) SI_UNIT ( $, .STERADIAN. ) SOLID_ANGLE_UNIT ( ) );
#4737 = FACE_OUTER_BOUND ( 'NONE', #5557, .T. ) ;
#4738 = CIRCLE ( 'NONE', #3572, 0.7500000000000006700 ) ;
#4739 = EDGE_LOOP ( 'NONE', ( #3325, #1566 ) ) ;
#4740 = VERTEX_POINT ( 'NONE', #4153 ) ;
#4741 = CARTESIAN_POINT ( 'NONE',  ( 7.925129743375459900, 5.000000000000000000, 14.04441838603068500 ) ) ;
#4742 = FACE_OUTER_BOUND ( 'NONE', #4844, .T. ) ;
#4743 = COLOUR_RGB ( '',0.2509803921568627400, 0.2509803921568627400, 0.2509803921568627400 ) ;
#4744 = FILL_AREA_STYLE_COLOUR ( '', #5727 ) ;
#4745 = MECHANICAL_DESIGN_GEOMETRIC_PRESENTATION_REPRESENTATION (  '', ( #4106 ), #5060 ) ;
#4746 = ORIENTED_EDGE ( 'NONE', *, *, #1717, .F. ) ;
#4747 = VECTOR ( 'NONE', #3977, 1000.000000000000000 ) ;
#4748 = DIRECTION ( 'NONE',  ( -0.0000000000000000000, -0.0000000000000000000, 1.000000000000000000 ) ) ;
#4749 = CARTESIAN_POINT ( 'NONE',  ( -0.3328427124746173300, 6.000000000000000000, 5.300000000000003400 ) ) ;
#4750 = COLOUR_RGB ( '',1.000000000000000000, 0.0000000000000000000, 0.0000000000000000000 ) ;
#4752 = CARTESIAN_POINT ( 'NONE',  ( 7.925129743375459900, 5.000000000000000000, 14.44441838603068400 ) ) ;
#4751 = DIRECTION ( 'NONE',  ( -0.0000000000000000000, -0.0000000000000000000, 1.000000000000000000 ) ) ;
#4753 = SURFACE_SIDE_STYLE ('',( #2797 ) ) ;
#4754 = EDGE_LOOP ( 'NONE', ( #3802, #4019, #4659, #5427 ) ) ;
#4755 = ORIENTED_EDGE ( 'NONE', *, *, #4614, .T. ) ;
#4756 = ADVANCED_FACE ( 'NONE', ( #2645 ), #5842, .T. ) ;
#4757 = AXIS2_PLACEMENT_3D ( 'NONE', #4666, #6092, #1824 ) ;
#4758 = EDGE_CURVE ( 'NONE', #5411, #1723, #927, .T. ) ;
#4759 =( NAMED_UNIT ( * ) SI_UNIT ( $, .STERADIAN. ) SOLID_ANGLE_UNIT ( ) );
#4760 = FILL_AREA_STYLE ('',( #1149 ) ) ;
#4761 = PLANE ( 'NONE',  #2889 ) ;
#4762 = ORIENTED_EDGE ( 'NONE', *, *, #202, .F. ) ;
#4763 = EDGE_LOOP ( 'NONE', ( #6081, #4863, #1513, #4968 ) ) ;
#4764 = EDGE_CURVE ( 'NONE', #5680, #5528, #3467, .T. ) ;
#4765 = EDGE_CURVE ( 'NONE', #2199, #5792, #2190, .T. ) ;
#4766 = FILL_AREA_STYLE ('',( #1416 ) ) ;
#4767 = AXIS2_PLACEMENT_3D ( 'NONE', #2232, #2719, #6040 ) ;
#4768 = VERTEX_POINT ( 'NONE', #6091 ) ;
#4769 = SURFACE_SIDE_STYLE ('',( #3661 ) ) ;
#4770 = SURFACE_STYLE_FILL_AREA ( #3644 ) ;
#4771 = FILL_AREA_STYLE ('',( #3327 ) ) ;
#4772 = ORIENTED_EDGE ( 'NONE', *, *, #6009, .T. ) ;
#4774 = CARTESIAN_POINT ( 'NONE',  ( 4.794322988211932900, 1.200000000000000200, 10.32286164890689100 ) ) ;
#4773 = CARTESIAN_POINT ( 'NONE',  ( 0.8835786437626821400, 0.0000000000000000000, -0.8835786437626777000 ) ) ;
#4775 = AXIS2_PLACEMENT_3D ( 'NONE', #190, #3523, #5414 ) ;
#4776 =( GEOMETRIC_REPRESENTATION_CONTEXT ( 3 ) GLOBAL_UNCERTAINTY_ASSIGNED_CONTEXT ( ( #2929 ) ) GLOBAL_UNIT_ASSIGNED_CONTEXT ( ( #2379, #5715, #2881 ) ) REPRESENTATION_CONTEXT ( 'NONE', 'WORKASPACE' ) );
#4777 = PRESENTATION_STYLE_ASSIGNMENT (( #3991 ) ) ;
#4778 = CARTESIAN_POINT ( 'NONE',  ( -9.799999999999995400, 0.1999999999999996500, -4.799999999999998000 ) ) ;
#4779 = ORIENTED_EDGE ( 'NONE', *, *, #3540, .F. ) ;
#4780 = EDGE_CURVE ( 'NONE', #5419, #1134, #3676, .T. ) ;
#4781 = EDGE_CURVE ( 'NONE', #2564, #5306, #4728, .T. ) ;
#4782 = EDGE_CURVE ( 'NONE', #1362, #2303, #5691, .T. ) ;
#4783 = VERTEX_POINT ( 'NONE', #5639 ) ;
#4784 = ORIENTED_EDGE ( 'NONE', *, *, #5674, .T. ) ;
#4785 = PRESENTATION_LAYER_ASSIGNMENT (  '', '', ( #4459 ) ) ;
#4786 = CARTESIAN_POINT ( 'NONE',  ( -4.999999999999998200, -1.761828530288944700E-016, -4.217398742541498700 ) ) ;
#4787 = EDGE_CURVE ( 'NONE', #2284, #46, #5890, .T. ) ;
#4788 = LINE ( 'NONE', #1189, #1145 ) ;
#4789 = ADVANCED_FACE ( 'NONE', ( #620 ), #3291, .F. ) ;
#4790 = SURFACE_STYLE_USAGE ( .BOTH. , #1459 ) ;
#4791 = ORIENTED_EDGE ( 'NONE', *, *, #4456, .F. ) ;
#4792 = DIRECTION ( 'NONE',  ( 0.0000000000000000000, -1.000000000000000000, 0.0000000000000000000 ) ) ;
#4793 = FACE_OUTER_BOUND ( 'NONE', #3055, .T. ) ;
#4794 = CARTESIAN_POINT ( 'NONE',  ( -2.999999999999998200, 0.08284271247461837100, -4.999999999999996400 ) ) ;
#4795 =( GEOMETRIC_REPRESENTATION_CONTEXT ( 3 ) GLOBAL_UNCERTAINTY_ASSIGNED_CONTEXT ( ( #1099 ) ) GLOBAL_UNIT_ASSIGNED_CONTEXT ( ( #5287, #2412, #5752 ) ) REPRESENTATION_CONTEXT ( 'NONE', 'WORKASPACE' ) );
#4796 = PRESENTATION_STYLE_ASSIGNMENT (( #575 ) ) ;
#4797 = UNCERTAINTY_MEASURE_WITH_UNIT (LENGTH_MEASURE( 1.000000000000000100E-005 ), #2265, 'distance_accuracy_value', 'NONE');
#4798 = SURFACE_STYLE_USAGE ( .BOTH. , #1468 ) ;
#4799 = ORIENTED_EDGE ( 'NONE', *, *, #3690, .F. ) ;
#4800 = ORIENTED_EDGE ( 'NONE', *, *, #4721, .F. ) ;
#4801 = DIRECTION ( 'NONE',  ( 0.0000000000000000000, 0.0000000000000000000, -1.000000000000000000 ) ) ;
#4802 = SURFACE_SIDE_STYLE ('',( #4634 ) ) ;
#4803 = LINE ( 'NONE', #1503, #5008 ) ;
#4804 = EDGE_CURVE ( 'NONE', #4783, #4768, #5547, .T. ) ;
#4805 = ORIENTED_EDGE ( 'NONE', *, *, #3511, .T. ) ;
#4806 = STYLED_ITEM ( 'NONE', ( #6014 ), #3840 ) ;
#4807 =( NAMED_UNIT ( * ) SI_UNIT ( $, .STERADIAN. ) SOLID_ANGLE_UNIT ( ) );
#4808 = LINE ( 'NONE', #405, #5909 ) ;
#4809 = FACE_OUTER_BOUND ( 'NONE', #294, .T. ) ;
#4810 = DIRECTION ( 'NONE',  ( -0.7071067811865453500, 0.0000000000000000000, -0.7071067811865496800 ) ) ;
#4811 = LINE ( 'NONE', #755, #3543 ) ;
#4812 = CARTESIAN_POINT ( 'NONE',  ( 8.550000000000002500, 3.000000000000000400, -8.449999999999997500 ) ) ;
#4813 = DIRECTION ( 'NONE',  ( -1.000000000000000000, 0.0000000000000000000, 0.0000000000000000000 ) ) ;
#4814 = MECHANICAL_DESIGN_GEOMETRIC_PRESENTATION_REPRESENTATION (  '', ( #3210 ), #5123 ) ;
#4815 = SURFACE_STYLE_FILL_AREA ( #4760 ) ;
#4816 = COLOUR_RGB ( '',0.2509803921568627400, 0.2509803921568627400, 0.2509803921568627400 ) ;
#4817 = DIRECTION ( 'NONE',  ( -1.734723475976806800E-016, 0.0000000000000000000, 1.000000000000000000 ) ) ;
#4819 = SURFACE_SIDE_STYLE ('',( #1277 ) ) ;
#4818 = SURFACE_SIDE_STYLE ('',( #1899 ) ) ;
#4820 = ORIENTED_EDGE ( 'NONE', *, *, #4487, .T. ) ;
#4821 = CARTESIAN_POINT ( 'NONE',  ( 3.141421356237308300, 6.000000000000000000, -4.908578643762686200 ) ) ;
#4822 = EDGE_CURVE ( 'NONE', #1500, #1858, #3017, .T. ) ;
#4823 = ADVANCED_FACE ( 'NONE', ( #5400 ), #2849, .T. ) ;
#4824 =( GEOMETRIC_REPRESENTATION_CONTEXT ( 3 ) GLOBAL_UNCERTAINTY_ASSIGNED_CONTEXT ( ( #2895 ) ) GLOBAL_UNIT_ASSIGNED_CONTEXT ( ( #398, #3728, #879 ) ) REPRESENTATION_CONTEXT ( 'NONE', 'WORKASPACE' ) );
#4825 = DIRECTION ( 'NONE',  ( -8.673617379884388900E-015, -0.0000000000000000000, 1.000000000000000000 ) ) ;
#4826 = PRODUCT_DEFINITION ( 'UNKNOWN', '', #5134, #1502 ) ;
#4827 = ORIENTED_EDGE ( 'NONE', *, *, #1878, .F. ) ;
#4828 = CARTESIAN_POINT ( 'NONE',  ( 9.652578372129053000, 4.800000000000000700, 14.72445630313715600 ) ) ;
#4829 = LINE ( 'NONE', #2609, #5929 ) ;
#4830 = ORIENTED_EDGE ( 'NONE', *, *, #1143, .F. ) ;
#4831 = DIRECTION ( 'NONE',  ( -1.223120689731756600E-016, 1.000000000000000000, 0.0000000000000000000 ) ) ;
#4832 = ORIENTED_EDGE ( 'NONE', *, *, #1515, .T. ) ;
#4833 = DIRECTION ( 'NONE',  ( 0.0000000000000000000, 0.0000000000000000000, 1.000000000000000000 ) ) ;
#4834 = B_SPLINE_CURVE_WITH_KNOTS ( 'NONE', 3,
 ( #5479, #3129, #282, #3604, #739, #4081 ),
 .UNSPECIFIED., .F., .F.,
 ( 4, 2, 4 ),
 ( 0.0000000000000000000, 0.0001577224290123944900, 0.0003154448580247889800 ),
 .UNSPECIFIED. ) ;
#4835 = ORIENTED_EDGE ( 'NONE', *, *, #4535, .F. ) ;
#4836 = CARTESIAN_POINT ( 'NONE',  ( -6.699999999999996600, 5.000000000000000000, 5.500000000000003600 ) ) ;
#4837 = VERTEX_POINT ( 'NONE', #935 ) ;
#4838 =( NAMED_UNIT ( * ) PLANE_ANGLE_UNIT ( ) SI_UNIT ( $, .RADIAN. ) );
#4839 = ORIENTED_EDGE ( 'NONE', *, *, #1967, .T. ) ;
#4840 = AXIS2_PLACEMENT_3D ( 'NONE', #5985, #3149, #302 ) ;
#4841 = ORIENTED_EDGE ( 'NONE', *, *, #1205, .T. ) ;
#4842 = CARTESIAN_POINT ( 'NONE',  ( -6.080119235371120600, 17.39719350251872900, 6.123526924414576900 ) ) ;
#4843 = FACE_OUTER_BOUND ( 'NONE', #2657, .T. ) ;
#4844 = EDGE_LOOP ( 'NONE', ( #1474, #4605, #1432, #5649 ) ) ;
#4845 =( NAMED_UNIT ( * ) SI_UNIT ( $, .STERADIAN. ) SOLID_ANGLE_UNIT ( ) );
#4846 = EDGE_CURVE ( 'NONE', #1303, #1500, #4264, .T. ) ;
#4847 = CARTESIAN_POINT ( 'NONE',  ( 7.925129743375459900, 4.800000000000000700, 14.44441838603068400 ) ) ;
#4848 =( GEOMETRIC_REPRESENTATION_CONTEXT ( 3 ) GLOBAL_UNCERTAINTY_ASSIGNED_CONTEXT ( ( #5444 ) ) GLOBAL_UNIT_ASSIGNED_CONTEXT ( ( #2119, #5465, #2604 ) ) REPRESENTATION_CONTEXT ( 'NONE', 'WORKASPACE' ) );
#4849 = FACE_OUTER_BOUND ( 'NONE', #630, .T. ) ;
#4850 = ADVANCED_FACE ( 'NONE', ( #1606 ), #4943, .T. ) ;
#4851 = CARTESIAN_POINT ( 'NONE',  ( 2.999999999999998200, 5.799999999999999800, -4.999999999999995600 ) ) ;
#4852 = ORIENTED_EDGE ( 'NONE', *, *, #2255, .F. ) ;
#4853 = CARTESIAN_POINT ( 'NONE',  ( 0.5500000000000018200, 3.000000000000000400, -9.949999999999999300 ) ) ;
#4854 = CARTESIAN_POINT ( 'NONE',  ( 5.320240709957161600, 4.800000000000000700, 8.703600665524955800 ) ) ;
#4855 = PRESENTATION_STYLE_ASSIGNMENT (( #5777 ) ) ;
#4856 = MECHANICAL_DESIGN_GEOMETRIC_PRESENTATION_REPRESENTATION (  '', ( #3893 ), #5174 ) ;
#4857 = DIRECTION ( 'NONE',  ( -8.673617379884051200E-015, 0.0000000000000000000, -1.000000000000000000 ) ) ;
#4858 =( GEOMETRIC_REPRESENTATION_CONTEXT ( 3 ) GLOBAL_UNCERTAINTY_ASSIGNED_CONTEXT ( ( #309 ) ) GLOBAL_UNIT_ASSIGNED_CONTEXT ( ( #291, #3613, #751 ) ) REPRESENTATION_CONTEXT ( 'NONE', 'WORKASPACE' ) );
#4859 = FILL_AREA_STYLE_COLOUR ( '', #820 ) ;
#4860 = ORIENTED_EDGE ( 'NONE', *, *, #4781, .F. ) ;
#4861 = FACE_OUTER_BOUND ( 'NONE', #292, .T. ) ;
#4862 = COLOUR_RGB ( '',0.2509803921568627400, 0.2509803921568627400, 0.2509803921568627400 ) ;
#4863 = ORIENTED_EDGE ( 'NONE', *, *, #476, .F. ) ;
#4864 = STYLED_ITEM ( 'NONE', ( #3665 ), #1871 ) ;
#4865 = CARTESIAN_POINT ( 'NONE',  ( 9.800000000000000700, 5.800000000000000700, 4.800000000000003400 ) ) ;
#4866 = ORIENTED_EDGE ( 'NONE', *, *, #1352, .T. ) ;
#4867 = CARTESIAN_POINT ( 'NONE',  ( 4.594322988211933600, 5.000000000000000900, 10.24562854327899500 ) ) ;
#4868 = SURFACE_STYLE_USAGE ( .BOTH. , #1547 ) ;
#4869 = CARTESIAN_POINT ( 'NONE',  ( -3.999999999999996400, 1.350000000000000500, 7.000000000000002700 ) ) ;
#4870 = VECTOR ( 'NONE', #2934, 1000.000000000000000 ) ;
#4871 = ORIENTED_EDGE ( 'NONE', *, *, #5832, .F. ) ;
#4872 = SURFACE_STYLE_USAGE ( .BOTH. , #1550 ) ;
#4873 = CARTESIAN_POINT ( 'NONE',  ( 6.749999999999999100, 0.1999999999999987900, -5.299999999999992700 ) ) ;
#4874 = MECHANICAL_DESIGN_GEOMETRIC_PRESENTATION_REPRESENTATION (  '', ( #3597 ), #5195 ) ;
#4875 = DIRECTION ( 'NONE',  ( -1.000000000000000000, 0.0000000000000000000, 3.469446951953694300E-014 ) ) ;
#4876 = ORIENTED_EDGE ( 'NONE', *, *, #2828, .F. ) ;
#4878 = DIRECTION ( 'NONE',  ( 0.0000000000000000000, -1.000000000000000000, 0.0000000000000000000 ) ) ;
#4877 =( NAMED_UNIT ( * ) SI_UNIT ( $, .STERADIAN. ) SOLID_ANGLE_UNIT ( ) );
#4879 = EDGE_CURVE ( 'NONE', #5206, #4092, #3678, .T. ) ;
#4880 = VECTOR ( 'NONE', #670, 1000.000000000000000 ) ;
#4881 = VERTEX_POINT ( 'NONE', #1910 ) ;
#4882 = PLANE ( 'NONE',  #1376 ) ;
#4883 = VECTOR ( 'NONE', #776, 1000.000000000000000 ) ;
#4884 = SURFACE_SIDE_STYLE ('',( #4727 ) ) ;
#4885 = PRESENTATION_STYLE_ASSIGNMENT (( #3471 ) ) ;
#4886 = CARTESIAN_POINT ( 'NONE',  ( 3.332842712474616900, 6.000000000000000000, -5.099999999999995200 ) ) ;
#4887 = SURFACE_SIDE_STYLE ('',( #5793 ) ) ;
#4888 = MECHANICAL_DESIGN_GEOMETRIC_PRESENTATION_REPRESENTATION (  '', ( #3612 ), #5216 ) ;
#4889 = ORIENTED_EDGE ( 'NONE', *, *, #1256, .F. ) ;
#4890 = AXIS2_PLACEMENT_3D ( 'NONE', #4142, #4617, #1750 ) ;
#4891 = CARTESIAN_POINT ( 'NONE',  ( 8.049999999999998900, 1.499999999999998700, -10.99999999999999800 ) ) ;
#4892 = DIRECTION ( 'NONE',  ( 1.000000000000000000, -0.0000000000000000000, -0.0000000000000000000 ) ) ;
#4893 = LINE ( 'NONE', #4422, #942 ) ;
#4894 = VECTOR ( 'NONE', #883, 1000.000000000000000 ) ;
#4895 =( NAMED_UNIT ( * ) PLANE_ANGLE_UNIT ( ) SI_UNIT ( $, .RADIAN. ) );
#4896 = ORIENTED_EDGE ( 'NONE', *, *, #716, .F. ) ;
#4897 = VECTOR ( 'NONE', #5905, 1000.000000000000000 ) ;
#4898 = CYLINDRICAL_SURFACE ( 'NONE', #2646, 0.4999999999999995600 ) ;
#4899 = DIRECTION ( 'NONE',  ( 1.000000000000000000, 0.0000000000000000000, 0.0000000000000000000 ) ) ;
#4900 = DIRECTION ( 'NONE',  ( 0.0000000000000000000, 0.0000000000000000000, 1.000000000000000000 ) ) ;
#4901 = EDGE_LOOP ( 'NONE', ( #3951, #498, #455, #2172 ) ) ;
#4902 = EDGE_LOOP ( 'NONE', ( #873, #4187 ) ) ;
#4903 = CIRCLE ( 'NONE', #3831, 1.399999999999999200 ) ;
#4904 = CARTESIAN_POINT ( 'NONE',  ( 4.594322988211933600, 5.000000000000000900, 10.24562854327899500 ) ) ;
#4905 = ADVANCED_FACE ( 'NONE', ( #4809 ), #780, .T. ) ;
#4906 =( NAMED_UNIT ( * ) PLANE_ANGLE_UNIT ( ) SI_UNIT ( $, .RADIAN. ) );
#4907 = VERTEX_POINT ( 'NONE', #2366 ) ;
#4908 = CARTESIAN_POINT ( 'NONE',  ( 8.549999999999998900, 1.499999999999998000, -10.99999999999999800 ) ) ;
#4909 = EDGE_LOOP ( 'NONE', ( #2033, #2029, #957, #2488 ) ) ;
#4910 = DIRECTION ( 'NONE',  ( 0.0000000000000000000, 0.0000000000000000000, 1.000000000000000000 ) ) ;
#4911 = ORIENTED_EDGE ( 'NONE', *, *, #828, .T. ) ;
#4912 = DIRECTION ( 'NONE',  ( 0.0000000000000000000, 0.0000000000000000000, -1.000000000000000000 ) ) ;
#4913 =( NAMED_UNIT ( * ) SI_UNIT ( $, .STERADIAN. ) SOLID_ANGLE_UNIT ( ) );
#4914 = COLOUR_RGB ( '',0.2509803921568627400, 0.2509803921568627400, 0.2509803921568627400 ) ;
#4915 = AXIS2_PLACEMENT_3D ( 'NONE', #3368, #512, #3843 ) ;
#4916 = ORIENTED_EDGE ( 'NONE', *, *, #1775, .F. ) ;
#4917 = DIRECTION ( 'NONE',  ( 1.000000000000000000, 0.0000000000000000000, 0.0000000000000000000 ) ) ;
#4918 = DIRECTION ( 'NONE',  ( 0.0000000000000000000, 0.0000000000000000000, -1.000000000000000000 ) ) ;
#4919 = CYLINDRICAL_SURFACE ( 'NONE', #2258, 0.3999999999999993000 ) ;
#4920 = VECTOR ( 'NONE', #2906, 1000.000000000000000 ) ;
#4921 = LINE ( 'NONE', #4927, #1131 ) ;
#4922 = EDGE_LOOP ( 'NONE', ( #440, #5849, #4363, #895 ) ) ;
#4923 = CARTESIAN_POINT ( 'NONE',  ( 7.925129743375459900, 5.000000000000000000, 14.44441838603068400 ) ) ;
#4924 = AXIS2_PLACEMENT_3D ( 'NONE', #4932, #1424, #4937 ) ;
#4925 = SURFACE_SIDE_STYLE ('',( #329 ) ) ;
#4926 =( GEOMETRIC_REPRESENTATION_CONTEXT ( 3 ) GLOBAL_UNCERTAINTY_ASSIGNED_CONTEXT ( ( #618 ) ) GLOBAL_UNIT_ASSIGNED_CONTEXT ( ( #3328, #471, #3800 ) ) REPRESENTATION_CONTEXT ( 'NONE', 'WORKASPACE' ) );
#4927 = CARTESIAN_POINT ( 'NONE',  ( -6.749999999999997300, 0.2000000000000005100, -5.299999999999994500 ) ) ;
#4928 = CIRCLE ( 'NONE', #2384, 0.3999999999999993000 ) ;
#4929 = CARTESIAN_POINT ( 'NONE',  ( -3.249999999999997800, 0.1999999999999987900, -5.299999999999995400 ) ) ;
#4930 = EDGE_CURVE ( 'NONE', #2199, #218, #4429, .T. ) ;
#4931 = EDGE_LOOP ( 'NONE', ( #4623, #4830, #1072, #4800 ) ) ;
#4932 = CARTESIAN_POINT ( 'NONE',  ( 5.000000000000001800, 0.1999999999999996500, -2.817398742541499200 ) ) ;
#4933 = COLOUR_RGB ( '',1.000000000000000000, 0.0000000000000000000, 0.0000000000000000000 ) ;
#4934 = ADVANCED_FACE ( 'NONE', ( #3172 ), #5102, .T. ) ;
#4935 = VERTEX_POINT ( 'NONE', #534 ) ;
#4936 = SURFACE_STYLE_USAGE ( .BOTH. , #1530 ) ;
#4937 = DIRECTION ( 'NONE',  ( 0.0000000000000000000, 0.0000000000000000000, -1.000000000000000000 ) ) ;
#4938 = UNCERTAINTY_MEASURE_WITH_UNIT (LENGTH_MEASURE( 1.000000000000000100E-005 ), #4223, 'distance_accuracy_value', 'NONE');
#4939 = SURFACE_SIDE_STYLE ('',( #3919 ) ) ;
#4940 = ORIENTED_EDGE ( 'NONE', *, *, #107, .F. ) ;
#4941 = PRESENTATION_LAYER_ASSIGNMENT (  '', '', ( #4290 ) ) ;
#4942 = CARTESIAN_POINT ( 'NONE',  ( 5.883578643762663600, 0.0000000000000000000, -5.883578643762704500 ) ) ;
#4943 = SPHERICAL_SURFACE ( 'NONE', #5566, 0.2000000000000000100 ) ;
#4944 = CIRCLE ( 'NONE', #1067, 0.3999999999999993000 ) ;
#4945 = DIRECTION ( 'NONE',  ( 0.0000000000000000000, -1.000000000000000000, 0.0000000000000000000 ) ) ;
#4946 = ORIENTED_EDGE ( 'NONE', *, *, #4391, .F. ) ;
#4947 = DIRECTION ( 'NONE',  ( -0.0000000000000000000, -1.000000000000000000, 0.0000000000000000000 ) ) ;
#4948 = AXIS2_PLACEMENT_3D ( 'NONE', #3848, #60, #3391 ) ;
#4949 = VECTOR ( 'NONE', #1811, 1000.000000000000000 ) ;
#4950 = VERTEX_POINT ( 'NONE', #4332 ) ;
#4951 = DIRECTION ( 'NONE',  ( 1.000000000000000000, 0.0000000000000000000, 0.0000000000000000000 ) ) ;
#4952 = EDGE_CURVE ( 'NONE', #1616, #4161, #1464, .T. ) ;
#4953 = CYLINDRICAL_SURFACE ( 'NONE', #2655, 0.1999999999999996800 ) ;
#4954 =( GEOMETRIC_REPRESENTATION_CONTEXT ( 3 ) GLOBAL_UNCERTAINTY_ASSIGNED_CONTEXT ( ( #2109 ) ) GLOBAL_UNIT_ASSIGNED_CONTEXT ( ( #4384, #1555, #4877 ) ) REPRESENTATION_CONTEXT ( 'NONE', 'WORKASPACE' ) );
#4955 = SURFACE_SIDE_STYLE ('',( #3490 ) ) ;
#4956 = ADVANCED_FACE ( 'NONE', ( #3992 ), #2117, .T. ) ;
#4957 = ORIENTED_EDGE ( 'NONE', *, *, #1635, .T. ) ;
#4958 = DIRECTION ( 'NONE',  ( 0.0000000000000000000, -1.000000000000000000, 0.0000000000000000000 ) ) ;
#4959 = FILL_AREA_STYLE ('',( #6057 ) ) ;
#4960 = AXIS2_PLACEMENT_3D ( 'NONE', #1691, #3121, #277 ) ;
#4961 = PRESENTATION_LAYER_ASSIGNMENT (  '', '', ( #5305 ) ) ;
#4962 = ORIENTED_EDGE ( 'NONE', *, *, #2570, .T. ) ;
#4963 = CARTESIAN_POINT ( 'NONE',  ( 3.082842712474617400, 6.000000000000000000, -5.015685424949230900 ) ) ;
#4964 = ORIENTED_EDGE ( 'NONE', *, *, #2455, .F. ) ;
#4965 = FACE_OUTER_BOUND ( 'NONE', #3768, .T. ) ;
#4966 = CARTESIAN_POINT ( 'NONE',  ( -2.999999999999997800, 0.1999999999999987900, -5.049999999999994500 ) ) ;
#4967 = DIRECTION ( 'NONE',  ( 0.0000000000000000000, -1.000000000000000000, 0.0000000000000000000 ) ) ;
#4968 = ORIENTED_EDGE ( 'NONE', *, *, #762, .F. ) ;
#4969 = EDGE_LOOP ( 'NONE', ( #2603, #2955, #5127, #662 ) ) ;
#4970 = CARTESIAN_POINT ( 'NONE',  ( -6.917157287525379100, 7.173814858237162400E-018, -5.015685424949229100 ) ) ;
#4971 = COLOUR_RGB ( '',0.2509803921568627400, 0.2509803921568627400, 0.2509803921568627400 ) ;
#4973 =( NAMED_UNIT ( * ) SI_UNIT ( $, .STERADIAN. ) SOLID_ANGLE_UNIT ( ) );
#4972 = SURFACE_STYLE_USAGE ( .BOTH. , #1647 ) ;
#4974 = UNCERTAINTY_MEASURE_WITH_UNIT (LENGTH_MEASURE( 1.000000000000000100E-005 ), #1924, 'distance_accuracy_value', 'NONE');
#4975 = AXIS2_PLACEMENT_3D ( 'NONE', #5846, #2999, #156 ) ;
#4976 = PRODUCT_DEFINITION_SHAPE ( 'NONE', 'NONE',  #4826 ) ;
#4977 = ORIENTED_EDGE ( 'NONE', *, *, #2065, .T. ) ;
#4978 = VERTEX_POINT ( 'NONE', #1991 ) ;
#4979 = CYLINDRICAL_SURFACE ( 'NONE', #2821, 0.1999999999999996500 ) ;
#4980 = CARTESIAN_POINT ( 'NONE',  ( 10.67132034355964300, 3.000000000000000400, -9.199999999999997500 ) ) ;
#4981 = DIRECTION ( 'NONE',  ( 0.7071067811865492400, 0.0000000000000000000, -0.7071067811865458000 ) ) ;
#4982 = VERTEX_POINT ( 'NONE', #1023 ) ;
#4983 = PRESENTATION_LAYER_ASSIGNMENT (  '', '', ( #4033 ) ) ;
#4984 = FACE_BOUND ( 'NONE', #4097, .T. ) ;
#4985 = DIRECTION ( 'NONE',  ( 0.0000000000000000000, -1.000000000000000000, 0.0000000000000000000 ) ) ;
#4986 = SURFACE_STYLE_FILL_AREA ( #3578 ) ;
#4987 = DIRECTION ( 'NONE',  ( -1.223120689731756600E-016, 1.000000000000000000, 0.0000000000000000000 ) ) ;
#4988 = VERTEX_POINT ( 'NONE', #2957 ) ;
#4989 = CARTESIAN_POINT ( 'NONE',  ( 0.5500000000000018200, 4.000000000000001800, -10.99999999999999800 ) ) ;
#4990 = ADVANCED_FACE ( 'NONE', ( #3389 ), #5342, .T. ) ;
#4991 = EDGE_CURVE ( 'NONE', #5146, #2543, #5915, .T. ) ;
#4992 = AXIS2_PLACEMENT_3D ( 'NONE', #2914, #3404, #5330 ) ;
#4993 = FACE_BOUND ( 'NONE', #5578, .T. ) ;
#4994 = DIRECTION ( 'NONE',  ( 0.0000000000000000000, 0.0000000000000000000, 1.000000000000000000 ) ) ;
#4996 = DIRECTION ( 'NONE',  ( -0.0000000000000000000, -1.000000000000000000, -0.0000000000000000000 ) ) ;
#4995 = CARTESIAN_POINT ( 'NONE',  ( 6.715685424949234600, 6.000000000000000000, -5.217157287525374400 ) ) ;
#4997 = PRESENTATION_STYLE_ASSIGNMENT (( #4658 ) ) ;
#4998 = CARTESIAN_POINT ( 'NONE',  ( 7.925129743375459900, 4.399999999999999500, 14.04441838603068500 ) ) ;
#4999 = AXIS2_PLACEMENT_3D ( 'NONE', #3455, #4621, #5364 ) ;
#5000 = DIRECTION ( 'NONE',  ( -1.734723475976806800E-016, -0.0000000000000000000, 1.000000000000000000 ) ) ;
#5001 =( GEOMETRIC_REPRESENTATION_CONTEXT ( 3 ) GLOBAL_UNCERTAINTY_ASSIGNED_CONTEXT ( ( #3575 ) ) GLOBAL_UNIT_ASSIGNED_CONTEXT ( ( #688, #4036, #1197 ) ) REPRESENTATION_CONTEXT ( 'NONE', 'WORKASPACE' ) );
#5002 = LINE ( 'NONE', #2964, #3732 ) ;
#5003 = EDGE_LOOP ( 'NONE', ( #6034, #1324, #5969, #5610 ) ) ;
#5004 = DIRECTION ( 'NONE',  ( 0.0000000000000000000, 1.000000000000000000, 0.0000000000000000000 ) ) ;
#5005 = CARTESIAN_POINT ( 'NONE',  ( 0.0000000000000000000, 5.800000000000000700, 4.800000000000003400 ) ) ;
#5006 = UNCERTAINTY_MEASURE_WITH_UNIT (LENGTH_MEASURE( 1.000000000000000100E-005 ), #3463, 'distance_accuracy_value', 'NONE');
#5007 = CARTESIAN_POINT ( 'NONE',  ( 9.800000000000000700, 0.0000000000000000000, 4.800000000000003400 ) ) ;
#5008 = VECTOR ( 'NONE', #5314, 1000.000000000000000 ) ;
#5009 = ORIENTED_EDGE ( 'NONE', *, *, #5601, .F. ) ;
#5010 = EDGE_CURVE ( 'NONE', #1697, #772, #4657, .T. ) ;
#5011 = CARTESIAN_POINT ( 'NONE',  ( 8.049999999999998900, 1.499999999999998700, -4.999999999999997300 ) ) ;
#5013 = FILL_AREA_STYLE_COLOUR ( '', #4557 ) ;
#5012 = SURFACE_SIDE_STYLE ('',( #3990 ) ) ;
#5014 = ORIENTED_EDGE ( 'NONE', *, *, #2774, .T. ) ;
#5015 = AXIS2_PLACEMENT_3D ( 'NONE', #2147, #5489, #2635 ) ;
#5016 = ADVANCED_FACE ( 'NONE', ( #857 ), #4375, .F. ) ;
#5017 = CARTESIAN_POINT ( 'NONE',  ( -2.999999999999997300, 0.1999999999999987900, -4.999999999999996400 ) ) ;
#5018 = FILL_AREA_STYLE_COLOUR ( '', #3135 ) ;
#5019 = VECTOR ( 'NONE', #1132, 1000.000000000000100 ) ;
#5020 = ORIENTED_EDGE ( 'NONE', *, *, #5493, .T. ) ;
#5021 = CYLINDRICAL_SURFACE ( 'NONE', #6153, 0.2000000000000000900 ) ;
#5022 = CARTESIAN_POINT ( 'NONE',  ( 4.597950566644231100, 4.999975325504074400, 10.56862096751856800 ) ) ;
#5023 = CYLINDRICAL_SURFACE ( 'NONE', #1342, 0.1999999999999996500 ) ;
#5024 = MECHANICAL_DESIGN_GEOMETRIC_PRESENTATION_REPRESENTATION (  '', ( #4380 ), #5363 ) ;
#5025 = CARTESIAN_POINT ( 'NONE',  ( 4.794322988211932900, 1.000000000000000000, 10.64445322740529100 ) ) ;
#5026 = ORIENTED_EDGE ( 'NONE', *, *, #4456, .T. ) ;
#5027 = CARTESIAN_POINT ( 'NONE',  ( 10.67132034355964300, 3.000000000000000400, -9.199999999999997500 ) ) ;
#5028 = PRESENTATION_STYLE_ASSIGNMENT (( #2762 ) ) ;
#5029 = VECTOR ( 'NONE', #4178, 1000.000000000000000 ) ;
#5030 = CARTESIAN_POINT ( 'NONE',  ( -0.3328427124746173300, 5.800000000000000700, 5.300000000000003400 ) ) ;
#5031 = EDGE_CURVE ( 'NONE', #2772, #5792, #410, .T. ) ;
#5032 = ORIENTED_EDGE ( 'NONE', *, *, #5293, .T. ) ;
#5033 = AXIS2_PLACEMENT_3D ( 'NONE', #788, #3666, #810 ) ;
#5034 = EDGE_CURVE ( 'NONE', #4950, #304, #4059, .T. ) ;
#5035 = EDGE_LOOP ( 'NONE', ( #881, #1210, #1553, #3421 ) ) ;
#5036 = LINE ( 'NONE', #3550, #4897 ) ;
#5037 = FACE_OUTER_BOUND ( 'NONE', #4373, .T. ) ;
#5038 = SURFACE_STYLE_USAGE ( .BOTH. , #1702 ) ;
#5039 = CARTESIAN_POINT ( 'NONE',  ( 8.550000000000004300, 4.499999999999997300, -10.50000000000000000 ) ) ;
#5040 = CARTESIAN_POINT ( 'NONE',  ( 5.000000000000001800, 6.000000000000000000, -2.817398742541499200 ) ) ;
#5041 = ORIENTED_EDGE ( 'NONE', *, *, #1790, .F. ) ;
#5042 = CARTESIAN_POINT ( 'NONE',  ( -3.199999999999997100, 6.000000000000000000, -4.967157287525375300 ) ) ;
#5043 = EDGE_CURVE ( 'NONE', #4547, #3035, #5341, .T. ) ;
#5044 = ORIENTED_EDGE ( 'NONE', *, *, #1014, .T. ) ;
#5045 = AXIS2_PLACEMENT_3D ( 'NONE', #2399, #1280, #1876 ) ;
#5046 = COLOUR_RGB ( '',0.2509803921568627400, 0.2509803921568627400, 0.2509803921568627400 ) ;
#5047 = MECHANICAL_DESIGN_GEOMETRIC_PRESENTATION_REPRESENTATION (  '', ( #4407 ), #5380 ) ;
#5048 = DIRECTION ( 'NONE',  ( -1.000000000000000000, -0.0000000000000000000, -0.0000000000000000000 ) ) ;
#5049 = VERTEX_POINT ( 'NONE', #5864 ) ;
#5050 = DIRECTION ( 'NONE',  ( 1.000000000000000000, 0.0000000000000000000, 0.0000000000000000000 ) ) ;
#5051 = EDGE_LOOP ( 'NONE', ( #5582, #1171, #3188, #964 ) ) ;
#5052 = DIRECTION ( 'NONE',  ( -0.0000000000000000000, 0.0000000000000000000, -1.000000000000000000 ) ) ;
#5053 = ADVANCED_FACE ( 'NONE', ( #1672 ), #1386, .F. ) ;
#5054 = SURFACE_STYLE_FILL_AREA ( #3749 ) ;
#5055 = DIRECTION ( 'NONE',  ( 0.0000000000000000000, 0.0000000000000000000, -1.000000000000000000 ) ) ;
#5056 = UNCERTAINTY_MEASURE_WITH_UNIT (LENGTH_MEASURE( 1.000000000000000100E-005 ), #1569, 'distance_accuracy_value', 'NONE');
#5057 = ORIENTED_EDGE ( 'NONE', *, *, #2425, .F. ) ;
#5058 = DIRECTION ( 'NONE',  ( 0.7071067811865494600, 0.0000000000000000000, -0.7071067811865455700 ) ) ;
#5059 =( LENGTH_UNIT ( ) NAMED_UNIT ( * ) SI_UNIT ( .MILLI., .METRE. ) );
#5060 =( GEOMETRIC_REPRESENTATION_CONTEXT ( 3 ) GLOBAL_UNCERTAINTY_ASSIGNED_CONTEXT ( ( #1659 ) ) GLOBAL_UNIT_ASSIGNED_CONTEXT ( ( #1792, #5142, #2279 ) ) REPRESENTATION_CONTEXT ( 'NONE', 'WORKASPACE' ) );
#5061 = VECTOR ( 'NONE', #3623, 1000.000000000000000 ) ;
#5062 = VECTOR ( 'NONE', #2677, 1000.000000000000000 ) ;
#5063 = ORIENTED_EDGE ( 'NONE', *, *, #5208, .F. ) ;
#5064 = PLANE ( 'NONE',  #4767 ) ;
#5065 = DIRECTION ( 'NONE',  ( 1.000000000000000000, 0.0000000000000000000, -0.0000000000000000000 ) ) ;
#5066 = CIRCLE ( 'NONE', #983, 0.3999999999999993000 ) ;
#5067 = VECTOR ( 'NONE', #2388, 1000.000000000000000 ) ;
#5068 = EDGE_CURVE ( 'NONE', #1692, #461, #3910, .T. ) ;
#5069 = FILL_AREA_STYLE ('',( #5955 ) ) ;
#5070 = VECTOR ( 'NONE', #3928, 1000.000000000000000 ) ;
#5071 = MECHANICAL_DESIGN_GEOMETRIC_PRESENTATION_REPRESENTATION (  '', ( #4424 ), #5394 ) ;
#5072 = ORIENTED_EDGE ( 'NONE', *, *, #3086, .T. ) ;
#5073 = CARTESIAN_POINT ( 'NONE',  ( 6.800000000000001600, 6.000000000000000000, -5.049999999999999800 ) ) ;
#5074 = FACE_OUTER_BOUND ( 'NONE', #1917, .T. ) ;
#5075 = CARTESIAN_POINT ( 'NONE',  ( 1.050000000000002300, 1.499999999999999100, -10.49999999999999600 ) ) ;
#5076 = ORIENTED_EDGE ( 'NONE', *, *, #1789, .T. ) ;
#5077 = EDGE_CURVE ( 'NONE', #2252, #4297, #5184, .T. ) ;
#5078 = AXIS2_PLACEMENT_3D ( 'NONE', #3215, #364, #3686 ) ;
#5079 = CYLINDRICAL_SURFACE ( 'NONE', #4334, 1.199999999999999700 ) ;
#5080 = CARTESIAN_POINT ( 'NONE',  ( -0.1999999999999979800, 0.0000000000000000000, 5.167157287525383500 ) ) ;
#5081 = FACE_OUTER_BOUND ( 'NONE', #4382, .T. ) ;
#5082 = ORIENTED_EDGE ( 'NONE', *, *, #2200, .T. ) ;
#5083 = ADVANCED_FACE ( 'NONE', ( #112 ), #5882, .T. ) ;
#5084 = STYLED_ITEM ( 'NONE', ( #997 ), #5530 ) ;
#5085 = COLOUR_RGB ( '',0.2509803921568627400, 0.2509803921568627400, 0.2509803921568627400 ) ;
#5086 = EDGE_LOOP ( 'NONE', ( #4820, #1912, #2080 ) ) ;
#5087 = CARTESIAN_POINT ( 'NONE',  ( -3.199999999999954000, -0.0000000000000000000, 2.775557561562964600E-014 ) ) ;
#5088 = UNCERTAINTY_MEASURE_WITH_UNIT (LENGTH_MEASURE( 1.000000000000000100E-005 ), #2972, 'distance_accuracy_value', 'NONE');
#5089 = FACE_OUTER_BOUND ( 'NONE', #2662, .T. ) ;
#5090 = CARTESIAN_POINT ( 'NONE',  ( -9.999999999999996400, 5.800000000000000700, -4.999999999999997300 ) ) ;
#5091 = EDGE_LOOP ( 'NONE', ( #2359, #308, #635, #1264 ) ) ;
#5092 = PLANE ( 'NONE',  #3774 ) ;
#5093 =( NAMED_UNIT ( * ) PLANE_ANGLE_UNIT ( ) SI_UNIT ( $, .RADIAN. ) );
#5094 = MECHANICAL_DESIGN_GEOMETRIC_PRESENTATION_REPRESENTATION (  '', ( #4459 ), #5425 ) ;
#5095 = EDGE_CURVE ( 'NONE', #2672, #4062, #2484, .T. ) ;
#5096 = ORIENTED_EDGE ( 'NONE', *, *, #3243, .T. ) ;
#5098 = SURFACE_SIDE_STYLE ('',( #2694 ) ) ;
#5097 = DIRECTION ( 'NONE',  ( -1.000000000000000000, 0.0000000000000000000, 0.0000000000000000000 ) ) ;
#5099 = CARTESIAN_POINT ( 'NONE',  ( -3.199999999999998000, 6.000000000000000000, -5.049999999999992700 ) ) ;
#5100 = LINE ( 'NONE', #4465, #4949 ) ;
#5101 = EDGE_LOOP ( 'NONE', ( #5076, #3645, #3026, #5044 ) ) ;
#5102 = CYLINDRICAL_SURFACE ( 'NONE', #3212, 0.1999999999999996800 ) ;
#5103 = AXIS2_PLACEMENT_3D ( 'NONE', #1980, #5327, #2458 ) ;
#5104 = ORIENTED_EDGE ( 'NONE', *, *, #5417, .T. ) ;
#5105 = CARTESIAN_POINT ( 'NONE',  ( 7.925129743375459900, 5.000000000000000000, 14.04441838603068500 ) ) ;
#5106 = DIRECTION ( 'NONE',  ( -0.0000000000000000000, -1.000000000000000000, -0.0000000000000000000 ) ) ;
#5107 = FACE_OUTER_BOUND ( 'NONE', #5353, .T. ) ;
#5108 = FACE_OUTER_BOUND ( 'NONE', #2781, .T. ) ;
#5109 = EDGE_LOOP ( 'NONE', ( #3574, #4805, #569, #5922 ) ) ;
#5110 =( LENGTH_UNIT ( ) NAMED_UNIT ( * ) SI_UNIT ( .MILLI., .METRE. ) );
#5111 = EDGE_CURVE ( 'NONE', #3279, #3360, #6155, .T. ) ;
#5112 = EDGE_CURVE ( 'NONE', #4982, #5049, #2647, .T. ) ;
#5113 = COLOUR_RGB ( '',0.2509803921568627400, 0.2509803921568627400, 0.2509803921568627400 ) ;
#5114 = CARTESIAN_POINT ( 'NONE',  ( 0.5500000000000018200, 4.499999999999999100, -10.99999999999999800 ) ) ;
#5115 = FILL_AREA_STYLE ('',( #6048 ) ) ;
#5116 = ORIENTED_EDGE ( 'NONE', *, *, #4162, .T. ) ;
#5117 = EDGE_LOOP ( 'NONE', ( #5226, #5564, #6163, #1705 ) ) ;
#5118 = ORIENTED_EDGE ( 'NONE', *, *, #2714, .T. ) ;
#5119 = CARTESIAN_POINT ( 'NONE',  ( -6.699999999999995700, 1.000000000000000000, 5.500000000000003600 ) ) ;
#5120 = LINE ( 'NONE', #5736, #1327 ) ;
#5122 = CARTESIAN_POINT ( 'NONE',  ( 8.550000000000004300, 4.000000000000000900, -10.99999999999999800 ) ) ;
#5121 = SURFACE_STYLE_USAGE ( .BOTH. , #1779 ) ;
#5123 =( GEOMETRIC_REPRESENTATION_CONTEXT ( 3 ) GLOBAL_UNCERTAINTY_ASSIGNED_CONTEXT ( ( #4074 ) ) GLOBAL_UNIT_ASSIGNED_CONTEXT ( ( #2043, #2817, #6124 ) ) REPRESENTATION_CONTEXT ( 'NONE', 'WORKASPACE' ) );
#5124 = DIRECTION ( 'NONE',  ( 0.0000000000000000000, 0.0000000000000000000, -1.000000000000000000 ) ) ;
#5125 = AXIS2_PLACEMENT_3D ( 'NONE', #1968, #3868, #1529 ) ;
#5126 = EDGE_LOOP ( 'NONE', ( #4006, #3000, #4710, #4011 ) ) ;
#5127 = ORIENTED_EDGE ( 'NONE', *, *, #5651, .T. ) ;
#5128 = CARTESIAN_POINT ( 'NONE',  ( 2.527739922137633100E-015, 0.2000000000000000100, -5.099999999999997000 ) ) ;
#5129 = LINE ( 'NONE', #994, #1331 ) ;
#5130 = CARTESIAN_POINT ( 'NONE',  ( -6.799999999999824900, 5.800000000000000700, 2.359223927328451600E-013 ) ) ;
#5131 = DIRECTION ( 'NONE',  ( 0.0000000000000000000, 0.0000000000000000000, -1.000000000000000000 ) ) ;
#5132 = CARTESIAN_POINT ( 'NONE',  ( 5.000197376121189300, 4.800000000000000700, 10.35623609131637400 ) ) ;
#5133 = VERTEX_POINT ( 'NONE', #4490 ) ;
#5134 = PRODUCT_DEFINITION_FORMATION_WITH_SPECIFIED_SOURCE ( 'ANY', '', #1952, .NOT_KNOWN. ) ;
#5135 = DIRECTION ( 'NONE',  ( 0.0000000000000000000, -1.000000000000000000, 0.0000000000000000000 ) ) ;
#5136 = DIRECTION ( 'NONE',  ( 0.0000000000000000000, 1.000000000000000000, 0.0000000000000000000 ) ) ;
#5137 = UNCERTAINTY_MEASURE_WITH_UNIT (LENGTH_MEASURE( 1.000000000000000100E-005 ), #527, 'distance_accuracy_value', 'NONE');
#5138 = FACE_BOUND ( 'NONE', #499, .T. ) ;
#5139 = DIRECTION ( 'NONE',  ( -1.000000000000000000, 0.0000000000000000000, 0.0000000000000000000 ) ) ;
#5140 = ORIENTED_EDGE ( 'NONE', *, *, #796, .F. ) ;
#5141 = ORIENTED_EDGE ( 'NONE', *, *, #1352, .F. ) ;
#5142 =( NAMED_UNIT ( * ) PLANE_ANGLE_UNIT ( ) SI_UNIT ( $, .RADIAN. ) );
#5143 = CARTESIAN_POINT ( 'NONE',  ( 1.050000000000002300, 4.000000000000000900, -10.99999999999999800 ) ) ;
#5144 = VECTOR ( 'NONE', #2098, 1000.000000000000000 ) ;
#5145 = DIRECTION ( 'NONE',  ( 0.0000000000000000000, 0.0000000000000000000, 1.000000000000000000 ) ) ;
#5146 = VERTEX_POINT ( 'NONE', #1174 ) ;
#5148 = DIRECTION ( 'NONE',  ( 0.9871135021449105600, -0.0000000000000000000, 0.1600216669179819200 ) ) ;
#5147 = DIRECTION ( 'NONE',  ( -1.223120689731756600E-016, 1.000000000000000000, 0.0000000000000000000 ) ) ;
#5149 =( NAMED_UNIT ( * ) SI_UNIT ( $, .STERADIAN. ) SOLID_ANGLE_UNIT ( ) );
#5150 = DIRECTION ( 'NONE',  ( 1.000000000000000000, -1.734723475976805500E-015, 0.0000000000000000000 ) ) ;
#5151 = VECTOR ( 'NONE', #5222, 1000.000000000000000 ) ;
#5152 = COLOUR_RGB ( '',0.2509803921568627400, 0.2509803921568627400, 0.2509803921568627400 ) ;
#5153 = VECTOR ( 'NONE', #4310, 1000.000000000000000 ) ;
#5154 = ORIENTED_EDGE ( 'NONE', *, *, #1301, .F. ) ;
#5155 = CARTESIAN_POINT ( 'NONE',  ( -2.999999999999997800, 5.799999999999999800, -5.049999999999994500 ) ) ;
#5156 = DIRECTION ( 'NONE',  ( 0.0000000000000000000, 0.0000000000000000000, -1.000000000000000000 ) ) ;
#5157 = FACE_BOUND ( 'NONE', #5117, .T. ) ;
#5158 = COLOUR_RGB ( '',0.2509803921568627400, 0.2509803921568627400, 0.2509803921568627400 ) ;
#5159 = AXIS2_PLACEMENT_3D ( 'NONE', #2627, #5944, #1679 ) ;
#5160 = LINE ( 'NONE', #5114, #247 ) ;
#5161 = EDGE_LOOP ( 'NONE', ( #4008, #3060, #1020, #504 ) ) ;
#5162 = SURFACE_STYLE_USAGE ( .BOTH. , #2537 ) ;
#5163 =( NAMED_UNIT ( * ) SI_UNIT ( $, .STERADIAN. ) SOLID_ANGLE_UNIT ( ) );
#5164 = VECTOR ( 'NONE', #2436, 1000.000000000000000 ) ;
#5165 = DIRECTION ( 'NONE',  ( -0.3602384707422406400, 0.0000000000000000000, 0.9328602490176606300 ) ) ;
#5166 = DIRECTION ( 'NONE',  ( -0.7071067811865492400, 0.0000000000000000000, -0.7071067811865458000 ) ) ;
#5167 = EDGE_CURVE ( 'NONE', #1196, #5629, #2336, .T. ) ;
#5168 = STYLED_ITEM ( 'NONE', ( #1611 ), #4619 ) ;
#5169 = CARTESIAN_POINT ( 'NONE',  ( 9.800000000000000700, 5.800000000000000700, -4.999999999999997300 ) ) ;
#5170 = COLOUR_RGB ( '',1.000000000000000000, 0.0000000000000000000, 0.0000000000000000000 ) ;
#5171 = ORIENTED_EDGE ( 'NONE', *, *, #4781, .T. ) ;
#5172 = ORIENTED_EDGE ( 'NONE', *, *, #893, .T. ) ;
#5173 = DIRECTION ( 'NONE',  ( 2.168404344971008900E-016, -1.000000000000000000, 8.373630090956935100E-017 ) ) ;
#5174 =( GEOMETRIC_REPRESENTATION_CONTEXT ( 3 ) GLOBAL_UNCERTAINTY_ASSIGNED_CONTEXT ( ( #5241 ) ) GLOBAL_UNIT_ASSIGNED_CONTEXT ( ( #3308, #5355, #1545 ) ) REPRESENTATION_CONTEXT ( 'NONE', 'WORKASPACE' ) );
#5175 = CARTESIAN_POINT ( 'NONE',  ( -9.799999999999995400, 0.2000000000000000100, 5.300000000000003400 ) ) ;
#5176 = UNCERTAINTY_MEASURE_WITH_UNIT (LENGTH_MEASURE( 1.000000000000000100E-005 ), #1514, 'distance_accuracy_value', 'NONE');
#5177 = PRESENTATION_LAYER_ASSIGNMENT (  '', '', ( #5494 ) ) ;
#5178 = DIRECTION ( 'NONE',  ( 1.000000000000000000, -0.0000000000000000000, -0.0000000000000000000 ) ) ;
#5179 = COLOUR_RGB ( '',0.2509803921568627400, 0.2509803921568627400, 0.2509803921568627400 ) ;
#5180 = DIRECTION ( 'NONE',  ( -0.7071067811865500200, -0.0000000000000000000, -0.7071067811865451300 ) ) ;
#5181 = SURFACE_STYLE_FILL_AREA ( #868 ) ;
#5182 = COLOUR_RGB ( '',0.2509803921568627400, 0.2509803921568627400, 0.2509803921568627400 ) ;
#5183 = VECTOR ( 'NONE', #5584, 1000.000000000000000 ) ;
#5184 = LINE ( 'NONE', #4450, #5019 ) ;
#5185 = ORIENTED_EDGE ( 'NONE', *, *, #2398, .T. ) ;
#5186 = CARTESIAN_POINT ( 'NONE',  ( 7.000000000000001800, 0.08284271247461799700, -5.049999999999991800 ) ) ;
#5187 = AXIS2_PLACEMENT_3D ( 'NONE', #3602, #2641, #737 ) ;
#5188 = VECTOR ( 'NONE', #3513, 1000.000000000000000 ) ;
#5190 = CARTESIAN_POINT ( 'NONE',  ( -0.8835786437626803600, 5.800000000000000700, -0.8835786437626758100 ) ) ;
#5189 = CARTESIAN_POINT ( 'NONE',  ( 6.799999999999998900, 6.000000000000000000, -4.967157287525375300 ) ) ;
#5191 = ORIENTED_EDGE ( 'NONE', *, *, #3812, .F. ) ;
#5192 = ORIENTED_EDGE ( 'NONE', *, *, #597, .F. ) ;
#5193 = LINE ( 'NONE', #3549, #1398 ) ;
#5194 = ADVANCED_FACE ( 'NONE', ( #5987, #1235 ), #5921, .F. ) ;
#5195 =( GEOMETRIC_REPRESENTATION_CONTEXT ( 3 ) GLOBAL_UNCERTAINTY_ASSIGNED_CONTEXT ( ( #4215 ) ) GLOBAL_UNIT_ASSIGNED_CONTEXT ( ( #5992, #3153, #307 ) ) REPRESENTATION_CONTEXT ( 'NONE', 'WORKASPACE' ) );
#5196 =( LENGTH_UNIT ( ) NAMED_UNIT ( * ) SI_UNIT ( .MILLI., .METRE. ) );
#5197 = DIRECTION ( 'NONE',  ( 0.0000000000000000000, -0.0000000000000000000, -1.000000000000000000 ) ) ;
#5198 =( NAMED_UNIT ( * ) PLANE_ANGLE_UNIT ( ) SI_UNIT ( $, .RADIAN. ) );
#5199 = ORIENTED_EDGE ( 'NONE', *, *, #765, .T. ) ;
#5200 = DIRECTION ( 'NONE',  ( -1.000000000000000000, 0.0000000000000000000, 0.0000000000000000000 ) ) ;
#5201 = EDGE_CURVE ( 'NONE', #491, #5550, #5549, .T. ) ;
#5202 = FACE_OUTER_BOUND ( 'NONE', #2648, .T. ) ;
#5203 = EDGE_CURVE ( 'NONE', #2871, #2883, #621, .T. ) ;
#5204 = ORIENTED_EDGE ( 'NONE', *, *, #6148, .F. ) ;
#5205 = DIRECTION ( 'NONE',  ( 0.0000000000000000000, -1.000000000000000000, 0.0000000000000000000 ) ) ;
#5206 = VERTEX_POINT ( 'NONE', #713 ) ;
#5207 = SURFACE_SIDE_STYLE ('',( #1710 ) ) ;
#5208 = EDGE_CURVE ( 'NONE', #1806, #2282, #4266, .T. ) ;
#5209 = ORIENTED_EDGE ( 'NONE', *, *, #4307, .T. ) ;
#5210 = DIRECTION ( 'NONE',  ( 0.0000000000000000000, 0.0000000000000000000, -1.000000000000000000 ) ) ;
#5211 = CARTESIAN_POINT ( 'NONE',  ( 5.917643197515396900, 1.499999999999999600, 15.89182909767781000 ) ) ;
#5212 = EDGE_LOOP ( 'NONE', ( #1598, #753, #1412, #4138 ) ) ;
#5214 = FILL_AREA_STYLE ('',( #3756 ) ) ;
#5213 = CARTESIAN_POINT ( 'NONE',  ( 7.925129743375459900, 1.600000000000000100, 14.44441838603068400 ) ) ;
#5215 = UNCERTAINTY_MEASURE_WITH_UNIT (LENGTH_MEASURE( 1.000000000000000100E-005 ), #2078, 'distance_accuracy_value', 'NONE');
#5216 =( GEOMETRIC_REPRESENTATION_CONTEXT ( 3 ) GLOBAL_UNCERTAINTY_ASSIGNED_CONTEXT ( ( #76 ) ) GLOBAL_UNIT_ASSIGNED_CONTEXT ( ( #754, #4095, #1249 ) ) REPRESENTATION_CONTEXT ( 'NONE', 'WORKASPACE' ) );
#5217 = LINE ( 'NONE', #5635, #1415 ) ;
#5218 = CARTESIAN_POINT ( 'NONE',  ( 9.975129743375461500, 4.399999999999999500, 14.44441838603068400 ) ) ;
#5219 = AXIS2_PLACEMENT_3D ( 'NONE', #3695, #846, #4184 ) ;
#5220 = ORIENTED_EDGE ( 'NONE', *, *, #2775, .F. ) ;
#5221 = DIRECTION ( 'NONE',  ( -1.000000000000000000, 0.0000000000000000000, 0.0000000000000000000 ) ) ;
#5222 = DIRECTION ( 'NONE',  ( 0.0000000000000000000, -1.000000000000000000, 0.0000000000000000000 ) ) ;
#5223 = CARTESIAN_POINT ( 'NONE',  ( -0.1999999999999978500, 0.1999999999999996500, 5.250000000000002700 ) ) ;
#5224 = DIRECTION ( 'NONE',  ( 0.0000000000000000000, -1.000000000000000000, 0.0000000000000000000 ) ) ;
#5225 = LINE ( 'NONE', #3160, #5062 ) ;
#5226 = ORIENTED_EDGE ( 'NONE', *, *, #1821, .F. ) ;
#5227 = CYLINDRICAL_SURFACE ( 'NONE', #2725, 0.3999999999999993000 ) ;
#5228 = DIRECTION ( 'NONE',  ( 0.0000000000000000000, -1.000000000000000000, 0.0000000000000000000 ) ) ;
#5229 = LINE ( 'NONE', #3450, #8 ) ;
#5230 = ADVANCED_FACE ( 'NONE', ( #4137 ), #1164, .T. ) ;
#5231 = CARTESIAN_POINT ( 'NONE',  ( 7.925129743375459900, 1.500000000000000000, 14.44441838603068400 ) ) ;
#5232 = EDGE_LOOP ( 'NONE', ( #1623, #5589, #3555, #4293 ) ) ;
#5233 = FILL_AREA_STYLE ('',( #4744 ) ) ;
#5234 = PRESENTATION_STYLE_ASSIGNMENT (( #3234 ) ) ;
#5235 = VECTOR ( 'NONE', #6035, 1000.000000000000000 ) ;
#5237 = DIRECTION ( 'NONE',  ( 0.0000000000000000000, -1.000000000000000000, 0.0000000000000000000 ) ) ;
#5236 = FILL_AREA_STYLE_COLOUR ( '', #2880 ) ;
#5238 = AXIS2_PLACEMENT_3D ( 'NONE', #2750, #2771, #6082 ) ;
#5239 = EDGE_LOOP ( 'NONE', ( #5496, #6090, #2462, #3117 ) ) ;
#5240 =( LENGTH_UNIT ( ) NAMED_UNIT ( * ) SI_UNIT ( .MILLI., .METRE. ) );
#5241 = UNCERTAINTY_MEASURE_WITH_UNIT (LENGTH_MEASURE( 1.000000000000000100E-005 ), #3308, 'distance_accuracy_value', 'NONE');
#5242 = CARTESIAN_POINT ( 'NONE',  ( 4.649475422508548800, 1.001426870534740900, 10.58851809069572300 ) ) ;
#5243 = LINE ( 'NONE', #3084, #3960 ) ;
#5244 = DIRECTION ( 'NONE',  ( 0.0000000000000000000, 1.000000000000000000, 0.0000000000000000000 ) ) ;
#5245 = PLANE ( 'NONE',  #1925 ) ;
#5246 = ORIENTED_EDGE ( 'NONE', *, *, #2735, .T. ) ;
#5247 = CARTESIAN_POINT ( 'NONE',  ( -0.08284271247461710800, 6.000000000000000000, 5.215685424949240800 ) ) ;
#5248 = CARTESIAN_POINT ( 'NONE',  ( 2.483578643762692600, 6.000000000000000000, 2.483578643762686300 ) ) ;
#5249 = AXIS2_PLACEMENT_3D ( 'NONE', #2423, #5757, #2920 ) ;
#5250 = FACE_OUTER_BOUND ( 'NONE', #1417, .T. ) ;
#5251 = FACE_OUTER_BOUND ( 'NONE', #5101, .T. ) ;
#5252 = ORIENTED_EDGE ( 'NONE', *, *, #2761, .T. ) ;
#5253 = SURFACE_STYLE_USAGE ( .BOTH. , #1903 ) ;
#5254 =( LENGTH_UNIT ( ) NAMED_UNIT ( * ) SI_UNIT ( .MILLI., .METRE. ) );
#5255 = DIRECTION ( 'NONE',  ( 0.1600216669179818600, -0.0000000000000000000, -0.9871135021449106700 ) ) ;
#5256 = STYLED_ITEM ( 'NONE', ( #5497 ), #66 ) ;
#5257 = SURFACE_STYLE_FILL_AREA ( #2789 ) ;
#5258 = STYLED_ITEM ( 'NONE', ( #1163 ), #4905 ) ;
#5259 = PRESENTATION_STYLE_ASSIGNMENT (( #5253 ) ) ;
#5260 = CARTESIAN_POINT ( 'NONE',  ( 6.999999999999999100, 5.799999999999999800, -4.999999999999993800 ) ) ;
#5261 = UNCERTAINTY_MEASURE_WITH_UNIT (LENGTH_MEASURE( 1.000000000000000100E-005 ), #1150, 'distance_accuracy_value', 'NONE');
#5262 = CARTESIAN_POINT ( 'NONE',  ( 3.199999999999954900, 5.800000000000000700, 2.775557561562965200E-014 ) ) ;
#5263 = VECTOR ( 'NONE', #3077, 1000.000000000000000 ) ;
#5264 = ADVANCED_FACE ( 'NONE', ( #3680 ), #2174, .F. ) ;
#5265 = DIRECTION ( 'NONE',  ( 0.0000000000000000000, 0.0000000000000000000, 1.000000000000000000 ) ) ;
#5266 = ORIENTED_EDGE ( 'NONE', *, *, #5043, .F. ) ;
#5267 = CARTESIAN_POINT ( 'NONE',  ( -0.08284271247461670600, -5.261999858687072900E-016, 5.215685424949239000 ) ) ;
#5268 = LINE ( 'NONE', #3479, #5407 ) ;
#5269 = CARTESIAN_POINT ( 'NONE',  ( 9.800000000000002500, 6.000000000000000000, 1.700029006457271300E-015 ) ) ;
#5270 = FACE_OUTER_BOUND ( 'NONE', #5109, .T. ) ;
#5271 = ORIENTED_EDGE ( 'NONE', *, *, #2522, .T. ) ;
#5272 = EDGE_LOOP ( 'NONE', ( #3187, #3671, #2179, #3855 ) ) ;
#5273 = CARTESIAN_POINT ( 'NONE',  ( 7.925129743375459900, 1.800000000000000000, 14.44441838603068400 ) ) ;
#5274 = CARTESIAN_POINT ( 'NONE',  ( 5.000000000000001800, 5.800000000000000700, -4.217398742541498700 ) ) ;
#5275 = LINE ( 'NONE', #457, #1471 ) ;
#5276 =( NAMED_UNIT ( * ) PLANE_ANGLE_UNIT ( ) SI_UNIT ( $, .RADIAN. ) );
#5277 = CARTESIAN_POINT ( 'NONE',  ( 7.925129743375459900, 4.500000000000000900, 14.44441838603068400 ) ) ;
#5278 = MECHANICAL_DESIGN_GEOMETRIC_PRESENTATION_REPRESENTATION (  '', ( #4290 ), #5586 ) ;
#5279 = EDGE_LOOP ( 'NONE', ( #1558, #2325, #5675, #3938, #480, #1073 ) ) ;
#5280 = CIRCLE ( 'NONE', #5450, 0.7500000000000006700 ) ;
#5281 = VECTOR ( 'NONE', #748, 1000.000000000000000 ) ;
#5282 = DIRECTION ( 'NONE',  ( 0.0000000000000000000, 0.0000000000000000000, -1.000000000000000000 ) ) ;
#5283 =( NAMED_UNIT ( * ) PLANE_ANGLE_UNIT ( ) SI_UNIT ( $, .RADIAN. ) );
#5284 = VERTEX_POINT ( 'NONE', #3145 ) ;
#5285 = ORIENTED_EDGE ( 'NONE', *, *, #2801, .F. ) ;
#5286 = CARTESIAN_POINT ( 'NONE',  ( 10.17264878961249500, 4.500000000000000900, 11.51633742116618500 ) ) ;
#5287 =( LENGTH_UNIT ( ) NAMED_UNIT ( * ) SI_UNIT ( .MILLI., .METRE. ) );
#5288 = EDGE_CURVE ( 'NONE', #4161, #1616, #4944, .T. ) ;
#5289 = VERTEX_POINT ( 'NONE', #1693 ) ;
#5290 = ORIENTED_EDGE ( 'NONE', *, *, #4312, .T. ) ;
#5291 = CIRCLE ( 'NONE', #3955, 0.1999999999999996500 ) ;
#5292 = DIRECTION ( 'NONE',  ( -1.223120689731756600E-016, 1.000000000000000000, 0.0000000000000000000 ) ) ;
#5293 = EDGE_CURVE ( 'NONE', #2834, #1500, #4811, .T. ) ;
#5294 = FILL_AREA_STYLE_COLOUR ( '', #4330 ) ;
#5295 = EDGE_LOOP ( 'NONE', ( #1505, #3447, #4164, #5448 ) ) ;
#5296 = ADVANCED_FACE ( 'NONE', ( #6062 ), #298, .T. ) ;
#5297 = FILL_AREA_STYLE_COLOUR ( '', #1215 ) ;
#5298 = FILL_AREA_STYLE_COLOUR ( '', #4971 ) ;
#5299 =( BOUNDED_CURVE ( )  B_SPLINE_CURVE ( 3, ( #5679, #1869, #4151, #4125 ),
 .UNSPECIFIED., .F., .F. ) 
 B_SPLINE_CURVE_WITH_KNOTS ( ( 4, 4 ),
 ( 4.712388980384690600, 6.283185307179580000 ),
 .UNSPECIFIED. ) 
 CURVE ( )  GEOMETRIC_REPRESENTATION_ITEM ( )  RATIONAL_B_SPLINE_CURVE ( ( 1.000000000000000000, 0.8047378541243667100, 0.8047378541243667100, 1.000000000000000000 ) ) 
 REPRESENTATION_ITEM ( '' )  );
#5300 = EDGE_CURVE ( 'NONE', #3616, #3393, #1809, .T. ) ;
#5301 = LINE ( 'NONE', #1370, #230 ) ;
#5302 = ORIENTED_EDGE ( 'NONE', *, *, #5574, .T. ) ;
#5304 =( LENGTH_UNIT ( ) NAMED_UNIT ( * ) SI_UNIT ( .MILLI., .METRE. ) );
#5303 =( LENGTH_UNIT ( ) NAMED_UNIT ( * ) SI_UNIT ( .MILLI., .METRE. ) );
#5305 = STYLED_ITEM ( 'NONE', ( #3819 ), #5682 ) ;
#5306 = VERTEX_POINT ( 'NONE', #5553 ) ;
#5307 = DIRECTION ( 'NONE',  ( -2.168404344971009100E-016, 1.000000000000000000, -8.373630090956935100E-017 ) ) ;
#5308 = FILL_AREA_STYLE_COLOUR ( '', #3923 ) ;
#5309 = CARTESIAN_POINT ( 'NONE',  ( -6.399999999999996800, 5.000000000000000000, 5.657096799905748000 ) ) ;
#5310 = SURFACE_STYLE_FILL_AREA ( #459 ) ;
#5311 = EDGE_CURVE ( 'NONE', #2949, #2683, #5617, .T. ) ;
#5312 = VERTEX_POINT ( 'NONE', #3184 ) ;
#5313 = AXIS2_PLACEMENT_3D ( 'NONE', #2982, #1092, #4406 ) ;
#5314 = DIRECTION ( 'NONE',  ( -1.000000000000000000, 0.0000000000000000000, 0.0000000000000000000 ) ) ;
#5315 = VECTOR ( 'NONE', #5930, 1000.000000000000000 ) ;
#5316 = FILL_AREA_STYLE ('',( #5297 ) ) ;
#5317 = CARTESIAN_POINT ( 'NONE',  ( 0.5500000000000018200, 1.999999999999999600, -10.99999999999999800 ) ) ;
#5318 = ORIENTED_EDGE ( 'NONE', *, *, #5998, .F. ) ;
#5319 = VECTOR ( 'NONE', #4361, 1000.000000000000000 ) ;
#5321 = CARTESIAN_POINT ( 'NONE',  ( -2.999999999999997300, 0.1999999999999987900, -4.999999999999996400 ) ) ;
#5320 = CARTESIAN_POINT ( 'NONE',  ( 7.925129743375459900, 4.399999999999999500, 14.44441838603068400 ) ) ;
#5322 = MECHANICAL_DESIGN_GEOMETRIC_PRESENTATION_REPRESENTATION (  '', ( #4033 ), #5620 ) ;
#5323 = SURFACE_STYLE_FILL_AREA ( #612 ) ;
#5324 = ADVANCED_FACE ( 'NONE', ( #3092, #544 ), #801, .F. ) ;
#5325 = DIRECTION ( 'NONE',  ( 0.0000000000000000000, 0.0000000000000000000, -1.000000000000000000 ) ) ;
#5326 = TOROIDAL_SURFACE ( 'NONE', #1519, 2.050000000000000700, 0.2000000000000000100 ) ;
#5327 = DIRECTION ( 'NONE',  ( -0.0000000000000000000, 1.000000000000000000, -0.0000000000000000000 ) ) ;
#5328 = EDGE_CURVE ( 'NONE', #3332, #2363, #1668, .T. ) ;
#5329 = PRESENTATION_LAYER_ASSIGNMENT (  '', '', ( #4341 ) ) ;
#5330 = DIRECTION ( 'NONE',  ( 0.0000000000000000000, 0.0000000000000000000, 1.000000000000000000 ) ) ;
#5331 = PRESENTATION_STYLE_ASSIGNMENT (( #386 ) ) ;
#5332 = DIRECTION ( 'NONE',  ( 0.0000000000000000000, 0.0000000000000000000, -1.000000000000000000 ) ) ;
#5333 = CIRCLE ( 'NONE', #5219, 0.2000000000000005100 ) ;
#5334 = CARTESIAN_POINT ( 'NONE',  ( -6.999999999999999100, 0.1999999999999987900, -5.049999999999994500 ) ) ;
#5335 = CARTESIAN_POINT ( 'NONE',  ( 10.00000000000000200, 5.800000000000000700, 4.800000000000002500 ) ) ;
#5336 = CARTESIAN_POINT ( 'NONE',  ( -9.799999999999995400, 5.800000000000000700, -4.999999999999997300 ) ) ;
#5337 = MECHANICAL_DESIGN_GEOMETRIC_PRESENTATION_REPRESENTATION (  '', ( #4685 ), #5640 ) ;
#5338 =( BOUNDED_CURVE ( )  B_SPLINE_CURVE ( 3, ( #5541, #4580, #4566, #6016 ),
 .UNSPECIFIED., .F., .F. ) 
 B_SPLINE_CURVE_WITH_KNOTS ( ( 4, 4 ),
 ( 1.570796326794896600, 3.141592653589797100 ),
 .UNSPECIFIED. ) 
 CURVE ( )  GEOMETRIC_REPRESENTATION_ITEM ( )  RATIONAL_B_SPLINE_CURVE ( ( 1.000000000000000000, 0.8047378541243640500, 0.8047378541243640500, 1.000000000000000000 ) ) 
 REPRESENTATION_ITEM ( '' )  );
#5339 = PRESENTATION_STYLE_ASSIGNMENT (( #1130 ) ) ;
#5340 = VECTOR ( 'NONE', #1735, 1000.000000000000000 ) ;
#5341 = LINE ( 'NONE', #3950, #272 ) ;
#5342 = PLANE ( 'NONE',  #5452 ) ;
#5343 = ORIENTED_EDGE ( 'NONE', *, *, #3445, .T. ) ;
#5344 = EDGE_CURVE ( 'NONE', #2151, #2, #692, .T. ) ;
#5345 = DIRECTION ( 'NONE',  ( -3.469446951953695000E-014, 0.0000000000000000000, -1.000000000000000000 ) ) ;
#5346 = COLOUR_RGB ( '',0.2509803921568627400, 0.2509803921568627400, 0.2509803921568627400 ) ;
#5347 = CARTESIAN_POINT ( 'NONE',  ( 0.0000000000000000000, 0.0000000000000000000, -10.99999999999999800 ) ) ;
#5348 = ORIENTED_EDGE ( 'NONE', *, *, #2419, .F. ) ;
#5349 = DIRECTION ( 'NONE',  ( 1.000000000000000000, -1.734723475976805500E-015, 0.0000000000000000000 ) ) ;
#5350 = CARTESIAN_POINT ( 'NONE',  ( -4.999999999999998200, 6.000000000000000000, -2.817398742541499200 ) ) ;
#5351 = CIRCLE ( 'NONE', #3095, 1.399999999999999200 ) ;
#5352 = SURFACE_STYLE_USAGE ( .BOTH. , #2002 ) ;
#5353 = EDGE_LOOP ( 'NONE', ( #1237, #5745, #2297, #5191 ) ) ;
#5354 = DIRECTION ( 'NONE',  ( 0.0000000000000000000, 1.000000000000000000, 0.0000000000000000000 ) ) ;
#5355 =( NAMED_UNIT ( * ) PLANE_ANGLE_UNIT ( ) SI_UNIT ( $, .RADIAN. ) );
#5356 =( NAMED_UNIT ( * ) PLANE_ANGLE_UNIT ( ) SI_UNIT ( $, .RADIAN. ) );
#5357 = AXIS2_PLACEMENT_3D ( 'NONE', #2169, #5510, #2660 ) ;
#5358 = ORIENTED_EDGE ( 'NONE', *, *, #3243, .F. ) ;
#5359 = DIRECTION ( 'NONE',  ( 1.000000000000000000, 0.0000000000000000000, -0.0000000000000000000 ) ) ;
#5360 = EDGE_LOOP ( 'NONE', ( #1568, #783, #4225, #2673 ) ) ;
#5361 = DIRECTION ( 'NONE',  ( 0.0000000000000000000, -1.000000000000000000, 0.0000000000000000000 ) ) ;
#5362 = ORIENTED_EDGE ( 'NONE', *, *, #5490, .T. ) ;
#5363 =( GEOMETRIC_REPRESENTATION_CONTEXT ( 3 ) GLOBAL_UNCERTAINTY_ASSIGNED_CONTEXT ( ( #3075 ) ) GLOBAL_UNIT_ASSIGNED_CONTEXT ( ( #872, #4201, #1355 ) ) REPRESENTATION_CONTEXT ( 'NONE', 'WORKASPACE' ) );
#5364 = DIRECTION ( 'NONE',  ( 0.0000000000000000000, 0.0000000000000000000, -1.000000000000000000 ) ) ;
#5365 = VERTEX_POINT ( 'NONE', #826 ) ;
#5366 = CARTESIAN_POINT ( 'NONE',  ( 6.749999999999999100, 10.01123422402631900, -5.299999999999992700 ) ) ;
#5367 =( NAMED_UNIT ( * ) PLANE_ANGLE_UNIT ( ) SI_UNIT ( $, .RADIAN. ) );
#5368 = VERTEX_POINT ( 'NONE', #2755 ) ;
#5369 = EDGE_CURVE ( 'NONE', #1646, #1521, #5333, .T. ) ;
#5370 = UNCERTAINTY_MEASURE_WITH_UNIT (LENGTH_MEASURE( 1.000000000000000100E-005 ), #1932, 'distance_accuracy_value', 'NONE');
#5371 = EDGE_CURVE ( 'NONE', #4233, #3148, #2944, .T. ) ;
#5372 = STYLED_ITEM ( 'NONE', ( #1385 ), #4756 ) ;
#5373 = EDGE_LOOP ( 'NONE', ( #5652, #3879 ) ) ;
#5374 =( LENGTH_UNIT ( ) NAMED_UNIT ( * ) SI_UNIT ( .MILLI., .METRE. ) );
#5375 = EDGE_LOOP ( 'NONE', ( #3182, #150, #592, #795 ) ) ;
#5376 = TOROIDAL_SURFACE ( 'NONE', #1746, 1.399999999999999500, 0.2000000000000000100 ) ;
#5377 = DIRECTION ( 'NONE',  ( 0.0000000000000000000, 0.0000000000000000000, -1.000000000000000000 ) ) ;
#5378 = AXIS2_PLACEMENT_3D ( 'NONE', #1236, #823, #1335 ) ;
#5379 = ORIENTED_EDGE ( 'NONE', *, *, #5568, .T. ) ;
#5380 =( GEOMETRIC_REPRESENTATION_CONTEXT ( 3 ) GLOBAL_UNCERTAINTY_ASSIGNED_CONTEXT ( ( #1242 ) ) GLOBAL_UNIT_ASSIGNED_CONTEXT ( ( #384, #3709, #860 ) ) REPRESENTATION_CONTEXT ( 'NONE', 'WORKASPACE' ) );
#5381 = ADVANCED_FACE ( 'NONE', ( #403, #4052 ), #4656, .F. ) ;
#5382 = LINE ( 'NONE', #1262, #2858 ) ;
#5383 = COLOUR_RGB ( '',0.2509803921568627400, 0.2509803921568627400, 0.2509803921568627400 ) ;
#5384 = APPLICATION_CONTEXT ( 'automotive_design' ) ;
#5385 = EDGE_LOOP ( 'NONE', ( #2585, #373, #5780, #4167 ) ) ;
#5387 = CARTESIAN_POINT ( 'NONE',  ( 8.049999999999998900, 1.499999999999998700, -10.99999999999999800 ) ) ;
#5386 = DIRECTION ( 'NONE',  ( -1.000000000000000000, -0.0000000000000000000, -0.0000000000000000000 ) ) ;
#5388 = LINE ( 'NONE', #3563, #4113 ) ;
#5389 = EDGE_LOOP ( 'NONE', ( #5063, #1747, #2365, #447 ) ) ;
#5390 = CYLINDRICAL_SURFACE ( 'NONE', #200, 0.2000000000000000900 ) ;
#5391 = CARTESIAN_POINT ( 'NONE',  ( -6.399999999999995900, 5.000000000000000900, 6.000000000000003600 ) ) ;
#5392 = DIRECTION ( 'NONE',  ( -0.9871135021449105600, -1.239088197126290800E-016, -0.1600216669179819200 ) ) ;
#5393 = DIRECTION ( 'NONE',  ( 0.0000000000000000000, -0.7071067811865474600, -0.7071067811865474600 ) ) ;
#5394 =( GEOMETRIC_REPRESENTATION_CONTEXT ( 3 ) GLOBAL_UNCERTAINTY_ASSIGNED_CONTEXT ( ( #4938 ) ) GLOBAL_UNIT_ASSIGNED_CONTEXT ( ( #4223, #1382, #4703 ) ) REPRESENTATION_CONTEXT ( 'NONE', 'WORKASPACE' ) );
#5395 = LINE ( 'NONE', #464, #1602 ) ;
#5396 = FILL_AREA_STYLE_COLOUR ( '', #4518 ) ;
#5397 = FILL_AREA_STYLE_COLOUR ( '', #3959 ) ;
#5398 = EDGE_CURVE ( 'NONE', #2151, #5312, #3904, .T. ) ;
#5399 = VECTOR ( 'NONE', #787, 1000.000000000000000 ) ;
#5400 = FACE_OUTER_BOUND ( 'NONE', #5212, .T. ) ;
#5401 = AXIS2_PLACEMENT_3D ( 'NONE', #5567, #3670, #4628 ) ;
#5402 = VECTOR ( 'NONE', #4054, 1000.000000000000000 ) ;
#5403 = EDGE_LOOP ( 'NONE', ( #99, #4532 ) ) ;
#5404 = CARTESIAN_POINT ( 'NONE',  ( -3.999999999999996400, 1.350000000000000500, 6.500000000000002700 ) ) ;
#5405 = DIRECTION ( 'NONE',  ( 1.000000000000000000, -0.0000000000000000000, -0.0000000000000000000 ) ) ;
#5406 = ADVANCED_FACE ( 'NONE', ( #1532 ), #5838, .T. ) ;
#5407 = VECTOR ( 'NONE', #610, 1000.000000000000000 ) ;
#5408 =( LENGTH_UNIT ( ) NAMED_UNIT ( * ) SI_UNIT ( .MILLI., .METRE. ) );
#5409 = FILL_AREA_STYLE_COLOUR ( '', #6033 ) ;
#5410 = AXIS2_PLACEMENT_3D ( 'NONE', #5843, #4140, #4910 ) ;
#5411 = VERTEX_POINT ( 'NONE', #6106 ) ;
#5412 = EDGE_CURVE ( 'NONE', #4586, #1362, #924, .T. ) ;
#5413 = AXIS2_PLACEMENT_3D ( 'NONE', #5274, #2396, #5739 ) ;
#5414 = DIRECTION ( 'NONE',  ( -2.312964634635742300E-015, -1.000000000000000000, 0.0000000000000000000 ) ) ;
#5415 = CYLINDRICAL_SURFACE ( 'NONE', #3364, 1.199999999999999700 ) ;
#5416 =( BOUNDED_CURVE ( )  B_SPLINE_CURVE ( 3, ( #4077, #5022, #2173, #5514 ),
 .UNSPECIFIED., .F., .F. ) 
 B_SPLINE_CURVE_WITH_KNOTS ( ( 4, 4 ),
 ( 1.543589068988533000, 1.570796326794896600 ),
 .UNSPECIFIED. ) 
 CURVE ( )  GEOMETRIC_REPRESENTATION_ITEM ( )  RATIONAL_B_SPLINE_CURVE ( ( 1.000000000000000000, 0.9999383147115136200, 0.9999383147115136200, 1.000000000000000000 ) ) 
 REPRESENTATION_ITEM ( '' )  );
#5417 = EDGE_CURVE ( 'NONE', #3066, #3764, #4724, .T. ) ;
#5418 = SURFACE_STYLE_USAGE ( .BOTH. , #2077 ) ;
#5419 = VERTEX_POINT ( 'NONE', #1375 ) ;
#5420 =( NAMED_UNIT ( * ) PLANE_ANGLE_UNIT ( ) SI_UNIT ( $, .RADIAN. ) );
#5421 = EDGE_CURVE ( 'NONE', #46, #1003, #2185, .T. ) ;
#5422 = CYLINDRICAL_SURFACE ( 'NONE', #6144, 0.7500000000000006700 ) ;
#5424 = CARTESIAN_POINT ( 'NONE',  ( 6.717751532105307200, 1.200000000000000200, 10.95626158695324800 ) ) ;
#5423 =( LENGTH_UNIT ( ) NAMED_UNIT ( * ) SI_UNIT ( .MILLI., .METRE. ) );
#5425 =( GEOMETRIC_REPRESENTATION_CONTEXT ( 3 ) GLOBAL_UNCERTAINTY_ASSIGNED_CONTEXT ( ( #5370 ) ) GLOBAL_UNIT_ASSIGNED_CONTEXT ( ( #1932, #5283, #2405 ) ) REPRESENTATION_CONTEXT ( 'NONE', 'WORKASPACE' ) );
#5426 = ORIENTED_EDGE ( 'NONE', *, *, #3650, .F. ) ;
#5427 = ORIENTED_EDGE ( 'NONE', *, *, #5993, .F. ) ;
#5428 = PLANE ( 'NONE',  #2700 ) ;
#5429 = ORIENTED_EDGE ( 'NONE', *, *, #6004, .T. ) ;
#5430 = DIRECTION ( 'NONE',  ( -1.000000000000000000, 0.0000000000000000000, -8.673617379884385700E-015 ) ) ;
#5431 = ORIENTED_EDGE ( 'NONE', *, *, #925, .T. ) ;
#5432 = AXIS2_PLACEMENT_3D ( 'NONE', #2393, #47, #3382 ) ;
#5433 =( LENGTH_UNIT ( ) NAMED_UNIT ( * ) SI_UNIT ( .MILLI., .METRE. ) );
#5434 = ORIENTED_EDGE ( 'NONE', *, *, #524, .T. ) ;
#5435 = CARTESIAN_POINT ( 'NONE',  ( 2.168404344971009300E-015, 5.800000000000000700, 5.250000000000002700 ) ) ;
#5436 = DIRECTION ( 'NONE',  ( -1.734723475976807100E-015, 0.0000000000000000000, -1.000000000000000000 ) ) ;
#5437 = ADVANCED_FACE ( 'NONE', ( #5690, #2040 ), #6128, .F. ) ;
#5438 = PLANE ( 'NONE',  #2925 ) ;
#5439 = EDGE_CURVE ( 'NONE', #5659, #5528, #1885, .T. ) ;
#5440 = VECTOR ( 'NONE', #861, 1000.000000000000100 ) ;
#5441 = VERTEX_POINT ( 'NONE', #907 ) ;
#5443 = CARTESIAN_POINT ( 'NONE',  ( -2.527739922137631200E-015, 0.2000000000000000100, -5.099999999999997900 ) ) ;
#5442 = FILL_AREA_STYLE_COLOUR ( '', #4583 ) ;
#5444 = UNCERTAINTY_MEASURE_WITH_UNIT (LENGTH_MEASURE( 1.000000000000000100E-005 ), #2119, 'distance_accuracy_value', 'NONE');
#5445 = VECTOR ( 'NONE', #5896, 1000.000000000000100 ) ;
#5446 = EDGE_CURVE ( 'NONE', #2153, #521, #3163, .T. ) ;
#5447 = ORIENTED_EDGE ( 'NONE', *, *, #3881, .T. ) ;
#5448 = ORIENTED_EDGE ( 'NONE', *, *, #1373, .F. ) ;
#5449 =( LENGTH_UNIT ( ) NAMED_UNIT ( * ) SI_UNIT ( .MILLI., .METRE. ) );
#5450 = AXIS2_PLACEMENT_3D ( 'NONE', #5669, #1575, #3491 ) ;
#5451 = DIRECTION ( 'NONE',  ( -1.000000000000000000, 0.0000000000000000000, 0.0000000000000000000 ) ) ;
#5452 = AXIS2_PLACEMENT_3D ( 'NONE', #5805, #3432, #572 ) ;
#5453 = DIRECTION ( 'NONE',  ( 0.0000000000000000000, -1.000000000000000000, 0.0000000000000000000 ) ) ;
#5454 = CARTESIAN_POINT ( 'NONE',  ( -3.249999999999997800, 10.01123422402631900, -5.299999999999995400 ) ) ;
#5455 = CARTESIAN_POINT ( 'NONE',  ( 9.800000000000000700, 0.2000000000000000100, 4.800000000000003400 ) ) ;
#5456 = UNCERTAINTY_MEASURE_WITH_UNIT (LENGTH_MEASURE( 1.000000000000000100E-005 ), #3681, 'distance_accuracy_value', 'NONE');
#5457 = ORIENTED_EDGE ( 'NONE', *, *, #679, .F. ) ;
#5458 = DIRECTION ( 'NONE',  ( 0.0000000000000000000, -1.000000000000000000, 0.0000000000000000000 ) ) ;
#5459 = AXIS2_PLACEMENT_3D ( 'NONE', #3274, #419, #3739 ) ;
#5460 = PRODUCT_RELATED_PRODUCT_CATEGORY ( 'part', '', ( #1952 ) ) ;
#5461 = ORIENTED_EDGE ( 'NONE', *, *, #1879, .T. ) ;
#5462 = SPHERICAL_SURFACE ( 'NONE', #5432, 0.2000000000000000100 ) ;
#5463 = FILL_AREA_STYLE ('',( #4024 ) ) ;
#5464 = FACE_OUTER_BOUND ( 'NONE', #4590, .T. ) ;
#5466 = DIRECTION ( 'NONE',  ( -4.956352788505173100E-016, 0.0000000000000000000, -1.000000000000000000 ) ) ;
#5465 =( NAMED_UNIT ( * ) PLANE_ANGLE_UNIT ( ) SI_UNIT ( $, .RADIAN. ) );
#5467 = AXIS2_PLACEMENT_3D ( 'NONE', #1126, #4442, #1603 ) ;
#5468 = ADVANCED_FACE ( 'NONE', ( #3012 ), #1860, .F. ) ;
#5469 = CARTESIAN_POINT ( 'NONE',  ( 9.800000000000000700, 5.800000000000000700, 4.800000000000003400 ) ) ;
#5470 = PRESENTATION_STYLE_ASSIGNMENT (( #3387 ) ) ;
#5471 = ORIENTED_EDGE ( 'NONE', *, *, #926, .T. ) ;
#5472 = VERTEX_POINT ( 'NONE', #3746 ) ;
#5473 = VECTOR ( 'NONE', #5536, 1000.000000000000000 ) ;
#5474 =( NAMED_UNIT ( * ) PLANE_ANGLE_UNIT ( ) SI_UNIT ( $, .RADIAN. ) );
#5475 = ORIENTED_EDGE ( 'NONE', *, *, #663, .T. ) ;
#5476 = CARTESIAN_POINT ( 'NONE',  ( 10.67132034355964300, 3.000000000000000400, -8.449999999999997500 ) ) ;
#5477 = STYLED_ITEM ( 'NONE', ( #2375 ), #3510 ) ;
#5478 = DIRECTION ( 'NONE',  ( 0.0000000000000000000, -0.7071067811865474600, -0.7071067811865474600 ) ) ;
#5479 = CARTESIAN_POINT ( 'NONE',  ( 4.794322988211932900, 4.800000000000000700, 10.63321475905617300 ) ) ;
#5480 = LINE ( 'NONE', #3989, #407 ) ;
#5481 = VECTOR ( 'NONE', #1282, 1000.000000000000000 ) ;
#5482 = ORIENTED_EDGE ( 'NONE', *, *, #1010, .T. ) ;
#5483 = FILL_AREA_STYLE ('',( #3979 ) ) ;
#5484 = EDGE_CURVE ( 'NONE', #3964, #4586, #5542, .T. ) ;
#5485 = AXIS2_PLACEMENT_3D ( 'NONE', #677, #3090, #244 ) ;
#5486 = DIRECTION ( 'NONE',  ( -0.0000000000000000000, 1.000000000000000000, -0.0000000000000000000 ) ) ;
#5487 = ORIENTED_EDGE ( 'NONE', *, *, #5344, .T. ) ;
#5488 = CARTESIAN_POINT ( 'NONE',  ( -6.799999999999990900, 0.0000000000000000000, -4.799999999999998000 ) ) ;
#5490 = EDGE_CURVE ( 'NONE', #218, #2772, #1725, .T. ) ;
#5489 = DIRECTION ( 'NONE',  ( 1.000000000000000000, 0.0000000000000000000, -0.0000000000000000000 ) ) ;
#5491 = PRESENTATION_STYLE_ASSIGNMENT (( #3233 ) ) ;
#5492 = PRESENTATION_LAYER_ASSIGNMENT (  '', '', ( #5806 ) ) ;
#5493 = EDGE_CURVE ( 'NONE', #1096, #2153, #614, .T. ) ;
#5494 = STYLED_ITEM ( 'NONE', ( #2620 ), #5893 ) ;
#5495 = EDGE_CURVE ( 'NONE', #5049, #2632, #5395, .T. ) ;
#5496 = ORIENTED_EDGE ( 'NONE', *, *, #693, .F. ) ;
#5497 = PRESENTATION_STYLE_ASSIGNMENT (( #1784 ) ) ;
#5498 = FILL_AREA_STYLE ('',( #2149 ) ) ;
#5499 = CARTESIAN_POINT ( 'NONE',  ( -7.949999999999996600, 1.500000000000000400, -4.999999999999997300 ) ) ;
#5500 = ADVANCED_FACE ( 'NONE', ( #3307 ), #3539, .T. ) ;
#5501 = ORIENTED_EDGE ( 'NONE', *, *, #5998, .T. ) ;
#5502 = ORIENTED_EDGE ( 'NONE', *, *, #1843, .F. ) ;
#5503 = VECTOR ( 'NONE', #2483, 1000.000000000000000 ) ;
#5505 = DIRECTION ( 'NONE',  ( -0.0000000000000000000, -1.000000000000000000, -0.0000000000000000000 ) ) ;
#5504 =( LENGTH_UNIT ( ) NAMED_UNIT ( * ) SI_UNIT ( .MILLI., .METRE. ) );
#5506 = MECHANICAL_DESIGN_GEOMETRIC_PRESENTATION_REPRESENTATION (  '', ( #4864 ), #5817 ) ;
#5507 = ORIENTED_EDGE ( 'NONE', *, *, #4729, .T. ) ;
#5508 = EDGE_LOOP ( 'NONE', ( #1090, #3902, #4688, #121 ) ) ;
#5509 = CARTESIAN_POINT ( 'NONE',  ( 4.594322988211932700, 1.000000000000000000, 10.56722012177739200 ) ) ;
#5510 = DIRECTION ( 'NONE',  ( -0.0000000000000000000, 1.000000000000000000, -0.0000000000000000000 ) ) ;
#5511 = ORIENTED_EDGE ( 'NONE', *, *, #404, .T. ) ;
#5512 = STYLED_ITEM ( 'NONE', ( #3954 ), #3034 ) ;
#5513 = SURFACE_STYLE_FILL_AREA ( #3107 ) ;
#5514 = CARTESIAN_POINT ( 'NONE',  ( 4.594322988211932700, 5.000000000000000900, 10.56722012177739200 ) ) ;
#5515 = DIRECTION ( 'NONE',  ( 2.168404344971008900E-016, -1.000000000000000000, 0.0000000000000000000 ) ) ;
#5516 = VERTEX_POINT ( 'NONE', #487 ) ;
#5517 = ORIENTED_EDGE ( 'NONE', *, *, #6064, .F. ) ;
#5518 = CARTESIAN_POINT ( 'NONE',  ( 7.925129743375459900, 1.600000000000000300, 14.04441838603068500 ) ) ;
#5519 = DIRECTION ( 'NONE',  ( 0.0000000000000000000, 0.0000000000000000000, 1.000000000000000000 ) ) ;
#5520 = UNCERTAINTY_MEASURE_WITH_UNIT (LENGTH_MEASURE( 1.000000000000000100E-005 ), #659, 'distance_accuracy_value', 'NONE');
#5521 = EDGE_CURVE ( 'NONE', #2795, #4907, #6055, .T. ) ;
#5522 = COLOUR_RGB ( '',1.000000000000000000, 0.0000000000000000000, 0.0000000000000000000 ) ;
#5523 = AXIS2_PLACEMENT_3D ( 'NONE', #226, #3554, #682 ) ;
#5524 = EDGE_LOOP ( 'NONE', ( #4437, #1868, #2444, #1817 ) ) ;
#5526 = SURFACE_SIDE_STYLE ('',( #3436 ) ) ;
#5525 = DIRECTION ( 'NONE',  ( -0.0000000000000000000, 1.000000000000000000, -0.0000000000000000000 ) ) ;
#5527 = LINE ( 'NONE', #909, #4559 ) ;
#5528 = VERTEX_POINT ( 'NONE', #1456 ) ;
#5529 =( NAMED_UNIT ( * ) PLANE_ANGLE_UNIT ( ) SI_UNIT ( $, .RADIAN. ) );
#5530 = ADVANCED_FACE ( 'NONE', ( #2403 ), #539, .T. ) ;
#5531 = FILL_AREA_STYLE_COLOUR ( '', #245 ) ;
#5532 = CARTESIAN_POINT ( 'NONE',  ( 10.17264878961249300, 1.500000000000000000, 11.51633742116619400 ) ) ;
#5533 = CIRCLE ( 'NONE', #2950, 0.7500000000000006700 ) ;
#5534 = EDGE_LOOP ( 'NONE', ( #5787, #3478, #5957, #4677 ) ) ;
#5535 = CARTESIAN_POINT ( 'NONE',  ( -6.080119235371117100, 1.000000000000000000, 6.123526924414578700 ) ) ;
#5536 = DIRECTION ( 'NONE',  ( 1.000000000000000000, 0.0000000000000000000, 0.0000000000000000000 ) ) ;
#5537 = CARTESIAN_POINT ( 'NONE',  ( 10.22344725000894000, 1.200000000000000200, 11.20298081695579000 ) ) ;
#5538 = ORIENTED_EDGE ( 'NONE', *, *, #4540, .T. ) ;
#5539 = SURFACE_SIDE_STYLE ('',( #3836 ) ) ;
#5541 = CARTESIAN_POINT ( 'NONE',  ( -6.799999999999997200, 6.000000000000000000, -4.967157287525377100 ) ) ;
#5540 =( NAMED_UNIT ( * ) SI_UNIT ( $, .STERADIAN. ) SOLID_ANGLE_UNIT ( ) );
#5542 = CIRCLE ( 'NONE', #3177, 0.1999999999999996500 ) ;
#5543 = DIRECTION ( 'NONE',  ( -0.0000000000000000000, -0.0000000000000000000, 1.000000000000000000 ) ) ;
#5544 = CARTESIAN_POINT ( 'NONE',  ( 6.999999999999999100, 10.01123422402631900, -4.999999999999993800 ) ) ;
#5545 = CARTESIAN_POINT ( 'NONE',  ( -9.799999999999995400, 0.1999999999999996500, 5.300000000000003400 ) ) ;
#5546 = VECTOR ( 'NONE', #5405, 1000.000000000000000 ) ;
#5547 = CIRCLE ( 'NONE', #2693, 2.050000000000000700 ) ;
#5548 = SURFACE_STYLE_USAGE ( .BOTH. , #2216 ) ;
#5549 = LINE ( 'NONE', #5476, #1892 ) ;
#5550 = VERTEX_POINT ( 'NONE', #2421 ) ;
#5551 =( BOUNDED_CURVE ( )  B_SPLINE_CURVE ( 3, ( #2937, #83, #3409, #545 ),
 .UNSPECIFIED., .F., .F. ) 
 B_SPLINE_CURVE_WITH_KNOTS ( ( 4, 4 ),
 ( 5.285485590866853800E-015, 1.570796326794896600 ),
 .UNSPECIFIED. ) 
 CURVE ( )  GEOMETRIC_REPRESENTATION_ITEM ( )  RATIONAL_B_SPLINE_CURVE ( ( 1.000000000000000000, 0.8047378541243662700, 0.8047378541243662700, 1.000000000000000000 ) ) 
 REPRESENTATION_ITEM ( '' )  );
#5552 = LINE ( 'NONE', #5751, #1309 ) ;
#5553 = CARTESIAN_POINT ( 'NONE',  ( 4.794322988211932900, 1.200000000000000600, 10.32286164890689100 ) ) ;
#5554 = STYLED_ITEM ( 'NONE', ( #3708 ), #3741 ) ;
#5555 = CARTESIAN_POINT ( 'NONE',  ( 7.925129743375459900, 1.600000000000000300, 14.44441838603068400 ) ) ;
#5556 = ADVANCED_FACE ( 'NONE', ( #3087 ), #2634, .T. ) ;
#5557 = EDGE_LOOP ( 'NONE', ( #1460, #5767, #5057, #1900, #3934, #587 ) ) ;
#5558 = FILL_AREA_STYLE_COLOUR ( '', #4302 ) ;
#5559 = ORIENTED_EDGE ( 'NONE', *, *, #4517, .T. ) ;
#5560 = VECTOR ( 'NONE', #4314, 1000.000000000000000 ) ;
#5561 = CARTESIAN_POINT ( 'NONE',  ( -8.449999999999997500, 1.999999999999997300, -10.99999999999999800 ) ) ;
#5562 = DIRECTION ( 'NONE',  ( 1.000000000000000000, -1.734723475976807500E-015, 0.0000000000000000000 ) ) ;
#5563 = PRESENTATION_LAYER_ASSIGNMENT (  '', '', ( #5256 ) ) ;
#5564 = ORIENTED_EDGE ( 'NONE', *, *, #505, .F. ) ;
#5565 = DIRECTION ( 'NONE',  ( 0.0000000000000000000, 0.0000000000000000000, 1.000000000000000000 ) ) ;
#5566 = AXIS2_PLACEMENT_3D ( 'NONE', #1888, #4274, #1445 ) ;
#5567 = CARTESIAN_POINT ( 'NONE',  ( 10.67132034355964300, 3.000000000000000400, -9.199999999999997500 ) ) ;
#5568 = EDGE_CURVE ( 'NONE', #6104, #3130, #4803, .T. ) ;
#5569 = DIRECTION ( 'NONE',  ( -0.7071067811865484600, 0.0000000000000000000, -0.7071067811865465700 ) ) ;
#5570 = ORIENTED_EDGE ( 'NONE', *, *, #1927, .T. ) ;
#5571 = EDGE_LOOP ( 'NONE', ( #2469, #4453 ) ) ;
#5572 = PRESENTATION_LAYER_ASSIGNMENT (  '', '', ( #3973 ) ) ;
#5574 = EDGE_CURVE ( 'NONE', #5804, #3649, #105, .T. ) ;
#5573 = PRESENTATION_STYLE_ASSIGNMENT (( #989 ) ) ;
#5575 = STYLED_ITEM ( 'NONE', ( #5665 ), #6118 ) ;
#5576 = DIRECTION ( 'NONE',  ( 1.734723475976807500E-015, 1.000000000000000000, 0.0000000000000000000 ) ) ;
#5577 = DIRECTION ( 'NONE',  ( 1.000000000000000000, -0.0000000000000000000, -0.0000000000000000000 ) ) ;
#5578 = EDGE_LOOP ( 'NONE', ( #2690, #5426, #4548, #3735 ) ) ;
#5579 = CARTESIAN_POINT ( 'NONE',  ( 2.999999999999997800, 5.917157287525379900, -4.999999999999997300 ) ) ;
#5580 = ORIENTED_EDGE ( 'NONE', *, *, #5796, .F. ) ;
#5581 = SURFACE_SIDE_STYLE ('',( #5605 ) ) ;
#5582 = ORIENTED_EDGE ( 'NONE', *, *, #5958, .T. ) ;
#5583 = SURFACE_STYLE_USAGE ( .BOTH. , #913 ) ;
#5585 =( LENGTH_UNIT ( ) NAMED_UNIT ( * ) SI_UNIT ( .MILLI., .METRE. ) );
#5584 = DIRECTION ( 'NONE',  ( -0.0000000000000000000, 1.000000000000000000, -0.0000000000000000000 ) ) ;
#5586 =( GEOMETRIC_REPRESENTATION_CONTEXT ( 3 ) GLOBAL_UNCERTAINTY_ASSIGNED_CONTEXT ( ( #4974 ) ) GLOBAL_UNIT_ASSIGNED_CONTEXT ( ( #1924, #5276, #2401 ) ) REPRESENTATION_CONTEXT ( 'NONE', 'WORKASPACE' ) );
#5587 = VECTOR ( 'NONE', #3664, 1000.000000000000000 ) ;
#5588 = LINE ( 'NONE', #385, #5733 ) ;
#5589 = ORIENTED_EDGE ( 'NONE', *, *, #844, .T. ) ;
#5590 = ORIENTED_EDGE ( 'NONE', *, *, #5600, .F. ) ;
#5591 = CARTESIAN_POINT ( 'NONE',  ( 4.794322988211932900, 5.000000000000000900, 10.64445322740529100 ) ) ;
#5592 = SURFACE_STYLE_FILL_AREA ( #4354 ) ;
#5593 = LINE ( 'NONE', #2569, #1278 ) ;
#5594 = ORIENTED_EDGE ( 'NONE', *, *, #140, .F. ) ;
#5595 = VECTOR ( 'NONE', #3230, 1000.000000000000000 ) ;
#5596 = CARTESIAN_POINT ( 'NONE',  ( 1.050000000000002300, 1.499999999999999100, -10.99999999999999800 ) ) ;
#5597 = COLOUR_RGB ( '',0.2509803921568627400, 0.2509803921568627400, 0.2509803921568627400 ) ;
#5598 = ORIENTED_EDGE ( 'NONE', *, *, #181, .F. ) ;
#5599 = SURFACE_STYLE_USAGE ( .BOTH. , #2261 ) ;
#5600 = EDGE_CURVE ( 'NONE', #3495, #5629, #1372, .T. ) ;
#5601 = EDGE_CURVE ( 'NONE', #4618, #3378, #3740, .T. ) ;
#5602 = AXIS2_PLACEMENT_3D ( 'NONE', #4410, #1576, #4900 ) ;
#5603 = FACE_OUTER_BOUND ( 'NONE', #1390, .T. ) ;
#5604 =( NAMED_UNIT ( * ) SI_UNIT ( $, .STERADIAN. ) SOLID_ANGLE_UNIT ( ) );
#5605 = SURFACE_STYLE_FILL_AREA ( #2242 ) ;
#5607 = DIRECTION ( 'NONE',  ( 0.0000000000000000000, 0.0000000000000000000, -1.000000000000000000 ) ) ;
#5606 =( NAMED_UNIT ( * ) PLANE_ANGLE_UNIT ( ) SI_UNIT ( $, .RADIAN. ) );
#5608 = ORIENTED_EDGE ( 'NONE', *, *, #2314, .T. ) ;
#5609 = AXIS2_PLACEMENT_3D ( 'NONE', #3927, #2989, #2528 ) ;
#5610 = ORIENTED_EDGE ( 'NONE', *, *, #1515, .F. ) ;
#5611 = DIRECTION ( 'NONE',  ( 0.0000000000000000000, 0.0000000000000000000, -1.000000000000000000 ) ) ;
#5612 = EDGE_CURVE ( 'NONE', #3484, #3834, #1229, .T. ) ;
#5613 = FILL_AREA_STYLE_COLOUR ( '', #2637 ) ;
#5614 = EDGE_CURVE ( 'NONE', #3148, #1806, #6127, .T. ) ;
#5615 = PLANE ( 'NONE',  #130 ) ;
#5616 = STYLED_ITEM ( 'NONE', ( #4043 ), #1703 ) ;
#5617 = LINE ( 'NONE', #5075, #5473 ) ;
#5618 = EDGE_LOOP ( 'NONE', ( #2020, #2215, #2696, #1453 ) ) ;
#5619 = SURFACE_STYLE_USAGE ( .BOTH. , #336 ) ;
#5620 =( GEOMETRIC_REPRESENTATION_CONTEXT ( 3 ) GLOBAL_UNCERTAINTY_ASSIGNED_CONTEXT ( ( #5520 ) ) GLOBAL_UNIT_ASSIGNED_CONTEXT ( ( #659, #4004, #1161 ) ) REPRESENTATION_CONTEXT ( 'NONE', 'WORKASPACE' ) );
#5621 = CARTESIAN_POINT ( 'NONE',  ( 3.249999999999998700, 0.2000000000000005100, -5.299999999999994500 ) ) ;
#5622 = EDGE_CURVE ( 'NONE', #5312, #3757, #1078, .T. ) ;
#5623 = ORIENTED_EDGE ( 'NONE', *, *, #5974, .F. ) ;
#5624 = DIRECTION ( 'NONE',  ( -0.0000000000000000000, -0.0000000000000000000, 1.000000000000000000 ) ) ;
#5625 =( BOUNDED_CURVE ( )  B_SPLINE_CURVE ( 3, ( #2222, #1274, #3185, #3663 ),
 .UNSPECIFIED., .F., .F. ) 
 B_SPLINE_CURVE_WITH_KNOTS ( ( 4, 4 ),
 ( 4.712388980384689700, 6.283185307179590700 ),
 .UNSPECIFIED. ) 
 CURVE ( )  GEOMETRIC_REPRESENTATION_ITEM ( )  RATIONAL_B_SPLINE_CURVE ( ( 1.000000000000000000, 0.8047378541243640500, 0.8047378541243640500, 1.000000000000000000 ) ) 
 REPRESENTATION_ITEM ( '' )  );
#5626 = VECTOR ( 'NONE', #3089, 1000.000000000000000 ) ;
#5627 = DIRECTION ( 'NONE',  ( -0.0000000000000000000, -0.0000000000000000000, -1.000000000000000000 ) ) ;
#5628 = FACE_BOUND ( 'NONE', #3315, .T. ) ;
#5629 = VERTEX_POINT ( 'NONE', #4366 ) ;
#5630 = EDGE_CURVE ( 'NONE', #1121, #1827, #3605, .T. ) ;
#5631 = EDGE_CURVE ( 'NONE', #6158, #5855, #4715, .T. ) ;
#5632 = DIRECTION ( 'NONE',  ( 0.0000000000000000000, 0.0000000000000000000, -1.000000000000000000 ) ) ;
#5633 = MECHANICAL_DESIGN_GEOMETRIC_PRESENTATION_REPRESENTATION (  '', ( #4341 ), #5946 ) ;
#5634 = CIRCLE ( 'NONE', #5078, 0.1999999999999996500 ) ;
#5635 = CARTESIAN_POINT ( 'NONE',  ( -0.2000000000000069500, 6.000000000000000000, 3.469446951953735000E-016 ) ) ;
#5636 = ORIENTED_EDGE ( 'NONE', *, *, #4725, .T. ) ;
#5637 = CIRCLE ( 'NONE', #4271, 0.3999999999999993000 ) ;
#5638 = CYLINDRICAL_SURFACE ( 'NONE', #4992, 0.1999999999999996500 ) ;
#5639 = CARTESIAN_POINT ( 'NONE',  ( 5.875129743375459200, 1.599999999999999900, 14.44441838603068400 ) ) ;
#5640 =( GEOMETRIC_REPRESENTATION_CONTEXT ( 3 ) GLOBAL_UNCERTAINTY_ASSIGNED_CONTEXT ( ( #3081 ) ) GLOBAL_UNIT_ASSIGNED_CONTEXT ( ( #4170, #2264, #5604 ) ) REPRESENTATION_CONTEXT ( 'NONE', 'WORKASPACE' ) );
#5641 = STYLED_ITEM ( 'NONE', ( #2882 ), #5230 ) ;
#5642 = ORIENTED_EDGE ( 'NONE', *, *, #5167, .F. ) ;
#5643 = ORIENTED_EDGE ( 'NONE', *, *, #4454, .T. ) ;
#5644 = VECTOR ( 'NONE', #3907, 1000.000000000000000 ) ;
#5645 = DIRECTION ( 'NONE',  ( 0.0000000000000000000, -1.000000000000000000, 0.0000000000000000000 ) ) ;
#5646 = SURFACE_STYLE_USAGE ( .BOTH. , #5732 ) ;
#5647 = EDGE_CURVE ( 'NONE', #346, #3035, #2178, .T. ) ;
#5648 = PLANE ( 'NONE',  #5 ) ;
#5649 = ORIENTED_EDGE ( 'NONE', *, *, #806, .T. ) ;
#5650 = EDGE_CURVE ( 'NONE', #5872, #891, #4572, .T. ) ;
#5651 = EDGE_CURVE ( 'NONE', #4783, #1723, #2034, .T. ) ;
#5652 = ORIENTED_EDGE ( 'NONE', *, *, #1754, .T. ) ;
#5653 = VECTOR ( 'NONE', #1794, 1000.000000000000100 ) ;
#5654 = ORIENTED_EDGE ( 'NONE', *, *, #5622, .T. ) ;
#5655 = ADVANCED_FACE ( 'NONE', ( #4412 ), #1446, .T. ) ;
#5656 = CARTESIAN_POINT ( 'NONE',  ( 10.22344725000894000, 4.800000000000000700, 11.20298081695579000 ) ) ;
#5657 = LINE ( 'NONE', #5926, #1855 ) ;
#5658 = FACE_OUTER_BOUND ( 'NONE', #2667, .T. ) ;
#5659 = VERTEX_POINT ( 'NONE', #3010 ) ;
#5660 = EDGE_LOOP ( 'NONE', ( #326, #2973, #5845, #4784 ) ) ;
#5661 = CARTESIAN_POINT ( 'NONE',  ( -0.3328427124746173300, 5.800000000000000700, 5.500000000000003600 ) ) ;
#5662 =( BOUNDED_CURVE ( )  B_SPLINE_CURVE ( 3, ( #2873, #962, #5267, #2391 ),
 .UNSPECIFIED., .F., .F. ) 
 B_SPLINE_CURVE_WITH_KNOTS ( ( 4, 4 ),
 ( -4.440892098500626200E-015, 1.570796326794898300 ),
 .UNSPECIFIED. ) 
 CURVE ( )  GEOMETRIC_REPRESENTATION_ITEM ( )  RATIONAL_B_SPLINE_CURVE ( ( 1.000000000000000000, 0.8047378541243634900, 0.8047378541243634900, 1.000000000000000000 ) ) 
 REPRESENTATION_ITEM ( '' )  );
#5663 = STYLED_ITEM ( 'NONE', ( #1857 ), #2400 ) ;
#5664 = SURFACE_SIDE_STYLE ('',( #3381 ) ) ;
#5665 = PRESENTATION_STYLE_ASSIGNMENT (( #2926 ) ) ;
#5666 =( NAMED_UNIT ( * ) SI_UNIT ( $, .STERADIAN. ) SOLID_ANGLE_UNIT ( ) );
#5667 = ORIENTED_EDGE ( 'NONE', *, *, #1062, .T. ) ;
#5668 = CARTESIAN_POINT ( 'NONE',  ( -6.699999999999995700, 1.000000000000000000, 6.000000000000003600 ) ) ;
#5669 = CARTESIAN_POINT ( 'NONE',  ( -8.449999999999997500, 3.000000000000000400, -9.199999999999997500 ) ) ;
#5670 = CARTESIAN_POINT ( 'NONE',  ( 4.599763768472680400, 4.999925981078384000, 10.56932116356027700 ) ) ;
#5671 = LINE ( 'NONE', #6108, #3146 ) ;
#5672 = VECTOR ( 'NONE', #3942, 1000.000000000000000 ) ;
#5673 =( LENGTH_UNIT ( ) NAMED_UNIT ( * ) SI_UNIT ( .MILLI., .METRE. ) );
#5674 = EDGE_CURVE ( 'NONE', #5312, #6109, #3970, .T. ) ;
#5675 = ORIENTED_EDGE ( 'NONE', *, *, #971, .F. ) ;
#5676 = PRESENTATION_LAYER_ASSIGNMENT (  '', '', ( #5372 ) ) ;
#5678 = SURFACE_STYLE_USAGE ( .BOTH. , #2345 ) ;
#5677 = DIRECTION ( 'NONE',  ( -1.000000000000000000, -1.057758217059028400E-016, 0.0000000000000000000 ) ) ;
#5679 = CARTESIAN_POINT ( 'NONE',  ( 3.332842712474617400, 0.0000000000000000000, -5.099999999999995200 ) ) ;
#5680 = VERTEX_POINT ( 'NONE', #3965 ) ;
#5681 = COLOUR_RGB ( '',0.2509803921568627400, 0.2509803921568627400, 0.2509803921568627400 ) ;
#5682 = ADVANCED_FACE ( 'NONE', ( #5251 ), #1601, .T. ) ;
#5683 = CARTESIAN_POINT ( 'NONE',  ( 4.594322988211932700, 4.800000000000000700, 6.000000000000003600 ) ) ;
#5684 = AXIS2_PLACEMENT_3D ( 'NONE', #5223, #794, #914 ) ;
#5685 = FILL_AREA_STYLE_COLOUR ( '', #3876 ) ;
#5686 = EDGE_CURVE ( 'NONE', #5419, #176, #4637, .T. ) ;
#5687 = DIRECTION ( 'NONE',  ( -0.7071067811865458000, 0.0000000000000000000, -0.7071067811865492400 ) ) ;
#5688 = LINE ( 'NONE', #5248, #4416 ) ;
#5689 = CARTESIAN_POINT ( 'NONE',  ( -3.499999999999996400, 1.350000000000000500, 7.000000000000002700 ) ) ;
#5690 = FACE_BOUND ( 'NONE', #281, .T. ) ;
#5691 = LINE ( 'NONE', #3272, #1891 ) ;
#5692 = CARTESIAN_POINT ( 'NONE',  ( -0.2000000000000069500, 5.800000000000000700, 3.469446951953735000E-016 ) ) ;
#5693 = DIRECTION ( 'NONE',  ( 1.000000000000000000, 0.0000000000000000000, 0.0000000000000000000 ) ) ;
#5694 = ORIENTED_EDGE ( 'NONE', *, *, #1821, .T. ) ;
#5695 = SURFACE_STYLE_USAGE ( .BOTH. , #2361 ) ;
#5696 = FACE_OUTER_BOUND ( 'NONE', #2097, .T. ) ;
#5697 = COLOUR_RGB ( '',0.2509803921568627400, 0.2509803921568627400, 0.2509803921568627400 ) ;
#5698 = DIRECTION ( 'NONE',  ( 0.0000000000000000000, 0.0000000000000000000, 1.000000000000000000 ) ) ;
#5700 = CARTESIAN_POINT ( 'NONE',  ( 7.925129743375459900, 1.600000000000000100, 14.44441838603068400 ) ) ;
#5699 = FILL_AREA_STYLE ('',( #5236 ) ) ;
#5701 = VERTEX_POINT ( 'NONE', #1617 ) ;
#5702 = ORIENTED_EDGE ( 'NONE', *, *, #2047, .T. ) ;
#5703 =( BOUNDED_CURVE ( )  B_SPLINE_CURVE ( 3, ( #3813, #5247, #3339, #963 ),
 .UNSPECIFIED., .F., .F. ) 
 B_SPLINE_CURVE_WITH_KNOTS ( ( 4, 4 ),
 ( 4.712388980384689700, 6.283185307179586200 ),
 .UNSPECIFIED. ) 
 CURVE ( )  GEOMETRIC_REPRESENTATION_ITEM ( )  RATIONAL_B_SPLINE_CURVE ( ( 1.000000000000000000, 0.8047378541243649400, 0.8047378541243649400, 1.000000000000000000 ) ) 
 REPRESENTATION_ITEM ( '' )  );
#5704 =( NAMED_UNIT ( * ) SI_UNIT ( $, .STERADIAN. ) SOLID_ANGLE_UNIT ( ) );
#5705 = LINE ( 'NONE', #4488, #1902 ) ;
#5706 = VECTOR ( 'NONE', #3042, 1000.000000000000000 ) ;
#5707 = STYLED_ITEM ( 'NONE', ( #2016 ), #3157 ) ;
#5708 = DIRECTION ( 'NONE',  ( -3.469446951953695000E-014, 0.0000000000000000000, 1.000000000000000000 ) ) ;
#5709 = VERTEX_POINT ( 'NONE', #1125 ) ;
#5710 = DIRECTION ( 'NONE',  ( 1.000000000000000000, 2.168404344971008900E-016, -0.0000000000000000000 ) ) ;
#5711 = CIRCLE ( 'NONE', #5758, 0.3999999999999993000 ) ;
#5712 = UNCERTAINTY_MEASURE_WITH_UNIT (LENGTH_MEASURE( 1.000000000000000100E-005 ), #2739, 'distance_accuracy_value', 'NONE');
#5713 = EDGE_CURVE ( 'NONE', #212, #3634, #3377, .T. ) ;
#5714 = ORIENTED_EDGE ( 'NONE', *, *, #3677, .F. ) ;
#5715 =( NAMED_UNIT ( * ) PLANE_ANGLE_UNIT ( ) SI_UNIT ( $, .RADIAN. ) );
#5716 = STYLED_ITEM ( 'NONE', ( #5491 ), #4327 ) ;
#5717 = EDGE_CURVE ( 'NONE', #4083, #2871, #5899, .T. ) ;
#5718 = ORIENTED_EDGE ( 'NONE', *, *, #2253, .F. ) ;
#5719 = ADVANCED_FACE ( 'NONE', ( #990 ), #3524, .T. ) ;
#5720 =( NAMED_UNIT ( * ) SI_UNIT ( $, .STERADIAN. ) SOLID_ANGLE_UNIT ( ) );
#5721 = CARTESIAN_POINT ( 'NONE',  ( 5.875129743375459200, 4.200000000000000200, 14.44441838603068400 ) ) ;
#5722 = ORIENTED_EDGE ( 'NONE', *, *, #2737, .T. ) ;
#5723 = ORIENTED_EDGE ( 'NONE', *, *, #5713, .T. ) ;
#5725 = CARTESIAN_POINT ( 'NONE',  ( 1.050000000000002300, 4.000000000000001800, -10.99999999999999800 ) ) ;
#5724 = CARTESIAN_POINT ( 'NONE',  ( -4.999999999999998200, 5.800000000000000700, -2.817398742541499200 ) ) ;
#5726 = AXIS2_PLACEMENT_3D ( 'NONE', #2237, #2728, #6045 ) ;
#5727 = COLOUR_RGB ( '',0.2509803921568627400, 0.2509803921568627400, 0.2509803921568627400 ) ;
#5728 = DIRECTION ( 'NONE',  ( 0.0000000000000000000, 1.000000000000000000, 0.0000000000000000000 ) ) ;
#5729 = AXIS2_PLACEMENT_3D ( 'NONE', #5692, #1439, #3344 ) ;
#5730 = ORIENTED_EDGE ( 'NONE', *, *, #1062, .F. ) ;
#5731 =( NAMED_UNIT ( * ) PLANE_ANGLE_UNIT ( ) SI_UNIT ( $, .RADIAN. ) );
#5732 = SURFACE_SIDE_STYLE ('',( #2060 ) ) ;
#5733 = VECTOR ( 'NONE', #3236, 1000.000000000000000 ) ;
#5734 = ORIENTED_EDGE ( 'NONE', *, *, #6009, .F. ) ;
#5735 = STYLED_ITEM ( 'NONE', ( #3969 ), #1627 ) ;
#5736 = CARTESIAN_POINT ( 'NONE',  ( -3.391421356237307400, 6.000000000000000000, -5.158578643762687000 ) ) ;
#5737 = SURFACE_STYLE_FILL_AREA ( #5827 ) ;
#5738 = SPHERICAL_SURFACE ( 'NONE', #4948, 0.2000000000000000100 ) ;
#5739 = DIRECTION ( 'NONE',  ( 0.0000000000000000000, 0.0000000000000000000, 1.000000000000000000 ) ) ;
#5740 = ORIENTED_EDGE ( 'NONE', *, *, #2009, .T. ) ;
#5741 = DIRECTION ( 'NONE',  ( 0.0000000000000000000, 0.0000000000000000000, 1.000000000000000000 ) ) ;
#5742 = LINE ( 'NONE', #1798, #825 ) ;
#5743 = DIRECTION ( 'NONE',  ( 1.000000000000000000, 0.0000000000000000000, 0.0000000000000000000 ) ) ;
#5744 = CARTESIAN_POINT ( 'NONE',  ( 6.999999999999997300, 0.1999999999999996500, -4.999999999999997300 ) ) ;
#5745 = ORIENTED_EDGE ( 'NONE', *, *, #5446, .F. ) ;
#5746 = VECTOR ( 'NONE', #1212, 1000.000000000000000 ) ;
#5747 = LINE ( 'NONE', #5907, #4480 ) ;
#5748 = ADVANCED_FACE ( 'NONE', ( #6096 ), #980, .T. ) ;
#5749 = LINE ( 'NONE', #320, #1948 ) ;
#5750 = CARTESIAN_POINT ( 'NONE',  ( 8.549999999999995400, 1.499999999999998000, -4.999999999999997300 ) ) ;
#5751 = CARTESIAN_POINT ( 'NONE',  ( -2.999999999999997300, 5.800000000000000700, -4.999999999999997300 ) ) ;
#5752 =( NAMED_UNIT ( * ) SI_UNIT ( $, .STERADIAN. ) SOLID_ANGLE_UNIT ( ) );
#5753 = EDGE_CURVE ( 'NONE', #4182, #2294, #4788, .T. ) ;
#5754 = PRESENTATION_LAYER_ASSIGNMENT (  '', '', ( #4806 ) ) ;
#5755 = DIRECTION ( 'NONE',  ( -0.7071067811865458000, 0.0000000000000000000, -0.7071067811865492400 ) ) ;
#5756 = CARTESIAN_POINT ( 'NONE',  ( -4.999999999999998200, 0.2000000000000005100, -5.299999999999994500 ) ) ;
#5757 = DIRECTION ( 'NONE',  ( 0.0000000000000000000, -1.000000000000000000, 0.0000000000000000000 ) ) ;
#5758 = AXIS2_PLACEMENT_3D ( 'NONE', #501, #452, #3776 ) ;
#5759 = VECTOR ( 'NONE', #1337, 1000.000000000000000 ) ;
#5760 = AXIS2_PLACEMENT_3D ( 'NONE', #125, #3458, #591 ) ;
#5761 =( LENGTH_UNIT ( ) NAMED_UNIT ( * ) SI_UNIT ( .MILLI., .METRE. ) );
#5763 =( NAMED_UNIT ( * ) SI_UNIT ( $, .STERADIAN. ) SOLID_ANGLE_UNIT ( ) );
#5762 =( NAMED_UNIT ( * ) SI_UNIT ( $, .STERADIAN. ) SOLID_ANGLE_UNIT ( ) );
#5764 = DIRECTION ( 'NONE',  ( -1.000000000000000000, 1.301042606982603900E-015, 0.0000000000000000000 ) ) ;
#5765 = FACE_OUTER_BOUND ( 'NONE', #1305, .T. ) ;
#5766 = EDGE_CURVE ( 'NONE', #2158, #4988, #2244, .T. ) ;
#5767 = ORIENTED_EDGE ( 'NONE', *, *, #3443, .T. ) ;
#5768 = AXIS2_PLACEMENT_3D ( 'NONE', #1364, #4686, #1828 ) ;
#5769 = SURFACE_SIDE_STYLE ('',( #3282 ) ) ;
#5770 = CARTESIAN_POINT ( 'NONE',  ( -6.999999999999997300, 10.01123422402631900, -4.999999999999995600 ) ) ;
#5771 = COLOUR_RGB ( '',1.000000000000000000, 0.0000000000000000000, 0.0000000000000000000 ) ;
#5772 = ORIENTED_EDGE ( 'NONE', *, *, #3715, .F. ) ;
#5773 = CARTESIAN_POINT ( 'NONE',  ( 1.734723475976807100E-015, 5.800000000000000700, 5.000000000000002700 ) ) ;
#5774 = LINE ( 'NONE', #711, #3246 ) ;
#5775 = FACE_OUTER_BOUND ( 'NONE', #988, .T. ) ;
#5776 = ADVANCED_FACE ( 'NONE', ( #5891 ), #832, .F. ) ;
#5777 = SURFACE_STYLE_USAGE ( .BOTH. , #2445 ) ;
#5778 = CARTESIAN_POINT ( 'NONE',  ( 4.794322988211932900, 4.800000000000000700, 10.32286164890689100 ) ) ;
#5779 = AXIS2_PLACEMENT_3D ( 'NONE', #586, #148, #3476 ) ;
#5780 = ORIENTED_EDGE ( 'NONE', *, *, #3015, .F. ) ;
#5781 = UNCERTAINTY_MEASURE_WITH_UNIT (LENGTH_MEASURE( 1.000000000000000100E-005 ), #319, 'distance_accuracy_value', 'NONE');
#5782 = CARTESIAN_POINT ( 'NONE',  ( 9.800000000000002500, 0.1999999999999996500, -4.999999999999997300 ) ) ;
#5783 = VECTOR ( 'NONE', #3988, 1000.000000000000000 ) ;
#5784 = FACE_OUTER_BOUND ( 'NONE', #4541, .T. ) ;
#5785 = DIRECTION ( 'NONE',  ( -1.000000000000000000, 0.0000000000000000000, 0.0000000000000000000 ) ) ;
#5786 = DIRECTION ( 'NONE',  ( 0.0000000000000000000, 0.0000000000000000000, 1.000000000000000000 ) ) ;
#5787 = ORIENTED_EDGE ( 'NONE', *, *, #5369, .F. ) ;
#5788 = ORIENTED_EDGE ( 'NONE', *, *, #4692, .F. ) ;
#5789 = AXIS2_PLACEMENT_3D ( 'NONE', #5027, #1696, #5519 ) ;
#5790 = CARTESIAN_POINT ( 'NONE',  ( 6.717751532105306300, 1.199999999999999700, 10.95626158695325700 ) ) ;
#5791 = ORIENTED_EDGE ( 'NONE', *, *, #1256, .T. ) ;
#5792 = VERTEX_POINT ( 'NONE', #3097 ) ;
#5793 = SURFACE_STYLE_FILL_AREA ( #1565 ) ;
#5794 = EDGE_CURVE ( 'NONE', #2672, #4182, #6043, .T. ) ;
#5795 = CARTESIAN_POINT ( 'NONE',  ( 6.799999999999992700, 0.0000000000000000000, -4.799999999999998000 ) ) ;
#5796 = EDGE_CURVE ( 'NONE', #977, #2158, #3365, .T. ) ;
#5797 = CARTESIAN_POINT ( 'NONE',  ( 6.667157287525379100, 6.000000000000000000, -5.099999999999993400 ) ) ;
#5798 = ORIENTED_EDGE ( 'NONE', *, *, #4461, .T. ) ;
#5799 = FILL_AREA_STYLE_COLOUR ( '', #1861 ) ;
#5800 = ORIENTED_EDGE ( 'NONE', *, *, #2296, .T. ) ;
#5801 = VECTOR ( 'NONE', #830, 1000.000000000000000 ) ;
#5802 = DIRECTION ( 'NONE',  ( -0.0000000000000000000, -1.000000000000000000, -0.0000000000000000000 ) ) ;
#5803 = CARTESIAN_POINT ( 'NONE',  ( 8.050000000000000700, 1.999999999999999100, -10.99999999999999800 ) ) ;
#5804 = VERTEX_POINT ( 'NONE', #5488 ) ;
#5805 = CARTESIAN_POINT ( 'NONE',  ( 0.0000000000000000000, 1.999999999999997300, -10.99999999999999800 ) ) ;
#5806 = STYLED_ITEM ( 'NONE', ( #2269 ), #1041 ) ;
#5807 = CARTESIAN_POINT ( 'NONE',  ( -6.799999999999824900, 0.2000000000000000100, 2.359223927328451600E-013 ) ) ;
#5808 = AXIS2_PLACEMENT_3D ( 'NONE', #2168, #4550, #1245 ) ;
#5809 = EDGE_LOOP ( 'NONE', ( #2236, #3699, #4709, #5900 ) ) ;
#5810 = CARTESIAN_POINT ( 'NONE',  ( -8.449999999999997500, 1.999999999999997300, -10.99999999999999800 ) ) ;
#5812 = CARTESIAN_POINT ( 'NONE',  ( -6.667157287525378200, 6.000000000000000000, -5.099999999999994300 ) ) ;
#5811 = FILL_AREA_STYLE_COLOUR ( '', #1315 ) ;
#5813 = CARTESIAN_POINT ( 'NONE',  ( -7.949999999999996600, 4.500000000000001800, -10.50000000000000000 ) ) ;
#5814 = CYLINDRICAL_SURFACE ( 'NONE', #173, 0.2000000000000000400 ) ;
#5815 = ORIENTED_EDGE ( 'NONE', *, *, #217, .F. ) ;
#5816 = UNCERTAINTY_MEASURE_WITH_UNIT (LENGTH_MEASURE( 1.000000000000000100E-005 ), #5449, 'distance_accuracy_value', 'NONE');
#5817 =( GEOMETRIC_REPRESENTATION_CONTEXT ( 3 ) GLOBAL_UNCERTAINTY_ASSIGNED_CONTEXT ( ( #4522 ) ) GLOBAL_UNIT_ASSIGNED_CONTEXT ( ( #756, #4099, #1253 ) ) REPRESENTATION_CONTEXT ( 'NONE', 'WORKASPACE' ) );
#5818 =( NAMED_UNIT ( * ) PLANE_ANGLE_UNIT ( ) SI_UNIT ( $, .RADIAN. ) );
#5819 = PRESENTATION_STYLE_ASSIGNMENT (( #4131 ) ) ;
#5820 = PRESENTATION_STYLE_ASSIGNMENT (( #2671 ) ) ;
#5821 = LINE ( 'NONE', #3266, #905 ) ;
#5822 = FILL_AREA_STYLE ('',( #4331 ) ) ;
#5823 = AXIS2_PLACEMENT_3D ( 'NONE', #5030, #764, #4105 ) ;
#5824 = PLANE ( 'NONE',  #5313 ) ;
#5825 = ORIENTED_EDGE ( 'NONE', *, *, #2143, .T. ) ;
#5826 = ORIENTED_EDGE ( 'NONE', *, *, #5574, .F. ) ;
#5827 = FILL_AREA_STYLE ('',( #4859 ) ) ;
#5828 = FILL_AREA_STYLE_COLOUR ( '', #1834 ) ;
#5830 = SURFACE_STYLE_USAGE ( .BOTH. , #2498 ) ;
#5829 = DIRECTION ( 'NONE',  ( -0.7071067811865500200, 0.0000000000000000000, -0.7071067811865451300 ) ) ;
#5831 = VECTOR ( 'NONE', #2952, 1000.000000000000000 ) ;
#5832 = EDGE_CURVE ( 'NONE', #3964, #2153, #2093, .T. ) ;
#5833 = AXIS2_PLACEMENT_3D ( 'NONE', #2145, #5486, #2633 ) ;
#5834 = DIRECTION ( 'NONE',  ( -0.0000000000000000000, 1.000000000000000000, -0.0000000000000000000 ) ) ;
#5835 = COLOUR_RGB ( '',0.2509803921568627400, 0.2509803921568627400, 0.2509803921568627400 ) ;
#5836 = ADVANCED_FACE ( 'NONE', ( #3218 ), #4529, .T. ) ;
#5837 = FILL_AREA_STYLE_COLOUR ( '', #5681 ) ;
#5838 = CYLINDRICAL_SURFACE ( 'NONE', #2533, 0.1999999999999996500 ) ;
#5839 =( NAMED_UNIT ( * ) SI_UNIT ( $, .STERADIAN. ) SOLID_ANGLE_UNIT ( ) );
#5840 =( NAMED_UNIT ( * ) SI_UNIT ( $, .STERADIAN. ) SOLID_ANGLE_UNIT ( ) );
#5841 = AXIS2_PLACEMENT_3D ( 'NONE', #4115, #1271, #1044 ) ;
#5842 = CYLINDRICAL_SURFACE ( 'NONE', #1106, 2.250000000000000400 ) ;
#5843 = CARTESIAN_POINT ( 'NONE',  ( 0.0000000000000000000, 5.800000000000000700, -4.799999999999998000 ) ) ;
#5844 = DIRECTION ( 'NONE',  ( 0.0000000000000000000, -1.000000000000000000, 0.0000000000000000000 ) ) ;
#5845 = ORIENTED_EDGE ( 'NONE', *, *, #5622, .F. ) ;
#5846 = CARTESIAN_POINT ( 'NONE',  ( -0.3328427124746173300, 0.1999999999999996500, 5.300000000000003400 ) ) ;
#5847 = SURFACE_STYLE_FILL_AREA ( #5822 ) ;
#5848 = SURFACE_STYLE_FILL_AREA ( #4498 ) ;
#5849 = ORIENTED_EDGE ( 'NONE', *, *, #2932, .T. ) ;
#5851 = FILL_AREA_STYLE_COLOUR ( '', #1870 ) ;
#5850 = FILL_AREA_STYLE ('',( #3941 ) ) ;
#5852 = LINE ( 'NONE', #3956, #785 ) ;
#5853 = LINE ( 'NONE', #1156, #5706 ) ;
#5854 = CARTESIAN_POINT ( 'NONE',  ( 4.794322988211932900, 4.800000000000000700, 10.32286164890689100 ) ) ;
#5855 = VERTEX_POINT ( 'NONE', #5017 ) ;
#5856 = CARTESIAN_POINT ( 'NONE',  ( 3.249999999999998700, 5.800000000000000700, -5.299999999999994500 ) ) ;
#5857 = LINE ( 'NONE', #3390, #791 ) ;
#5858 = CARTESIAN_POINT ( 'NONE',  ( 7.925129743375459900, 1.499999999999999600, 14.44441838603068400 ) ) ;
#5859 = AXIS2_PLACEMENT_3D ( 'NONE', #4197, #1807, #5156 ) ;
#5860 = ORIENTED_EDGE ( 'NONE', *, *, #185, .T. ) ;
#5861 =( NAMED_UNIT ( * ) SI_UNIT ( $, .STERADIAN. ) SOLID_ANGLE_UNIT ( ) );
#5862 = DIRECTION ( 'NONE',  ( -1.000000000000000000, 0.0000000000000000000, -1.734723475976806800E-016 ) ) ;
#5863 = VERTEX_POINT ( 'NONE', #5509 ) ;
#5864 = CARTESIAN_POINT ( 'NONE',  ( 2.168404344971009300E-015, 5.800000000000000700, 5.250000000000002700 ) ) ;
#5865 = DIRECTION ( 'NONE',  ( 1.000000000000000000, 0.0000000000000000000, 0.0000000000000000000 ) ) ;
#5866 = ADVANCED_FACE ( 'NONE', ( #5603 ), #3884, .T. ) ;
#5867 = EDGE_LOOP ( 'NONE', ( #3263, #4067, #1291, #4539 ) ) ;
#5868 = PRESENTATION_LAYER_ASSIGNMENT (  '', '', ( #5554 ) ) ;
#5869 = ORIENTED_EDGE ( 'NONE', *, *, #2000, .T. ) ;
#5871 = CARTESIAN_POINT ( 'NONE',  ( -0.1999999999999986200, 6.000000000000000000, 4.800000000000003400 ) ) ;
#5870 = CARTESIAN_POINT ( 'NONE',  ( -8.449999999999997500, 4.500000000000001800, -10.50000000000000000 ) ) ;
#5872 = VERTEX_POINT ( 'NONE', #5039 ) ;
#5873 = CARTESIAN_POINT ( 'NONE',  ( 4.596136861345048200, 1.000000000000000000, 10.56792057705381900 ) ) ;
#5874 = MECHANICAL_DESIGN_GEOMETRIC_PRESENTATION_REPRESENTATION (  '', ( #5256 ), #19 ) ;
#5875 =( NAMED_UNIT ( * ) SI_UNIT ( $, .STERADIAN. ) SOLID_ANGLE_UNIT ( ) );
#5876 = PRESENTATION_LAYER_ASSIGNMENT (  '', '', ( #5258 ) ) ;
#5877 = CIRCLE ( 'NONE', #2995, 0.2000000000000001500 ) ;
#5878 = DIRECTION ( 'NONE',  ( -0.7071067811865500200, -0.0000000000000000000, 0.7071067811865451300 ) ) ;
#5879 = VERTEX_POINT ( 'NONE', #2187 ) ;
#5880 = CARTESIAN_POINT ( 'NONE',  ( -3.249999999999997800, 5.799999999999999800, -5.299999999999995400 ) ) ;
#5881 = DIRECTION ( 'NONE',  ( 0.0000000000000000000, -1.000000000000000000, 0.0000000000000000000 ) ) ;
#5882 = PLANE ( 'NONE',  #3098 ) ;
#5883 = MECHANICAL_DESIGN_GEOMETRIC_PRESENTATION_REPRESENTATION (  '', ( #3973 ), #25 ) ;
#5884 = ORIENTED_EDGE ( 'NONE', *, *, #4304, .F. ) ;
#5885 =( NAMED_UNIT ( * ) PLANE_ANGLE_UNIT ( ) SI_UNIT ( $, .RADIAN. ) );
#5886 = PRESENTATION_LAYER_ASSIGNMENT (  '', '', ( #5575 ) ) ;
#5887 = FACE_OUTER_BOUND ( 'NONE', #2205, .T. ) ;
#5888 = VECTOR ( 'NONE', #2266, 1000.000000000000000 ) ;
#5889 =( NAMED_UNIT ( * ) SI_UNIT ( $, .STERADIAN. ) SOLID_ANGLE_UNIT ( ) );
#5890 =( BOUNDED_CURVE ( )  B_SPLINE_CURVE ( 3, ( #415, #4222, #1848, #5189 ),
 .UNSPECIFIED., .F., .F. ) 
 B_SPLINE_CURVE_WITH_KNOTS ( ( 4, 4 ),
 ( 3.141592653589789100, 4.712388980384687900 ),
 .UNSPECIFIED. ) 
 CURVE ( )  GEOMETRIC_REPRESENTATION_ITEM ( )  RATIONAL_B_SPLINE_CURVE ( ( 1.000000000000000000, 0.8047378541243644900, 0.8047378541243644900, 1.000000000000000000 ) ) 
 REPRESENTATION_ITEM ( '' )  );
#5891 = FACE_OUTER_BOUND ( 'NONE', #3856, .T. ) ;
#5892 = CARTESIAN_POINT ( 'NONE',  ( 9.652578372129053000, 1.200000000000000200, 14.72445630313715600 ) ) ;
#5893 = ADVANCED_FACE ( 'NONE', ( #2783, #5157 ), #1704, .F. ) ;
#5894 = ORIENTED_EDGE ( 'NONE', *, *, #3403, .T. ) ;
#5895 = DIRECTION ( 'NONE',  ( 0.0000000000000000000, 0.0000000000000000000, -1.000000000000000000 ) ) ;
#5896 = DIRECTION ( 'NONE',  ( 0.0000000000000000000, 0.7071067811865474600, -0.7071067811865474600 ) ) ;
#5897 = VECTOR ( 'NONE', #12, 1000.000000000000000 ) ;
#5898 = COLOUR_RGB ( '',0.2509803921568627400, 0.2509803921568627400, 0.2509803921568627400 ) ;
#5899 = CIRCLE ( 'NONE', #1344, 1.749999999999999800 ) ;
#5900 = ORIENTED_EDGE ( 'NONE', *, *, #3922, .T. ) ;
#5901 = CARTESIAN_POINT ( 'NONE',  ( 5.000000000000001800, 0.1999999999999996500, -2.817398742541499200 ) ) ;
#5902 = CARTESIAN_POINT ( 'NONE',  ( 6.799999999999992700, 6.000000000000000000, -4.799999999999998000 ) ) ;
#5903 = PRESENTATION_LAYER_ASSIGNMENT (  '', '', ( #4633 ) ) ;
#5904 = LINE ( 'NONE', #2810, #2104 ) ;
#5905 = DIRECTION ( 'NONE',  ( -1.000000000000000000, -0.0000000000000000000, -0.0000000000000000000 ) ) ;
#5907 = CARTESIAN_POINT ( 'NONE',  ( -7.949999999999996600, 4.000000000000004400, -10.99999999999999800 ) ) ;
#5906 = CARTESIAN_POINT ( 'NONE',  ( 1.050000000000002300, 3.000000000000000400, -9.199999999999997500 ) ) ;
#5908 = EDGE_CURVE ( 'NONE', #3279, #1258, #4701, .T. ) ;
#5909 = VECTOR ( 'NONE', #3033, 1000.000000000000100 ) ;
#5910 = AXIS2_PLACEMENT_3D ( 'NONE', #5366, #2497, #5829 ) ;
#5911 =( NAMED_UNIT ( * ) SI_UNIT ( $, .STERADIAN. ) SOLID_ANGLE_UNIT ( ) );
#5912 = COLOUR_RGB ( '',0.2509803921568627400, 0.2509803921568627400, 0.2509803921568627400 ) ;
#5913 = SURFACE_STYLE_FILL_AREA ( #1261 ) ;
#5914 = SURFACE_SIDE_STYLE ('',( #3065 ) ) ;
#5915 = CIRCLE ( 'NONE', #4486, 1.199999999999999700 ) ;
#5916 = PRESENTATION_LAYER_ASSIGNMENT (  '', '', ( #4646 ) ) ;
#5917 = ORIENTED_EDGE ( 'NONE', *, *, #4676, .F. ) ;
#5918 = MECHANICAL_DESIGN_GEOMETRIC_PRESENTATION_REPRESENTATION (  '', ( #5305 ), #64 ) ;
#5919 = DIRECTION ( 'NONE',  ( 0.0000000000000000000, 1.000000000000000000, -4.336808689942025600E-015 ) ) ;
#5920 = LINE ( 'NONE', #2638, #3395 ) ;
#5921 = PLANE ( 'NONE',  #5954 ) ;
#5922 = ORIENTED_EDGE ( 'NONE', *, *, #181, .T. ) ;
#5923 = UNCERTAINTY_MEASURE_WITH_UNIT (LENGTH_MEASURE( 1.000000000000000100E-005 ), #1275, 'distance_accuracy_value', 'NONE');
#5924 = ADVANCED_FACE ( 'NONE', ( #3435 ), #3176, .F. ) ;
#5925 = VERTEX_POINT ( 'NONE', #6022 ) ;
#5926 = CARTESIAN_POINT ( 'NONE',  ( 10.00000000000000400, 6.000000000000000000, -4.799999999999998000 ) ) ;
#5927 = FACE_OUTER_BOUND ( 'NONE', #3947, .T. ) ;
#5928 = EDGE_CURVE ( 'NONE', #5879, #5133, #2072, .T. ) ;
#5929 = VECTOR ( 'NONE', #1719, 1000.000000000000000 ) ;
#5930 = DIRECTION ( 'NONE',  ( -1.000000000000000000, 1.301042606982603900E-015, 0.0000000000000000000 ) ) ;
#5931 = PRESENTATION_LAYER_ASSIGNMENT (  '', '', ( #5616 ) ) ;
#5932 = ORIENTED_EDGE ( 'NONE', *, *, #1373, .T. ) ;
#5933 = ORIENTED_EDGE ( 'NONE', *, *, #1649, .T. ) ;
#5934 = DIRECTION ( 'NONE',  ( 0.0000000000000000000, 0.0000000000000000000, 1.000000000000000000 ) ) ;
#5935 = ORIENTED_EDGE ( 'NONE', *, *, #5010, .T. ) ;
#5936 = PLANE ( 'NONE',  #5015 ) ;
#5937 = ORIENTED_EDGE ( 'NONE', *, *, #4695, .T. ) ;
#5938 = STYLED_ITEM ( 'NONE', ( #833 ), #2917 ) ;
#5939 = EDGE_CURVE ( 'NONE', #491, #3066, #1707, .T. ) ;
#5940 = ORIENTED_EDGE ( 'NONE', *, *, #5421, .T. ) ;
#5941 = EDGE_CURVE ( 'NONE', #1414, #1096, #450, .T. ) ;
#5942 = ORIENTED_EDGE ( 'NONE', *, *, #202, .T. ) ;
#5943 = CARTESIAN_POINT ( 'NONE',  ( -1.999999999999996700, 1.350000000000000500, 5.500000000000003600 ) ) ;
#5944 = DIRECTION ( 'NONE',  ( -0.0000000000000000000, -1.000000000000000000, -0.0000000000000000000 ) ) ;
#5945 = EDGE_CURVE ( 'NONE', #236, #317, #2991, .T. ) ;
#5946 =( GEOMETRIC_REPRESENTATION_CONTEXT ( 3 ) GLOBAL_UNCERTAINTY_ASSIGNED_CONTEXT ( ( #2489 ) ) GLOBAL_UNIT_ASSIGNED_CONTEXT ( ( #2477, #5818, #2970 ) ) REPRESENTATION_CONTEXT ( 'NONE', 'WORKASPACE' ) );
#5947 = ORIENTED_EDGE ( 'NONE', *, *, #4692, .T. ) ;
#5948 = SURFACE_STYLE_USAGE ( .BOTH. , #2630 ) ;
#5949 = ORIENTED_EDGE ( 'NONE', *, *, #893, .F. ) ;
#5950 = CARTESIAN_POINT ( 'NONE',  ( -2.499999999999996400, 1.350000000000000500, 7.000000000000002700 ) ) ;
#5951 = PRESENTATION_LAYER_ASSIGNMENT (  '', '', ( #727 ) ) ;
#5952 = ADVANCED_FACE ( 'NONE', ( #4107 ), #3519, .T. ) ;
#5953 = FILL_AREA_STYLE_COLOUR ( '', #669 ) ;
#5954 = AXIS2_PLACEMENT_3D ( 'NONE', #1662, #4987, #2134 ) ;
#5955 = FILL_AREA_STYLE_COLOUR ( '', #3791 ) ;
#5956 = DIRECTION ( 'NONE',  ( 0.0000000000000000000, -1.000000000000000000, 0.0000000000000000000 ) ) ;
#5957 = ORIENTED_EDGE ( 'NONE', *, *, #3658, .T. ) ;
#5958 = EDGE_CURVE ( 'NONE', #363, #2431, #2333, .T. ) ;
#5959 = PLANE ( 'NONE',  #4960 ) ;
#5960 = DIRECTION ( 'NONE',  ( -0.0000000000000000000, -1.000000000000000000, 0.0000000000000000000 ) ) ;
#5961 = VECTOR ( 'NONE', #2214, 1000.000000000000000 ) ;
#5962 = SURFACE_STYLE_USAGE ( .BOTH. , #2640 ) ;
#5963 = CARTESIAN_POINT ( 'NONE',  ( -9.799999999999995400, 5.800000000000000700, 5.300000000000003400 ) ) ;
#5964 = DIRECTION ( 'NONE',  ( -1.000000000000000000, 0.0000000000000000000, -4.956352788505166200E-016 ) ) ;
#5965 = UNCERTAINTY_MEASURE_WITH_UNIT (LENGTH_MEASURE( 1.000000000000000100E-005 ), #6160, 'distance_accuracy_value', 'NONE');
#5966 = DIRECTION ( 'NONE',  ( 0.0000000000000000000, 0.0000000000000000000, -1.000000000000000000 ) ) ;
#5968 = CARTESIAN_POINT ( 'NONE',  ( 3.000000000000000400, 0.08284271247461880100, -5.049999999999994500 ) ) ;
#5967 =( NAMED_UNIT ( * ) SI_UNIT ( $, .STERADIAN. ) SOLID_ANGLE_UNIT ( ) );
#5969 = ORIENTED_EDGE ( 'NONE', *, *, #925, .F. ) ;
#5970 = EDGE_CURVE ( 'NONE', #2252, #1858, #6036, .T. ) ;
#5971 = VERTEX_POINT ( 'NONE', #4211 ) ;
#5972 = PRESENTATION_LAYER_ASSIGNMENT (  '', '', ( #5663 ) ) ;
#5973 = CARTESIAN_POINT ( 'NONE',  ( 3.249999999999998700, 0.1999999999999987900, -5.299999999999994500 ) ) ;
#5974 = EDGE_CURVE ( 'NONE', #147, #2151, #2385, .T. ) ;
#5975 = CIRCLE ( 'NONE', #4147, 2.000000000000000000 ) ;
#5976 = SURFACE_SIDE_STYLE ('',( #4479 ) ) ;
#5977 = VECTOR ( 'NONE', #3903, 1000.000000000000000 ) ;
#5978 = FILL_AREA_STYLE ('',( #5018 ) ) ;
#5979 = CIRCLE ( 'NONE', #1304, 0.2000000000000005100 ) ;
#5980 = DIRECTION ( 'NONE',  ( 0.0000000000000000000, 0.0000000000000000000, -1.000000000000000000 ) ) ;
#5981 = DIRECTION ( 'NONE',  ( 1.000000000000000000, 0.0000000000000000000, -0.0000000000000000000 ) ) ;
#5982 = STYLED_ITEM ( 'NONE', ( #1267 ), #3620 ) ;
#5983 = CARTESIAN_POINT ( 'NONE',  ( -4.999999999999998200, 6.000000000000000000, -1.417398742541499800 ) ) ;
#5984 = ADVANCED_FACE ( 'NONE', ( #5887, #1138, #973 ), #4672, .T. ) ;
#5985 = CARTESIAN_POINT ( 'NONE',  ( 5.000000000000001800, 0.1999999999999996500, -1.417398742541499800 ) ) ;
#5986 = COLOUR_RGB ( '',0.2509803921568627400, 0.2509803921568627400, 0.2509803921568627400 ) ;
#5987 = FACE_BOUND ( 'NONE', #3566, .T. ) ;
#5988 =( NAMED_UNIT ( * ) SI_UNIT ( $, .STERADIAN. ) SOLID_ANGLE_UNIT ( ) );
#5989 = ORIENTED_EDGE ( 'NONE', *, *, #2253, .T. ) ;
#5990 = EDGE_CURVE ( 'NONE', #363, #5368, #1644, .T. ) ;
#5992 =( LENGTH_UNIT ( ) NAMED_UNIT ( * ) SI_UNIT ( .MILLI., .METRE. ) );
#5991 = DIRECTION ( 'NONE',  ( 0.0000000000000000000, -1.000000000000000000, 0.0000000000000000000 ) ) ;
#5993 = EDGE_CURVE ( 'NONE', #3378, #3792, #379, .T. ) ;
#5994 = VECTOR ( 'NONE', #1726, 1000.000000000000100 ) ;
#5995 = MECHANICAL_DESIGN_GEOMETRIC_PRESENTATION_REPRESENTATION (  '', ( #5372 ), #145 ) ;
#5996 = ORIENTED_EDGE ( 'NONE', *, *, #4017, .F. ) ;
#5997 = FILL_AREA_STYLE ('',( #5531 ) ) ;
#5998 = EDGE_CURVE ( 'NONE', #1950, #236, #2922, .T. ) ;
#5999 = CYLINDRICAL_SURFACE ( 'NONE', #5410, 0.1999999999999996500 ) ;
#6000 = FACE_OUTER_BOUND ( 'NONE', #6141, .T. ) ;
#6001 = AXIS2_PLACEMENT_3D ( 'NONE', #2330, #2748, #4801 ) ;
#6002 = UNCERTAINTY_MEASURE_WITH_UNIT (LENGTH_MEASURE( 1.000000000000000100E-005 ), #5110, 'distance_accuracy_value', 'NONE');
#6003 = STYLED_ITEM ( 'NONE', ( #824 ), #5984 ) ;
#6004 = EDGE_CURVE ( 'NONE', #6074, #2416, #2776, .T. ) ;
#6005 = EDGE_LOOP ( 'NONE', ( #4876, #2368 ) ) ;
#6006 = CARTESIAN_POINT ( 'NONE',  ( -9.799999999999995400, 0.0000000000000000000, -4.799999999999998000 ) ) ;
#6007 = CIRCLE ( 'NONE', #2247, 0.1999999999999996500 ) ;
#6008 = SURFACE_SIDE_STYLE ('',( #2408 ) ) ;
#6009 = EDGE_CURVE ( 'NONE', #2071, #1734, #239, .T. ) ;
#6010 = CYLINDRICAL_SURFACE ( 'NONE', #2967, 0.3999999999999993000 ) ;
#6011 = EDGE_LOOP ( 'NONE', ( #2987, #4446, #260, #4940 ) ) ;
#6012 = ORIENTED_EDGE ( 'NONE', *, *, #1578, .T. ) ;
#6013 = DIRECTION ( 'NONE',  ( 0.7071067811865453500, 0.0000000000000000000, -0.7071067811865496800 ) ) ;
#6014 = PRESENTATION_STYLE_ASSIGNMENT (( #3993 ) ) ;
#6016 = CARTESIAN_POINT ( 'NONE',  ( -6.999999999999999100, 5.799999999999999800, -5.049999999999994500 ) ) ;
#6015 = DIRECTION ( 'NONE',  ( 0.0000000000000000000, 0.0000000000000000000, -1.000000000000000000 ) ) ;
#6017 = AXIS2_PLACEMENT_3D ( 'NONE', #6069, #4635, #2778 ) ;
#6018 = ORIENTED_EDGE ( 'NONE', *, *, #5484, .T. ) ;
#6019 = ORIENTED_EDGE ( 'NONE', *, *, #2161, .F. ) ;
#6020 = CARTESIAN_POINT ( 'NONE',  ( -6.399999999999996800, 5.000000000000000000, 5.500000000000003600 ) ) ;
#6021 = ADVANCED_FACE ( 'NONE', ( #1349 ), #3429, .T. ) ;
#6022 = CARTESIAN_POINT ( 'NONE',  ( 8.050000000000004300, 4.499999999999998200, -4.999999999999997300 ) ) ;
#6023 =( NAMED_UNIT ( * ) PLANE_ANGLE_UNIT ( ) SI_UNIT ( $, .RADIAN. ) );
#6024 = ORIENTED_EDGE ( 'NONE', *, *, #1786, .T. ) ;
#6025 = AXIS2_PLACEMENT_3D ( 'NONE', #4242, #1406, #4726 ) ;
#6026 = FACE_OUTER_BOUND ( 'NONE', #4121, .T. ) ;
#6027 = DIRECTION ( 'NONE',  ( 0.0000000000000000000, 0.0000000000000000000, -1.000000000000000000 ) ) ;
#6028 = DIRECTION ( 'NONE',  ( 1.000000000000000000, -0.0000000000000000000, -0.0000000000000000000 ) ) ;
#6029 = ORIENTED_EDGE ( 'NONE', *, *, #3300, .T. ) ;
#6030 = DIRECTION ( 'NONE',  ( -1.000000000000000000, 0.0000000000000000000, 0.0000000000000000000 ) ) ;
#6031 = EDGE_CURVE ( 'NONE', #2284, #3279, #2155, .T. ) ;
#6032 = PRESENTATION_LAYER_ASSIGNMENT (  '', '', ( #5716 ) ) ;
#6033 = COLOUR_RGB ( '',0.2509803921568627400, 0.2509803921568627400, 0.2509803921568627400 ) ;
#6034 = ORIENTED_EDGE ( 'NONE', *, *, #3295, .T. ) ;
#6035 = DIRECTION ( 'NONE',  ( -0.0000000000000000000, -0.0000000000000000000, 1.000000000000000000 ) ) ;
#6036 = LINE ( 'NONE', #817, #2238 ) ;
#6037 = PRESENTATION_STYLE_ASSIGNMENT (( #1907 ) ) ;
#6038 = UNCERTAINTY_MEASURE_WITH_UNIT (LENGTH_MEASURE( 1.000000000000000100E-005 ), #2850, 'distance_accuracy_value', 'NONE');
#6039 = ORIENTED_EDGE ( 'NONE', *, *, #4764, .T. ) ;
#6040 = DIRECTION ( 'NONE',  ( 0.9871135021449106700, 0.0000000000000000000, 0.1600216669179817800 ) ) ;
#6041 = STYLED_ITEM ( 'NONE', ( #632 ), #769 ) ;
#6042 = PRESENTATION_LAYER_ASSIGNMENT (  '', '', ( #5084 ) ) ;
#6043 = LINE ( 'NONE', #703, #5746 ) ;
#6044 = ORIENTED_EDGE ( 'NONE', *, *, #5717, .T. ) ;
#6045 = DIRECTION ( 'NONE',  ( 0.0000000000000000000, -0.0000000000000000000, 1.000000000000000000 ) ) ;
#6046 =( LENGTH_UNIT ( ) NAMED_UNIT ( * ) SI_UNIT ( .MILLI., .METRE. ) );
#6047 = CIRCLE ( 'NONE', #2101, 0.1999999999999996500 ) ;
#6048 = FILL_AREA_STYLE_COLOUR ( '', #3864 ) ;
#6049 = VERTEX_POINT ( 'NONE', #481 ) ;
#6050 =( NAMED_UNIT ( * ) PLANE_ANGLE_UNIT ( ) SI_UNIT ( $, .RADIAN. ) );
#6051 = EDGE_CURVE ( 'NONE', #2760, #3439, #2015, .T. ) ;
#6053 =( NAMED_UNIT ( * ) SI_UNIT ( $, .STERADIAN. ) SOLID_ANGLE_UNIT ( ) );
#6052 = DIRECTION ( 'NONE',  ( 1.223120689731756600E-016, -1.000000000000000000, 1.982809587625459300E-017 ) ) ;
#6054 = CARTESIAN_POINT ( 'NONE',  ( 5.000000000000001800, 5.800000000000000700, -2.817398742541499200 ) ) ;
#6055 = CIRCLE ( 'NONE', #5413, 0.1999999999999996500 ) ;
#6056 = AXIS2_PLACEMENT_3D ( 'NONE', #1556, #4878, #2026 ) ;
#6057 = FILL_AREA_STYLE_COLOUR ( '', #3980 ) ;
#6058 = VECTOR ( 'NONE', #2798, 1000.000000000000000 ) ;
#6059 = VECTOR ( 'NONE', #2387, 1000.000000000000100 ) ;
#6060 = ORIENTED_EDGE ( 'NONE', *, *, #3052, .T. ) ;
#6061 = CARTESIAN_POINT ( 'NONE',  ( -6.749999999999998200, 0.08284271247461788600, -5.299999999999993600 ) ) ;
#6062 = FACE_OUTER_BOUND ( 'NONE', #3369, .T. ) ;
#6063 = EDGE_CURVE ( 'NONE', #4362, #338, #5662, .T. ) ;
#6064 = EDGE_CURVE ( 'NONE', #3834, #4598, #578, .T. ) ;
#6065 = VECTOR ( 'NONE', #605, 1000.000000000000000 ) ;
#6066 = DIRECTION ( 'NONE',  ( -0.0000000000000000000, -1.000000000000000000, -0.0000000000000000000 ) ) ;
#6067 = MECHANICAL_DESIGN_GEOMETRIC_PRESENTATION_REPRESENTATION (  '', ( #4806 ), #219 ) ;
#6068 = ORIENTED_EDGE ( 'NONE', *, *, #5945, .T. ) ;
#6069 = CARTESIAN_POINT ( 'NONE',  ( -0.2499999999999973900, 0.1999999999999996500, 5.300000000000003400 ) ) ;
#6070 = ORIENTED_EDGE ( 'NONE', *, *, #271, .F. ) ;
#6071 =( NAMED_UNIT ( * ) PLANE_ANGLE_UNIT ( ) SI_UNIT ( $, .RADIAN. ) );
#6072 = DIRECTION ( 'NONE',  ( 0.7071067811865500200, -0.0000000000000000000, -0.7071067811865451300 ) ) ;
#6073 = AXIS2_PLACEMENT_3D ( 'NONE', #3004, #4301, #2311 ) ;
#6074 = VERTEX_POINT ( 'NONE', #5286 ) ;
#6075 = CARTESIAN_POINT ( 'NONE',  ( 7.925129743375459900, 4.500000000000000900, 14.84441838603068200 ) ) ;
#6076 = STYLED_ITEM ( 'NONE', ( #4505 ), #5016 ) ;
#6077 = SURFACE_SIDE_STYLE ('',( #3256 ) ) ;
#6078 = EDGE_CURVE ( 'NONE', #3050, #2760, #4387, .T. ) ;
#6079 = SURFACE_SIDE_STYLE ('',( #2857 ) ) ;
#6080 = UNCERTAINTY_MEASURE_WITH_UNIT (LENGTH_MEASURE( 1.000000000000000100E-005 ), #5196, 'distance_accuracy_value', 'NONE');
#6081 = ORIENTED_EDGE ( 'NONE', *, *, #5766, .T. ) ;
#6082 = DIRECTION ( 'NONE',  ( 0.0000000000000000000, -0.0000000000000000000, -1.000000000000000000 ) ) ;
#6083 = ORIENTED_EDGE ( 'NONE', *, *, #3132, .T. ) ;
#6084 = STYLED_ITEM ( 'NONE', ( #1960 ), #1485 ) ;
#6085 = VERTEX_POINT ( 'NONE', #2410 ) ;
#6086 = EDGE_LOOP ( 'NONE', ( #1863, #2064, #1875, #3298 ) ) ;
#6087 = DIRECTION ( 'NONE',  ( -1.734723475976807100E-015, 0.0000000000000000000, -1.000000000000000000 ) ) ;
#6088 = ORIENTED_EDGE ( 'NONE', *, *, #4563, .F. ) ;
#6089 = SURFACE_SIDE_STYLE ('',( #3104 ) ) ;
#6090 = ORIENTED_EDGE ( 'NONE', *, *, #4725, .F. ) ;
#6092 = DIRECTION ( 'NONE',  ( -0.0000000000000000000, -1.000000000000000000, -0.0000000000000000000 ) ) ;
#6091 = CARTESIAN_POINT ( 'NONE',  ( 9.975129743375461500, 1.600000000000000300, 14.44441838603068400 ) ) ;
#6093 = UNCERTAINTY_MEASURE_WITH_UNIT (LENGTH_MEASURE( 1.000000000000000100E-005 ), #2017, 'distance_accuracy_value', 'NONE');
#6094 = STYLED_ITEM ( 'NONE', ( #4777 ), #2306 ) ;
#6095 = SURFACE_SIDE_STYLE ('',( #5257 ) ) ;
#6096 = FACE_OUTER_BOUND ( 'NONE', #3181, .T. ) ;
#6097 = ORIENTED_EDGE ( 'NONE', *, *, #1143, .T. ) ;
#6098 = CARTESIAN_POINT ( 'NONE',  ( 2.168404344971009300E-015, 0.2000000000000005100, 5.250000000000002700 ) ) ;
#6099 = CARTESIAN_POINT ( 'NONE',  ( -3.199999999999997100, 6.000000000000000000, -4.967157287525375300 ) ) ;
#6100 = PRESENTATION_STYLE_ASSIGNMENT (( #3546 ) ) ;
#6101 = DIRECTION ( 'NONE',  ( 0.9871135021449106700, 0.0000000000000000000, 0.1600216669179818100 ) ) ;
#6102 = VECTOR ( 'NONE', #2614, 1000.000000000000000 ) ;
#6103 = MECHANICAL_DESIGN_GEOMETRIC_PRESENTATION_REPRESENTATION (  '', ( #5477 ), #254 ) ;
#6104 = VERTEX_POINT ( 'NONE', #3827 ) ;
#6105 = ORIENTED_EDGE ( 'NONE', *, *, #207, .T. ) ;
#6106 = CARTESIAN_POINT ( 'NONE',  ( 10.17512974337545900, 1.800000000000000300, 14.44441838603068400 ) ) ;
#6107 = FACE_OUTER_BOUND ( 'NONE', #1049, .T. ) ;
#6108 = CARTESIAN_POINT ( 'NONE',  ( -9.799999999999995400, 6.000000000000000000, -4.999999999999997300 ) ) ;
#6109 = VERTEX_POINT ( 'NONE', #1915 ) ;
#6110 = CARTESIAN_POINT ( 'NONE',  ( 6.799999999999998900, 0.0000000000000000000, -4.967157287525374400 ) ) ;
#6111 = EDGE_CURVE ( 'NONE', #3757, #6158, #1859, .T. ) ;
#6112 = CARTESIAN_POINT ( 'NONE',  ( 0.5500000000000018200, 4.499999999999999100, -10.99999999999999800 ) ) ;
#6113 = CARTESIAN_POINT ( 'NONE',  ( 9.800000000000002500, 5.800000000000000700, 1.700029006457271300E-015 ) ) ;
#6114 = FILL_AREA_STYLE_COLOUR ( '', #5152 ) ;
#6115 = EDGE_LOOP ( 'NONE', ( #2767, #3106, #5290, #5740, #5932, #3534, #3747, #2289, #483, #1944, #5940, #5343, #5933, #74, #418, #1329, #5447, #3259, #809 ) ) ;
#6116 = DIRECTION ( 'NONE',  ( -0.0000000000000000000, -0.7071067811865474600, 0.7071067811865474600 ) ) ;
#6117 = LINE ( 'NONE', #5387, #5672 ) ;
#6118 = ADVANCED_FACE ( 'NONE', ( #3139 ), #1006, .F. ) ;
#6119 = DIRECTION ( 'NONE',  ( 1.226634733346699500E-015, 0.7071067811865474600, -0.7071067811865475700 ) ) ;
#6120 = AXIS2_PLACEMENT_3D ( 'NONE', #2074, #5136, #5698 ) ;
#6121 = CIRCLE ( 'NONE', #2631, 0.1999999999999996500 ) ;
#6122 = FILL_AREA_STYLE ('',( #1831 ) ) ;
#6123 = MECHANICAL_DESIGN_GEOMETRIC_PRESENTATION_REPRESENTATION (  '', ( #5494 ), #276 ) ;
#6124 =( NAMED_UNIT ( * ) SI_UNIT ( $, .STERADIAN. ) SOLID_ANGLE_UNIT ( ) );
#6125 = VERTEX_POINT ( 'NONE', #4322 ) ;
#6126 = DIRECTION ( 'NONE',  ( 0.0000000000000000000, -0.0000000000000000000, -1.000000000000000000 ) ) ;
#6127 = LINE ( 'NONE', #3423, #5977 ) ;
#6128 = PLANE ( 'NONE',  #2870 ) ;
#6129 = DIRECTION ( 'NONE',  ( 0.9871135021449106700, 0.0000000000000000000, 0.1600216669179815300 ) ) ;
#6131 = CARTESIAN_POINT ( 'NONE',  ( -1.999999999999996700, 1.350000000000000500, 6.500000000000002700 ) ) ;
#6130 = CARTESIAN_POINT ( 'NONE',  ( -7.949999999999996600, 1.500000000000000400, -4.999999999999997300 ) ) ;
#6132 =( LENGTH_UNIT ( ) NAMED_UNIT ( * ) SI_UNIT ( .MILLI., .METRE. ) );
#6133 = SURFACE_STYLE_FILL_AREA ( #3083 ) ;
#6134 = DIRECTION ( 'NONE',  ( 0.0000000000000000000, 0.0000000000000000000, -1.000000000000000000 ) ) ;
#6135 = VERTEX_POINT ( 'NONE', #1976 ) ;
#6136 = CARTESIAN_POINT ( 'NONE',  ( 9.800000000000000700, 0.1999999999999996500, -4.999999999999997300 ) ) ;
#6137 = LINE ( 'NONE', #3639, #4883 ) ;
#6138 = CARTESIAN_POINT ( 'NONE',  ( 0.0000000000000000000, 0.0000000000000000000, -10.99999999999999800 ) ) ;
#6139 = EDGE_CURVE ( 'NONE', #516, #3050, #163, .T. ) ;
#6140 = FACE_OUTER_BOUND ( 'NONE', #5809, .T. ) ;
#6141 = EDGE_LOOP ( 'NONE', ( #694, #4342, #1325, #4023 ) ) ;
#6142 = EDGE_CURVE ( 'NONE', #5709, #1196, #5066, .T. ) ;
#6143 = DIRECTION ( 'NONE',  ( 0.9871135021449106700, -0.0000000000000000000, 0.1600216669179818600 ) ) ;
#6144 = AXIS2_PLACEMENT_3D ( 'NONE', #1651, #4028, #3056 ) ;
#6145 = LINE ( 'NONE', #4690, #2349 ) ;
#6146 = ADVANCED_FACE ( 'NONE', ( #1428 ), #4919, .T. ) ;
#6147 =( NAMED_UNIT ( * ) SI_UNIT ( $, .STERADIAN. ) SOLID_ANGLE_UNIT ( ) );
#6148 = EDGE_CURVE ( 'NONE', #4297, #346, #3794, .T. ) ;
#6149 = VERTEX_POINT ( 'NONE', #1997 ) ;
#6150 = CIRCLE ( 'NONE', #1615, 0.1999999999999996500 ) ;
#6152 =( NAMED_UNIT ( * ) PLANE_ANGLE_UNIT ( ) SI_UNIT ( $, .RADIAN. ) );
#6151 = CARTESIAN_POINT ( 'NONE',  ( 0.0000000000000000000, 1.999999999999999600, -10.99999999999999800 ) ) ;
#6153 = AXIS2_PLACEMENT_3D ( 'NONE', #86, #3568, #1706 ) ;
#6154 = DIRECTION ( 'NONE',  ( 0.0000000000000000000, 0.0000000000000000000, -1.000000000000000000 ) ) ;
#6155 =( BOUNDED_CURVE ( )  B_SPLINE_CURVE ( 3, ( #3525, #1157, #2577, #5902 ),
 .UNSPECIFIED., .F., .F. ) 
 B_SPLINE_CURVE_WITH_KNOTS ( ( 4, 4 ),
 ( 3.141592653589789100, 4.712388980384689700 ),
 .UNSPECIFIED. ) 
 CURVE ( )  GEOMETRIC_REPRESENTATION_ITEM ( )  RATIONAL_B_SPLINE_CURVE ( ( 1.000000000000000000, 0.8047378541243640500, 0.8047378541243640500, 1.000000000000000000 ) ) 
 REPRESENTATION_ITEM ( '' )  );
#6156 = DIRECTION ( 'NONE',  ( -1.223120689731756600E-016, 1.000000000000000000, 0.0000000000000000000 ) ) ;
#6157 = VERTEX_POINT ( 'NONE', #109 ) ;
#6158 = VERTEX_POINT ( 'NONE', #3438 ) ;
#6159 = VECTOR ( 'NONE', #1586, 1000.000000000000000 ) ;
#6160 =( LENGTH_UNIT ( ) NAMED_UNIT ( * ) SI_UNIT ( .MILLI., .METRE. ) );
#6161 = CARTESIAN_POINT ( 'NONE',  ( 0.0000000000000000000, 4.800000000000000700, 0.0000000000000000000 ) ) ;
#6162 = VERTEX_POINT ( 'NONE', #2471 ) ;
#6163 = ORIENTED_EDGE ( 'NONE', *, *, #4822, .F. ) ;
#6164 = EDGE_LOOP ( 'NONE', ( #1674, #1029, #1340, #1678 ) ) ;
#6165 = FILL_AREA_STYLE_COLOUR ( '', #5597 ) ;
#6166 =( NAMED_UNIT ( * ) PLANE_ANGLE_UNIT ( ) SI_UNIT ( $, .RADIAN. ) );
#6167 = LINE ( 'NONE', #757, #5061 ) ;
ENDSEC;
END-ISO-10303-21;
